Composite Item ID,Composite Item Name,Sales Description,Selling Price,Sales Account,Brand,Manufacturer,Package Weight,Package Length,Package Width,Package Height,Taxable,Exemption Reason,Product Type,Source,Reference ID,Last Sync Time,Status,Unit,SKU,UPC,EAN,ISBN,Part Number,Purchase Price,Purchase Account,Purchase Description,Inventory Account,Inventory Valuation Method,Reorder Point,Preferred Vendor,Opening Stock,Opening Stock Value,Mapped Item Name,Mapped Item SKU,Mapped Quantity,Combo Type,CF.Inventory Type
6212012000000433943,EZ Kart - Locking Bar6.2,,USD 20.62,GeoRipper - Parts,,,0.00,0.00,0.00,0.00,true,,goods,2,,,Active,pcs,EZ1.11,,,,,USD 7.73,GeoRipper - Part,,Finished Goods,fifo,200.00,,0.00,USD 0.00,EZ Kart - Locking Bar (RAW),EZ1.11M,1.000000,Assembly,
6212012000000433943,EZ Kart - Locking Bar6.2,,USD 20.62,GeoRipper - Parts,,,0.00,0.00,0.00,0.00,true,,goods,2,,,Active,pcs,EZ1.11,,,,,USD 7.73,GeoRipper - Part,,Finished Goods,fifo,200.00,,0.00,USD 0.00,EZ Kart - Locking Bar Bright Green Powder Coat,EZ1.11P,1.000000,Assembly,
6212012000000433960,EZ Kart - Lower Handle,,USD 37.10,GeoRipper - Parts,,,0.00,0.00,0.00,0.00,true,,goods,2,,,Active,pcs,EZ1.2,,,,,USD 13.80,GeoRipper - Part,,Finished Goods,fifo,400.00,,0.00,USD 0.00,EZ Kart - Lower Handle (RAW),EZ1.2M,1.000000,Assembly,
6212012000000433960,EZ Kart - Lower Handle,,USD 37.10,GeoRipper - Parts,,,0.00,0.00,0.00,0.00,true,,goods,2,,,Active,pcs,EZ1.2,,,,,USD 13.80,GeoRipper - Part,,Finished Goods,fifo,400.00,,0.00,USD 0.00,EZ Kart - Lower Handle Bright Green Powder Coat,EZ1.2P,1.000000,Assembly,
6212012000000433977,EZ Kart - Upper Handle,,USD 73.17,GeoRipper - Parts,,,0.00,0.00,0.00,0.00,true,,goods,2,,,Active,pcs,EZ1.3,,,,,USD 27.25,GeoRipper - Part,,Finished Goods,fifo,400.00,,0.00,USD 0.00,EZ Kart - Upper Handle (RAW),EZ1.3M,1.000000,Assembly,
6212012000000433977,EZ Kart - Upper Handle,,USD 73.17,GeoRipper - Parts,,,0.00,0.00,0.00,0.00,true,,goods,2,,,Active,pcs,EZ1.3,,,,,USD 27.25,GeoRipper - Part,,Finished Goods,fifo,400.00,,0.00,USD 0.00,EZ Kart - Upper Handle Bright Green Powder Coating,EZ1.3P,1.000000,Assembly,
6212012000000433994,EZ Kart Wheel and Hub (2 ea),,USD 50.00,GeoRipper - Parts,GeoRipper,Makita USA,3.69,12.00,12.00,8.00,true,,goods,2,,,Active,set,EZ5000,810075760620,810075760620,,22A,USD 16.10,GeoRipper - Part,,Finished Goods,fifo,,,0.00,USD 0.00,EZ Kart - Wheel,EZ1.9,2.000000,Assembly,
6212012000000433994,EZ Kart Wheel and Hub (2 ea),,USD 50.00,GeoRipper - Parts,GeoRipper,Makita USA,3.69,12.00,12.00,8.00,true,,goods,2,,,Active,set,EZ5000,810075760620,810075760620,,22A,USD 16.10,GeoRipper - Part,,Finished Goods,fifo,,,0.00,USD 0.00,EZ Kart - Axle Wheel Hub,EZ1.9.1,2.000000,Assembly,
6212012000000434011,EZ Kart - Lower Throttle Assembly,,USD 60.63,GeoRipper - Parts,,,0.00,0.00,0.00,0.00,true,,goods,2,,,Active,EA,EZ6,,,,,USD 12.60,GeoRipper - Part,,Finished Goods,fifo,,,0.00,USD 0.00,EZ Kart Lower Throttle Housing,EZ6.1,1.000000,Assembly,
6212012000000434011,EZ Kart - Lower Throttle Assembly,,USD 60.63,GeoRipper - Parts,,,0.00,0.00,0.00,0.00,true,,goods,2,,,Active,EA,EZ6,,,,,USD 12.60,GeoRipper - Part,,Finished Goods,fifo,,,0.00,USD 0.00,EZ Kart Lower Throttle Lever,EZ6.2,1.000000,Assembly,
6212012000000434011,EZ Kart - Lower Throttle Assembly,,USD 60.63,GeoRipper - Parts,,,0.00,0.00,0.00,0.00,true,,goods,2,,,Active,EA,EZ6,,,,,USD 12.60,GeoRipper - Part,,Finished Goods,fifo,,,0.00,USD 0.00,EZ KART - Lower Throttle Housing Index,EZ6.3,1.000000,Assembly,
6212012000000434011,EZ Kart - Lower Throttle Assembly,,USD 60.63,GeoRipper - Parts,,,0.00,0.00,0.00,0.00,true,,goods,2,,,Active,EA,EZ6,,,,,USD 12.60,GeoRipper - Part,,Finished Goods,fifo,,,0.00,USD 0.00,EZ Kart - Lower Throttle - Reset Spring,EZ3.5,1.000000,Assembly,
6212012000000434011,EZ Kart - Lower Throttle Assembly,,USD 60.63,GeoRipper - Parts,,,0.00,0.00,0.00,0.00,true,,goods,2,,,Active,EA,EZ6,,,,,USD 12.60,GeoRipper - Part,,Finished Goods,fifo,,,0.00,USD 0.00,EZ Kart - Lower Throttle - M4 X .7 X 35 Phillips Pan Machine Screw,EZ3.6,1.000000,Assembly,
6212012000000434011,EZ Kart - Lower Throttle Assembly,,USD 60.63,GeoRipper - Parts,,,0.00,0.00,0.00,0.00,true,,goods,2,,,Active,EA,EZ6,,,,,USD 12.60,GeoRipper - Part,,Finished Goods,fifo,,,0.00,USD 0.00,EZ Kart - Lower Throttle - M4 Nylon Locking Nut,EZ3.7,1.000000,Assembly,
6212012000000434011,EZ Kart - Lower Throttle Assembly,,USD 60.63,GeoRipper - Parts,,,0.00,0.00,0.00,0.00,true,,goods,2,,,Active,EA,EZ6,,,,,USD 12.60,GeoRipper - Part,,Finished Goods,fifo,,,0.00,USD 0.00,EZ Kart - Lower Throttle - Velcro Strap,EZ3.4,1.000000,Assembly,
6212012000000434038,Right Digging Tooth,,USD 0.66,GeoRipper - Parts,,,0.00,0.00,0.00,0.00,true,,goods,2,,,Active,pcs,GR4.1,,,,,USD 0.19,GeoRipper - Part,,Finished Goods,fifo,,,0.00,USD 0.00,Right Digging Tooth 2020 Revision A (RAW),GR4.1M-20A,1.000000,Assembly,
6212012000000434038,Right Digging Tooth,,USD 0.66,GeoRipper - Parts,,,0.00,0.00,0.00,0.00,true,,goods,2,,,Active,pcs,GR4.1,,,,,USD 0.19,GeoRipper - Part,,Finished Goods,fifo,,,0.00,USD 0.00,Right Digging Tooth Hardening,GR4.1P,1.000000,Assembly,
6212012000000434055,Left Digging Tooth,,USD 0.66,GeoRipper - Parts,,,0.00,0.00,0.00,0.00,true,,goods,2,,,Active,pcs,GR4.2,,,,,USD 0.19,GeoRipper - Part,,Finished Goods,fifo,,,0.00,USD 0.00,Left Digging Tooth 2020 Revision A (RAW),GR4.2M-20A,1.000000,Assembly,
6212012000000434055,Left Digging Tooth,,USD 0.66,GeoRipper - Parts,,,0.00,0.00,0.00,0.00,true,,goods,2,,,Active,pcs,GR4.2,,,,,USD 0.19,GeoRipper - Part,,Finished Goods,fifo,,,0.00,USD 0.00,Left Digging Tooth Hardening,GR4.2P,1.000000,Assembly,
6212012000000434072,Chain Tensioning Block Assembly,,USD 47.24,GeoRipper - Parts,,,0.00,0.00,0.00,0.00,true,,goods,2,,,Active,Kit,GR8,,,,,USD 7.21,GeoRipper - Part,,Finished Goods,fifo,,,0.00,USD 0.00,M8 X 1.25 X 35 Hex Bolt,MT0835,1.000000,Assembly,
6212012000000434072,Chain Tensioning Block Assembly,,USD 47.24,GeoRipper - Parts,,,0.00,0.00,0.00,0.00,true,,goods,2,,,Active,Kit,GR8,,,,,USD 7.21,GeoRipper - Part,,Finished Goods,fifo,,,0.00,USD 0.00,M6 X 1 X 30 Hex Bolt,GR8.3,2.000000,Assembly,
6212012000000434072,Chain Tensioning Block Assembly,,USD 47.24,GeoRipper - Parts,,,0.00,0.00,0.00,0.00,true,,goods,2,,,Active,Kit,GR8,,,,,USD 7.21,GeoRipper - Part,,Finished Goods,fifo,,,0.00,USD 0.00,M6 X 1 Nylon Insert Locking Nut,GR8.4,2.000000,Assembly,
6212012000000434072,Chain Tensioning Block Assembly,,USD 47.24,GeoRipper - Parts,,,0.00,0.00,0.00,0.00,true,,goods,2,,,Active,Kit,GR8,,,,,USD 7.21,GeoRipper - Part,,Finished Goods,fifo,,,0.00,USD 0.00,Chain Tension Block,GR8.1-21A,1.000000,Assembly,
6212012000000434072,Chain Tensioning Block Assembly,,USD 47.24,GeoRipper - Parts,,,0.00,0.00,0.00,0.00,true,,goods,2,,,Active,Kit,GR8,,,,,USD 7.21,GeoRipper - Part,,Finished Goods,fifo,,,0.00,USD 0.00,M8 x 1.25 Hex Nut,MT0802,1.000000,Assembly,
6212012000000434095,GeoRipper Adapter Plate - Makita,,USD 240.27,GeoRipper - Parts,,,0.00,0.00,0.00,0.00,true,,goods,2,,,Active,pcs,MGR5.1,,,,,USD 90.09,GeoRipper - Part,,Finished Goods,fifo,,,0.00,USD 0.00,GeoRipper Adapter Plate - Makita (RAW),MGR5.1M,1.000000,Assembly,
6212012000000434095,GeoRipper Adapter Plate - Makita,,USD 240.27,GeoRipper - Parts,,,0.00,0.00,0.00,0.00,true,,goods,2,,,Active,pcs,MGR5.1,,,,,USD 90.09,GeoRipper - Part,,Finished Goods,fifo,,,0.00,USD 0.00,Georipper Adapter Plate - Makita Clear Zinc Plating,MGR5.1P,1.000000,Assembly,
6212012000000434112,GeoRipper Trencher Bar End Set,,USD 63.80,GeoRipper - Parts,GeoRipper,MiniTrencher,0.58,3.75,0.75,0.375,true,,goods,2,,,Active,kit,MT1000,810075760088,810075760088,,20A,USD 14.68,GeoRipper - Part,,Finished Goods,fifo,,,0.00,USD 0.00,M8x1.25x20 Countersunk 5mm Hex Drive Bolt 12.9grade,GR0.3.2,3.000000,Assembly,
6212012000000434112,GeoRipper Trencher Bar End Set,,USD 63.80,GeoRipper - Parts,GeoRipper,MiniTrencher,0.58,3.75,0.75,0.375,true,,goods,2,,,Active,kit,MT1000,810075760088,810075760088,,20A,USD 14.68,GeoRipper - Part,,Finished Goods,fifo,,,0.00,USD 0.00,Bar End Plate - Threaded,GR0.1,1.000000,Assembly,
6212012000000434112,GeoRipper Trencher Bar End Set,,USD 63.80,GeoRipper - Parts,GeoRipper,MiniTrencher,0.58,3.75,0.75,0.375,true,,goods,2,,,Active,kit,MT1000,810075760088,810075760088,,20A,USD 14.68,GeoRipper - Part,,Finished Goods,fifo,,,0.00,USD 0.00,Bar End Plate - Countersunk,GR0.2,1.000000,Assembly,
6212012000000434131,GeoRipper Minitrencher 6-Tooth Nose Sprocket with Bearing,​Replace using Permatex 25210 High Strength Removable Threadlocker Orange. 3X the strength of Blue Thread locker. Ideal for High Vibration Applications,USD 81.40,GeoRipper - Parts,GeoRipper,MiniTrencher,0.21,2.20,2.20,0.35,true,,goods,2,,,Active,Kit,MT1500,810075760095,810075760095,,20A,USD 11.55,GeoRipper - Part,,Finished Goods,fifo,,,0.00,USD 0.00,Bearing (Sealed) 6002-RS2,GR1.2,1.000000,Assembly,
6212012000000434131,GeoRipper Minitrencher 6-Tooth Nose Sprocket with Bearing,​Replace using Permatex 25210 High Strength Removable Threadlocker Orange. 3X the strength of Blue Thread locker. Ideal for High Vibration Applications,USD 81.40,GeoRipper - Parts,GeoRipper,MiniTrencher,0.21,2.20,2.20,0.35,true,,goods,2,,,Active,Kit,MT1500,810075760095,810075760095,,20A,USD 11.55,GeoRipper - Part,,Finished Goods,fifo,,,0.00,USD 0.00,6 Tooth Nose Sprocket,GR1.1,1.000000,Assembly,
6212012000000434148,GeoRipper Minitrencher 11-Tooth Nose Sprocket with Bearing,Replace using Permatex 25210 High Strength Removable Threadlocker Orange. 3X the strength of Blue Thread locker. Ideal for High Vibration Applications,USD 81.40,GeoRipper - Parts,GeoRipper,MiniTrencher,0.25,2.20,2.20,0.35,true,,goods,2,,,Active,pcs,MT1700,810075760101,810075760101,,20A,USD 11.55,GeoRipper - Part,,Finished Goods,fifo,,,0.00,USD 0.00,Bearing (Sealed) 6002-RS2,GR1.2,1.000000,Assembly,
6212012000000434148,GeoRipper Minitrencher 11-Tooth Nose Sprocket with Bearing,Replace using Permatex 25210 High Strength Removable Threadlocker Orange. 3X the strength of Blue Thread locker. Ideal for High Vibration Applications,USD 81.40,GeoRipper - Parts,GeoRipper,MiniTrencher,0.25,2.20,2.20,0.35,true,,goods,2,,,Active,pcs,MT1700,810075760101,810075760101,,20A,USD 11.55,GeoRipper - Part,,Finished Goods,fifo,,,0.00,USD 0.00,11 Tooth Nose Sprocket,GR2.1,1.000000,Assembly,
6212012000000434165,GeoRipper Trencher Bar Clamp Assembly,,USD 22.00,GeoRipper - Parts,GeoRipper,MiniTrencher,0.37,2.75,1.18,1.00,true,,goods,2,,,Active,kit,MT2000,810075760224,810075760224,,21A,USD 3.81,GeoRipper - Part,,Finished Goods,fifo,,,0.00,USD 0.00,M12 X 1.75 X 30 Bolt 18mm Head,GR5.3,2.000000,Assembly,
6212012000000434165,GeoRipper Trencher Bar Clamp Assembly,,USD 22.00,GeoRipper - Parts,GeoRipper,MiniTrencher,0.37,2.75,1.18,1.00,true,,goods,2,,,Active,kit,MT2000,810075760224,810075760224,,21A,USD 3.81,GeoRipper - Part,,Finished Goods,fifo,,,0.00,USD 0.00,M12 Split Lock Washer,GR5.4,2.000000,Assembly,
6212012000000434165,GeoRipper Trencher Bar Clamp Assembly,,USD 22.00,GeoRipper - Parts,GeoRipper,MiniTrencher,0.37,2.75,1.18,1.00,true,,goods,2,,,Active,kit,MT2000,810075760224,810075760224,,21A,USD 3.81,GeoRipper - Part,,Finished Goods,fifo,,,0.00,USD 0.00,Bar Clamp Washer - Slotted,GR5.2,1.000000,Assembly,
6212012000000434184,Safety Bar - 500 Series GeoRipperT/A,,USD 122.15,GeoRipper - Parts,,,0.00,0.00,0.00,0.00,true,,goods,2,,,Active,EA,MT7500,,,,,USD 28.50,GeoRipper - Part,,Finished Goods,fifo,,,0.00,USD 0.00,Safety Bar LaserCut - 500 Series GeoRipperT/A,MT7501,1.000000,Assembly,
6212012000000434184,Safety Bar - 500 Series GeoRipperT/A,,USD 122.15,GeoRipper - Parts,,,0.00,0.00,0.00,0.00,true,,goods,2,,,Active,EA,MT7500,,,,,USD 28.50,GeoRipper - Part,,Finished Goods,fifo,,,0.00,USD 0.00,Safety Bar PowderCoat - 500 Series GeoRipperT/A,MT7502,1.000000,Assembly,
6212012000000434203,Safety Bar - 700 Series GeoRipperT/A,,USD 130.00,GeoRipper - Parts,,,0.00,0.00,0.00,0.00,true,,goods,2,,,Active,EA,MT7700,,,,,USD 28.50,GeoRipper - Part,,Finished Goods,fifo,50.00,,0.00,USD 0.00,Safety Bar LaserCut - 700 Series GeoRipperT/A,MT7701,1.000000,Assembly,
6212012000000434203,Safety Bar - 700 Series GeoRipperT/A,,USD 130.00,GeoRipper - Parts,,,0.00,0.00,0.00,0.00,true,,goods,2,,,Active,EA,MT7700,,,,,USD 28.50,GeoRipper - Part,,Finished Goods,fifo,50.00,,0.00,USD 0.00,Safety Bar PowderCoat - 700 Series GeoRipperT/A,MT7702,1.000000,Assembly,
6212012000000434222,GeoRipper Dirt/Mud Deflector Kit,,USD 63.80,GeoRipper - Parts,GeoRipper,MiniTrencher,0.62,10.00,11.00,9.00,true,,goods,2,,,Active,Kit,MT8000,810075760231,810075760231,,22A,USD 14.71,GeoRipper - Part,,Finished Goods,fifo,,,0.00,USD 0.00,Dirt Deflector,MT8001,1.000000,Assembly,
6212012000000434222,GeoRipper Dirt/Mud Deflector Kit,,USD 63.80,GeoRipper - Parts,GeoRipper,MiniTrencher,0.62,10.00,11.00,9.00,true,,goods,2,,,Active,Kit,MT8000,810075760231,810075760231,,22A,USD 14.71,GeoRipper - Part,,Finished Goods,fifo,,,0.00,USD 0.00,Mud Flap A,MT8002,1.000000,Assembly,
6212012000000434222,GeoRipper Dirt/Mud Deflector Kit,,USD 63.80,GeoRipper - Parts,GeoRipper,MiniTrencher,0.62,10.00,11.00,9.00,true,,goods,2,,,Active,Kit,MT8000,810075760231,810075760231,,22A,USD 14.71,GeoRipper - Part,,Finished Goods,fifo,,,0.00,USD 0.00,Mud Flap B,MT8003,1.000000,Assembly,
6212012000000434222,GeoRipper Dirt/Mud Deflector Kit,,USD 63.80,GeoRipper - Parts,GeoRipper,MiniTrencher,0.62,10.00,11.00,9.00,true,,goods,2,,,Active,Kit,MT8000,810075760231,810075760231,,22A,USD 14.71,GeoRipper - Part,,Finished Goods,fifo,,,0.00,USD 0.00,M5 X .8 X 16 Phillips Flat Machine Screw Plated,GR5.8,6.000000,Assembly,
6212012000000434222,GeoRipper Dirt/Mud Deflector Kit,,USD 63.80,GeoRipper - Parts,GeoRipper,MiniTrencher,0.62,10.00,11.00,9.00,true,,goods,2,,,Active,Kit,MT8000,810075760231,810075760231,,22A,USD 14.71,GeoRipper - Part,,Finished Goods,fifo,,,0.00,USD 0.00,M5 Nylock hex nut,GR5.11,6.000000,Assembly,
6212012000000434222,GeoRipper Dirt/Mud Deflector Kit,,USD 63.80,GeoRipper - Parts,GeoRipper,MiniTrencher,0.62,10.00,11.00,9.00,true,,goods,2,,,Active,Kit,MT8000,810075760231,810075760231,,22A,USD 14.71,GeoRipper - Part,,Finished Goods,fifo,,,0.00,USD 0.00,M5 x 18mm fender washer,GR5.12,6.000000,Assembly,
6212012000000434222,GeoRipper Dirt/Mud Deflector Kit,,USD 63.80,GeoRipper - Parts,GeoRipper,MiniTrencher,0.62,10.00,11.00,9.00,true,,goods,2,,,Active,Kit,MT8000,810075760231,810075760231,,22A,USD 14.71,GeoRipper - Part,,Finished Goods,fifo,,,0.00,USD 0.00,Dirt Deflector Warning Sticker,GRS17,1.000000,Assembly,
6212012000000434247,GeoRipper 700,,USD 2751.09,GeoRipper - Parts,,,0.00,0.00,0.00,0.00,true,,goods,2,,,Inactive,ea,GR700,,,,,USD 1043.72,GeoRipper - Part,,Finished Goods,fifo,,,0.00,USD 0.00,Makita EK7651H,GRM76,1.000000,Assembly,
6212012000000434247,GeoRipper 700,,USD 2751.09,GeoRipper - Parts,,,0.00,0.00,0.00,0.00,true,,goods,2,,,Inactive,ea,GR700,,,,,USD 1043.72,GeoRipper - Part,,Finished Goods,fifo,,,0.00,USD 0.00,M8 X 1.25 Flanged Nyloc Nut,GRKM7681.6,2.000000,Assembly,
6212012000000434247,GeoRipper 700,,USD 2751.09,GeoRipper - Parts,,,0.00,0.00,0.00,0.00,true,,goods,2,,,Inactive,ea,GR700,,,,,USD 1043.72,GeoRipper - Part,,Finished Goods,fifo,,,0.00,USD 0.00,Warehouse Hourly Labor,Labor30,0.500000,Assembly,
6212012000000434247,GeoRipper 700,,USD 2751.09,GeoRipper - Parts,,,0.00,0.00,0.00,0.00,true,,goods,2,,,Inactive,ea,GR700,,,,,USD 1043.72,GeoRipper - Part,,Finished Goods,fifo,,,0.00,USD 0.00,#50H Heavy Connecting Link Spring Clip,MT4004,1.000000,Assembly,
6212012000000434247,GeoRipper 700,,USD 2751.09,GeoRipper - Parts,,,0.00,0.00,0.00,0.00,true,,goods,2,,,Inactive,ea,GR700,,,,,USD 1043.72,GeoRipper - Part,,Finished Goods,fifo,,,0.00,USD 0.00,Bearing (Sealed) 6002-RS2,GR1.2,1.000000,Assembly,
6212012000000434247,GeoRipper 700,,USD 2751.09,GeoRipper - Parts,,,0.00,0.00,0.00,0.00,true,,goods,2,,,Inactive,ea,GR700,,,,,USD 1043.72,GeoRipper - Part,,Finished Goods,fifo,,,0.00,USD 0.00,GeoRipper Owner's Manual,GR-LIT-OM,1.000000,Assembly,
6212012000000434247,GeoRipper 700,,USD 2751.09,GeoRipper - Parts,,,0.00,0.00,0.00,0.00,true,,goods,2,,,Inactive,ea,GR700,,,,,USD 1043.72,GeoRipper - Part,,Finished Goods,fifo,,,0.00,USD 0.00,Sticker - Large Round,GRS1,1.000000,Assembly,
6212012000000434247,GeoRipper 700,,USD 2751.09,GeoRipper - Parts,,,0.00,0.00,0.00,0.00,true,,goods,2,,,Inactive,ea,GR700,,,,,USD 1043.72,GeoRipper - Part,,Finished Goods,fifo,,,0.00,USD 0.00,Sticker - 811 - Call Before You Dig,GRS3,1.000000,Assembly,
6212012000000434247,GeoRipper 700,,USD 2751.09,GeoRipper - Parts,,,0.00,0.00,0.00,0.00,true,,goods,2,,,Inactive,ea,GR700,,,,,USD 1043.72,GeoRipper - Part,,Finished Goods,fifo,,,0.00,USD 0.00,Sticker - Small Rectangle,GRS4,1.000000,Assembly,
6212012000000434247,GeoRipper 700,,USD 2751.09,GeoRipper - Parts,,,0.00,0.00,0.00,0.00,true,,goods,2,,,Inactive,ea,GR700,,,,,USD 1043.72,GeoRipper - Part,,Finished Goods,fifo,,,0.00,USD 0.00,Sticker - GR WARNING,GRS6,1.000000,Assembly,
6212012000000434247,GeoRipper 700,,USD 2751.09,GeoRipper - Parts,,,0.00,0.00,0.00,0.00,true,,goods,2,,,Inactive,ea,GR700,,,,,USD 1043.72,GeoRipper - Part,,Finished Goods,fifo,,,0.00,USD 0.00,M8x1.25x20 Countersunk 5mm Hex Drive Bolt 12.9grade,GR0.3.2,3.000000,Assembly,
6212012000000434247,GeoRipper 700,,USD 2751.09,GeoRipper - Parts,,,0.00,0.00,0.00,0.00,true,,goods,2,,,Inactive,ea,GR700,,,,,USD 1043.72,GeoRipper - Part,,Finished Goods,fifo,,,0.00,USD 0.00,GeoRipper Warranty Postcard,GR-LIT-WP,1.000000,Assembly,
6212012000000434247,GeoRipper 700,,USD 2751.09,GeoRipper - Parts,,,0.00,0.00,0.00,0.00,true,,goods,2,,,Inactive,ea,GR700,,,,,USD 1043.72,GeoRipper - Part,,Finished Goods,fifo,,,0.00,USD 0.00,Minitrencher Drive Sprocket for GeoRipper and GeoRipper(R)T/A,MT9001,1.000000,Assembly,
6212012000000434247,GeoRipper 700,,USD 2751.09,GeoRipper - Parts,,,0.00,0.00,0.00,0.00,true,,goods,2,,,Inactive,ea,GR700,,,,,USD 1043.72,GeoRipper - Part,,Finished Goods,fifo,,,0.00,USD 0.00,Labyrinth for all GeoRipperT/A,MT9003,1.000000,Assembly,
6212012000000434247,GeoRipper 700,,USD 2751.09,GeoRipper - Parts,,,0.00,0.00,0.00,0.00,true,,goods,2,,,Inactive,ea,GR700,,,,,USD 1043.72,GeoRipper - Part,,Finished Goods,fifo,,,0.00,USD 0.00,Drive Axle for all GeoRipperT/A,MT9002,1.000000,Assembly,
6212012000000434247,GeoRipper 700,,USD 2751.09,GeoRipper - Parts,,,0.00,0.00,0.00,0.00,true,,goods,2,,,Inactive,ea,GR700,,,,,USD 1043.72,GeoRipper - Part,,Finished Goods,fifo,,,0.00,USD 0.00,Pulley for Makita EK7651H/EK8100 GeoRipperT/A,M1001,1.000000,Assembly,
6212012000000434247,GeoRipper 700,,USD 2751.09,GeoRipper - Parts,,,0.00,0.00,0.00,0.00,true,,goods,2,,,Inactive,ea,GR700,,,,,USD 1043.72,GeoRipper - Part,,Finished Goods,fifo,,,0.00,USD 0.00,Makita T/A Casting,M1000,1.000000,Assembly,
6212012000000434247,GeoRipper 700,,USD 2751.09,GeoRipper - Parts,,,0.00,0.00,0.00,0.00,true,,goods,2,,,Inactive,ea,GR700,,,,,USD 1043.72,GeoRipper - Part,,Finished Goods,fifo,,,0.00,USD 0.00,R40 Snap Ring,MT0040,1.000000,Assembly,
6212012000000434247,GeoRipper 700,,USD 2751.09,GeoRipper - Parts,,,0.00,0.00,0.00,0.00,true,,goods,2,,,Inactive,ea,GR700,,,,,USD 1043.72,GeoRipper - Part,,Finished Goods,fifo,,,0.00,USD 0.00,M8 x 1.25 x 50 Hex Bolt,MT0850,2.000000,Assembly,
6212012000000434247,GeoRipper 700,,USD 2751.09,GeoRipper - Parts,,,0.00,0.00,0.00,0.00,true,,goods,2,,,Inactive,ea,GR700,,,,,USD 1043.72,GeoRipper - Part,,Finished Goods,fifo,,,0.00,USD 0.00,M8 Zinc Plated Washer,MT0800,2.000000,Assembly,
6212012000000434247,GeoRipper 700,,USD 2751.09,GeoRipper - Parts,,,0.00,0.00,0.00,0.00,true,,goods,2,,,Inactive,ea,GR700,,,,,USD 1043.72,GeoRipper - Part,,Finished Goods,fifo,,,0.00,USD 0.00,Dirt Deflector,MT8001,1.000000,Assembly,
6212012000000434247,GeoRipper 700,,USD 2751.09,GeoRipper - Parts,,,0.00,0.00,0.00,0.00,true,,goods,2,,,Inactive,ea,GR700,,,,,USD 1043.72,GeoRipper - Part,,Finished Goods,fifo,,,0.00,USD 0.00,M5 X .8 X 16 Phillips Flat Machine Screw Plated,GR5.8,6.000000,Assembly,
6212012000000434247,GeoRipper 700,,USD 2751.09,GeoRipper - Parts,,,0.00,0.00,0.00,0.00,true,,goods,2,,,Inactive,ea,GR700,,,,,USD 1043.72,GeoRipper - Part,,Finished Goods,fifo,,,0.00,USD 0.00,M5 x 18mm fender washer,GR5.12,6.000000,Assembly,
6212012000000434247,GeoRipper 700,,USD 2751.09,GeoRipper - Parts,,,0.00,0.00,0.00,0.00,true,,goods,2,,,Inactive,ea,GR700,,,,,USD 1043.72,GeoRipper - Part,,Finished Goods,fifo,,,0.00,USD 0.00,M5 Nylock hex nut,GR5.11,6.000000,Assembly,
6212012000000434247,GeoRipper 700,,USD 2751.09,GeoRipper - Parts,,,0.00,0.00,0.00,0.00,true,,goods,2,,,Inactive,ea,GR700,,,,,USD 1043.72,GeoRipper - Part,,Finished Goods,fifo,,,0.00,USD 0.00,Mud Flap A,MT8002,1.000000,Assembly,
6212012000000434247,GeoRipper 700,,USD 2751.09,GeoRipper - Parts,,,0.00,0.00,0.00,0.00,true,,goods,2,,,Inactive,ea,GR700,,,,,USD 1043.72,GeoRipper - Part,,Finished Goods,fifo,,,0.00,USD 0.00,Mud Flap B,MT8003,1.000000,Assembly,
6212012000000434247,GeoRipper 700,,USD 2751.09,GeoRipper - Parts,,,0.00,0.00,0.00,0.00,true,,goods,2,,,Inactive,ea,GR700,,,,,USD 1043.72,GeoRipper - Part,,Finished Goods,fifo,,,0.00,USD 0.00,Bar Clamp Washer - Slotted,GR5.2,1.000000,Assembly,
6212012000000434247,GeoRipper 700,,USD 2751.09,GeoRipper - Parts,,,0.00,0.00,0.00,0.00,true,,goods,2,,,Inactive,ea,GR700,,,,,USD 1043.72,GeoRipper - Part,,Finished Goods,fifo,,,0.00,USD 0.00,M12 X 1.75 X 30 Bolt 18mm Head,GR5.3,2.000000,Assembly,
6212012000000434247,GeoRipper 700,,USD 2751.09,GeoRipper - Parts,,,0.00,0.00,0.00,0.00,true,,goods,2,,,Inactive,ea,GR700,,,,,USD 1043.72,GeoRipper - Part,,Finished Goods,fifo,,,0.00,USD 0.00,M12 Split Lock Washer,GR5.4,2.000000,Assembly,
6212012000000434247,GeoRipper 700,,USD 2751.09,GeoRipper - Parts,,,0.00,0.00,0.00,0.00,true,,goods,2,,,Inactive,ea,GR700,,,,,USD 1043.72,GeoRipper - Part,,Finished Goods,fifo,,,0.00,USD 0.00,Belt for Makita EK7651H & Stihl TS420/TS500i,MTB45-76,1.000000,Assembly,
6212012000000434247,GeoRipper 700,,USD 2751.09,GeoRipper - Parts,,,0.00,0.00,0.00,0.00,true,,goods,2,,,Inactive,ea,GR700,,,,,USD 1043.72,GeoRipper - Part,,Finished Goods,fifo,,,0.00,USD 0.00,Spacer,MT0010,1.000000,Assembly,
6212012000000434247,GeoRipper 700,,USD 2751.09,GeoRipper - Parts,,,0.00,0.00,0.00,0.00,true,,goods,2,,,Inactive,ea,GR700,,,,,USD 1043.72,GeoRipper - Part,,Finished Goods,fifo,,,0.00,USD 0.00,Bearing - 6203 RS,MT0062,2.000000,Assembly,
6212012000000434247,GeoRipper 700,,USD 2751.09,GeoRipper - Parts,,,0.00,0.00,0.00,0.00,true,,goods,2,,,Inactive,ea,GR700,,,,,USD 1043.72,GeoRipper - Part,,Finished Goods,fifo,,,0.00,USD 0.00,M8 x 1.25 x 25 Hex Cap Screw,MT0825,2.000000,Assembly,
6212012000000434326,GeoRipper 800,,USD 2899.65,GeoRipper - Parts,,,0.00,0.00,0.00,0.00,true,,goods,2,,,Inactive,ea,GR800,,,,,USD 1018.97,GeoRipper - Part,,Finished Goods,fifo,,,0.00,USD 0.00,Makita EK8100,GRM81,1.000000,Assembly,
6212012000000434326,GeoRipper 800,,USD 2899.65,GeoRipper - Parts,,,0.00,0.00,0.00,0.00,true,,goods,2,,,Inactive,ea,GR800,,,,,USD 1018.97,GeoRipper - Part,,Finished Goods,fifo,,,0.00,USD 0.00,M8 X 1.25 Flanged Nyloc Nut,GRKM7681.6,2.000000,Assembly,
6212012000000434326,GeoRipper 800,,USD 2899.65,GeoRipper - Parts,,,0.00,0.00,0.00,0.00,true,,goods,2,,,Inactive,ea,GR800,,,,,USD 1018.97,GeoRipper - Part,,Finished Goods,fifo,,,0.00,USD 0.00,Warehouse Hourly Labor,Labor30,0.500000,Assembly,
6212012000000434326,GeoRipper 800,,USD 2899.65,GeoRipper - Parts,,,0.00,0.00,0.00,0.00,true,,goods,2,,,Inactive,ea,GR800,,,,,USD 1018.97,GeoRipper - Part,,Finished Goods,fifo,,,0.00,USD 0.00,#50H Heavy Connecting Link Spring Clip,MT4004,1.000000,Assembly,
6212012000000434326,GeoRipper 800,,USD 2899.65,GeoRipper - Parts,,,0.00,0.00,0.00,0.00,true,,goods,2,,,Inactive,ea,GR800,,,,,USD 1018.97,GeoRipper - Part,,Finished Goods,fifo,,,0.00,USD 0.00,Bearing (Sealed) 6002-RS2,GR1.2,1.000000,Assembly,
6212012000000434326,GeoRipper 800,,USD 2899.65,GeoRipper - Parts,,,0.00,0.00,0.00,0.00,true,,goods,2,,,Inactive,ea,GR800,,,,,USD 1018.97,GeoRipper - Part,,Finished Goods,fifo,,,0.00,USD 0.00,GeoRipper Owner's Manual,GR-LIT-OM,1.000000,Assembly,
6212012000000434326,GeoRipper 800,,USD 2899.65,GeoRipper - Parts,,,0.00,0.00,0.00,0.00,true,,goods,2,,,Inactive,ea,GR800,,,,,USD 1018.97,GeoRipper - Part,,Finished Goods,fifo,,,0.00,USD 0.00,Sticker - Small Round,GRS2,1.000000,Assembly,
6212012000000434326,GeoRipper 800,,USD 2899.65,GeoRipper - Parts,,,0.00,0.00,0.00,0.00,true,,goods,2,,,Inactive,ea,GR800,,,,,USD 1018.97,GeoRipper - Part,,Finished Goods,fifo,,,0.00,USD 0.00,Sticker - 811 - Call Before You Dig,GRS3,1.000000,Assembly,
6212012000000434326,GeoRipper 800,,USD 2899.65,GeoRipper - Parts,,,0.00,0.00,0.00,0.00,true,,goods,2,,,Inactive,ea,GR800,,,,,USD 1018.97,GeoRipper - Part,,Finished Goods,fifo,,,0.00,USD 0.00,Sticker - GR WARNING,GRS6,1.000000,Assembly,
6212012000000434326,GeoRipper 800,,USD 2899.65,GeoRipper - Parts,,,0.00,0.00,0.00,0.00,true,,goods,2,,,Inactive,ea,GR800,,,,,USD 1018.97,GeoRipper - Part,,Finished Goods,fifo,,,0.00,USD 0.00,Sticker - Arched,GRS7,1.000000,Assembly,
6212012000000434326,GeoRipper 800,,USD 2899.65,GeoRipper - Parts,,,0.00,0.00,0.00,0.00,true,,goods,2,,,Inactive,ea,GR800,,,,,USD 1018.97,GeoRipper - Part,,Finished Goods,fifo,,,0.00,USD 0.00,M8x1.25x20 Countersunk 5mm Hex Drive Bolt 12.9grade,GR0.3.2,3.000000,Assembly,
6212012000000434326,GeoRipper 800,,USD 2899.65,GeoRipper - Parts,,,0.00,0.00,0.00,0.00,true,,goods,2,,,Inactive,ea,GR800,,,,,USD 1018.97,GeoRipper - Part,,Finished Goods,fifo,,,0.00,USD 0.00,GeoRipper Warranty Postcard,GR-LIT-WP,1.000000,Assembly,
6212012000000434326,GeoRipper 800,,USD 2899.65,GeoRipper - Parts,,,0.00,0.00,0.00,0.00,true,,goods,2,,,Inactive,ea,GR800,,,,,USD 1018.97,GeoRipper - Part,,Finished Goods,fifo,,,0.00,USD 0.00,Drive Axle for all GeoRipperT/A,MT9002,1.000000,Assembly,
6212012000000434326,GeoRipper 800,,USD 2899.65,GeoRipper - Parts,,,0.00,0.00,0.00,0.00,true,,goods,2,,,Inactive,ea,GR800,,,,,USD 1018.97,GeoRipper - Part,,Finished Goods,fifo,,,0.00,USD 0.00,Minitrencher Drive Sprocket for GeoRipper and GeoRipper(R)T/A,MT9001,1.000000,Assembly,
6212012000000434326,GeoRipper 800,,USD 2899.65,GeoRipper - Parts,,,0.00,0.00,0.00,0.00,true,,goods,2,,,Inactive,ea,GR800,,,,,USD 1018.97,GeoRipper - Part,,Finished Goods,fifo,,,0.00,USD 0.00,Labyrinth for all GeoRipperT/A,MT9003,1.000000,Assembly,
6212012000000434326,GeoRipper 800,,USD 2899.65,GeoRipper - Parts,,,0.00,0.00,0.00,0.00,true,,goods,2,,,Inactive,ea,GR800,,,,,USD 1018.97,GeoRipper - Part,,Finished Goods,fifo,,,0.00,USD 0.00,Makita T/A Casting,M1000,1.000000,Assembly,
6212012000000434326,GeoRipper 800,,USD 2899.65,GeoRipper - Parts,,,0.00,0.00,0.00,0.00,true,,goods,2,,,Inactive,ea,GR800,,,,,USD 1018.97,GeoRipper - Part,,Finished Goods,fifo,,,0.00,USD 0.00,R40 Snap Ring,MT0040,1.000000,Assembly,
6212012000000434326,GeoRipper 800,,USD 2899.65,GeoRipper - Parts,,,0.00,0.00,0.00,0.00,true,,goods,2,,,Inactive,ea,GR800,,,,,USD 1018.97,GeoRipper - Part,,Finished Goods,fifo,,,0.00,USD 0.00,Spacer,MT0010,1.000000,Assembly,
6212012000000434326,GeoRipper 800,,USD 2899.65,GeoRipper - Parts,,,0.00,0.00,0.00,0.00,true,,goods,2,,,Inactive,ea,GR800,,,,,USD 1018.97,GeoRipper - Part,,Finished Goods,fifo,,,0.00,USD 0.00,M8 Zinc Plated Washer,MT0800,2.000000,Assembly,
6212012000000434326,GeoRipper 800,,USD 2899.65,GeoRipper - Parts,,,0.00,0.00,0.00,0.00,true,,goods,2,,,Inactive,ea,GR800,,,,,USD 1018.97,GeoRipper - Part,,Finished Goods,fifo,,,0.00,USD 0.00,Pulley for Makita EK7651H/EK8100 GeoRipperT/A,M1001,1.000000,Assembly,
6212012000000434326,GeoRipper 800,,USD 2899.65,GeoRipper - Parts,,,0.00,0.00,0.00,0.00,true,,goods,2,,,Inactive,ea,GR800,,,,,USD 1018.97,GeoRipper - Part,,Finished Goods,fifo,,,0.00,USD 0.00,Dirt Deflector,MT8001,1.000000,Assembly,
6212012000000434326,GeoRipper 800,,USD 2899.65,GeoRipper - Parts,,,0.00,0.00,0.00,0.00,true,,goods,2,,,Inactive,ea,GR800,,,,,USD 1018.97,GeoRipper - Part,,Finished Goods,fifo,,,0.00,USD 0.00,Mud Flap A,MT8002,1.000000,Assembly,
6212012000000434326,GeoRipper 800,,USD 2899.65,GeoRipper - Parts,,,0.00,0.00,0.00,0.00,true,,goods,2,,,Inactive,ea,GR800,,,,,USD 1018.97,GeoRipper - Part,,Finished Goods,fifo,,,0.00,USD 0.00,Mud Flap B,MT8003,1.000000,Assembly,
6212012000000434326,GeoRipper 800,,USD 2899.65,GeoRipper - Parts,,,0.00,0.00,0.00,0.00,true,,goods,2,,,Inactive,ea,GR800,,,,,USD 1018.97,GeoRipper - Part,,Finished Goods,fifo,,,0.00,USD 0.00,M5 X .8 X 16 Phillips Flat Machine Screw Plated,GR5.8,6.000000,Assembly,
6212012000000434326,GeoRipper 800,,USD 2899.65,GeoRipper - Parts,,,0.00,0.00,0.00,0.00,true,,goods,2,,,Inactive,ea,GR800,,,,,USD 1018.97,GeoRipper - Part,,Finished Goods,fifo,,,0.00,USD 0.00,M5 x 18mm fender washer,GR5.12,6.000000,Assembly,
6212012000000434326,GeoRipper 800,,USD 2899.65,GeoRipper - Parts,,,0.00,0.00,0.00,0.00,true,,goods,2,,,Inactive,ea,GR800,,,,,USD 1018.97,GeoRipper - Part,,Finished Goods,fifo,,,0.00,USD 0.00,M5 Nylock hex nut,GR5.11,6.000000,Assembly,
6212012000000434326,GeoRipper 800,,USD 2899.65,GeoRipper - Parts,,,0.00,0.00,0.00,0.00,true,,goods,2,,,Inactive,ea,GR800,,,,,USD 1018.97,GeoRipper - Part,,Finished Goods,fifo,,,0.00,USD 0.00,Bar Clamp Washer - Slotted,GR5.2,1.000000,Assembly,
6212012000000434326,GeoRipper 800,,USD 2899.65,GeoRipper - Parts,,,0.00,0.00,0.00,0.00,true,,goods,2,,,Inactive,ea,GR800,,,,,USD 1018.97,GeoRipper - Part,,Finished Goods,fifo,,,0.00,USD 0.00,M12 X 1.75 X 30 Bolt 18mm Head,GR5.3,2.000000,Assembly,
6212012000000434326,GeoRipper 800,,USD 2899.65,GeoRipper - Parts,,,0.00,0.00,0.00,0.00,true,,goods,2,,,Inactive,ea,GR800,,,,,USD 1018.97,GeoRipper - Part,,Finished Goods,fifo,,,0.00,USD 0.00,M12 Split Lock Washer,GR5.4,2.000000,Assembly,
6212012000000434326,GeoRipper 800,,USD 2899.65,GeoRipper - Parts,,,0.00,0.00,0.00,0.00,true,,goods,2,,,Inactive,ea,GR800,,,,,USD 1018.97,GeoRipper - Part,,Finished Goods,fifo,,,0.00,USD 0.00,M8 x 1.25 x 50 Hex Bolt,MT0850,2.000000,Assembly,
6212012000000434326,GeoRipper 800,,USD 2899.65,GeoRipper - Parts,,,0.00,0.00,0.00,0.00,true,,goods,2,,,Inactive,ea,GR800,,,,,USD 1018.97,GeoRipper - Part,,Finished Goods,fifo,,,0.00,USD 0.00,Belt for Makita EK8100,MTB81-00,1.000000,Assembly,
6212012000000434326,GeoRipper 800,,USD 2899.65,GeoRipper - Parts,,,0.00,0.00,0.00,0.00,true,,goods,2,,,Inactive,ea,GR800,,,,,USD 1018.97,GeoRipper - Part,,Finished Goods,fifo,,,0.00,USD 0.00,Bearing - 6203 RS,MT0062,2.000000,Assembly,
6212012000000434326,GeoRipper 800,,USD 2899.65,GeoRipper - Parts,,,0.00,0.00,0.00,0.00,true,,goods,2,,,Inactive,ea,GR800,,,,,USD 1018.97,GeoRipper - Part,,Finished Goods,fifo,,,0.00,USD 0.00,M8 x 1.25 x 25 Hex Cap Screw,MT0825,2.000000,Assembly,
6212012000000434405,GeoRipper Assembly Kit - Makita Series 6,,USD 146.99,GeoRipper - Parts,,,0.00,0.00,0.00,0.00,true,,goods,2,,,Inactive,Box,GRKM61,,,,,USD 54.13,GeoRipper - Part,,Finished Goods,fifo,,,0.00,USD 0.00,Minitrencher Drive Sprocket for 6 Series Trencher,MT9601,1.000000,Assembly,
6212012000000434405,GeoRipper Assembly Kit - Makita Series 6,,USD 146.99,GeoRipper - Parts,,,0.00,0.00,0.00,0.00,true,,goods,2,,,Inactive,Box,GRKM61,,,,,USD 54.13,GeoRipper - Part,,Finished Goods,fifo,,,0.00,USD 0.00,Flange 6 Series,GRKM61.2-20A,1.000000,Assembly,
6212012000000434405,GeoRipper Assembly Kit - Makita Series 6,,USD 146.99,GeoRipper - Parts,,,0.00,0.00,0.00,0.00,true,,goods,2,,,Inactive,Box,GRKM61,,,,,USD 54.13,GeoRipper - Part,,Finished Goods,fifo,,,0.00,USD 0.00,Labyrinth 6 Series,GRKM61.3-20A,1.000000,Assembly,
6212012000000434405,GeoRipper Assembly Kit - Makita Series 6,,USD 146.99,GeoRipper - Parts,,,0.00,0.00,0.00,0.00,true,,goods,2,,,Inactive,Box,GRKM61,,,,,USD 54.13,GeoRipper - Part,,Finished Goods,fifo,,,0.00,USD 0.00,Clamp A - 6 Series,GRKM61.4,1.000000,Assembly,
6212012000000434405,GeoRipper Assembly Kit - Makita Series 6,,USD 146.99,GeoRipper - Parts,,,0.00,0.00,0.00,0.00,true,,goods,2,,,Inactive,Box,GRKM61,,,,,USD 54.13,GeoRipper - Part,,Finished Goods,fifo,,,0.00,USD 0.00,Clamp B - 6 Series,GRKM61.5,1.000000,Assembly,
6212012000000434405,GeoRipper Assembly Kit - Makita Series 6,,USD 146.99,GeoRipper - Parts,,,0.00,0.00,0.00,0.00,true,,goods,2,,,Inactive,Box,GRKM61,,,,,USD 54.13,GeoRipper - Part,,Finished Goods,fifo,,,0.00,USD 0.00,O-Ring,GRKM61.6,1.000000,Assembly,
6212012000000434405,GeoRipper Assembly Kit - Makita Series 6,,USD 146.99,GeoRipper - Parts,,,0.00,0.00,0.00,0.00,true,,goods,2,,,Inactive,Box,GRKM61,,,,,USD 54.13,GeoRipper - Part,,Finished Goods,fifo,,,0.00,USD 0.00,M8 x 1.25 x 50 Hex Bolt,MT0850,2.000000,Assembly,
6212012000000434405,GeoRipper Assembly Kit - Makita Series 6,,USD 146.99,GeoRipper - Parts,,,0.00,0.00,0.00,0.00,true,,goods,2,,,Inactive,Box,GRKM61,,,,,USD 54.13,GeoRipper - Part,,Finished Goods,fifo,,,0.00,USD 0.00,M8x1.25 Nylon Insert Locking Nut,GRKM61.8,2.000000,Assembly,
6212012000000434405,GeoRipper Assembly Kit - Makita Series 6,,USD 146.99,GeoRipper - Parts,,,0.00,0.00,0.00,0.00,true,,goods,2,,,Inactive,Box,GRKM61,,,,,USD 54.13,GeoRipper - Part,,Finished Goods,fifo,,,0.00,USD 0.00,M8x1.25x20 Countersunk 5mm Hex Drive Bolt 12.9grade,GR0.3.2,3.000000,Assembly,
6212012000000434436,Throttle Assembly for EZ Kart,Includes all part necessary for the lower throttle attachment to Power cutter. Does not include throttle cable,USD 39.22,GeoRipper - Parts,GeoRipper,MiniTrencher,0.62,4.00,6.00,4.00,true,,goods,2,,,Active,,EZ3000,810075760606,810075760606,,22A,USD 12.60,GeoRipper - Part,,Finished Goods,fifo,,,0.00,USD 0.00,EZ Kart - Lower Throttle - Velcro Strap,EZ3.4,1.000000,Assembly,
6212012000000434436,Throttle Assembly for EZ Kart,Includes all part necessary for the lower throttle attachment to Power cutter. Does not include throttle cable,USD 39.22,GeoRipper - Parts,GeoRipper,MiniTrencher,0.62,4.00,6.00,4.00,true,,goods,2,,,Active,,EZ3000,810075760606,810075760606,,22A,USD 12.60,GeoRipper - Part,,Finished Goods,fifo,,,0.00,USD 0.00,EZ Kart - Lower Throttle - Reset Spring,EZ3.5,1.000000,Assembly,
6212012000000434436,Throttle Assembly for EZ Kart,Includes all part necessary for the lower throttle attachment to Power cutter. Does not include throttle cable,USD 39.22,GeoRipper - Parts,GeoRipper,MiniTrencher,0.62,4.00,6.00,4.00,true,,goods,2,,,Active,,EZ3000,810075760606,810075760606,,22A,USD 12.60,GeoRipper - Part,,Finished Goods,fifo,,,0.00,USD 0.00,EZ Kart - Lower Throttle - M4 X .7 X 35 Phillips Pan Machine Screw,EZ3.6,1.000000,Assembly,
6212012000000434436,Throttle Assembly for EZ Kart,Includes all part necessary for the lower throttle attachment to Power cutter. Does not include throttle cable,USD 39.22,GeoRipper - Parts,GeoRipper,MiniTrencher,0.62,4.00,6.00,4.00,true,,goods,2,,,Active,,EZ3000,810075760606,810075760606,,22A,USD 12.60,GeoRipper - Part,,Finished Goods,fifo,,,0.00,USD 0.00,EZ Kart - Lower Throttle - M4 Nylon Locking Nut,EZ3.7,1.000000,Assembly,
6212012000000434436,Throttle Assembly for EZ Kart,Includes all part necessary for the lower throttle attachment to Power cutter. Does not include throttle cable,USD 39.22,GeoRipper - Parts,GeoRipper,MiniTrencher,0.62,4.00,6.00,4.00,true,,goods,2,,,Active,,EZ3000,810075760606,810075760606,,22A,USD 12.60,GeoRipper - Part,,Finished Goods,fifo,,,0.00,USD 0.00,EZ Kart Lower Throttle Housing,EZ6.1,1.000000,Assembly,
6212012000000434436,Throttle Assembly for EZ Kart,Includes all part necessary for the lower throttle attachment to Power cutter. Does not include throttle cable,USD 39.22,GeoRipper - Parts,GeoRipper,MiniTrencher,0.62,4.00,6.00,4.00,true,,goods,2,,,Active,,EZ3000,810075760606,810075760606,,22A,USD 12.60,GeoRipper - Part,,Finished Goods,fifo,,,0.00,USD 0.00,EZ Kart Lower Throttle Lever,EZ6.2,1.000000,Assembly,
6212012000000434436,Throttle Assembly for EZ Kart,Includes all part necessary for the lower throttle attachment to Power cutter. Does not include throttle cable,USD 39.22,GeoRipper - Parts,GeoRipper,MiniTrencher,0.62,4.00,6.00,4.00,true,,goods,2,,,Active,,EZ3000,810075760606,810075760606,,22A,USD 12.60,GeoRipper - Part,,Finished Goods,fifo,,,0.00,USD 0.00,EZ KART - Lower Throttle Housing Index,EZ6.3,1.000000,Assembly,
6212012000000434463,Pulley Retrofit Kit for MX314 Milwaukee Battery-powered Cut Saw,,USD 174.00,GeoRipper - Parts,,,0.00,0.00,0.00,0.00,true,,goods,2,,,Active,Kit,MX2000,,,,,USD 98.44,GeoRipper - Part,,Finished Goods,fifo,,,0.00,USD 0.00,Large Pulley - MX,MX1001,2.000000,Assembly,
6212012000000434463,Pulley Retrofit Kit for MX314 Milwaukee Battery-powered Cut Saw,,USD 174.00,GeoRipper - Parts,,,0.00,0.00,0.00,0.00,true,,goods,2,,,Active,Kit,MX2000,,,,,USD 98.44,GeoRipper - Part,,Finished Goods,fifo,,,0.00,USD 0.00,Bushing - MX,MX1002,1.000000,Assembly,
6212012000000434463,Pulley Retrofit Kit for MX314 Milwaukee Battery-powered Cut Saw,,USD 174.00,GeoRipper - Parts,,,0.00,0.00,0.00,0.00,true,,goods,2,,,Active,Kit,MX2000,,,,,USD 98.44,GeoRipper - Part,,Finished Goods,fifo,,,0.00,USD 0.00,Small Pulley - MX,MX1003,1.000000,Assembly,
6212012000000434463,Pulley Retrofit Kit for MX314 Milwaukee Battery-powered Cut Saw,,USD 174.00,GeoRipper - Parts,,,0.00,0.00,0.00,0.00,true,,goods,2,,,Active,Kit,MX2000,,,,,USD 98.44,GeoRipper - Part,,Finished Goods,fifo,,,0.00,USD 0.00,Belt for Adapted Milwaukee MX314,MTB31-00,1.000000,Assembly,
6212012000000434484,Master Connecting Link - 5 Pack,Includes (5) #50H master connecting link with spring clip closure,USD 15.75,GeoRipper - Parts,,,0.00,0.00,0.00,0.00,true,,goods,2,,,Active,Pack,MT4004-5,,,,,USD 2.60,GeoRipper - Part,,Finished Goods,fifo,,,0.00,USD 0.00,#50H Heavy Connecting Link Spring Clip,MT4004,5.000000,Assembly,
6212012000000434499,"SiBore Drill - 32"" Extension",,USD 160.00,SiBore Drill - Parts,,,0.00,0.00,0.00,0.00,true,,goods,2,,,Active,EA,SB3200,,,,,USD 42.15,SiBore Drill - Part,,Finished Goods,fifo,,,0.00,USD 0.00,"SiBore Drill 1-1/4 x .120 x 20'-0"" HREW Tube A513TI",SB0115,0.134000,Assembly,
6212012000000434499,"SiBore Drill - 32"" Extension",,USD 160.00,SiBore Drill - Parts,,,0.00,0.00,0.00,0.00,true,,goods,2,,,Active,EA,SB3200,,,,,USD 42.15,SiBore Drill - Part,,Finished Goods,fifo,,,0.00,USD 0.00,"SiBore Drill 1-1/2 x .120 x 20'-0"" HREW Tube A513T1",SB0116,0.005000,Assembly,
6212012000000434499,"SiBore Drill - 32"" Extension",,USD 160.00,SiBore Drill - Parts,,,0.00,0.00,0.00,0.00,true,,goods,2,,,Active,EA,SB3200,,,,,USD 42.15,SiBore Drill - Part,,Finished Goods,fifo,,,0.00,USD 0.00,"SiBore Drill 1""D x 20' CRS Round Stock Main Shaft",SB0107,0.016667,Assembly,
6212012000000434499,"SiBore Drill - 32"" Extension",,USD 160.00,SiBore Drill - Parts,,,0.00,0.00,0.00,0.00,true,,goods,2,,,Active,EA,SB3200,,,,,USD 42.15,SiBore Drill - Part,,Finished Goods,fifo,,,0.00,USD 0.00,Warehouse Hourly Labor,Labor30,1.000000,Assembly,
6212012000000434499,"SiBore Drill - 32"" Extension",,USD 160.00,SiBore Drill - Parts,,,0.00,0.00,0.00,0.00,true,,goods,2,,,Active,EA,SB3200,,,,,USD 42.15,SiBore Drill - Part,,Finished Goods,fifo,,,0.00,USD 0.00,"3/8""-16 Nylock Nut",SB3803,1.000000,Assembly,
6212012000000434499,"SiBore Drill - 32"" Extension",,USD 160.00,SiBore Drill - Parts,,,0.00,0.00,0.00,0.00,true,,goods,2,,,Active,EA,SB3200,,,,,USD 42.15,SiBore Drill - Part,,Finished Goods,fifo,,,0.00,USD 0.00,"3/8""-16 x 2"" Grade 8 YellowZinc Bolt",SB3820,1.000000,Assembly,
6212012000000434524,SiBore Drill - MicroBore Coupling Nut,,USD 85.00,SiBore Drill - Parts,,,0.00,0.00,0.00,0.00,true,,goods,2,,,Inactive,EA,SB1250*,,,,,USD 4.50,SiBore Drill - Part,,Finished Goods,fifo,,,0.00,USD 0.00,SiBore Drill - Coupler Nut,SB0118,1.000000,Assembly,
6212012000000434524,SiBore Drill - MicroBore Coupling Nut,,USD 85.00,SiBore Drill - Parts,,,0.00,0.00,0.00,0.00,true,,goods,2,,,Inactive,EA,SB1250*,,,,,USD 4.50,SiBore Drill - Part,,Finished Goods,fifo,,,0.00,USD 0.00,Warehouse Hourly Labor,Labor30,0.250000,Assembly,
6212012000000434541,SiBore Drill MicroBore Drill Rod,,USD 41.02,SiBore Drill - Parts,,,0.00,0.00,0.00,0.00,true,,goods,2,,,Active,EA,SB3601,,,,,USD 14.61,SiBore Drill - Part,,Finished Goods,fifo,,,0.00,USD 0.00,"SiBore Drill 3/4"" x 20' Round Stock Drive Shaft",SB0108,0.166667,Assembly,
6212012000000434541,SiBore Drill MicroBore Drill Rod,,USD 41.02,SiBore Drill - Parts,,,0.00,0.00,0.00,0.00,true,,goods,2,,,Active,EA,SB3601,,,,,USD 14.61,SiBore Drill - Part,,Finished Goods,fifo,,,0.00,USD 0.00,Warehouse Hourly Labor,Labor30,0.250000,Assembly,
6212012000000434558,SiBore Drill MicroBore Lower Drive Adapter Shaft,,USD 25.59,SiBore Drill - Parts,,,0.00,0.00,0.00,0.00,true,,goods,2,,,Active,EA,SB9050,,,,,USD 8.69,SiBore Drill - Part,,Finished Goods,fifo,,,0.00,USD 0.00,"SiBore Drill 3/4"" x 20' Round Stock Drive Shaft",SB0108,0.027778,Assembly,
6212012000000434558,SiBore Drill MicroBore Lower Drive Adapter Shaft,,USD 25.59,SiBore Drill - Parts,,,0.00,0.00,0.00,0.00,true,,goods,2,,,Active,EA,SB9050,,,,,USD 8.69,SiBore Drill - Part,,Finished Goods,fifo,,,0.00,USD 0.00,Warehouse Hourly Labor,Labor30,0.250000,Assembly,
6212012000000434575,SiBore Drill - Accessory Stand,,USD 118.58,SiBore Drill - Parts,,,0.00,0.00,0.00,0.00,true,,goods,2,,,Active,EA,SB0900,,,,,USD 41.25,SiBore Drill - Part,,Finished Goods,fifo,,,0.00,USD 0.00,"SiBore Drill 1-1/2"" x 1-1/2"" x 20' Angle",SB0119,0.079167,Assembly,
6212012000000434575,SiBore Drill - Accessory Stand,,USD 118.58,SiBore Drill - Parts,,,0.00,0.00,0.00,0.00,true,,goods,2,,,Active,EA,SB0900,,,,,USD 41.25,SiBore Drill - Part,,Finished Goods,fifo,,,0.00,USD 0.00,"SiBore Drill 1"" x 1"" x 1/8"" Angle 20'-0""",SB0120,0.116667,Assembly,
6212012000000434575,SiBore Drill - Accessory Stand,,USD 118.58,SiBore Drill - Parts,,,0.00,0.00,0.00,0.00,true,,goods,2,,,Active,EA,SB0900,,,,,USD 41.25,SiBore Drill - Part,,Finished Goods,fifo,,,0.00,USD 0.00,"SiBore Drill 1"" x 1"" Square Tube",SB0102,0.100000,Assembly,
6212012000000434575,SiBore Drill - Accessory Stand,,USD 118.58,SiBore Drill - Parts,,,0.00,0.00,0.00,0.00,true,,goods,2,,,Active,EA,SB0900,,,,,USD 41.25,SiBore Drill - Part,,Finished Goods,fifo,,,0.00,USD 0.00,Warehouse Hourly Labor,Labor30,1.000000,Assembly,
6212012000000434575,SiBore Drill - Accessory Stand,,USD 118.58,SiBore Drill - Parts,,,0.00,0.00,0.00,0.00,true,,goods,2,,,Active,EA,SB0900,,,,,USD 41.25,SiBore Drill - Part,,Finished Goods,fifo,,,0.00,USD 0.00,powder coat - black,PD-1000,1.000000,Assembly,
6212012000000434598,GeoRipper e/B Electric Adapter,,USD 174.99,GeoRipper - Parts,,,0.00,0.00,0.00,0.00,true,,goods,2,,,Active,EA,MT5000-MAK,,,,,USD 65.50,GeoRipper - Part,,Finished Goods,fifo,,,0.00,USD 0.00,"3/8"" GeoRipper eB Main Adapter Plate",MT9991,1.000000,Assembly,
6212012000000434598,GeoRipper e/B Electric Adapter,,USD 174.99,GeoRipper - Parts,,,0.00,0.00,0.00,0.00,true,,goods,2,,,Active,EA,MT5000-MAK,,,,,USD 65.50,GeoRipper - Part,,Finished Goods,fifo,,,0.00,USD 0.00,Left Leg GeoRipper eB Makita Adapter,MT9990L,1.000000,Assembly,
6212012000000434598,GeoRipper e/B Electric Adapter,,USD 174.99,GeoRipper - Parts,,,0.00,0.00,0.00,0.00,true,,goods,2,,,Active,EA,MT5000-MAK,,,,,USD 65.50,GeoRipper - Part,,Finished Goods,fifo,,,0.00,USD 0.00,Right Leg GeoRipper eB Makita Adapter,MT9990R,1.000000,Assembly,
6212012000000434598,GeoRipper e/B Electric Adapter,,USD 174.99,GeoRipper - Parts,,,0.00,0.00,0.00,0.00,true,,goods,2,,,Active,EA,MT5000-MAK,,,,,USD 65.50,GeoRipper - Part,,Finished Goods,fifo,,,0.00,USD 0.00,11GA Curved Deflector GeoRipper eB Makita,MT9992,1.000000,Assembly,
6212012000000434598,GeoRipper e/B Electric Adapter,,USD 174.99,GeoRipper - Parts,,,0.00,0.00,0.00,0.00,true,,goods,2,,,Active,EA,MT5000-MAK,,,,,USD 65.50,GeoRipper - Part,,Finished Goods,fifo,,,0.00,USD 0.00,GR Miscellaneous - Becca DO NOT USE,GR MISC,20.000000,Assembly,
6212012000000434621,The GeoRipper Engine,Engine without Bar and Chains,USD 1360.06,GeoRipper - Parts,,,0.00,0.00,0.00,0.00,true,,goods,2,,,Active,Kit,GR457,,,,,USD 372.39,GeoRipper - Part,,Finished Goods,fifo,,,0.00,USD 0.00,MT7208S - Georipper Engine,MT7208,1.000000,Assembly,
6212012000000434621,The GeoRipper Engine,Engine without Bar and Chains,USD 1360.06,GeoRipper - Parts,,,0.00,0.00,0.00,0.00,true,,goods,2,,,Active,Kit,GR457,,,,,USD 372.39,GeoRipper - Part,,Finished Goods,fifo,,,0.00,USD 0.00,Bearing - 6203 RS,MT0062,2.000000,Assembly,
6212012000000434621,The GeoRipper Engine,Engine without Bar and Chains,USD 1360.06,GeoRipper - Parts,,,0.00,0.00,0.00,0.00,true,,goods,2,,,Active,Kit,GR457,,,,,USD 372.39,GeoRipper - Part,,Finished Goods,fifo,,,0.00,USD 0.00,R40 Snap Ring,MT0040,1.000000,Assembly,
6212012000000434621,The GeoRipper Engine,Engine without Bar and Chains,USD 1360.06,GeoRipper - Parts,,,0.00,0.00,0.00,0.00,true,,goods,2,,,Active,Kit,GR457,,,,,USD 372.39,GeoRipper - Part,,Finished Goods,fifo,,,0.00,USD 0.00,Drive Axle for all GeoRipperT/A,MT9002,1.000000,Assembly,
6212012000000434621,The GeoRipper Engine,Engine without Bar and Chains,USD 1360.06,GeoRipper - Parts,,,0.00,0.00,0.00,0.00,true,,goods,2,,,Active,Kit,GR457,,,,,USD 372.39,GeoRipper - Part,,Finished Goods,fifo,,,0.00,USD 0.00,Labyrinth for all GeoRipperT/A,MT9003,1.000000,Assembly,
6212012000000434621,The GeoRipper Engine,Engine without Bar and Chains,USD 1360.06,GeoRipper - Parts,,,0.00,0.00,0.00,0.00,true,,goods,2,,,Active,Kit,GR457,,,,,USD 372.39,GeoRipper - Part,,Finished Goods,fifo,,,0.00,USD 0.00,Minitrencher Drive Sprocket for GeoRipper and GeoRipper(R)T/A,MT9001,1.000000,Assembly,
6212012000000434621,The GeoRipper Engine,Engine without Bar and Chains,USD 1360.06,GeoRipper - Parts,,,0.00,0.00,0.00,0.00,true,,goods,2,,,Active,Kit,GR457,,,,,USD 372.39,GeoRipper - Part,,Finished Goods,fifo,,,0.00,USD 0.00,M8 Zinc Plated Washer,MT0800,3.000000,Assembly,
6212012000000434621,The GeoRipper Engine,Engine without Bar and Chains,USD 1360.06,GeoRipper - Parts,,,0.00,0.00,0.00,0.00,true,,goods,2,,,Active,Kit,GR457,,,,,USD 372.39,GeoRipper - Part,,Finished Goods,fifo,,,0.00,USD 0.00,Pulley for 'The GeoRipper' & Husqvarna K770 GeoRipperT/A,H1001,1.000000,Assembly,
6212012000000434621,The GeoRipper Engine,Engine without Bar and Chains,USD 1360.06,GeoRipper - Parts,,,0.00,0.00,0.00,0.00,true,,goods,2,,,Active,Kit,GR457,,,,,USD 372.39,GeoRipper - Part,,Finished Goods,fifo,,,0.00,USD 0.00,M8 x 1.25 x 65 Zinc-Plated Hex Bolt,MT0865,3.000000,Assembly,
6212012000000434621,The GeoRipper Engine,Engine without Bar and Chains,USD 1360.06,GeoRipper - Parts,,,0.00,0.00,0.00,0.00,true,,goods,2,,,Active,Kit,GR457,,,,,USD 372.39,GeoRipper - Part,,Finished Goods,fifo,,,0.00,USD 0.00,M8 X 1.25 Flanged Nyloc Nut,GRKM7681.6,3.000000,Assembly,
6212012000000434621,The GeoRipper Engine,Engine without Bar and Chains,USD 1360.06,GeoRipper - Parts,,,0.00,0.00,0.00,0.00,true,,goods,2,,,Active,Kit,GR457,,,,,USD 372.39,GeoRipper - Part,,Finished Goods,fifo,,,0.00,USD 0.00,Dirt Deflector,MT8001,1.000000,Assembly,
6212012000000434621,The GeoRipper Engine,Engine without Bar and Chains,USD 1360.06,GeoRipper - Parts,,,0.00,0.00,0.00,0.00,true,,goods,2,,,Active,Kit,GR457,,,,,USD 372.39,GeoRipper - Part,,Finished Goods,fifo,,,0.00,USD 0.00,Mud Flap A,MT8002,1.000000,Assembly,
6212012000000434621,The GeoRipper Engine,Engine without Bar and Chains,USD 1360.06,GeoRipper - Parts,,,0.00,0.00,0.00,0.00,true,,goods,2,,,Active,Kit,GR457,,,,,USD 372.39,GeoRipper - Part,,Finished Goods,fifo,,,0.00,USD 0.00,Mud Flap B,MT8003,1.000000,Assembly,
6212012000000434621,The GeoRipper Engine,Engine without Bar and Chains,USD 1360.06,GeoRipper - Parts,,,0.00,0.00,0.00,0.00,true,,goods,2,,,Active,Kit,GR457,,,,,USD 372.39,GeoRipper - Part,,Finished Goods,fifo,,,0.00,USD 0.00,M5 X .8 X 16 Phillips Flat Machine Screw Plated,GR5.8,6.000000,Assembly,
6212012000000434621,The GeoRipper Engine,Engine without Bar and Chains,USD 1360.06,GeoRipper - Parts,,,0.00,0.00,0.00,0.00,true,,goods,2,,,Active,Kit,GR457,,,,,USD 372.39,GeoRipper - Part,,Finished Goods,fifo,,,0.00,USD 0.00,M5 x 18mm fender washer,GR5.12,6.000000,Assembly,
6212012000000434621,The GeoRipper Engine,Engine without Bar and Chains,USD 1360.06,GeoRipper - Parts,,,0.00,0.00,0.00,0.00,true,,goods,2,,,Active,Kit,GR457,,,,,USD 372.39,GeoRipper - Part,,Finished Goods,fifo,,,0.00,USD 0.00,M5 Nylock hex nut,GR5.11,6.000000,Assembly,
6212012000000434621,The GeoRipper Engine,Engine without Bar and Chains,USD 1360.06,GeoRipper - Parts,,,0.00,0.00,0.00,0.00,true,,goods,2,,,Active,Kit,GR457,,,,,USD 372.39,GeoRipper - Part,,Finished Goods,fifo,,,0.00,USD 0.00,GeoRipper Owner's Manual,GR-LIT-OM,1.000000,Assembly,
6212012000000434621,The GeoRipper Engine,Engine without Bar and Chains,USD 1360.06,GeoRipper - Parts,,,0.00,0.00,0.00,0.00,true,,goods,2,,,Active,Kit,GR457,,,,,USD 372.39,GeoRipper - Part,,Finished Goods,fifo,,,0.00,USD 0.00,Bearing (Sealed) 6002-RS2,GR1.2,1.000000,Assembly,
6212012000000434621,The GeoRipper Engine,Engine without Bar and Chains,USD 1360.06,GeoRipper - Parts,,,0.00,0.00,0.00,0.00,true,,goods,2,,,Active,Kit,GR457,,,,,USD 372.39,GeoRipper - Part,,Finished Goods,fifo,,,0.00,USD 0.00,M8x1.25x20 Countersunk 5mm Hex Drive Bolt 12.9grade,GR0.3.2,3.000000,Assembly,
6212012000000434621,The GeoRipper Engine,Engine without Bar and Chains,USD 1360.06,GeoRipper - Parts,,,0.00,0.00,0.00,0.00,true,,goods,2,,,Active,Kit,GR457,,,,,USD 372.39,GeoRipper - Part,,Finished Goods,fifo,,,0.00,USD 0.00,GeoRipper Warranty Postcard,GR-LIT-WP,1.000000,Assembly,
6212012000000434621,The GeoRipper Engine,Engine without Bar and Chains,USD 1360.06,GeoRipper - Parts,,,0.00,0.00,0.00,0.00,true,,goods,2,,,Active,Kit,GR457,,,,,USD 372.39,GeoRipper - Part,,Finished Goods,fifo,,,0.00,USD 0.00,13mm Embossed Wrench,MT0013,1.000000,Assembly,
6212012000000434621,The GeoRipper Engine,Engine without Bar and Chains,USD 1360.06,GeoRipper - Parts,,,0.00,0.00,0.00,0.00,true,,goods,2,,,Active,Kit,GR457,,,,,USD 372.39,GeoRipper - Part,,Finished Goods,fifo,,,0.00,USD 0.00,18mm Embossed Wrench,MT0018,1.000000,Assembly,
6212012000000434621,The GeoRipper Engine,Engine without Bar and Chains,USD 1360.06,GeoRipper - Parts,,,0.00,0.00,0.00,0.00,true,,goods,2,,,Active,Kit,GR457,,,,,USD 372.39,GeoRipper - Part,,Finished Goods,fifo,,,0.00,USD 0.00,Green PVC Tool Bag,MT0099,1.000000,Assembly,
6212012000000434621,The GeoRipper Engine,Engine without Bar and Chains,USD 1360.06,GeoRipper - Parts,,,0.00,0.00,0.00,0.00,true,,goods,2,,,Active,Kit,GR457,,,,,USD 372.39,GeoRipper - Part,,Finished Goods,fifo,,,0.00,USD 0.00,Warehouse Hourly Labor,Labor30,1.000000,Assembly,
6212012000000434621,The GeoRipper Engine,Engine without Bar and Chains,USD 1360.06,GeoRipper - Parts,,,0.00,0.00,0.00,0.00,true,,goods,2,,,Active,Kit,GR457,,,,,USD 372.39,GeoRipper - Part,,Finished Goods,fifo,,,0.00,USD 0.00,Spacer,MT0010,1.000000,Assembly,
6212012000000434621,The GeoRipper Engine,Engine without Bar and Chains,USD 1360.06,GeoRipper - Parts,,,0.00,0.00,0.00,0.00,true,,goods,2,,,Active,Kit,GR457,,,,,USD 372.39,GeoRipper - Part,,Finished Goods,fifo,,,0.00,USD 0.00,Bar Clamp Washer - Slotted,GR5.2,1.000000,Assembly,
6212012000000434621,The GeoRipper Engine,Engine without Bar and Chains,USD 1360.06,GeoRipper - Parts,,,0.00,0.00,0.00,0.00,true,,goods,2,,,Active,Kit,GR457,,,,,USD 372.39,GeoRipper - Part,,Finished Goods,fifo,,,0.00,USD 0.00,M12 X 1.75 X 30 Bolt 18mm Head,GR5.3,2.000000,Assembly,
6212012000000434621,The GeoRipper Engine,Engine without Bar and Chains,USD 1360.06,GeoRipper - Parts,,,0.00,0.00,0.00,0.00,true,,goods,2,,,Active,Kit,GR457,,,,,USD 372.39,GeoRipper - Part,,Finished Goods,fifo,,,0.00,USD 0.00,M12 Split Lock Washer,GR5.4,2.000000,Assembly,
6212012000000434621,The GeoRipper Engine,Engine without Bar and Chains,USD 1360.06,GeoRipper - Parts,,,0.00,0.00,0.00,0.00,true,,goods,2,,,Active,Kit,GR457,,,,,USD 372.39,GeoRipper - Part,,Finished Goods,fifo,,,0.00,USD 0.00,M8-1.25 X 25 UNC HEX HEAD FLANGE BOLT GRADE 10.9,MT0825F,2.000000,Assembly,
6212012000000434621,The GeoRipper Engine,Engine without Bar and Chains,USD 1360.06,GeoRipper - Parts,,,0.00,0.00,0.00,0.00,true,,goods,2,,,Active,Kit,GR457,,,,,USD 372.39,GeoRipper - Part,,Finished Goods,fifo,,,0.00,USD 0.00,GeoRipper Adapter,GR-1000,1.000000,Assembly,
6212012000000434621,The GeoRipper Engine,Engine without Bar and Chains,USD 1360.06,GeoRipper - Parts,,,0.00,0.00,0.00,0.00,true,,goods,2,,,Active,Kit,GR457,,,,,USD 372.39,GeoRipper - Part,,Finished Goods,fifo,,,0.00,USD 0.00,Belt for 'The GeoRipper',MTB72-00,2.000000,Assembly,
6212012000000434621,The GeoRipper Engine,Engine without Bar and Chains,USD 1360.06,GeoRipper - Parts,,,0.00,0.00,0.00,0.00,true,,goods,2,,,Active,Kit,GR457,,,,,USD 372.39,GeoRipper - Part,,Finished Goods,fifo,,,0.00,USD 0.00,M8 x 1.25 x 12 Bolt for Safety Bar,MT0812,2.000000,Assembly,
6212012000000434621,The GeoRipper Engine,Engine without Bar and Chains,USD 1360.06,GeoRipper - Parts,,,0.00,0.00,0.00,0.00,true,,goods,2,,,Active,Kit,GR457,,,,,USD 372.39,GeoRipper - Part,,Finished Goods,fifo,,,0.00,USD 0.00,M8 split lock washer zinc plated,MT0804,2.000000,Assembly,
6212012000000434621,The GeoRipper Engine,Engine without Bar and Chains,USD 1360.06,GeoRipper - Parts,,,0.00,0.00,0.00,0.00,true,,goods,2,,,Active,Kit,GR457,,,,,USD 372.39,GeoRipper - Part,,Finished Goods,fifo,,,0.00,USD 0.00,Dirt Deflector Warning Sticker,GRS17,1.000000,Assembly,
6212012000000434621,The GeoRipper Engine,Engine without Bar and Chains,USD 1360.06,GeoRipper - Parts,,,0.00,0.00,0.00,0.00,true,,goods,2,,,Active,Kit,GR457,,,,,USD 372.39,GeoRipper - Part,,Finished Goods,fifo,,,0.00,USD 0.00,#50H Heavy Connecting Link Spring Clip,MT4004,1.000000,Assembly,
6212012000000434708,SiBore Drive Shaft,lower unit driveshaft,USD 119.40,SiBore Drill - Parts,,,0.00,0.00,0.00,0.00,true,,goods,2,,,Active,EA,SB0240,,,,,USD 45.84,SiBore Drill - Part,,Finished Goods,fifo,,,0.00,USD 0.00,"SiBore Drill 3/4"" x 20' Round Stock Drive Shaft",SB0108,1.000000,Assembly,
6212012000000434708,SiBore Drive Shaft,lower unit driveshaft,USD 119.40,SiBore Drill - Parts,,,0.00,0.00,0.00,0.00,true,,goods,2,,,Active,EA,SB0240,,,,,USD 45.84,SiBore Drill - Part,,Finished Goods,fifo,,,0.00,USD 0.00,"SiBore Drill 1/4"" x 1"" x 20' Drive Shaft Connecting Tabs",SB0109,0.025000,Assembly,
6212012000000434708,SiBore Drive Shaft,lower unit driveshaft,USD 119.40,SiBore Drill - Parts,,,0.00,0.00,0.00,0.00,true,,goods,2,,,Active,EA,SB0240,,,,,USD 45.84,SiBore Drill - Part,,Finished Goods,fifo,,,0.00,USD 0.00,"3/8""-16 x 2"" Grade 8 YellowZinc Bolt",SB3820,1.000000,Assembly,
6212012000000434708,SiBore Drive Shaft,lower unit driveshaft,USD 119.40,SiBore Drill - Parts,,,0.00,0.00,0.00,0.00,true,,goods,2,,,Active,EA,SB0240,,,,,USD 45.84,SiBore Drill - Part,,Finished Goods,fifo,,,0.00,USD 0.00,"3/8""-16 Nylock Nut",SB3803,1.000000,Assembly,
6212012000000434729,Safety Bar - 400 Series GeoRipperT/A,,USD 100.99,GeoRipper - Parts,,,0.00,0.00,0.00,0.00,true,,goods,2,,,Active,EA,MT7400,,,,,USD 28.50,GeoRipper - Part,,Finished Goods,fifo,50.00,,0.00,USD 0.00,Safety Bar LaserCut - 400 Series GeoRipperT/A,MT7401,1.000000,Assembly,
6212012000000434729,Safety Bar - 400 Series GeoRipperT/A,,USD 100.99,GeoRipper - Parts,,,0.00,0.00,0.00,0.00,true,,goods,2,,,Active,EA,MT7400,,,,,USD 28.50,GeoRipper - Part,,Finished Goods,fifo,50.00,,0.00,USD 0.00,Safety Bar PowderCoat - 500 Series GeoRipperT/A,MT7502,1.000000,Assembly,
6212012000000434748,Pull Start Ass'y MT7208,"ATTENTION!!!
The GeoRipper handheld trenchers are equipped with the GeoRipper EZ start system. Please follow these instructions EVERY TIME you start your GeoRipper handheld trencher.
1. Turn engine ""on""
2. Pull choke out all the way on initial ""cold"" start.
3. Press decompression button on opposite side of engine.
4. Gently pull the starter pull string up, releasing before you get to the end of the pull rope.
5. Repeat 3-5 if necessary.",USD 44.99,GeoRipper - Parts,,,0.00,0.00,0.00,0.00,true,,goods,2,,,Active,ea,MT7208-25-36,,,,,USD 14.96,GeoRipper - Part,,Finished Goods,fifo,10.00,,0.00,USD 0.00,Hexagon socket head combination screw M5*25,MT7208-25,4.000000,Assembly,
6212012000000434748,Pull Start Ass'y MT7208,"ATTENTION!!!
The GeoRipper handheld trenchers are equipped with the GeoRipper EZ start system. Please follow these instructions EVERY TIME you start your GeoRipper handheld trencher.
1. Turn engine ""on""
2. Pull choke out all the way on initial ""cold"" start.
3. Press decompression button on opposite side of engine.
4. Gently pull the starter pull string up, releasing before you get to the end of the pull rope.
5. Repeat 3-5 if necessary.",USD 44.99,GeoRipper - Parts,,,0.00,0.00,0.00,0.00,true,,goods,2,,,Active,ea,MT7208-25-36,,,,,USD 14.96,GeoRipper - Part,,Finished Goods,fifo,10.00,,0.00,USD 0.00,Starter cover,MT7208-26,1.000000,Assembly,
6212012000000434748,Pull Start Ass'y MT7208,"ATTENTION!!!
The GeoRipper handheld trenchers are equipped with the GeoRipper EZ start system. Please follow these instructions EVERY TIME you start your GeoRipper handheld trencher.
1. Turn engine ""on""
2. Pull choke out all the way on initial ""cold"" start.
3. Press decompression button on opposite side of engine.
4. Gently pull the starter pull string up, releasing before you get to the end of the pull rope.
5. Repeat 3-5 if necessary.",USD 44.99,GeoRipper - Parts,,,0.00,0.00,0.00,0.00,true,,goods,2,,,Active,ea,MT7208-25-36,,,,,USD 14.96,GeoRipper - Part,,Finished Goods,fifo,10.00,,0.00,USD 0.00,Starter handle,MT7208-27,1.000000,Assembly,
6212012000000434748,Pull Start Ass'y MT7208,"ATTENTION!!!
The GeoRipper handheld trenchers are equipped with the GeoRipper EZ start system. Please follow these instructions EVERY TIME you start your GeoRipper handheld trencher.
1. Turn engine ""on""
2. Pull choke out all the way on initial ""cold"" start.
3. Press decompression button on opposite side of engine.
4. Gently pull the starter pull string up, releasing before you get to the end of the pull rope.
5. Repeat 3-5 if necessary.",USD 44.99,GeoRipper - Parts,,,0.00,0.00,0.00,0.00,true,,goods,2,,,Active,ea,MT7208-25-36,,,,,USD 14.96,GeoRipper - Part,,Finished Goods,fifo,10.00,,0.00,USD 0.00,Starter handle  cover,MT7208-28,1.000000,Assembly,
6212012000000434748,Pull Start Ass'y MT7208,"ATTENTION!!!
The GeoRipper handheld trenchers are equipped with the GeoRipper EZ start system. Please follow these instructions EVERY TIME you start your GeoRipper handheld trencher.
1. Turn engine ""on""
2. Pull choke out all the way on initial ""cold"" start.
3. Press decompression button on opposite side of engine.
4. Gently pull the starter pull string up, releasing before you get to the end of the pull rope.
5. Repeat 3-5 if necessary.",USD 44.99,GeoRipper - Parts,,,0.00,0.00,0.00,0.00,true,,goods,2,,,Active,ea,MT7208-25-36,,,,,USD 14.96,GeoRipper - Part,,Finished Goods,fifo,10.00,,0.00,USD 0.00,Small coil spring,MT7208-29,1.000000,Assembly,
6212012000000434748,Pull Start Ass'y MT7208,"ATTENTION!!!
The GeoRipper handheld trenchers are equipped with the GeoRipper EZ start system. Please follow these instructions EVERY TIME you start your GeoRipper handheld trencher.
1. Turn engine ""on""
2. Pull choke out all the way on initial ""cold"" start.
3. Press decompression button on opposite side of engine.
4. Gently pull the starter pull string up, releasing before you get to the end of the pull rope.
5. Repeat 3-5 if necessary.",USD 44.99,GeoRipper - Parts,,,0.00,0.00,0.00,0.00,true,,goods,2,,,Active,ea,MT7208-25-36,,,,,USD 14.96,GeoRipper - Part,,Finished Goods,fifo,10.00,,0.00,USD 0.00,Small coil spring plastic cover,MT7208-30,1.000000,Assembly,
6212012000000434748,Pull Start Ass'y MT7208,"ATTENTION!!!
The GeoRipper handheld trenchers are equipped with the GeoRipper EZ start system. Please follow these instructions EVERY TIME you start your GeoRipper handheld trencher.
1. Turn engine ""on""
2. Pull choke out all the way on initial ""cold"" start.
3. Press decompression button on opposite side of engine.
4. Gently pull the starter pull string up, releasing before you get to the end of the pull rope.
5. Repeat 3-5 if necessary.",USD 44.99,GeoRipper - Parts,,,0.00,0.00,0.00,0.00,true,,goods,2,,,Active,ea,MT7208-25-36,,,,,USD 14.96,GeoRipper - Part,,Finished Goods,fifo,10.00,,0.00,USD 0.00,Start cord 950,MT7208-31,1.000000,Assembly,
6212012000000434748,Pull Start Ass'y MT7208,"ATTENTION!!!
The GeoRipper handheld trenchers are equipped with the GeoRipper EZ start system. Please follow these instructions EVERY TIME you start your GeoRipper handheld trencher.
1. Turn engine ""on""
2. Pull choke out all the way on initial ""cold"" start.
3. Press decompression button on opposite side of engine.
4. Gently pull the starter pull string up, releasing before you get to the end of the pull rope.
5. Repeat 3-5 if necessary.",USD 44.99,GeoRipper - Parts,,,0.00,0.00,0.00,0.00,true,,goods,2,,,Active,ea,MT7208-25-36,,,,,USD 14.96,GeoRipper - Part,,Finished Goods,fifo,10.00,,0.00,USD 0.00,Big sheave,MT7208-32,1.000000,Assembly,
6212012000000434748,Pull Start Ass'y MT7208,"ATTENTION!!!
The GeoRipper handheld trenchers are equipped with the GeoRipper EZ start system. Please follow these instructions EVERY TIME you start your GeoRipper handheld trencher.
1. Turn engine ""on""
2. Pull choke out all the way on initial ""cold"" start.
3. Press decompression button on opposite side of engine.
4. Gently pull the starter pull string up, releasing before you get to the end of the pull rope.
5. Repeat 3-5 if necessary.",USD 44.99,GeoRipper - Parts,,,0.00,0.00,0.00,0.00,true,,goods,2,,,Active,ea,MT7208-25-36,,,,,USD 14.96,GeoRipper - Part,,Finished Goods,fifo,10.00,,0.00,USD 0.00,Big coil spring,MT7208-33,1.000000,Assembly,
6212012000000434748,Pull Start Ass'y MT7208,"ATTENTION!!!
The GeoRipper handheld trenchers are equipped with the GeoRipper EZ start system. Please follow these instructions EVERY TIME you start your GeoRipper handheld trencher.
1. Turn engine ""on""
2. Pull choke out all the way on initial ""cold"" start.
3. Press decompression button on opposite side of engine.
4. Gently pull the starter pull string up, releasing before you get to the end of the pull rope.
5. Repeat 3-5 if necessary.",USD 44.99,GeoRipper - Parts,,,0.00,0.00,0.00,0.00,true,,goods,2,,,Active,ea,MT7208-25-36,,,,,USD 14.96,GeoRipper - Part,,Finished Goods,fifo,10.00,,0.00,USD 0.00,Sheave Cover,MT7208-34,1.000000,Assembly,
6212012000000434748,Pull Start Ass'y MT7208,"ATTENTION!!!
The GeoRipper handheld trenchers are equipped with the GeoRipper EZ start system. Please follow these instructions EVERY TIME you start your GeoRipper handheld trencher.
1. Turn engine ""on""
2. Pull choke out all the way on initial ""cold"" start.
3. Press decompression button on opposite side of engine.
4. Gently pull the starter pull string up, releasing before you get to the end of the pull rope.
5. Repeat 3-5 if necessary.",USD 44.99,GeoRipper - Parts,,,0.00,0.00,0.00,0.00,true,,goods,2,,,Active,ea,MT7208-25-36,,,,,USD 14.96,GeoRipper - Part,,Finished Goods,fifo,10.00,,0.00,USD 0.00,Big gasket 5*16*1.5,MT7208-35,1.000000,Assembly,
6212012000000434748,Pull Start Ass'y MT7208,"ATTENTION!!!
The GeoRipper handheld trenchers are equipped with the GeoRipper EZ start system. Please follow these instructions EVERY TIME you start your GeoRipper handheld trencher.
1. Turn engine ""on""
2. Pull choke out all the way on initial ""cold"" start.
3. Press decompression button on opposite side of engine.
4. Gently pull the starter pull string up, releasing before you get to the end of the pull rope.
5. Repeat 3-5 if necessary.",USD 44.99,GeoRipper - Parts,,,0.00,0.00,0.00,0.00,true,,goods,2,,,Active,ea,MT7208-25-36,,,,,USD 14.96,GeoRipper - Part,,Finished Goods,fifo,10.00,,0.00,USD 0.00,Cross pan head tapping screws 5*16,MT7208-36,1.000000,Assembly,
6212012000000434785,Fuel Tank Base Ass'y MT7208-8-12,"Constituents..
1) [MT7208-8]Fuel tank - 1 ea
2) [MT7208-9]Control arm - 1 ea
3) [MT7208-10]Trigger - 1 ea
4) [MT7208-11]Trigger spring - 1 ea
5) [MT7208-12]Pin 3*38 - 1 ea",USD 44.10,GeoRipper - Parts,,,0.00,0.00,0.00,0.00,true,,goods,2,,,Active,ea,MT7208-8-12,,,,,USD 12.40,GeoRipper - Part,"Constituents..
1) [MT7208-8]Fuel tank - 1 ea
2) [MT7208-9]Control arm - 1 ea
3) [MT7208-10]Trigger - 1 ea
4) [MT7208-11]Trigger spring - 1 ea
5) [MT7208-12]Pin 3*38 - 1 ea",Finished Goods,fifo,10.00,,0.00,USD 0.00,Fuel tank,MT7208-8,1.000000,Assembly,
6212012000000434785,Fuel Tank Base Ass'y MT7208-8-12,"Constituents..
1) [MT7208-8]Fuel tank - 1 ea
2) [MT7208-9]Control arm - 1 ea
3) [MT7208-10]Trigger - 1 ea
4) [MT7208-11]Trigger spring - 1 ea
5) [MT7208-12]Pin 3*38 - 1 ea",USD 44.10,GeoRipper - Parts,,,0.00,0.00,0.00,0.00,true,,goods,2,,,Active,ea,MT7208-8-12,,,,,USD 12.40,GeoRipper - Part,"Constituents..
1) [MT7208-8]Fuel tank - 1 ea
2) [MT7208-9]Control arm - 1 ea
3) [MT7208-10]Trigger - 1 ea
4) [MT7208-11]Trigger spring - 1 ea
5) [MT7208-12]Pin 3*38 - 1 ea",Finished Goods,fifo,10.00,,0.00,USD 0.00,Control arm,MT7208-9,1.000000,Assembly,
6212012000000434785,Fuel Tank Base Ass'y MT7208-8-12,"Constituents..
1) [MT7208-8]Fuel tank - 1 ea
2) [MT7208-9]Control arm - 1 ea
3) [MT7208-10]Trigger - 1 ea
4) [MT7208-11]Trigger spring - 1 ea
5) [MT7208-12]Pin 3*38 - 1 ea",USD 44.10,GeoRipper - Parts,,,0.00,0.00,0.00,0.00,true,,goods,2,,,Active,ea,MT7208-8-12,,,,,USD 12.40,GeoRipper - Part,"Constituents..
1) [MT7208-8]Fuel tank - 1 ea
2) [MT7208-9]Control arm - 1 ea
3) [MT7208-10]Trigger - 1 ea
4) [MT7208-11]Trigger spring - 1 ea
5) [MT7208-12]Pin 3*38 - 1 ea",Finished Goods,fifo,10.00,,0.00,USD 0.00,Trigger,MT7208-10,1.000000,Assembly,
6212012000000434785,Fuel Tank Base Ass'y MT7208-8-12,"Constituents..
1) [MT7208-8]Fuel tank - 1 ea
2) [MT7208-9]Control arm - 1 ea
3) [MT7208-10]Trigger - 1 ea
4) [MT7208-11]Trigger spring - 1 ea
5) [MT7208-12]Pin 3*38 - 1 ea",USD 44.10,GeoRipper - Parts,,,0.00,0.00,0.00,0.00,true,,goods,2,,,Active,ea,MT7208-8-12,,,,,USD 12.40,GeoRipper - Part,"Constituents..
1) [MT7208-8]Fuel tank - 1 ea
2) [MT7208-9]Control arm - 1 ea
3) [MT7208-10]Trigger - 1 ea
4) [MT7208-11]Trigger spring - 1 ea
5) [MT7208-12]Pin 3*38 - 1 ea",Finished Goods,fifo,10.00,,0.00,USD 0.00,Trigger spring,MT7208-11,1.000000,Assembly,
6212012000000434785,Fuel Tank Base Ass'y MT7208-8-12,"Constituents..
1) [MT7208-8]Fuel tank - 1 ea
2) [MT7208-9]Control arm - 1 ea
3) [MT7208-10]Trigger - 1 ea
4) [MT7208-11]Trigger spring - 1 ea
5) [MT7208-12]Pin 3*38 - 1 ea",USD 44.10,GeoRipper - Parts,,,0.00,0.00,0.00,0.00,true,,goods,2,,,Active,ea,MT7208-8-12,,,,,USD 12.40,GeoRipper - Part,"Constituents..
1) [MT7208-8]Fuel tank - 1 ea
2) [MT7208-9]Control arm - 1 ea
3) [MT7208-10]Trigger - 1 ea
4) [MT7208-11]Trigger spring - 1 ea
5) [MT7208-12]Pin 3*38 - 1 ea",Finished Goods,fifo,10.00,,0.00,USD 0.00,Pin 3*38,MT7208-12,1.000000,Assembly,
6212012000000434808,Piston Set MT7208,"Constituents..
1) [MT7208-54]Needling 12*15*14.7 - 1 ea
2) [MT7208-55]Piston pin spring 12 - 1 ea
3) [MT7208-56]Piston pin 12*33 - 1 ea
4) [MT7208-57]Piston - 1 ea
5) [MT7208-58]Piston ring - 1 ea",USD 26.13,GeoRipper - Parts,,,0.00,0.00,0.00,0.00,true,,goods,2,,,Active,ea,MT7208-54-58,,,,,USD 9.50,GeoRipper - Part,,Finished Goods,fifo,10.00,,0.00,USD 0.00,Needling 12*15*14.7,MT7208-54,1.000000,Assembly,
6212012000000434808,Piston Set MT7208,"Constituents..
1) [MT7208-54]Needling 12*15*14.7 - 1 ea
2) [MT7208-55]Piston pin spring 12 - 1 ea
3) [MT7208-56]Piston pin 12*33 - 1 ea
4) [MT7208-57]Piston - 1 ea
5) [MT7208-58]Piston ring - 1 ea",USD 26.13,GeoRipper - Parts,,,0.00,0.00,0.00,0.00,true,,goods,2,,,Active,ea,MT7208-54-58,,,,,USD 9.50,GeoRipper - Part,,Finished Goods,fifo,10.00,,0.00,USD 0.00,Piston pin spring 12,MT7208-55,1.000000,Assembly,
6212012000000434808,Piston Set MT7208,"Constituents..
1) [MT7208-54]Needling 12*15*14.7 - 1 ea
2) [MT7208-55]Piston pin spring 12 - 1 ea
3) [MT7208-56]Piston pin 12*33 - 1 ea
4) [MT7208-57]Piston - 1 ea
5) [MT7208-58]Piston ring - 1 ea",USD 26.13,GeoRipper - Parts,,,0.00,0.00,0.00,0.00,true,,goods,2,,,Active,ea,MT7208-54-58,,,,,USD 9.50,GeoRipper - Part,,Finished Goods,fifo,10.00,,0.00,USD 0.00,Piston pin 12*33,MT7208-56,1.000000,Assembly,
6212012000000434808,Piston Set MT7208,"Constituents..
1) [MT7208-54]Needling 12*15*14.7 - 1 ea
2) [MT7208-55]Piston pin spring 12 - 1 ea
3) [MT7208-56]Piston pin 12*33 - 1 ea
4) [MT7208-57]Piston - 1 ea
5) [MT7208-58]Piston ring - 1 ea",USD 26.13,GeoRipper - Parts,,,0.00,0.00,0.00,0.00,true,,goods,2,,,Active,ea,MT7208-54-58,,,,,USD 9.50,GeoRipper - Part,,Finished Goods,fifo,10.00,,0.00,USD 0.00,Piston,MT7208-57,1.000000,Assembly,
6212012000000434808,Piston Set MT7208,"Constituents..
1) [MT7208-54]Needling 12*15*14.7 - 1 ea
2) [MT7208-55]Piston pin spring 12 - 1 ea
3) [MT7208-56]Piston pin 12*33 - 1 ea
4) [MT7208-57]Piston - 1 ea
5) [MT7208-58]Piston ring - 1 ea",USD 26.13,GeoRipper - Parts,,,0.00,0.00,0.00,0.00,true,,goods,2,,,Active,ea,MT7208-54-58,,,,,USD 9.50,GeoRipper - Part,,Finished Goods,fifo,10.00,,0.00,USD 0.00,Piston ring,MT7208-58,1.000000,Assembly,
6212012000000434831,Muffler Set,"Constituents..
1) [MT7208-61]Muffler - 1 ea
2) [MT7208-62]Muffler gasket - 1 ea
3) [MT7208-63]Muffler air guide pad - 1 ea",USD 41.50,GeoRipper - Parts,,,0.00,0.00,0.00,0.00,true,,goods,2,,,Active,ea,MT7208-61-63,,,,,USD 15.09,GeoRipper - Part,,Finished Goods,fifo,10.00,,0.00,USD 0.00,Muffler,MT7208-61,1.000000,Assembly,
6212012000000434831,Muffler Set,"Constituents..
1) [MT7208-61]Muffler - 1 ea
2) [MT7208-62]Muffler gasket - 1 ea
3) [MT7208-63]Muffler air guide pad - 1 ea",USD 41.50,GeoRipper - Parts,,,0.00,0.00,0.00,0.00,true,,goods,2,,,Active,ea,MT7208-61-63,,,,,USD 15.09,GeoRipper - Part,,Finished Goods,fifo,10.00,,0.00,USD 0.00,Muffler gasket,MT7208-62,1.000000,Assembly,
6212012000000434831,Muffler Set,"Constituents..
1) [MT7208-61]Muffler - 1 ea
2) [MT7208-62]Muffler gasket - 1 ea
3) [MT7208-63]Muffler air guide pad - 1 ea",USD 41.50,GeoRipper - Parts,,,0.00,0.00,0.00,0.00,true,,goods,2,,,Active,ea,MT7208-61-63,,,,,USD 15.09,GeoRipper - Part,,Finished Goods,fifo,10.00,,0.00,USD 0.00,Muffler air guide pad,MT7208-63,1.000000,Assembly,
6212012000000434850,Emergency Repair Pack,"Includes: Master connecting link, (3) nose screws, nose bearing, (2) axle bearing, (2) bar clamp bolts, (2) split washers & ThreadLocker Orange",USD 79.99,GeoRipper - Parts,,,0.00,0.00,0.00,0.00,true,,goods,2,,,Active,Pack,MT-99999,,,,,USD 23.00,GeoRipper - Part,,Finished Goods,fifo,,,0.00,USD 0.00,#50H Heavy Connecting Link Spring Clip,MT4004,1.000000,Assembly,
6212012000000434850,Emergency Repair Pack,"Includes: Master connecting link, (3) nose screws, nose bearing, (2) axle bearing, (2) bar clamp bolts, (2) split washers & ThreadLocker Orange",USD 79.99,GeoRipper - Parts,,,0.00,0.00,0.00,0.00,true,,goods,2,,,Active,Pack,MT-99999,,,,,USD 23.00,GeoRipper - Part,,Finished Goods,fifo,,,0.00,USD 0.00,M8x1.25x20 Countersunk 5mm Hex Drive Bolt 12.9grade,GR0.3.2,3.000000,Assembly,
6212012000000434850,Emergency Repair Pack,"Includes: Master connecting link, (3) nose screws, nose bearing, (2) axle bearing, (2) bar clamp bolts, (2) split washers & ThreadLocker Orange",USD 79.99,GeoRipper - Parts,,,0.00,0.00,0.00,0.00,true,,goods,2,,,Active,Pack,MT-99999,,,,,USD 23.00,GeoRipper - Part,,Finished Goods,fifo,,,0.00,USD 0.00,Bearing (Sealed) 6002-RS2,GR1.2,1.000000,Assembly,
6212012000000434850,Emergency Repair Pack,"Includes: Master connecting link, (3) nose screws, nose bearing, (2) axle bearing, (2) bar clamp bolts, (2) split washers & ThreadLocker Orange",USD 79.99,GeoRipper - Parts,,,0.00,0.00,0.00,0.00,true,,goods,2,,,Active,Pack,MT-99999,,,,,USD 23.00,GeoRipper - Part,,Finished Goods,fifo,,,0.00,USD 0.00,Bearing - 6203 RS,MT0062,2.000000,Assembly,
6212012000000434850,Emergency Repair Pack,"Includes: Master connecting link, (3) nose screws, nose bearing, (2) axle bearing, (2) bar clamp bolts, (2) split washers & ThreadLocker Orange",USD 79.99,GeoRipper - Parts,,,0.00,0.00,0.00,0.00,true,,goods,2,,,Active,Pack,MT-99999,,,,,USD 23.00,GeoRipper - Part,,Finished Goods,fifo,,,0.00,USD 0.00,M12 Split Lock Washer,GR5.4,2.000000,Assembly,
6212012000000434850,Emergency Repair Pack,"Includes: Master connecting link, (3) nose screws, nose bearing, (2) axle bearing, (2) bar clamp bolts, (2) split washers & ThreadLocker Orange",USD 79.99,GeoRipper - Parts,,,0.00,0.00,0.00,0.00,true,,goods,2,,,Active,Pack,MT-99999,,,,,USD 23.00,GeoRipper - Part,,Finished Goods,fifo,,,0.00,USD 0.00,M12 X 1.75 X 30 Bolt 18mm Head,GR5.3,2.000000,Assembly,
6212012000000434850,Emergency Repair Pack,"Includes: Master connecting link, (3) nose screws, nose bearing, (2) axle bearing, (2) bar clamp bolts, (2) split washers & ThreadLocker Orange",USD 79.99,GeoRipper - Parts,,,0.00,0.00,0.00,0.00,true,,goods,2,,,Active,Pack,MT-99999,,,,,USD 23.00,GeoRipper - Part,,Finished Goods,fifo,,,0.00,USD 0.00,Permatex ThreadLocker Orange 5g,25005,1.000000,Assembly,
6212012000000435439,GeoRipper Minitrencher Universal EZ Kart,,USD 566.00,GeoRipper - Parts,GeoRipper,MiniTrencher,15.00,29.00,12.00,6.00,true,,goods,2,,,Active,Kit,EZ100,810075760071,810075760071,,,USD 191.26,GeoRipper - Part,,Finished Goods,fifo,,,0.00,USD 0.00,EZ Kart - Axle,EZ1.1,1.000000,Assembly,
6212012000000435439,GeoRipper Minitrencher Universal EZ Kart,,USD 566.00,GeoRipper - Parts,GeoRipper,MiniTrencher,15.00,29.00,12.00,6.00,true,,goods,2,,,Active,Kit,EZ100,810075760071,810075760071,,,USD 191.26,GeoRipper - Part,,Finished Goods,fifo,,,0.00,USD 0.00,EZ Kart - Locking Bar6.2,EZ1.11,1.000000,Assembly,
6212012000000435439,GeoRipper Minitrencher Universal EZ Kart,,USD 566.00,GeoRipper - Parts,GeoRipper,MiniTrencher,15.00,29.00,12.00,6.00,true,,goods,2,,,Active,Kit,EZ100,810075760071,810075760071,,,USD 191.26,GeoRipper - Part,,Finished Goods,fifo,,,0.00,USD 0.00,3mm X 14mm Slotted Spring Pin (ISO 8752) A2 Stainless Steel,EZ1.11.1,1.000000,Assembly,
6212012000000435439,GeoRipper Minitrencher Universal EZ Kart,,USD 566.00,GeoRipper - Parts,GeoRipper,MiniTrencher,15.00,29.00,12.00,6.00,true,,goods,2,,,Active,Kit,EZ100,810075760071,810075760071,,,USD 191.26,GeoRipper - Part,,Finished Goods,fifo,,,0.00,USD 0.00,EZ Kart - Snap Pin for Kart Handle,EZ1.12,1.000000,Assembly,
6212012000000435439,GeoRipper Minitrencher Universal EZ Kart,,USD 566.00,GeoRipper - Parts,GeoRipper,MiniTrencher,15.00,29.00,12.00,6.00,true,,goods,2,,,Active,Kit,EZ100,810075760071,810075760071,,,USD 191.26,GeoRipper - Part,,Finished Goods,fifo,,,0.00,USD 0.00,EZ Kart - Lynch Pin for Axle,EZ1.13,2.000000,Assembly,
6212012000000435439,GeoRipper Minitrencher Universal EZ Kart,,USD 566.00,GeoRipper - Parts,GeoRipper,MiniTrencher,15.00,29.00,12.00,6.00,true,,goods,2,,,Active,Kit,EZ100,810075760071,810075760071,,,USD 191.26,GeoRipper - Part,,Finished Goods,fifo,,,0.00,USD 0.00,EZ Kart - Pipe Lynch Pin,EZ1.16,1.000000,Assembly,
6212012000000435439,GeoRipper Minitrencher Universal EZ Kart,,USD 566.00,GeoRipper - Parts,GeoRipper,MiniTrencher,15.00,29.00,12.00,6.00,true,,goods,2,,,Active,Kit,EZ100,810075760071,810075760071,,,USD 191.26,GeoRipper - Part,,Finished Goods,fifo,,,0.00,USD 0.00,M6 X 1 X 30 Hex Bolt,GR8.3,3.000000,Assembly,
6212012000000435439,GeoRipper Minitrencher Universal EZ Kart,,USD 566.00,GeoRipper - Parts,GeoRipper,MiniTrencher,15.00,29.00,12.00,6.00,true,,goods,2,,,Active,Kit,EZ100,810075760071,810075760071,,,USD 191.26,GeoRipper - Part,,Finished Goods,fifo,,,0.00,USD 0.00,M6 X 1 Nylon Insert Locking Nut,GR8.4,3.000000,Assembly,
6212012000000435439,GeoRipper Minitrencher Universal EZ Kart,,USD 566.00,GeoRipper - Parts,GeoRipper,MiniTrencher,15.00,29.00,12.00,6.00,true,,goods,2,,,Active,Kit,EZ100,810075760071,810075760071,,,USD 191.26,GeoRipper - Part,,Finished Goods,fifo,,,0.00,USD 0.00,EZ Kart - Lower Handle,EZ1.2,1.000000,Assembly,
6212012000000435439,GeoRipper Minitrencher Universal EZ Kart,,USD 566.00,GeoRipper - Parts,GeoRipper,MiniTrencher,15.00,29.00,12.00,6.00,true,,goods,2,,,Active,Kit,EZ100,810075760071,810075760071,,,USD 191.26,GeoRipper - Part,,Finished Goods,fifo,,,0.00,USD 0.00,EZ Kart - Upper Handle,EZ1.3,1.000000,Assembly,
6212012000000435439,GeoRipper Minitrencher Universal EZ Kart,,USD 566.00,GeoRipper - Parts,GeoRipper,MiniTrencher,15.00,29.00,12.00,6.00,true,,goods,2,,,Active,Kit,EZ100,810075760071,810075760071,,,USD 191.26,GeoRipper - Part,,Finished Goods,fifo,,,0.00,USD 0.00,EZ Kart - Handle Grip,EZ2001,1.000000,Assembly,
6212012000000435439,GeoRipper Minitrencher Universal EZ Kart,,USD 566.00,GeoRipper - Parts,GeoRipper,MiniTrencher,15.00,29.00,12.00,6.00,true,,goods,2,,,Active,Kit,EZ100,810075760071,810075760071,,,USD 191.26,GeoRipper - Part,,Finished Goods,fifo,,,0.00,USD 0.00,EZ Kart - Upper Throttle Lever,EZ2002,1.000000,Assembly,
6212012000000435439,GeoRipper Minitrencher Universal EZ Kart,,USD 566.00,GeoRipper - Parts,GeoRipper,MiniTrencher,15.00,29.00,12.00,6.00,true,,goods,2,,,Active,Kit,EZ100,810075760071,810075760071,,,USD 191.26,GeoRipper - Part,,Finished Goods,fifo,,,0.00,USD 0.00,EZ Kart - Throttle Cable,EZ3001,1.000000,Assembly,
6212012000000435439,GeoRipper Minitrencher Universal EZ Kart,,USD 566.00,GeoRipper - Parts,GeoRipper,MiniTrencher,15.00,29.00,12.00,6.00,true,,goods,2,,,Active,Kit,EZ100,810075760071,810075760071,,,USD 191.26,GeoRipper - Part,,Finished Goods,fifo,,,0.00,USD 0.00,EZ Kart - Wheel,EZ1.9,2.000000,Assembly,
6212012000000435439,GeoRipper Minitrencher Universal EZ Kart,,USD 566.00,GeoRipper - Parts,GeoRipper,MiniTrencher,15.00,29.00,12.00,6.00,true,,goods,2,,,Active,Kit,EZ100,810075760071,810075760071,,,USD 191.26,GeoRipper - Part,,Finished Goods,fifo,,,0.00,USD 0.00,EZ Kart - Pull Strap Assembly,EZ6000,1.000000,Assembly,
6212012000000435439,GeoRipper Minitrencher Universal EZ Kart,,USD 566.00,GeoRipper - Parts,GeoRipper,MiniTrencher,15.00,29.00,12.00,6.00,true,,goods,2,,,Active,Kit,EZ100,810075760071,810075760071,,,USD 191.26,GeoRipper - Part,,Finished Goods,fifo,,,0.00,USD 0.00,EZ Kart - Handle Spring,EZ1.10,1.000000,Assembly,
6212012000000435439,GeoRipper Minitrencher Universal EZ Kart,,USD 566.00,GeoRipper - Parts,GeoRipper,MiniTrencher,15.00,29.00,12.00,6.00,true,,goods,2,,,Active,Kit,EZ100,810075760071,810075760071,,,USD 191.26,GeoRipper - Part,,Finished Goods,fifo,,,0.00,USD 0.00,EZ Kart - Axle Wheel Hub,EZ1.9.1,2.000000,Assembly,
6212012000000435439,GeoRipper Minitrencher Universal EZ Kart,,USD 566.00,GeoRipper - Parts,GeoRipper,MiniTrencher,15.00,29.00,12.00,6.00,true,,goods,2,,,Active,Kit,EZ100,810075760071,810075760071,,,USD 191.26,GeoRipper - Part,,Finished Goods,fifo,,,0.00,USD 0.00,Sticker - EZ Kart Warning,GRS8,1.000000,Assembly,
6212012000000435439,GeoRipper Minitrencher Universal EZ Kart,,USD 566.00,GeoRipper - Parts,GeoRipper,MiniTrencher,15.00,29.00,12.00,6.00,true,,goods,2,,,Active,Kit,EZ100,810075760071,810075760071,,,USD 191.26,GeoRipper - Part,,Finished Goods,fifo,,,0.00,USD 0.00,EZ Kart - Lower Throttle Assembly,EZ6,1.000000,Assembly,
6212012000000435439,GeoRipper Minitrencher Universal EZ Kart,,USD 566.00,GeoRipper - Parts,GeoRipper,MiniTrencher,15.00,29.00,12.00,6.00,true,,goods,2,,,Active,Kit,EZ100,810075760071,810075760071,,,USD 191.26,GeoRipper - Part,,Finished Goods,fifo,,,0.00,USD 0.00,EZ Kart Axle - Clamp A,EZ4005,1.000000,Assembly,
6212012000000435439,GeoRipper Minitrencher Universal EZ Kart,,USD 566.00,GeoRipper - Parts,GeoRipper,MiniTrencher,15.00,29.00,12.00,6.00,true,,goods,2,,,Active,Kit,EZ100,810075760071,810075760071,,,USD 191.26,GeoRipper - Part,,Finished Goods,fifo,,,0.00,USD 0.00,EZ Kart Axle - Clamp B,EZ4006,1.000000,Assembly,
6212012000000435439,GeoRipper Minitrencher Universal EZ Kart,,USD 566.00,GeoRipper - Parts,GeoRipper,MiniTrencher,15.00,29.00,12.00,6.00,true,,goods,2,,,Active,Kit,EZ100,810075760071,810075760071,,,USD 191.26,GeoRipper - Part,,Finished Goods,fifo,,,0.00,USD 0.00,Box - EZ100,MT95193,1.000000,Assembly,
6212012000000435496,GeoRipper Adapter - Makita,,USD 290.38,GeoRipper - Parts,,,0.00,0.00,0.00,0.00,true,,goods,2,,,Inactive,Kit,MGR5,,,,,USD 109.30,GeoRipper - Part,,Finished Goods,fifo,,,0.00,USD 0.00,GeoRipper Adapter Plate - Makita,MGR5.1,1.000000,Assembly,
6212012000000435496,GeoRipper Adapter - Makita,,USD 290.38,GeoRipper - Parts,,,0.00,0.00,0.00,0.00,true,,goods,2,,,Inactive,Kit,MGR5,,,,,USD 109.30,GeoRipper - Part,,Finished Goods,fifo,,,0.00,USD 0.00,Dirt Deflector,MT8001,1.000000,Assembly,
6212012000000435496,GeoRipper Adapter - Makita,,USD 290.38,GeoRipper - Parts,,,0.00,0.00,0.00,0.00,true,,goods,2,,,Inactive,Kit,MGR5,,,,,USD 109.30,GeoRipper - Part,,Finished Goods,fifo,,,0.00,USD 0.00,Mud Flap A,MT8002,1.000000,Assembly,
6212012000000435496,GeoRipper Adapter - Makita,,USD 290.38,GeoRipper - Parts,,,0.00,0.00,0.00,0.00,true,,goods,2,,,Inactive,Kit,MGR5,,,,,USD 109.30,GeoRipper - Part,,Finished Goods,fifo,,,0.00,USD 0.00,Mud Flap B,MT8003,1.000000,Assembly,
6212012000000435496,GeoRipper Adapter - Makita,,USD 290.38,GeoRipper - Parts,,,0.00,0.00,0.00,0.00,true,,goods,2,,,Inactive,Kit,MGR5,,,,,USD 109.30,GeoRipper - Part,,Finished Goods,fifo,,,0.00,USD 0.00,M12 X 1.75 X 30 Bolt 18mm Head,GR5.3,2.000000,Assembly,
6212012000000435496,GeoRipper Adapter - Makita,,USD 290.38,GeoRipper - Parts,,,0.00,0.00,0.00,0.00,true,,goods,2,,,Inactive,Kit,MGR5,,,,,USD 109.30,GeoRipper - Part,,Finished Goods,fifo,,,0.00,USD 0.00,M12 Split Lock Washer,GR5.4,2.000000,Assembly,
6212012000000435496,GeoRipper Adapter - Makita,,USD 290.38,GeoRipper - Parts,,,0.00,0.00,0.00,0.00,true,,goods,2,,,Inactive,Kit,MGR5,,,,,USD 109.30,GeoRipper - Part,,Finished Goods,fifo,,,0.00,USD 0.00,M5 X .8 X 16 Phillips Flat Machine Screw Plated,GR5.8,6.000000,Assembly,
6212012000000435496,GeoRipper Adapter - Makita,,USD 290.38,GeoRipper - Parts,,,0.00,0.00,0.00,0.00,true,,goods,2,,,Inactive,Kit,MGR5,,,,,USD 109.30,GeoRipper - Part,,Finished Goods,fifo,,,0.00,USD 0.00,M5 x 18mm fender washer,GR5.12,6.000000,Assembly,
6212012000000435496,GeoRipper Adapter - Makita,,USD 290.38,GeoRipper - Parts,,,0.00,0.00,0.00,0.00,true,,goods,2,,,Inactive,Kit,MGR5,,,,,USD 109.30,GeoRipper - Part,,Finished Goods,fifo,,,0.00,USD 0.00,M5 Nylock hex nut,GR5.11,6.000000,Assembly,
6212012000000435496,GeoRipper Adapter - Makita,,USD 290.38,GeoRipper - Parts,,,0.00,0.00,0.00,0.00,true,,goods,2,,,Inactive,Kit,MGR5,,,,,USD 109.30,GeoRipper - Part,,Finished Goods,fifo,,,0.00,USD 0.00,Bar Clamp Washer - Slotted,GR5.2,1.000000,Assembly,
6212012000000435529,"16"" Digging Chain (Single Chain)",,USD 100.00,GeoRipper - Parts,,,0.00,0.00,0.00,0.00,true,,goods,2,,,Active,EA,MT4400,,,,,USD 25.67,GeoRipper - Part,,Finished Goods,fifo,,,0.00,USD 0.00,Right Digging Tooth,GR4.1,6.000000,Assembly,
6212012000000435529,"16"" Digging Chain (Single Chain)",,USD 100.00,GeoRipper - Parts,,,0.00,0.00,0.00,0.00,true,,goods,2,,,Active,EA,MT4400,,,,,USD 25.67,GeoRipper - Part,,Finished Goods,fifo,,,0.00,USD 0.00,Left Digging Tooth,GR4.2,6.000000,Assembly,
6212012000000435529,"16"" Digging Chain (Single Chain)",,USD 100.00,GeoRipper - Parts,,,0.00,0.00,0.00,0.00,true,,goods,2,,,Active,EA,MT4400,,,,,USD 25.67,GeoRipper - Part,,Finished Goods,fifo,,,0.00,USD 0.00,5-pitch Chain Segment,GR4.3,12.000000,Assembly,
6212012000000435529,"16"" Digging Chain (Single Chain)",,USD 100.00,GeoRipper - Parts,,,0.00,0.00,0.00,0.00,true,,goods,2,,,Active,EA,MT4400,,,,,USD 25.67,GeoRipper - Part,,Finished Goods,fifo,,,0.00,USD 0.00,Rivet pin and backing plate,GR4.4,12.000000,Assembly,
6212012000000435529,"16"" Digging Chain (Single Chain)",,USD 100.00,GeoRipper - Parts,,,0.00,0.00,0.00,0.00,true,,goods,2,,,Active,EA,MT4400,,,,,USD 25.67,GeoRipper - Part,,Finished Goods,fifo,,,0.00,USD 0.00,Warehouse Hourly Labor,Labor30,0.250000,Assembly,
6212012000000435529,"16"" Digging Chain (Single Chain)",,USD 100.00,GeoRipper - Parts,,,0.00,0.00,0.00,0.00,true,,goods,2,,,Active,EA,MT4400,,,,,USD 25.67,GeoRipper - Part,,Finished Goods,fifo,,,0.00,USD 0.00,Single Chain Box,BX-12,1.000000,Assembly,
6212012000000435529,"16"" Digging Chain (Single Chain)",,USD 100.00,GeoRipper - Parts,,,0.00,0.00,0.00,0.00,true,,goods,2,,,Active,EA,MT4400,,,,,USD 25.67,GeoRipper - Part,,Finished Goods,fifo,,,0.00,USD 0.00,"Sticker - 16"" Chain Box Label",GRS12,1.000000,Assembly,
6212012000000435556,"16"" Wide Digging Chain (Single)",,USD 175.00,GeoRipper - Parts,,,0.00,0.00,0.00,0.00,true,,goods,2,,,Active,Kit,MT4450,,,,,USD 44.42,GeoRipper - Part,,Finished Goods,fifo,,,0.00,USD 0.00,Right Digging Tooth,GR4.1,6.000000,Assembly,
6212012000000435556,"16"" Wide Digging Chain (Single)",,USD 175.00,GeoRipper - Parts,,,0.00,0.00,0.00,0.00,true,,goods,2,,,Active,Kit,MT4450,,,,,USD 44.42,GeoRipper - Part,,Finished Goods,fifo,,,0.00,USD 0.00,Left Digging Tooth,GR4.2,9.000000,Assembly,
6212012000000435556,"16"" Wide Digging Chain (Single)",,USD 175.00,GeoRipper - Parts,,,0.00,0.00,0.00,0.00,true,,goods,2,,,Active,Kit,MT4450,,,,,USD 44.42,GeoRipper - Part,,Finished Goods,fifo,,,0.00,USD 0.00,5-pitch Chain Segment,GR4.3,12.000000,Assembly,
6212012000000435556,"16"" Wide Digging Chain (Single)",,USD 175.00,GeoRipper - Parts,,,0.00,0.00,0.00,0.00,true,,goods,2,,,Active,Kit,MT4450,,,,,USD 44.42,GeoRipper - Part,,Finished Goods,fifo,,,0.00,USD 0.00,Rivet pin and backing plate,GR4.4,9.000000,Assembly,
6212012000000435556,"16"" Wide Digging Chain (Single)",,USD 175.00,GeoRipper - Parts,,,0.00,0.00,0.00,0.00,true,,goods,2,,,Active,Kit,MT4450,,,,,USD 44.42,GeoRipper - Part,,Finished Goods,fifo,,,0.00,USD 0.00,#50H Backing Plate,MT4003,9.000000,Assembly,
6212012000000435556,"16"" Wide Digging Chain (Single)",,USD 175.00,GeoRipper - Parts,,,0.00,0.00,0.00,0.00,true,,goods,2,,,Active,Kit,MT4450,,,,,USD 44.42,GeoRipper - Part,,Finished Goods,fifo,,,0.00,USD 0.00,Warehouse Hourly Labor,Labor30,0.500000,Assembly,
6212012000000435556,"16"" Wide Digging Chain (Single)",,USD 175.00,GeoRipper - Parts,,,0.00,0.00,0.00,0.00,true,,goods,2,,,Active,Kit,MT4450,,,,,USD 44.42,GeoRipper - Part,,Finished Goods,fifo,,,0.00,USD 0.00,Double Chain #50-2 Connecting Link,MT4005,3.000000,Assembly,
6212012000000435556,"16"" Wide Digging Chain (Single)",,USD 175.00,GeoRipper - Parts,,,0.00,0.00,0.00,0.00,true,,goods,2,,,Active,Kit,MT4450,,,,,USD 44.42,GeoRipper - Part,,Finished Goods,fifo,,,0.00,USD 0.00,Blank Chain Box,MT95015B,1.000000,Assembly,
6212012000000435587,"20"" Digging Chain (Single Chain)",,USD 125.00,GeoRipper - Parts,,MiniTrencher,5.00,9.00,9.00,3.00,true,,goods,2,,,Active,Kit,MT4500,810075761177,,,,USD 29.51,GeoRipper - Part,,Finished Goods,fifo,,,0.00,USD 0.00,Right Digging Tooth,GR4.1,7.000000,Assembly,
6212012000000435587,"20"" Digging Chain (Single Chain)",,USD 125.00,GeoRipper - Parts,,MiniTrencher,5.00,9.00,9.00,3.00,true,,goods,2,,,Active,Kit,MT4500,810075761177,,,,USD 29.51,GeoRipper - Part,,Finished Goods,fifo,,,0.00,USD 0.00,Left Digging Tooth,GR4.2,7.000000,Assembly,
6212012000000435587,"20"" Digging Chain (Single Chain)",,USD 125.00,GeoRipper - Parts,,MiniTrencher,5.00,9.00,9.00,3.00,true,,goods,2,,,Active,Kit,MT4500,810075761177,,,,USD 29.51,GeoRipper - Part,,Finished Goods,fifo,,,0.00,USD 0.00,5-pitch Chain Segment,GR4.3,14.000000,Assembly,
6212012000000435587,"20"" Digging Chain (Single Chain)",,USD 125.00,GeoRipper - Parts,,MiniTrencher,5.00,9.00,9.00,3.00,true,,goods,2,,,Active,Kit,MT4500,810075761177,,,,USD 29.51,GeoRipper - Part,,Finished Goods,fifo,,,0.00,USD 0.00,Rivet pin and backing plate,GR4.4,14.000000,Assembly,
6212012000000435587,"20"" Digging Chain (Single Chain)",,USD 125.00,GeoRipper - Parts,,MiniTrencher,5.00,9.00,9.00,3.00,true,,goods,2,,,Active,Kit,MT4500,810075761177,,,,USD 29.51,GeoRipper - Part,,Finished Goods,fifo,,,0.00,USD 0.00,Warehouse Hourly Labor,Labor30,0.300000,Assembly,
6212012000000435587,"20"" Digging Chain (Single Chain)",,USD 125.00,GeoRipper - Parts,,MiniTrencher,5.00,9.00,9.00,3.00,true,,goods,2,,,Active,Kit,MT4500,810075761177,,,,USD 29.51,GeoRipper - Part,,Finished Goods,fifo,,,0.00,USD 0.00,Single Chain Box,BX-12,1.000000,Assembly,
6212012000000435587,"20"" Digging Chain (Single Chain)",,USD 125.00,GeoRipper - Parts,,MiniTrencher,5.00,9.00,9.00,3.00,true,,goods,2,,,Active,Kit,MT4500,810075761177,,,,USD 29.51,GeoRipper - Part,,Finished Goods,fifo,,,0.00,USD 0.00,"Sticker - 20"" Chain Label",GRS13,1.000000,Assembly,
6212012000000435614,"GeoRipper Minitrencher 20"" Wide Digging Chain",,USD 200.00,GeoRipper - Parts,GeoRipper,MiniTrencher,5.00,9.00,9.00,4.00,true,,goods,2,,,Active,Kit,MT4550,810075760217,810075760217,,22A,USD 46.76,GeoRipper - Part,,Finished Goods,fifo,,,0.00,USD 0.00,Box - New Chain,MT95015,1.000000,Assembly,
6212012000000435614,"GeoRipper Minitrencher 20"" Wide Digging Chain",,USD 200.00,GeoRipper - Parts,GeoRipper,MiniTrencher,5.00,9.00,9.00,4.00,true,,goods,2,,,Active,Kit,MT4550,810075760217,810075760217,,22A,USD 46.76,GeoRipper - Part,,Finished Goods,fifo,,,0.00,USD 0.00,#50H Backing Plate,MT4003,12.000000,Assembly,
6212012000000435614,"GeoRipper Minitrencher 20"" Wide Digging Chain",,USD 200.00,GeoRipper - Parts,GeoRipper,MiniTrencher,5.00,9.00,9.00,4.00,true,,goods,2,,,Active,Kit,MT4550,810075760217,810075760217,,22A,USD 46.76,GeoRipper - Part,,Finished Goods,fifo,,,0.00,USD 0.00,Right Digging Tooth,GR4.1,8.000000,Assembly,
6212012000000435614,"GeoRipper Minitrencher 20"" Wide Digging Chain",,USD 200.00,GeoRipper - Parts,GeoRipper,MiniTrencher,5.00,9.00,9.00,4.00,true,,goods,2,,,Active,Kit,MT4550,810075760217,810075760217,,22A,USD 46.76,GeoRipper - Part,,Finished Goods,fifo,,,0.00,USD 0.00,Left Digging Tooth,GR4.2,10.000000,Assembly,
6212012000000435614,"GeoRipper Minitrencher 20"" Wide Digging Chain",,USD 200.00,GeoRipper - Parts,GeoRipper,MiniTrencher,5.00,9.00,9.00,4.00,true,,goods,2,,,Active,Kit,MT4550,810075760217,810075760217,,22A,USD 46.76,GeoRipper - Part,,Finished Goods,fifo,,,0.00,USD 0.00,5-pitch Chain Segment,GR4.3,14.000000,Assembly,
6212012000000435614,"GeoRipper Minitrencher 20"" Wide Digging Chain",,USD 200.00,GeoRipper - Parts,GeoRipper,MiniTrencher,5.00,9.00,9.00,4.00,true,,goods,2,,,Active,Kit,MT4550,810075760217,810075760217,,22A,USD 46.76,GeoRipper - Part,,Finished Goods,fifo,,,0.00,USD 0.00,Rivet pin and backing plate,GR4.4,10.000000,Assembly,
6212012000000435614,"GeoRipper Minitrencher 20"" Wide Digging Chain",,USD 200.00,GeoRipper - Parts,GeoRipper,MiniTrencher,5.00,9.00,9.00,4.00,true,,goods,2,,,Active,Kit,MT4550,810075760217,810075760217,,22A,USD 46.76,GeoRipper - Part,,Finished Goods,fifo,,,0.00,USD 0.00,Warehouse Hourly Labor,Labor30,0.500000,Assembly,
6212012000000435614,"GeoRipper Minitrencher 20"" Wide Digging Chain",,USD 200.00,GeoRipper - Parts,GeoRipper,MiniTrencher,5.00,9.00,9.00,4.00,true,,goods,2,,,Active,Kit,MT4550,810075760217,810075760217,,22A,USD 46.76,GeoRipper - Part,,Finished Goods,fifo,,,0.00,USD 0.00,Double Chain #50-2 Connecting Link,MT4005,4.000000,Assembly,
6212012000000435645,"27"" Digging Chain (Single Chain)",,USD 150.00,GeoRipper - Parts,,MiniTrencher,5.00,9.00,9.00,3.00,true,,goods,2,,,Active,Kit,MT4700,,,,,USD 37.62,GeoRipper - Part,,Finished Goods,fifo,,,0.00,USD 0.00,Right Digging Tooth,GR4.1,10.000000,Assembly,
6212012000000435645,"27"" Digging Chain (Single Chain)",,USD 150.00,GeoRipper - Parts,,MiniTrencher,5.00,9.00,9.00,3.00,true,,goods,2,,,Active,Kit,MT4700,,,,,USD 37.62,GeoRipper - Part,,Finished Goods,fifo,,,0.00,USD 0.00,Left Digging Tooth,GR4.2,10.000000,Assembly,
6212012000000435645,"27"" Digging Chain (Single Chain)",,USD 150.00,GeoRipper - Parts,,MiniTrencher,5.00,9.00,9.00,3.00,true,,goods,2,,,Active,Kit,MT4700,,,,,USD 37.62,GeoRipper - Part,,Finished Goods,fifo,,,0.00,USD 0.00,5-pitch Chain Segment,GR4.3,20.000000,Assembly,
6212012000000435645,"27"" Digging Chain (Single Chain)",,USD 150.00,GeoRipper - Parts,,MiniTrencher,5.00,9.00,9.00,3.00,true,,goods,2,,,Active,Kit,MT4700,,,,,USD 37.62,GeoRipper - Part,,Finished Goods,fifo,,,0.00,USD 0.00,Rivet pin and backing plate,GR4.4,20.000000,Assembly,
6212012000000435645,"27"" Digging Chain (Single Chain)",,USD 150.00,GeoRipper - Parts,,MiniTrencher,5.00,9.00,9.00,3.00,true,,goods,2,,,Active,Kit,MT4700,,,,,USD 37.62,GeoRipper - Part,,Finished Goods,fifo,,,0.00,USD 0.00,Warehouse Hourly Labor,Labor30,0.350000,Assembly,
6212012000000435645,"27"" Digging Chain (Single Chain)",,USD 150.00,GeoRipper - Parts,,MiniTrencher,5.00,9.00,9.00,3.00,true,,goods,2,,,Active,Kit,MT4700,,,,,USD 37.62,GeoRipper - Part,,Finished Goods,fifo,,,0.00,USD 0.00,Single Chain Box,BX-12,1.000000,Assembly,
6212012000000435645,"27"" Digging Chain (Single Chain)",,USD 150.00,GeoRipper - Parts,,MiniTrencher,5.00,9.00,9.00,3.00,true,,goods,2,,,Active,Kit,MT4700,,,,,USD 37.62,GeoRipper - Part,,Finished Goods,fifo,,,0.00,USD 0.00,"Sticker - 27"" Chain Label",GRS14,1.000000,Assembly,
6212012000000435672,"27"" Wide Digging Chain (Single)",,USD 446.24,GeoRipper - Parts,,,0.00,0.00,0.00,0.00,true,,goods,2,,,Inactive,Kit,MT4750,,,,,USD 49.96,GeoRipper - Part,,Finished Goods,fifo,,,0.00,USD 0.00,Right Digging Tooth,GR4.1,15.000000,Assembly,
6212012000000435672,"27"" Wide Digging Chain (Single)",,USD 446.24,GeoRipper - Parts,,,0.00,0.00,0.00,0.00,true,,goods,2,,,Inactive,Kit,MT4750,,,,,USD 49.96,GeoRipper - Part,,Finished Goods,fifo,,,0.00,USD 0.00,Left Digging Tooth,GR4.2,10.000000,Assembly,
6212012000000435672,"27"" Wide Digging Chain (Single)",,USD 446.24,GeoRipper - Parts,,,0.00,0.00,0.00,0.00,true,,goods,2,,,Inactive,Kit,MT4750,,,,,USD 49.96,GeoRipper - Part,,Finished Goods,fifo,,,0.00,USD 0.00,5-pitch Chain Segment,GR4.3,20.000000,Assembly,
6212012000000435672,"27"" Wide Digging Chain (Single)",,USD 446.24,GeoRipper - Parts,,,0.00,0.00,0.00,0.00,true,,goods,2,,,Inactive,Kit,MT4750,,,,,USD 49.96,GeoRipper - Part,,Finished Goods,fifo,,,0.00,USD 0.00,Rivet pin and backing plate,GR4.4,15.000000,Assembly,
6212012000000435672,"27"" Wide Digging Chain (Single)",,USD 446.24,GeoRipper - Parts,,,0.00,0.00,0.00,0.00,true,,goods,2,,,Inactive,Kit,MT4750,,,,,USD 49.96,GeoRipper - Part,,Finished Goods,fifo,,,0.00,USD 0.00,Double Chain Rivet Pin and Backing Plate,MT4002,5.000000,Assembly,
6212012000000435672,"27"" Wide Digging Chain (Single)",,USD 446.24,GeoRipper - Parts,,,0.00,0.00,0.00,0.00,true,,goods,2,,,Inactive,Kit,MT4750,,,,,USD 49.96,GeoRipper - Part,,Finished Goods,fifo,,,0.00,USD 0.00,Box - New Chain,MT95015,1.000000,Assembly,
6212012000000435672,"27"" Wide Digging Chain (Single)",,USD 446.24,GeoRipper - Parts,,,0.00,0.00,0.00,0.00,true,,goods,2,,,Inactive,Kit,MT4750,,,,,USD 49.96,GeoRipper - Part,,Finished Goods,fifo,,,0.00,USD 0.00,Warehouse Hourly Labor,Labor30,0.500000,Assembly,
6212012000000435699,GeoRipper Minitrencher 20-Inch Digging Bar,,USD 264.00,GeoRipper - Parts,GeoRipper,MiniTrencher,3.60,3.00,24.00,2.00,true,,goods,2,,,Active,Kit,MT3500,810075760156,810075760156,,22A,USD 57.03,GeoRipper - Part,,Finished Goods,fifo,,,0.00,USD 0.00,"20"" Digging Bar",20GR3.1,1.000000,Assembly,
6212012000000435699,GeoRipper Minitrencher 20-Inch Digging Bar,,USD 264.00,GeoRipper - Parts,GeoRipper,MiniTrencher,3.60,3.00,24.00,2.00,true,,goods,2,,,Active,Kit,MT3500,810075760156,810075760156,,22A,USD 57.03,GeoRipper - Part,,Finished Goods,fifo,,,0.00,USD 0.00,Bar End Plate - Threaded,GR0.1,1.000000,Assembly,
6212012000000435699,GeoRipper Minitrencher 20-Inch Digging Bar,,USD 264.00,GeoRipper - Parts,GeoRipper,MiniTrencher,3.60,3.00,24.00,2.00,true,,goods,2,,,Active,Kit,MT3500,810075760156,810075760156,,22A,USD 57.03,GeoRipper - Part,,Finished Goods,fifo,,,0.00,USD 0.00,Bar End Plate - Countersunk,GR0.2,1.000000,Assembly,
6212012000000435699,GeoRipper Minitrencher 20-Inch Digging Bar,,USD 264.00,GeoRipper - Parts,GeoRipper,MiniTrencher,3.60,3.00,24.00,2.00,true,,goods,2,,,Active,Kit,MT3500,810075760156,810075760156,,22A,USD 57.03,GeoRipper - Part,,Finished Goods,fifo,,,0.00,USD 0.00,M8x1.25x20 Countersunk 5mm Hex Drive Bolt 12.9grade,GR0.3.2,3.000000,Assembly,
6212012000000435699,GeoRipper Minitrencher 20-Inch Digging Bar,,USD 264.00,GeoRipper - Parts,GeoRipper,MiniTrencher,3.60,3.00,24.00,2.00,true,,goods,2,,,Active,Kit,MT3500,810075760156,810075760156,,22A,USD 57.03,GeoRipper - Part,,Finished Goods,fifo,,,0.00,USD 0.00,GeoRipper Minitrencher 6-Tooth Nose Sprocket with Bearing,MT1500,1.000000,Assembly,
6212012000000435699,GeoRipper Minitrencher 20-Inch Digging Bar,,USD 264.00,GeoRipper - Parts,GeoRipper,MiniTrencher,3.60,3.00,24.00,2.00,true,,goods,2,,,Active,Kit,MT3500,810075760156,810075760156,,22A,USD 57.03,GeoRipper - Part,,Finished Goods,fifo,,,0.00,USD 0.00,Chain Tensioning Block Assembly,GR8,1.000000,Assembly,
6212012000000435699,GeoRipper Minitrencher 20-Inch Digging Bar,,USD 264.00,GeoRipper - Parts,GeoRipper,MiniTrencher,3.60,3.00,24.00,2.00,true,,goods,2,,,Active,Kit,MT3500,810075760156,810075760156,,22A,USD 57.03,GeoRipper - Part,,Finished Goods,fifo,,,0.00,USD 0.00,Box - Bar 500,MT95016A,1.000000,Assembly,
6212012000000435726,GeoRipper Minitrencher 27-Inch Digging Bar,,USD 308.00,GeoRipper - Parts,GeoRipper,MiniTrencher,5.20,3.00,36.00,2.00,true,,goods,2,,,Active,kit,MT3700,810075760163,810075760163,,22A,USD 65.39,GeoRipper - Part,,Finished Goods,fifo,,,0.00,USD 0.00,"27"" Digging Bar",27GR3.1,1.000000,Assembly,
6212012000000435726,GeoRipper Minitrencher 27-Inch Digging Bar,,USD 308.00,GeoRipper - Parts,GeoRipper,MiniTrencher,5.20,3.00,36.00,2.00,true,,goods,2,,,Active,kit,MT3700,810075760163,810075760163,,22A,USD 65.39,GeoRipper - Part,,Finished Goods,fifo,,,0.00,USD 0.00,Chain Tensioning Block Assembly,GR8,1.000000,Assembly,
6212012000000435726,GeoRipper Minitrencher 27-Inch Digging Bar,,USD 308.00,GeoRipper - Parts,GeoRipper,MiniTrencher,5.20,3.00,36.00,2.00,true,,goods,2,,,Active,kit,MT3700,810075760163,810075760163,,22A,USD 65.39,GeoRipper - Part,,Finished Goods,fifo,,,0.00,USD 0.00,M8x1.25x20 Countersunk 5mm Hex Drive Bolt 12.9grade,GR0.3.2,3.000000,Assembly,
6212012000000435726,GeoRipper Minitrencher 27-Inch Digging Bar,,USD 308.00,GeoRipper - Parts,GeoRipper,MiniTrencher,5.20,3.00,36.00,2.00,true,,goods,2,,,Active,kit,MT3700,810075760163,810075760163,,22A,USD 65.39,GeoRipper - Part,,Finished Goods,fifo,,,0.00,USD 0.00,Bar End Plate - Threaded,GR0.1,1.000000,Assembly,
6212012000000435726,GeoRipper Minitrencher 27-Inch Digging Bar,,USD 308.00,GeoRipper - Parts,GeoRipper,MiniTrencher,5.20,3.00,36.00,2.00,true,,goods,2,,,Active,kit,MT3700,810075760163,810075760163,,22A,USD 65.39,GeoRipper - Part,,Finished Goods,fifo,,,0.00,USD 0.00,Bar End Plate - Countersunk,GR0.2,1.000000,Assembly,
6212012000000435726,GeoRipper Minitrencher 27-Inch Digging Bar,,USD 308.00,GeoRipper - Parts,GeoRipper,MiniTrencher,5.20,3.00,36.00,2.00,true,,goods,2,,,Active,kit,MT3700,810075760163,810075760163,,22A,USD 65.39,GeoRipper - Part,,Finished Goods,fifo,,,0.00,USD 0.00,GeoRipper Minitrencher 11-Tooth Nose Sprocket with Bearing,MT1700,1.000000,Assembly,
6212012000000435726,GeoRipper Minitrencher 27-Inch Digging Bar,,USD 308.00,GeoRipper - Parts,GeoRipper,MiniTrencher,5.20,3.00,36.00,2.00,true,,goods,2,,,Active,kit,MT3700,810075760163,810075760163,,22A,USD 65.39,GeoRipper - Part,,Finished Goods,fifo,,,0.00,USD 0.00,Box - Bar 700,MT95016B,1.000000,Assembly,
6212012000000435755,"Complete 16"" Digging Bar",,USD 230.00,GeoRipper - Parts,,,0.00,0.00,0.00,0.00,true,,goods,2,,,Active,pcs,MT3400,,,,,USD 49.75,GeoRipper - Part,,Finished Goods,fifo,,,0.00,USD 0.00,Bar End Plate - Threaded,GR0.1,1.000000,Assembly,
6212012000000435755,"Complete 16"" Digging Bar",,USD 230.00,GeoRipper - Parts,,,0.00,0.00,0.00,0.00,true,,goods,2,,,Active,pcs,MT3400,,,,,USD 49.75,GeoRipper - Part,,Finished Goods,fifo,,,0.00,USD 0.00,Bar End Plate - Countersunk,GR0.2,1.000000,Assembly,
6212012000000435755,"Complete 16"" Digging Bar",,USD 230.00,GeoRipper - Parts,,,0.00,0.00,0.00,0.00,true,,goods,2,,,Active,pcs,MT3400,,,,,USD 49.75,GeoRipper - Part,,Finished Goods,fifo,,,0.00,USD 0.00,M8x1.25x20 Countersunk 5mm Hex Drive Bolt 12.9grade,GR0.3.2,3.000000,Assembly,
6212012000000435755,"Complete 16"" Digging Bar",,USD 230.00,GeoRipper - Parts,,,0.00,0.00,0.00,0.00,true,,goods,2,,,Active,pcs,MT3400,,,,,USD 49.75,GeoRipper - Part,,Finished Goods,fifo,,,0.00,USD 0.00,Chain Tensioning Block Assembly,GR8,1.000000,Assembly,
6212012000000435755,"Complete 16"" Digging Bar",,USD 230.00,GeoRipper - Parts,,,0.00,0.00,0.00,0.00,true,,goods,2,,,Active,pcs,MT3400,,,,,USD 49.75,GeoRipper - Part,,Finished Goods,fifo,,,0.00,USD 0.00,"16"" Digging Bar",16GR3.1 26A,1.000000,Assembly,
6212012000000435755,"Complete 16"" Digging Bar",,USD 230.00,GeoRipper - Parts,,,0.00,0.00,0.00,0.00,true,,goods,2,,,Active,pcs,MT3400,,,,,USD 49.75,GeoRipper - Part,,Finished Goods,fifo,,,0.00,USD 0.00,GeoRipper Minitrencher 6-Tooth Nose Sprocket with Bearing,MT1500,1.000000,Assembly,
6212012000000435755,"Complete 16"" Digging Bar",,USD 230.00,GeoRipper - Parts,,,0.00,0.00,0.00,0.00,true,,goods,2,,,Active,pcs,MT3400,,,,,USD 49.75,GeoRipper - Part,,Finished Goods,fifo,,,0.00,USD 0.00,Box - Bar 500,MT95016A,1.000000,Assembly,
6212012000000435755,"Complete 16"" Digging Bar",,USD 230.00,GeoRipper - Parts,,,0.00,0.00,0.00,0.00,true,,goods,2,,,Active,pcs,MT3400,,,,,USD 49.75,GeoRipper - Part,,Finished Goods,fifo,,,0.00,USD 0.00,"Sticker - 16"" Bar Box 400MM",GRS15,1.000000,Assembly,
6212012000000435755,"Complete 16"" Digging Bar",,USD 230.00,GeoRipper - Parts,,,0.00,0.00,0.00,0.00,true,,goods,2,,,Active,pcs,MT3400,,,,,USD 49.75,GeoRipper - Part,,Finished Goods,fifo,,,0.00,USD 0.00,"Sticker - 16"" Bar Box SKU Label",GRS16,1.000000,Assembly,
6212012000000435786,"27"" Arborist Digging Chain (Single)",,USD 446.24,GeoRipper - Parts,,,0.00,0.00,0.00,0.00,true,,goods,2,,,Inactive,Kit,MT4730,,,,,USD 60.31,GeoRipper - Part,,Finished Goods,fifo,,,0.00,USD 0.00,Right Digging Tooth,GR4.1,15.000000,Assembly,
6212012000000435786,"27"" Arborist Digging Chain (Single)",,USD 446.24,GeoRipper - Parts,,,0.00,0.00,0.00,0.00,true,,goods,2,,,Inactive,Kit,MT4730,,,,,USD 60.31,GeoRipper - Part,,Finished Goods,fifo,,,0.00,USD 0.00,Left Digging Tooth,GR4.2,15.000000,Assembly,
6212012000000435786,"27"" Arborist Digging Chain (Single)",,USD 446.24,GeoRipper - Parts,,,0.00,0.00,0.00,0.00,true,,goods,2,,,Inactive,Kit,MT4730,,,,,USD 60.31,GeoRipper - Part,,Finished Goods,fifo,,,0.00,USD 0.00,Rivet pin and backing plate,GR4.4,30.000000,Assembly,
6212012000000435786,"27"" Arborist Digging Chain (Single)",,USD 446.24,GeoRipper - Parts,,,0.00,0.00,0.00,0.00,true,,goods,2,,,Inactive,Kit,MT4730,,,,,USD 60.31,GeoRipper - Part,,Finished Goods,fifo,,,0.00,USD 0.00,#50H Backing Plate,MT4003,30.000000,Assembly,
6212012000000435786,"27"" Arborist Digging Chain (Single)",,USD 446.24,GeoRipper - Parts,,,0.00,0.00,0.00,0.00,true,,goods,2,,,Inactive,Kit,MT4730,,,,,USD 60.31,GeoRipper - Part,,Finished Goods,fifo,,,0.00,USD 0.00,Box - New Chain,MT95015,1.000000,Assembly,
6212012000000435786,"27"" Arborist Digging Chain (Single)",,USD 446.24,GeoRipper - Parts,,,0.00,0.00,0.00,0.00,true,,goods,2,,,Inactive,Kit,MT4730,,,,,USD 60.31,GeoRipper - Part,,Finished Goods,fifo,,,0.00,USD 0.00,Warehouse Hourly Labor,Labor30,0.750000,Assembly,
6212012000000435786,"27"" Arborist Digging Chain (Single)",,USD 446.24,GeoRipper - Parts,,,0.00,0.00,0.00,0.00,true,,goods,2,,,Inactive,Kit,MT4730,,,,,USD 60.31,GeoRipper - Part,,Finished Goods,fifo,,,0.00,USD 0.00,3-pitch Chain Segment,GR4.3.3,30.000000,Assembly,
6212012000000435813,Handle Assembly for EZ Kart,"Includes Upper & Lower Handles, hardware, EZ2001 & EZ2002",USD 145.00,GeoRipper - Parts,GeoRipper,MiniTrencher,3.20,29.00,12.00,6.00,true,,goods,2,,,Active,set,EZ2000,810075760583,810075760583,,22A,USD 52.03,GeoRipper - Part,,Finished Goods,fifo,,,0.00,USD 0.00,EZ Kart - Upper Handle,EZ1.3,1.000000,Assembly,
6212012000000435813,Handle Assembly for EZ Kart,"Includes Upper & Lower Handles, hardware, EZ2001 & EZ2002",USD 145.00,GeoRipper - Parts,GeoRipper,MiniTrencher,3.20,29.00,12.00,6.00,true,,goods,2,,,Active,set,EZ2000,810075760583,810075760583,,22A,USD 52.03,GeoRipper - Part,,Finished Goods,fifo,,,0.00,USD 0.00,EZ Kart - Lower Handle,EZ1.2,1.000000,Assembly,
6212012000000435813,Handle Assembly for EZ Kart,"Includes Upper & Lower Handles, hardware, EZ2001 & EZ2002",USD 145.00,GeoRipper - Parts,GeoRipper,MiniTrencher,3.20,29.00,12.00,6.00,true,,goods,2,,,Active,set,EZ2000,810075760583,810075760583,,22A,USD 52.03,GeoRipper - Part,,Finished Goods,fifo,,,0.00,USD 0.00,EZ Kart - Pipe Lynch Pin,EZ1.16,1.000000,Assembly,
6212012000000435813,Handle Assembly for EZ Kart,"Includes Upper & Lower Handles, hardware, EZ2001 & EZ2002",USD 145.00,GeoRipper - Parts,GeoRipper,MiniTrencher,3.20,29.00,12.00,6.00,true,,goods,2,,,Active,set,EZ2000,810075760583,810075760583,,22A,USD 52.03,GeoRipper - Part,,Finished Goods,fifo,,,0.00,USD 0.00,EZ Kart - Handle Grip,EZ2001,1.000000,Assembly,
6212012000000435813,Handle Assembly for EZ Kart,"Includes Upper & Lower Handles, hardware, EZ2001 & EZ2002",USD 145.00,GeoRipper - Parts,GeoRipper,MiniTrencher,3.20,29.00,12.00,6.00,true,,goods,2,,,Active,set,EZ2000,810075760583,810075760583,,22A,USD 52.03,GeoRipper - Part,,Finished Goods,fifo,,,0.00,USD 0.00,EZ Kart - Upper Throttle Lever,EZ2002,1.000000,Assembly,
6212012000000435813,Handle Assembly for EZ Kart,"Includes Upper & Lower Handles, hardware, EZ2001 & EZ2002",USD 145.00,GeoRipper - Parts,GeoRipper,MiniTrencher,3.20,29.00,12.00,6.00,true,,goods,2,,,Active,set,EZ2000,810075760583,810075760583,,22A,USD 52.03,GeoRipper - Part,,Finished Goods,fifo,,,0.00,USD 0.00,EZ Kart - Lynch Pin for Axle,EZ1.13,1.000000,Assembly,
6212012000000435813,Handle Assembly for EZ Kart,"Includes Upper & Lower Handles, hardware, EZ2001 & EZ2002",USD 145.00,GeoRipper - Parts,GeoRipper,MiniTrencher,3.20,29.00,12.00,6.00,true,,goods,2,,,Active,set,EZ2000,810075760583,810075760583,,22A,USD 52.03,GeoRipper - Part,,Finished Goods,fifo,,,0.00,USD 0.00,EZ Kart - Handle Spring,EZ1.10,1.000000,Assembly,
6212012000000435813,Handle Assembly for EZ Kart,"Includes Upper & Lower Handles, hardware, EZ2001 & EZ2002",USD 145.00,GeoRipper - Parts,GeoRipper,MiniTrencher,3.20,29.00,12.00,6.00,true,,goods,2,,,Active,set,EZ2000,810075760583,810075760583,,22A,USD 52.03,GeoRipper - Part,,Finished Goods,fifo,,,0.00,USD 0.00,M6 X 1 X 30 Hex Bolt,GR8.3,1.000000,Assembly,
6212012000000435813,Handle Assembly for EZ Kart,"Includes Upper & Lower Handles, hardware, EZ2001 & EZ2002",USD 145.00,GeoRipper - Parts,GeoRipper,MiniTrencher,3.20,29.00,12.00,6.00,true,,goods,2,,,Active,set,EZ2000,810075760583,810075760583,,22A,USD 52.03,GeoRipper - Part,,Finished Goods,fifo,,,0.00,USD 0.00,M6 X 1 Nylon Insert Locking Nut,GR8.4,1.000000,Assembly,
6212012000000435813,Handle Assembly for EZ Kart,"Includes Upper & Lower Handles, hardware, EZ2001 & EZ2002",USD 145.00,GeoRipper - Parts,GeoRipper,MiniTrencher,3.20,29.00,12.00,6.00,true,,goods,2,,,Active,set,EZ2000,810075760583,810075760583,,22A,USD 52.03,GeoRipper - Part,,Finished Goods,fifo,,,0.00,USD 0.00,Box - EZ100,MT95193,1.000000,Assembly,
6212012000000435846,SiBore Drill - Lower Unit,,USD 735.62,SiBore Drill - Parts,,,0.00,0.00,0.00,0.00,true,,goods,2,,,Active,Unit,SB0250,,,,,USD 253.75,SiBore Drill - Part,,Finished Goods,fifo,,,0.00,USD 0.00,"SiBore Drill 2-1/4"" x 20'-0"" HREW Tube A513T1",SB0101,0.050000,Assembly,
6212012000000435846,SiBore Drill - Lower Unit,,USD 735.62,SiBore Drill - Parts,,,0.00,0.00,0.00,0.00,true,,goods,2,,,Active,Unit,SB0250,,,,,USD 253.75,SiBore Drill - Part,,Finished Goods,fifo,,,0.00,USD 0.00,"SiBore Drill 1"" x 1"" Square Tube",SB0102,0.125000,Assembly,
6212012000000435846,SiBore Drill - Lower Unit,,USD 735.62,SiBore Drill - Parts,,,0.00,0.00,0.00,0.00,true,,goods,2,,,Active,Unit,SB0250,,,,,USD 253.75,SiBore Drill - Part,,Finished Goods,fifo,,,0.00,USD 0.00,"SiBore Drill 3/16"" x 1-1/2"" x 20'",SB0103,0.016950,Assembly,
6212012000000435846,SiBore Drill - Lower Unit,,USD 735.62,SiBore Drill - Parts,,,0.00,0.00,0.00,0.00,true,,goods,2,,,Active,Unit,SB0250,,,,,USD 253.75,SiBore Drill - Part,,Finished Goods,fifo,,,0.00,USD 0.00,"SiBore Drill 1/4"" x 1"" x 20' Arched Skid Plate Support",SB0104,0.052632,Assembly,
6212012000000435846,SiBore Drill - Lower Unit,,USD 735.62,SiBore Drill - Parts,,,0.00,0.00,0.00,0.00,true,,goods,2,,,Active,Unit,SB0250,,,,,USD 253.75,SiBore Drill - Part,,Finished Goods,fifo,,,0.00,USD 0.00,"SiBore Drill 1/8"" x 2-1/2"" x 20' Skid Plate",SB0105,0.035715,Assembly,
6212012000000435846,SiBore Drill - Lower Unit,,USD 735.62,SiBore Drill - Parts,,,0.00,0.00,0.00,0.00,true,,goods,2,,,Active,Unit,SB0250,,,,,USD 253.75,SiBore Drill - Part,,Finished Goods,fifo,,,0.00,USD 0.00,"SiBore Drill 1""D x 20' CRS Round Stock Main Shaft",SB0107,0.062500,Assembly,
6212012000000435846,SiBore Drill - Lower Unit,,USD 735.62,SiBore Drill - Parts,,,0.00,0.00,0.00,0.00,true,,goods,2,,,Active,Unit,SB0250,,,,,USD 253.75,SiBore Drill - Part,,Finished Goods,fifo,,,0.00,USD 0.00,"SiBore Drill 1"" x 14GA Bushing",SB0110,1.000000,Assembly,
6212012000000435846,SiBore Drill - Lower Unit,,USD 735.62,SiBore Drill - Parts,,,0.00,0.00,0.00,0.00,true,,goods,2,,,Active,Unit,SB0250,,,,,USD 253.75,SiBore Drill - Part,,Finished Goods,fifo,,,0.00,USD 0.00,SiBore Drill Pull Ring,SB0111,1.000000,Assembly,
6212012000000435846,SiBore Drill - Lower Unit,,USD 735.62,SiBore Drill - Parts,,,0.00,0.00,0.00,0.00,true,,goods,2,,,Active,Unit,SB0250,,,,,USD 253.75,SiBore Drill - Part,,Finished Goods,fifo,,,0.00,USD 0.00,"SiBore Drill 3/16"" x 3/16"" x 12"" Shear Key",SB0112,0.111112,Assembly,
6212012000000435846,SiBore Drill - Lower Unit,,USD 735.62,SiBore Drill - Parts,,,0.00,0.00,0.00,0.00,true,,goods,2,,,Active,Unit,SB0250,,,,,USD 253.75,SiBore Drill - Part,,Finished Goods,fifo,,,0.00,USD 0.00,"SiBore Drill 1/4"" x 1/4""  x 12"" Shear Key",SB0113,0.111112,Assembly,
6212012000000435846,SiBore Drill - Lower Unit,,USD 735.62,SiBore Drill - Parts,,,0.00,0.00,0.00,0.00,true,,goods,2,,,Active,Unit,SB0250,,,,,USD 253.75,SiBore Drill - Part,,Finished Goods,fifo,,,0.00,USD 0.00,SiBore Drill R16 RS2 Bearing,SB0114,2.000000,Assembly,
6212012000000435846,SiBore Drill - Lower Unit,,USD 735.62,SiBore Drill - Parts,,,0.00,0.00,0.00,0.00,true,,goods,2,,,Active,Unit,SB0250,,,,,USD 253.75,SiBore Drill - Part,,Finished Goods,fifo,,,0.00,USD 0.00,"SiBore Drill - 1"" Round Yoke L600 Series",SB2150,1.000000,Assembly,
6212012000000435846,SiBore Drill - Lower Unit,,USD 735.62,SiBore Drill - Parts,,,0.00,0.00,0.00,0.00,true,,goods,2,,,Active,Unit,SB0250,,,,,USD 253.75,SiBore Drill - Part,,Finished Goods,fifo,,,0.00,USD 0.00,"SiBore Drill - 3/4"" Round Yoke L600 Series",SB2151,1.000000,Assembly,
6212012000000435846,SiBore Drill - Lower Unit,,USD 735.62,SiBore Drill - Parts,,,0.00,0.00,0.00,0.00,true,,goods,2,,,Active,Unit,SB0250,,,,,USD 253.75,SiBore Drill - Part,,Finished Goods,fifo,,,0.00,USD 0.00,SiBore Drill - L600 Series AG U-Joint Kit,SB2152,1.000000,Assembly,
6212012000000435846,SiBore Drill - Lower Unit,,USD 735.62,SiBore Drill - Parts,,,0.00,0.00,0.00,0.00,true,,goods,2,,,Active,Unit,SB0250,,,,,USD 253.75,SiBore Drill - Part,,Finished Goods,fifo,,,0.00,USD 0.00,Warehouse Hourly Labor,Labor30,5.000000,Assembly,
6212012000000435846,SiBore Drill - Lower Unit,,USD 735.62,SiBore Drill - Parts,,,0.00,0.00,0.00,0.00,true,,goods,2,,,Active,Unit,SB0250,,,,,USD 253.75,SiBore Drill - Part,,Finished Goods,fifo,,,0.00,USD 0.00,"SiBore Drill 1"" x 1"" x 1/8"" Angle 20'-0""",SB0120,0.008300,Assembly,
6212012000000435846,SiBore Drill - Lower Unit,,USD 735.62,SiBore Drill - Parts,,,0.00,0.00,0.00,0.00,true,,goods,2,,,Active,Unit,SB0250,,,,,USD 253.75,SiBore Drill - Part,,Finished Goods,fifo,,,0.00,USD 0.00,SiBore Drill- Lower Unit Powdercoat,SB0250P,1.000000,Assembly,
6212012000000435846,SiBore Drill - Lower Unit,,USD 735.62,SiBore Drill - Parts,,,0.00,0.00,0.00,0.00,true,,goods,2,,,Active,Unit,SB0250,,,,,USD 253.75,SiBore Drill - Part,,Finished Goods,fifo,,,0.00,USD 0.00,SiBore Drive Shaft,SB0240,1.000000,Assembly,
6212012000000435895,"SiBore Drill - 36"" Drill Rod w/ Coupling Nut",,USD 190.00,SiBore Drill - Parts,,,0.00,0.00,0.00,0.00,true,,goods,2,,,Active,EA,SB3600,,,,,USD 20.08,SiBore Drill - Part,,Finished Goods,fifo,,,0.00,USD 0.00,SiBore Drill MicroBore Drill Rod,SB3601,1.000000,Assembly,
6212012000000435895,"SiBore Drill - 36"" Drill Rod w/ Coupling Nut",,USD 190.00,SiBore Drill - Parts,,,0.00,0.00,0.00,0.00,true,,goods,2,,,Active,EA,SB3600,,,,,USD 20.08,SiBore Drill - Part,,Finished Goods,fifo,,,0.00,USD 0.00,SiBore Drill - MicroBore Coupler Nut,SB1250,1.000000,Assembly,
6212012000000435912,SiBore Drill - MicroBore Adapter,,USD 250.00,SiBore Drill - Parts,,,0.00,0.00,0.00,0.00,true,,goods,2,,,Active,EA,SB9000,,,,,USD 75.28,SiBore Drill - Part,,Finished Goods,fifo,,,0.00,USD 0.00,SiBore Drill MicroBore Lower Drive Adapter Shaft,SB9050,1.000000,Assembly,
6212012000000435912,SiBore Drill - MicroBore Adapter,,USD 250.00,SiBore Drill - Parts,,,0.00,0.00,0.00,0.00,true,,goods,2,,,Active,EA,SB9000,,,,,USD 75.28,SiBore Drill - Part,,Finished Goods,fifo,,,0.00,USD 0.00,"3/8""-16 x 2.5"" Grade 8 YellowZinc Bolt",SB3825,1.000000,Assembly,
6212012000000435912,SiBore Drill - MicroBore Adapter,,USD 250.00,SiBore Drill - Parts,,,0.00,0.00,0.00,0.00,true,,goods,2,,,Active,EA,SB9000,,,,,USD 75.28,SiBore Drill - Part,,Finished Goods,fifo,,,0.00,USD 0.00,"3/8""-16 Nylock Nut",SB3803,1.000000,Assembly,
6212012000000435912,SiBore Drill - MicroBore Adapter,,USD 250.00,SiBore Drill - Parts,,,0.00,0.00,0.00,0.00,true,,goods,2,,,Active,EA,SB9000,,,,,USD 75.28,SiBore Drill - Part,,Finished Goods,fifo,,,0.00,USD 0.00,"SiBore Drill 3/16"" x 3/16"" x 12"" Shear Key",SB0112,0.114500,Assembly,
6212012000000435912,SiBore Drill - MicroBore Adapter,,USD 250.00,SiBore Drill - Parts,,,0.00,0.00,0.00,0.00,true,,goods,2,,,Active,EA,SB9000,,,,,USD 75.28,SiBore Drill - Part,,Finished Goods,fifo,,,0.00,USD 0.00,SiBore Drill - MicroBore Coupler Nut,SB1250,1.000000,Assembly,
6212012000000435912,SiBore Drill - MicroBore Adapter,,USD 250.00,SiBore Drill - Parts,,,0.00,0.00,0.00,0.00,true,,goods,2,,,Active,EA,SB9000,,,,,USD 75.28,SiBore Drill - Part,,Finished Goods,fifo,,,0.00,USD 0.00,"SiBore Drill - 1"" Round Yoke L600 Series",SB2150,1.000000,Assembly,
6212012000000435912,SiBore Drill - MicroBore Adapter,,USD 250.00,SiBore Drill - Parts,,,0.00,0.00,0.00,0.00,true,,goods,2,,,Active,EA,SB9000,,,,,USD 75.28,SiBore Drill - Part,,Finished Goods,fifo,,,0.00,USD 0.00,"SiBore Drill - 3/4"" Round Yoke L600 Series",SB2151,1.000000,Assembly,
6212012000000435912,SiBore Drill - MicroBore Adapter,,USD 250.00,SiBore Drill - Parts,,,0.00,0.00,0.00,0.00,true,,goods,2,,,Active,EA,SB9000,,,,,USD 75.28,SiBore Drill - Part,,Finished Goods,fifo,,,0.00,USD 0.00,SiBore Drill - L600 Series AG U-Joint Kit,SB2152,1.000000,Assembly,
6212012000000435912,SiBore Drill - MicroBore Adapter,,USD 250.00,SiBore Drill - Parts,,,0.00,0.00,0.00,0.00,true,,goods,2,,,Active,EA,SB9000,,,,,USD 75.28,SiBore Drill - Part,,Finished Goods,fifo,,,0.00,USD 0.00,"SiBore Drill - 3/16"" Hex Key ""L"" shaped tool",SB123,1.000000,Assembly,
6212012000000435941,Fuel Tank Ass'y MT7208,,USD 84.81,GeoRipper - Parts,,,0.00,0.00,0.00,0.00,true,,goods,2,,,Active,EA,MT7208-FTASSY,,,,,USD 30.84,GeoRipper - Part,,Finished Goods,fifo,2.00,,0.00,USD 0.00,Switch,MT7208-6,1.000000,Assembly,
6212012000000435941,Fuel Tank Ass'y MT7208,,USD 84.81,GeoRipper - Parts,,,0.00,0.00,0.00,0.00,true,,goods,2,,,Active,EA,MT7208-FTASSY,,,,,USD 30.84,GeoRipper - Part,,Finished Goods,fifo,2.00,,0.00,USD 0.00,Fuel tank antishock gasket,MT7208-7,1.000000,Assembly,
6212012000000435941,Fuel Tank Ass'y MT7208,,USD 84.81,GeoRipper - Parts,,,0.00,0.00,0.00,0.00,true,,goods,2,,,Active,EA,MT7208-FTASSY,,,,,USD 30.84,GeoRipper - Part,,Finished Goods,fifo,2.00,,0.00,USD 0.00,Fuel Tank Base Ass'y MT7208-8-12,MT7208-8-12,1.000000,Assembly,
6212012000000435941,Fuel Tank Ass'y MT7208,,USD 84.81,GeoRipper - Parts,,,0.00,0.00,0.00,0.00,true,,goods,2,,,Active,EA,MT7208-FTASSY,,,,,USD 30.84,GeoRipper - Part,,Finished Goods,fifo,2.00,,0.00,USD 0.00,Oil pipe,MT7208-14,1.000000,Assembly,
6212012000000435941,Fuel Tank Ass'y MT7208,,USD 84.81,GeoRipper - Parts,,,0.00,0.00,0.00,0.00,true,,goods,2,,,Active,EA,MT7208-FTASSY,,,,,USD 30.84,GeoRipper - Part,,Finished Goods,fifo,2.00,,0.00,USD 0.00,Oil bubble,MT7208-18,1.000000,Assembly,
6212012000000435941,Fuel Tank Ass'y MT7208,,USD 84.81,GeoRipper - Parts,,,0.00,0.00,0.00,0.00,true,,goods,2,,,Active,EA,MT7208-FTASSY,,,,,USD 30.84,GeoRipper - Part,,Finished Goods,fifo,2.00,,0.00,USD 0.00,Inlet pipe,MT7208-19,1.000000,Assembly,
6212012000000435941,Fuel Tank Ass'y MT7208,,USD 84.81,GeoRipper - Parts,,,0.00,0.00,0.00,0.00,true,,goods,2,,,Active,EA,MT7208-FTASSY,,,,,USD 30.84,GeoRipper - Part,,Finished Goods,fifo,2.00,,0.00,USD 0.00,Oil return pipe,MT7208-20,1.000000,Assembly,
6212012000000435941,Fuel Tank Ass'y MT7208,,USD 84.81,GeoRipper - Parts,,,0.00,0.00,0.00,0.00,true,,goods,2,,,Active,EA,MT7208-FTASSY,,,,,USD 30.84,GeoRipper - Part,,Finished Goods,fifo,2.00,,0.00,USD 0.00,Balancer,MT7208-23,1.000000,Assembly,
6212012000000435941,Fuel Tank Ass'y MT7208,,USD 84.81,GeoRipper - Parts,,,0.00,0.00,0.00,0.00,true,,goods,2,,,Active,EA,MT7208-FTASSY,,,,,USD 30.84,GeoRipper - Part,,Finished Goods,fifo,2.00,,0.00,USD 0.00,Balancer seat,MT7208-24,1.000000,Assembly,
6212012000000435941,Fuel Tank Ass'y MT7208,,USD 84.81,GeoRipper - Parts,,,0.00,0.00,0.00,0.00,true,,goods,2,,,Active,EA,MT7208-FTASSY,,,,,USD 30.84,GeoRipper - Part,,Finished Goods,fifo,2.00,,0.00,USD 0.00,Flameout line,MT7208-42,1.000000,Assembly,
6212012000000435974,SB215 to SB216 Conversion Kit,Kit to convert a SiBore SB215 to SB216,USD 999.99,SiBore Drill - Parts,,,0.00,0.00,0.00,0.00,true,,goods,2,,,Active,Kit,SBCK216,,,,,USD 370.41,SiBore Drill - Part,,Finished Goods,fifo,,,0.00,USD 0.00,"SiBore Drill - 2"" Auger Bit",SB2000,1.000000,Assembly,
6212012000000435974,SB215 to SB216 Conversion Kit,Kit to convert a SiBore SB215 to SB216,USD 999.99,SiBore Drill - Parts,,,0.00,0.00,0.00,0.00,true,,goods,2,,,Active,Kit,SBCK216,,,,,USD 370.41,SiBore Drill - Part,,Finished Goods,fifo,,,0.00,USD 0.00,"SiBore Drill - 4"" Auger Bit",SB4000,1.000000,Assembly,
6212012000000435974,SB215 to SB216 Conversion Kit,Kit to convert a SiBore SB215 to SB216,USD 999.99,SiBore Drill - Parts,,,0.00,0.00,0.00,0.00,true,,goods,2,,,Active,Kit,SBCK216,,,,,USD 370.41,SiBore Drill - Part,,Finished Goods,fifo,,,0.00,USD 0.00,"3/8""-16 x 2.25"" Grade 8 YellowZinc Bolt",SB3822,2.000000,Assembly,
6212012000000435974,SB215 to SB216 Conversion Kit,Kit to convert a SiBore SB215 to SB216,USD 999.99,SiBore Drill - Parts,,,0.00,0.00,0.00,0.00,true,,goods,2,,,Active,Kit,SBCK216,,,,,USD 370.41,SiBore Drill - Part,,Finished Goods,fifo,,,0.00,USD 0.00,"3/8""-16 Nylock Nut",SB3803,2.000000,Assembly,
6212012000000435974,SB215 to SB216 Conversion Kit,Kit to convert a SiBore SB215 to SB216,USD 999.99,SiBore Drill - Parts,,,0.00,0.00,0.00,0.00,true,,goods,2,,,Active,Kit,SBCK216,,,,,USD 370.41,SiBore Drill - Part,,Finished Goods,fifo,,,0.00,USD 0.00,"SiBore Drill - 32"" Extension",SB3200,3.000000,Assembly,
6212012000000435974,SB215 to SB216 Conversion Kit,Kit to convert a SiBore SB215 to SB216,USD 999.99,SiBore Drill - Parts,,,0.00,0.00,0.00,0.00,true,,goods,2,,,Active,Kit,SBCK216,,,,,USD 370.41,SiBore Drill - Part,,Finished Goods,fifo,,,0.00,USD 0.00,SiBore Accessory Bag,SBACCBAG,1.000000,Assembly,
6212012000000435974,SB215 to SB216 Conversion Kit,Kit to convert a SiBore SB215 to SB216,USD 999.99,SiBore Drill - Parts,,,0.00,0.00,0.00,0.00,true,,goods,2,,,Active,Kit,SBCK216,,,,,USD 370.41,SiBore Drill - Part,,Finished Goods,fifo,,,0.00,USD 0.00,48 x 12 x 6 Uline Box,MT48126,1.000000,Assembly,
6212012000000437569,GeoRipper 600,,USD 2262.79,GeoRipper - Parts,,,0.00,0.00,0.00,0.00,true,,goods,2,,,Active,ea,GR600,,,,,USD 821.00,GeoRipper - Part,,Finished Goods,fifo,,,0.00,USD 0.00,Makita EK6101,GRM61,1.000000,Assembly,
6212012000000437569,GeoRipper 600,,USD 2262.79,GeoRipper - Parts,,,0.00,0.00,0.00,0.00,true,,goods,2,,,Active,ea,GR600,,,,,USD 821.00,GeoRipper - Part,,Finished Goods,fifo,,,0.00,USD 0.00,GeoRipper Adapter - Makita,MGR5,1.000000,Assembly,
6212012000000437569,GeoRipper 600,,USD 2262.79,GeoRipper - Parts,,,0.00,0.00,0.00,0.00,true,,goods,2,,,Active,ea,GR600,,,,,USD 821.00,GeoRipper - Part,,Finished Goods,fifo,,,0.00,USD 0.00,Clamp A - 6 Series,GRKM61.4,1.000000,Assembly,
6212012000000437569,GeoRipper 600,,USD 2262.79,GeoRipper - Parts,,,0.00,0.00,0.00,0.00,true,,goods,2,,,Active,ea,GR600,,,,,USD 821.00,GeoRipper - Part,,Finished Goods,fifo,,,0.00,USD 0.00,Clamp B - 6 Series,GRKM61.5,1.000000,Assembly,
6212012000000437569,GeoRipper 600,,USD 2262.79,GeoRipper - Parts,,,0.00,0.00,0.00,0.00,true,,goods,2,,,Active,ea,GR600,,,,,USD 821.00,GeoRipper - Part,,Finished Goods,fifo,,,0.00,USD 0.00,O-Ring,GRKM61.6,1.000000,Assembly,
6212012000000437569,GeoRipper 600,,USD 2262.79,GeoRipper - Parts,,,0.00,0.00,0.00,0.00,true,,goods,2,,,Active,ea,GR600,,,,,USD 821.00,GeoRipper - Part,,Finished Goods,fifo,,,0.00,USD 0.00,M8 x 1.25 x 50 Hex Bolt,MT0850,2.000000,Assembly,
6212012000000437569,GeoRipper 600,,USD 2262.79,GeoRipper - Parts,,,0.00,0.00,0.00,0.00,true,,goods,2,,,Active,ea,GR600,,,,,USD 821.00,GeoRipper - Part,,Finished Goods,fifo,,,0.00,USD 0.00,M8x1.25 Nylon Insert Locking Nut,GRKM61.8,2.000000,Assembly,
6212012000000437569,GeoRipper 600,,USD 2262.79,GeoRipper - Parts,,,0.00,0.00,0.00,0.00,true,,goods,2,,,Active,ea,GR600,,,,,USD 821.00,GeoRipper - Part,,Finished Goods,fifo,,,0.00,USD 0.00,Warehouse Hourly Labor,Labor30,0.500000,Assembly,
6212012000000437569,GeoRipper 600,,USD 2262.79,GeoRipper - Parts,,,0.00,0.00,0.00,0.00,true,,goods,2,,,Active,ea,GR600,,,,,USD 821.00,GeoRipper - Part,,Finished Goods,fifo,,,0.00,USD 0.00,#50H Heavy Connecting Link Spring Clip,MT4004,1.000000,Assembly,
6212012000000437569,GeoRipper 600,,USD 2262.79,GeoRipper - Parts,,,0.00,0.00,0.00,0.00,true,,goods,2,,,Active,ea,GR600,,,,,USD 821.00,GeoRipper - Part,,Finished Goods,fifo,,,0.00,USD 0.00,GeoRipper Owner's Manual,GR-LIT-OM,1.000000,Assembly,
6212012000000437569,GeoRipper 600,,USD 2262.79,GeoRipper - Parts,,,0.00,0.00,0.00,0.00,true,,goods,2,,,Active,ea,GR600,,,,,USD 821.00,GeoRipper - Part,,Finished Goods,fifo,,,0.00,USD 0.00,Sticker - Small Round,GRS2,1.000000,Assembly,
6212012000000437569,GeoRipper 600,,USD 2262.79,GeoRipper - Parts,,,0.00,0.00,0.00,0.00,true,,goods,2,,,Active,ea,GR600,,,,,USD 821.00,GeoRipper - Part,,Finished Goods,fifo,,,0.00,USD 0.00,Sticker - 811 - Call Before You Dig,GRS3,1.000000,Assembly,
6212012000000437569,GeoRipper 600,,USD 2262.79,GeoRipper - Parts,,,0.00,0.00,0.00,0.00,true,,goods,2,,,Active,ea,GR600,,,,,USD 821.00,GeoRipper - Part,,Finished Goods,fifo,,,0.00,USD 0.00,Sticker - Large Rectange,GRS5,1.000000,Assembly,
6212012000000437569,GeoRipper 600,,USD 2262.79,GeoRipper - Parts,,,0.00,0.00,0.00,0.00,true,,goods,2,,,Active,ea,GR600,,,,,USD 821.00,GeoRipper - Part,,Finished Goods,fifo,,,0.00,USD 0.00,Sticker - GR WARNING,GRS6,1.000000,Assembly,
6212012000000437569,GeoRipper 600,,USD 2262.79,GeoRipper - Parts,,,0.00,0.00,0.00,0.00,true,,goods,2,,,Active,ea,GR600,,,,,USD 821.00,GeoRipper - Part,,Finished Goods,fifo,,,0.00,USD 0.00,Bearing (Sealed) 6002-RS2,GR1.2,1.000000,Assembly,
6212012000000437569,GeoRipper 600,,USD 2262.79,GeoRipper - Parts,,,0.00,0.00,0.00,0.00,true,,goods,2,,,Active,ea,GR600,,,,,USD 821.00,GeoRipper - Part,,Finished Goods,fifo,,,0.00,USD 0.00,M8x1.25x20 Countersunk 5mm Hex Drive Bolt 12.9grade,GR0.3.2,3.000000,Assembly,
6212012000000437569,GeoRipper 600,,USD 2262.79,GeoRipper - Parts,,,0.00,0.00,0.00,0.00,true,,goods,2,,,Active,ea,GR600,,,,,USD 821.00,GeoRipper - Part,,Finished Goods,fifo,,,0.00,USD 0.00,Minitrencher Drive Sprocket for 6 Series Trencher,MT9601,1.000000,Assembly,
6212012000000437569,GeoRipper 600,,USD 2262.79,GeoRipper - Parts,,,0.00,0.00,0.00,0.00,true,,goods,2,,,Active,ea,GR600,,,,,USD 821.00,GeoRipper - Part,,Finished Goods,fifo,,,0.00,USD 0.00,GeoRipper Warranty Postcard,GR-LIT-WP,1.000000,Assembly,
6212012000000437569,GeoRipper 600,,USD 2262.79,GeoRipper - Parts,,,0.00,0.00,0.00,0.00,true,,goods,2,,,Active,ea,GR600,,,,,USD 821.00,GeoRipper - Part,,Finished Goods,fifo,,,0.00,USD 0.00,Flange 6 Series,GRKM61.2-20A,1.000000,Assembly,
6212012000000437569,GeoRipper 600,,USD 2262.79,GeoRipper - Parts,,,0.00,0.00,0.00,0.00,true,,goods,2,,,Active,ea,GR600,,,,,USD 821.00,GeoRipper - Part,,Finished Goods,fifo,,,0.00,USD 0.00,13mm Embossed Wrench,MT0013,1.000000,Assembly,
6212012000000437569,GeoRipper 600,,USD 2262.79,GeoRipper - Parts,,,0.00,0.00,0.00,0.00,true,,goods,2,,,Active,ea,GR600,,,,,USD 821.00,GeoRipper - Part,,Finished Goods,fifo,,,0.00,USD 0.00,18mm Embossed Wrench,MT0018,1.000000,Assembly,
6212012000000437569,GeoRipper 600,,USD 2262.79,GeoRipper - Parts,,,0.00,0.00,0.00,0.00,true,,goods,2,,,Active,ea,GR600,,,,,USD 821.00,GeoRipper - Part,,Finished Goods,fifo,,,0.00,USD 0.00,Labyrinth 6 Series,GRKM61.3-20A,1.000000,Assembly,
6212012000000437569,GeoRipper 600,,USD 2262.79,GeoRipper - Parts,,,0.00,0.00,0.00,0.00,true,,goods,2,,,Active,ea,GR600,,,,,USD 821.00,GeoRipper - Part,,Finished Goods,fifo,,,0.00,USD 0.00,Belt for Makita EK6101,MTB61-00,1.000000,Assembly,
6212012000000437628,"16"" Digging Chain (2-Pack)",,USD 180.00,GeoRipper - Parts,GeoRipper,MiniTrencher,9.00,9.00,9.00,4.00,true,,goods,2,,,Inactive,Box,MT4402,,,,,USD 48.46,GeoRipper - Part,,Finished Goods,fifo,,,0.00,USD 0.00,"16"" Digging Chain (Single Chain)",MT4400,2.000000,Assembly,
6212012000000437628,"16"" Digging Chain (2-Pack)",,USD 180.00,GeoRipper - Parts,GeoRipper,MiniTrencher,9.00,9.00,9.00,4.00,true,,goods,2,,,Inactive,Box,MT4402,,,,,USD 48.46,GeoRipper - Part,,Finished Goods,fifo,,,0.00,USD 0.00,Box - New Chain,MT95015,1.000000,Assembly,
6212012000000437645,GeoRipper 20-Inch Minitrencher Digging Chains (2 Pack),,USD 225.00,GeoRipper - Parts,GeoRipper,MiniTrencher,9.00,9.00,9.00,4.00,true,,goods,2,,,Inactive,Box,MT4502,810075760187,871075760187,,22A,USD 56.14,GeoRipper - Part,,Finished Goods,fifo,,,0.00,USD 0.00,"20"" Digging Chain (Single Chain)",MT4500,2.000000,Assembly,
6212012000000437645,GeoRipper 20-Inch Minitrencher Digging Chains (2 Pack),,USD 225.00,GeoRipper - Parts,GeoRipper,MiniTrencher,9.00,9.00,9.00,4.00,true,,goods,2,,,Inactive,Box,MT4502,810075760187,871075760187,,22A,USD 56.14,GeoRipper - Part,,Finished Goods,fifo,,,0.00,USD 0.00,Box - New Chain,MT95015,1.000000,Assembly,
6212012000000437662,GeoRipper 27-Inch Minitrencher Digging Chain (2 Pack),,USD 270.00,GeoRipper - Parts,GeoRipper,MiniTrencher,13.00,9.00,9.00,4.00,true,,goods,2,,,Inactive,Box,MT4702,810075760415,810075760415,,22A,USD 69.98,GeoRipper - Part,,Finished Goods,fifo,,,0.00,USD 0.00,"27"" Digging Chain (Single Chain)",MT4700,2.000000,Assembly,
6212012000000437662,GeoRipper 27-Inch Minitrencher Digging Chain (2 Pack),,USD 270.00,GeoRipper - Parts,GeoRipper,MiniTrencher,13.00,9.00,9.00,4.00,true,,goods,2,,,Inactive,Box,MT4702,810075760415,810075760415,,22A,USD 69.98,GeoRipper - Part,,Finished Goods,fifo,,,0.00,USD 0.00,Box - New Chain,MT95015,1.000000,Assembly,
6212012000000437679,GeoRipper 620 R.I.P. KIT,"6-SERIES ONLY
Kit includes: 2 digging chains, 6-tooth nose sprocket, drive sprocket, belt, and con-link",USD 250.00,GeoRipper - Parts,,,0.00,0.00,0.00,0.00,true,,goods,2,,,Active,Kit,MTRIP620,,,,,USD 70.00,GeoRipper - Part,,Finished Goods,fifo,,,0.00,USD 0.00,#50H Heavy Connecting Link Spring Clip,MT4004,1.000000,Assembly,
6212012000000437679,GeoRipper 620 R.I.P. KIT,"6-SERIES ONLY
Kit includes: 2 digging chains, 6-tooth nose sprocket, drive sprocket, belt, and con-link",USD 250.00,GeoRipper - Parts,,,0.00,0.00,0.00,0.00,true,,goods,2,,,Active,Kit,MTRIP620,,,,,USD 70.00,GeoRipper - Part,,Finished Goods,fifo,,,0.00,USD 0.00,Minitrencher Drive Sprocket for 6 Series Trencher,MT9601,1.000000,Assembly,
6212012000000437679,GeoRipper 620 R.I.P. KIT,"6-SERIES ONLY
Kit includes: 2 digging chains, 6-tooth nose sprocket, drive sprocket, belt, and con-link",USD 250.00,GeoRipper - Parts,,,0.00,0.00,0.00,0.00,true,,goods,2,,,Active,Kit,MTRIP620,,,,,USD 70.00,GeoRipper - Part,,Finished Goods,fifo,,,0.00,USD 0.00,GeoRipper Minitrencher 6-Tooth Nose Sprocket with Bearing,MT1500,1.000000,Assembly,
6212012000000437679,GeoRipper 620 R.I.P. KIT,"6-SERIES ONLY
Kit includes: 2 digging chains, 6-tooth nose sprocket, drive sprocket, belt, and con-link",USD 250.00,GeoRipper - Parts,,,0.00,0.00,0.00,0.00,true,,goods,2,,,Active,Kit,MTRIP620,,,,,USD 70.00,GeoRipper - Part,,Finished Goods,fifo,,,0.00,USD 0.00,10 x 10 x 5 Uline Box,MT10105,1.000000,Assembly,
6212012000000437679,GeoRipper 620 R.I.P. KIT,"6-SERIES ONLY
Kit includes: 2 digging chains, 6-tooth nose sprocket, drive sprocket, belt, and con-link",USD 250.00,GeoRipper - Parts,,,0.00,0.00,0.00,0.00,true,,goods,2,,,Active,Kit,MTRIP620,,,,,USD 70.00,GeoRipper - Part,,Finished Goods,fifo,,,0.00,USD 0.00,Belt for Makita EK6101,MTB61-00,1.000000,Assembly,
6212012000000437679,GeoRipper 620 R.I.P. KIT,"6-SERIES ONLY
Kit includes: 2 digging chains, 6-tooth nose sprocket, drive sprocket, belt, and con-link",USD 250.00,GeoRipper - Parts,,,0.00,0.00,0.00,0.00,true,,goods,2,,,Active,Kit,MTRIP620,,,,,USD 70.00,GeoRipper - Part,,Finished Goods,fifo,,,0.00,USD 0.00,"20"" Digging Chain (Single Chain)",MT4500,2.000000,Assembly,
6212012000000437704,GeoRipper(R) 27-Inch R.I.P. Kit,,USD 282.00,GeoRipper - Parts,,,0.00,0.00,0.00,0.00,true,,goods,2,,,Active,Kit,MTRIP700,,,,,USD 83.01,GeoRipper - Part,,Finished Goods,fifo,,,0.00,USD 0.00,GeoRipper Minitrencher 11-Tooth Nose Sprocket with Bearing,MT1700,1.000000,Assembly,
6212012000000437704,GeoRipper(R) 27-Inch R.I.P. Kit,,USD 282.00,GeoRipper - Parts,,,0.00,0.00,0.00,0.00,true,,goods,2,,,Active,Kit,MTRIP700,,,,,USD 83.01,GeoRipper - Part,,Finished Goods,fifo,,,0.00,USD 0.00,#50H Heavy Connecting Link Spring Clip,MT4004,1.000000,Assembly,
6212012000000437704,GeoRipper(R) 27-Inch R.I.P. Kit,,USD 282.00,GeoRipper - Parts,,,0.00,0.00,0.00,0.00,true,,goods,2,,,Active,Kit,MTRIP700,,,,,USD 83.01,GeoRipper - Part,,Finished Goods,fifo,,,0.00,USD 0.00,Minitrencher Drive Sprocket for GeoRipper and GeoRipper(R)T/A,MT9001,1.000000,Assembly,
6212012000000437704,GeoRipper(R) 27-Inch R.I.P. Kit,,USD 282.00,GeoRipper - Parts,,,0.00,0.00,0.00,0.00,true,,goods,2,,,Active,Kit,MTRIP700,,,,,USD 83.01,GeoRipper - Part,,Finished Goods,fifo,,,0.00,USD 0.00,"27"" Digging Chain (Single Chain)",MT4700,2.000000,Assembly,
6212012000000437704,GeoRipper(R) 27-Inch R.I.P. Kit,,USD 282.00,GeoRipper - Parts,,,0.00,0.00,0.00,0.00,true,,goods,2,,,Active,Kit,MTRIP700,,,,,USD 83.01,GeoRipper - Part,,Finished Goods,fifo,,,0.00,USD 0.00,10 x 10 x 5 Uline Box,MT10105,1.000000,Assembly,
6212012000000437727,GeoRipper 20-Inch Size Matters Trencher Conversion Kit,,USD 308.00,GeoRipper - Parts,,,0.00,0.00,0.00,0.00,true,,goods,2,,,Active,Kit,MTSMK20,,,,,USD 112.31,GeoRipper - Part,,Finished Goods,fifo,,,0.00,USD 0.00,GeoRipper Minitrencher 20-Inch Digging Bar,MT3500,1.000000,Assembly,
6212012000000437727,GeoRipper 20-Inch Size Matters Trencher Conversion Kit,,USD 308.00,GeoRipper - Parts,,,0.00,0.00,0.00,0.00,true,,goods,2,,,Active,Kit,MTSMK20,,,,,USD 112.31,GeoRipper - Part,,Finished Goods,fifo,,,0.00,USD 0.00,"20"" Digging Chain (Single Chain)",MT4500,2.000000,Assembly,
6212012000000437727,GeoRipper 20-Inch Size Matters Trencher Conversion Kit,,USD 308.00,GeoRipper - Parts,,,0.00,0.00,0.00,0.00,true,,goods,2,,,Active,Kit,MTSMK20,,,,,USD 112.31,GeoRipper - Part,,Finished Goods,fifo,,,0.00,USD 0.00,24 x 12 x 4,MT24124,1.000000,Assembly,
6212012000000437746,GeoRipper 27-Inch Size Matters Trencher Conversion Kit,,USD 425.00,GeoRipper - Parts,,,0.00,0.00,0.00,0.00,true,,goods,2,,,Active,Kit,MTSMK27,,,,,USD 140.75,GeoRipper - Part,,Finished Goods,fifo,,,0.00,USD 0.00,GeoRipper Minitrencher 27-Inch Digging Bar,MT3700,1.000000,Assembly,
6212012000000437746,GeoRipper 27-Inch Size Matters Trencher Conversion Kit,,USD 425.00,GeoRipper - Parts,,,0.00,0.00,0.00,0.00,true,,goods,2,,,Active,Kit,MTSMK27,,,,,USD 140.75,GeoRipper - Part,,Finished Goods,fifo,,,0.00,USD 0.00,"27"" Digging Chain (Single Chain)",MT4700,2.000000,Assembly,
6212012000000437746,GeoRipper 27-Inch Size Matters Trencher Conversion Kit,,USD 425.00,GeoRipper - Parts,,,0.00,0.00,0.00,0.00,true,,goods,2,,,Active,Kit,MTSMK27,,,,,USD 140.75,GeoRipper - Part,,Finished Goods,fifo,,,0.00,USD 0.00,36x10x4 Box - Uline,MT361004,1.000000,Assembly,
6212012000000437763,GeoRipper(R)T/A MX500 W/EZ,,USD 1900.00,GeoRipper - Units,,,0.00,0.00,0.00,0.00,true,,goods,2,,,Active,EA,GRTA-MX500,,,,,USD 562.05,Georipper - Unit,,Finished Goods,fifo,,,0.00,USD 0.00,Bearing - 6203 RS,MT0062,2.000000,Assembly,
6212012000000437763,GeoRipper(R)T/A MX500 W/EZ,,USD 1900.00,GeoRipper - Units,,,0.00,0.00,0.00,0.00,true,,goods,2,,,Active,EA,GRTA-MX500,,,,,USD 562.05,Georipper - Unit,,Finished Goods,fifo,,,0.00,USD 0.00,R40 Snap Ring,MT0040,1.000000,Assembly,
6212012000000437763,GeoRipper(R)T/A MX500 W/EZ,,USD 1900.00,GeoRipper - Units,,,0.00,0.00,0.00,0.00,true,,goods,2,,,Active,EA,GRTA-MX500,,,,,USD 562.05,Georipper - Unit,,Finished Goods,fifo,,,0.00,USD 0.00,Drive Axle for all GeoRipperT/A,MT9002,1.000000,Assembly,
6212012000000437763,GeoRipper(R)T/A MX500 W/EZ,,USD 1900.00,GeoRipper - Units,,,0.00,0.00,0.00,0.00,true,,goods,2,,,Active,EA,GRTA-MX500,,,,,USD 562.05,Georipper - Unit,,Finished Goods,fifo,,,0.00,USD 0.00,Spacer,MT0010,1.000000,Assembly,
6212012000000437763,GeoRipper(R)T/A MX500 W/EZ,,USD 1900.00,GeoRipper - Units,,,0.00,0.00,0.00,0.00,true,,goods,2,,,Active,EA,GRTA-MX500,,,,,USD 562.05,Georipper - Unit,,Finished Goods,fifo,,,0.00,USD 0.00,Labyrinth for all GeoRipperT/A,MT9003,1.000000,Assembly,
6212012000000437763,GeoRipper(R)T/A MX500 W/EZ,,USD 1900.00,GeoRipper - Units,,,0.00,0.00,0.00,0.00,true,,goods,2,,,Active,EA,GRTA-MX500,,,,,USD 562.05,Georipper - Unit,,Finished Goods,fifo,,,0.00,USD 0.00,Minitrencher Drive Sprocket for GeoRipper and GeoRipper(R)T/A,MT9001,1.000000,Assembly,
6212012000000437763,GeoRipper(R)T/A MX500 W/EZ,,USD 1900.00,GeoRipper - Units,,,0.00,0.00,0.00,0.00,true,,goods,2,,,Active,EA,GRTA-MX500,,,,,USD 562.05,Georipper - Unit,,Finished Goods,fifo,,,0.00,USD 0.00,M8 Zinc Plated Washer,MT0800,2.000000,Assembly,
6212012000000437763,GeoRipper(R)T/A MX500 W/EZ,,USD 1900.00,GeoRipper - Units,,,0.00,0.00,0.00,0.00,true,,goods,2,,,Active,EA,GRTA-MX500,,,,,USD 562.05,Georipper - Unit,,Finished Goods,fifo,,,0.00,USD 0.00,Dirt Deflector,MT8001,1.000000,Assembly,
6212012000000437763,GeoRipper(R)T/A MX500 W/EZ,,USD 1900.00,GeoRipper - Units,,,0.00,0.00,0.00,0.00,true,,goods,2,,,Active,EA,GRTA-MX500,,,,,USD 562.05,Georipper - Unit,,Finished Goods,fifo,,,0.00,USD 0.00,Mud Flap A,MT8002,1.000000,Assembly,
6212012000000437763,GeoRipper(R)T/A MX500 W/EZ,,USD 1900.00,GeoRipper - Units,,,0.00,0.00,0.00,0.00,true,,goods,2,,,Active,EA,GRTA-MX500,,,,,USD 562.05,Georipper - Unit,,Finished Goods,fifo,,,0.00,USD 0.00,Mud Flap B,MT8003,1.000000,Assembly,
6212012000000437763,GeoRipper(R)T/A MX500 W/EZ,,USD 1900.00,GeoRipper - Units,,,0.00,0.00,0.00,0.00,true,,goods,2,,,Active,EA,GRTA-MX500,,,,,USD 562.05,Georipper - Unit,,Finished Goods,fifo,,,0.00,USD 0.00,M5 X .8 X 16 Phillips Flat Machine Screw Plated,GR5.8,6.000000,Assembly,
6212012000000437763,GeoRipper(R)T/A MX500 W/EZ,,USD 1900.00,GeoRipper - Units,,,0.00,0.00,0.00,0.00,true,,goods,2,,,Active,EA,GRTA-MX500,,,,,USD 562.05,Georipper - Unit,,Finished Goods,fifo,,,0.00,USD 0.00,M5 x 18mm fender washer,GR5.12,6.000000,Assembly,
6212012000000437763,GeoRipper(R)T/A MX500 W/EZ,,USD 1900.00,GeoRipper - Units,,,0.00,0.00,0.00,0.00,true,,goods,2,,,Active,EA,GRTA-MX500,,,,,USD 562.05,Georipper - Unit,,Finished Goods,fifo,,,0.00,USD 0.00,M5 Nylock hex nut,GR5.11,6.000000,Assembly,
6212012000000437763,GeoRipper(R)T/A MX500 W/EZ,,USD 1900.00,GeoRipper - Units,,,0.00,0.00,0.00,0.00,true,,goods,2,,,Active,EA,GRTA-MX500,,,,,USD 562.05,Georipper - Unit,,Finished Goods,fifo,,,0.00,USD 0.00,Bar Clamp Washer - Slotted,GR5.2,1.000000,Assembly,
6212012000000437763,GeoRipper(R)T/A MX500 W/EZ,,USD 1900.00,GeoRipper - Units,,,0.00,0.00,0.00,0.00,true,,goods,2,,,Active,EA,GRTA-MX500,,,,,USD 562.05,Georipper - Unit,,Finished Goods,fifo,,,0.00,USD 0.00,M12 X 1.75 X 30 Bolt 18mm Head,GR5.3,2.000000,Assembly,
6212012000000437763,GeoRipper(R)T/A MX500 W/EZ,,USD 1900.00,GeoRipper - Units,,,0.00,0.00,0.00,0.00,true,,goods,2,,,Active,EA,GRTA-MX500,,,,,USD 562.05,Georipper - Unit,,Finished Goods,fifo,,,0.00,USD 0.00,M12 Split Lock Washer,GR5.4,2.000000,Assembly,
6212012000000437763,GeoRipper(R)T/A MX500 W/EZ,,USD 1900.00,GeoRipper - Units,,,0.00,0.00,0.00,0.00,true,,goods,2,,,Active,EA,GRTA-MX500,,,,,USD 562.05,Georipper - Unit,,Finished Goods,fifo,,,0.00,USD 0.00,M8 X 1.25 Flanged Nyloc Nut,GRKM7681.6,3.000000,Assembly,
6212012000000437763,GeoRipper(R)T/A MX500 W/EZ,,USD 1900.00,GeoRipper - Units,,,0.00,0.00,0.00,0.00,true,,goods,2,,,Active,EA,GRTA-MX500,,,,,USD 562.05,Georipper - Unit,,Finished Goods,fifo,,,0.00,USD 0.00,Safety Bar - 500 Series GeoRipperT/A,MT7500,1.000000,Assembly,
6212012000000437763,GeoRipper(R)T/A MX500 W/EZ,,USD 1900.00,GeoRipper - Units,,,0.00,0.00,0.00,0.00,true,,goods,2,,,Active,EA,GRTA-MX500,,,,,USD 562.05,Georipper - Unit,,Finished Goods,fifo,,,0.00,USD 0.00,M8 x 1.25 x 12 Bolt for Safety Bar,MT0812,2.000000,Assembly,
6212012000000437763,GeoRipper(R)T/A MX500 W/EZ,,USD 1900.00,GeoRipper - Units,,,0.00,0.00,0.00,0.00,true,,goods,2,,,Active,EA,GRTA-MX500,,,,,USD 562.05,Georipper - Unit,,Finished Goods,fifo,,,0.00,USD 0.00,M8 split lock washer zinc plated,MT0804,2.000000,Assembly,
6212012000000437763,GeoRipper(R)T/A MX500 W/EZ,,USD 1900.00,GeoRipper - Units,,,0.00,0.00,0.00,0.00,true,,goods,2,,,Active,EA,GRTA-MX500,,,,,USD 562.05,Georipper - Unit,,Finished Goods,fifo,,,0.00,USD 0.00,Green PVC Tool Bag,MT0099,1.000000,Assembly,
6212012000000437763,GeoRipper(R)T/A MX500 W/EZ,,USD 1900.00,GeoRipper - Units,,,0.00,0.00,0.00,0.00,true,,goods,2,,,Active,EA,GRTA-MX500,,,,,USD 562.05,Georipper - Unit,,Finished Goods,fifo,,,0.00,USD 0.00,13mm Embossed Wrench,MT0013,1.000000,Assembly,
6212012000000437763,GeoRipper(R)T/A MX500 W/EZ,,USD 1900.00,GeoRipper - Units,,,0.00,0.00,0.00,0.00,true,,goods,2,,,Active,EA,GRTA-MX500,,,,,USD 562.05,Georipper - Unit,,Finished Goods,fifo,,,0.00,USD 0.00,18mm Embossed Wrench,MT0018,1.000000,Assembly,
6212012000000437763,GeoRipper(R)T/A MX500 W/EZ,,USD 1900.00,GeoRipper - Units,,,0.00,0.00,0.00,0.00,true,,goods,2,,,Active,EA,GRTA-MX500,,,,,USD 562.05,Georipper - Unit,,Finished Goods,fifo,,,0.00,USD 0.00,Bearing (Sealed) 6002-RS2,GR1.2,1.000000,Assembly,
6212012000000437763,GeoRipper(R)T/A MX500 W/EZ,,USD 1900.00,GeoRipper - Units,,,0.00,0.00,0.00,0.00,true,,goods,2,,,Active,EA,GRTA-MX500,,,,,USD 562.05,Georipper - Unit,,Finished Goods,fifo,,,0.00,USD 0.00,M8x1.25x20 Countersunk 5mm Hex Drive Bolt 12.9grade,GR0.3.2,3.000000,Assembly,
6212012000000437763,GeoRipper(R)T/A MX500 W/EZ,,USD 1900.00,GeoRipper - Units,,,0.00,0.00,0.00,0.00,true,,goods,2,,,Active,EA,GRTA-MX500,,,,,USD 562.05,Georipper - Unit,,Finished Goods,fifo,,,0.00,USD 0.00,#50H Heavy Connecting Link Spring Clip,MT4004,1.000000,Assembly,
6212012000000437763,GeoRipper(R)T/A MX500 W/EZ,,USD 1900.00,GeoRipper - Units,,,0.00,0.00,0.00,0.00,true,,goods,2,,,Active,EA,GRTA-MX500,,,,,USD 562.05,Georipper - Unit,,Finished Goods,fifo,,,0.00,USD 0.00,Owners Manual - GeoRipperT/A,GRTA-LIT-OM,1.000000,Assembly,
6212012000000437763,GeoRipper(R)T/A MX500 W/EZ,,USD 1900.00,GeoRipper - Units,,,0.00,0.00,0.00,0.00,true,,goods,2,,,Active,EA,GRTA-MX500,,,,,USD 562.05,Georipper - Unit,,Finished Goods,fifo,,,0.00,USD 0.00,GeoRipper Warranty Postcard,GR-LIT-WP,1.000000,Assembly,
6212012000000437763,GeoRipper(R)T/A MX500 W/EZ,,USD 1900.00,GeoRipper - Units,,,0.00,0.00,0.00,0.00,true,,goods,2,,,Active,EA,GRTA-MX500,,,,,USD 562.05,Georipper - Unit,,Finished Goods,fifo,,,0.00,USD 0.00,GeoRipper Minitrencher 20-Inch Digging Bar,MT3500,1.000000,Assembly,
6212012000000437763,GeoRipper(R)T/A MX500 W/EZ,,USD 1900.00,GeoRipper - Units,,,0.00,0.00,0.00,0.00,true,,goods,2,,,Active,EA,GRTA-MX500,,,,,USD 562.05,Georipper - Unit,,Finished Goods,fifo,,,0.00,USD 0.00,Foam Insert - GeoRipperT/A Box,MT0091,1.000000,Assembly,
6212012000000437763,GeoRipper(R)T/A MX500 W/EZ,,USD 1900.00,GeoRipper - Units,,,0.00,0.00,0.00,0.00,true,,goods,2,,,Active,EA,GRTA-MX500,,,,,USD 562.05,Georipper - Unit,,Finished Goods,fifo,,,0.00,USD 0.00,GeoRipper T/A Casting for Milwaukee MX314,MX1000,1.000000,Assembly,
6212012000000437763,GeoRipper(R)T/A MX500 W/EZ,,USD 1900.00,GeoRipper - Units,,,0.00,0.00,0.00,0.00,true,,goods,2,,,Active,EA,GRTA-MX500,,,,,USD 562.05,Georipper - Unit,,Finished Goods,fifo,,,0.00,USD 0.00,Large Pulley - MX,MX1001,2.000000,Assembly,
6212012000000437763,GeoRipper(R)T/A MX500 W/EZ,,USD 1900.00,GeoRipper - Units,,,0.00,0.00,0.00,0.00,true,,goods,2,,,Active,EA,GRTA-MX500,,,,,USD 562.05,Georipper - Unit,,Finished Goods,fifo,,,0.00,USD 0.00,Bushing - MX,MX1002,1.000000,Assembly,
6212012000000437763,GeoRipper(R)T/A MX500 W/EZ,,USD 1900.00,GeoRipper - Units,,,0.00,0.00,0.00,0.00,true,,goods,2,,,Active,EA,GRTA-MX500,,,,,USD 562.05,Georipper - Unit,,Finished Goods,fifo,,,0.00,USD 0.00,Small Pulley - MX,MX1003,1.000000,Assembly,
6212012000000437763,GeoRipper(R)T/A MX500 W/EZ,,USD 1900.00,GeoRipper - Units,,,0.00,0.00,0.00,0.00,true,,goods,2,,,Active,EA,GRTA-MX500,,,,,USD 562.05,Georipper - Unit,,Finished Goods,fifo,,,0.00,USD 0.00,Warehouse Hourly Labor,Labor30,1.000000,Assembly,
6212012000000437763,GeoRipper(R)T/A MX500 W/EZ,,USD 1900.00,GeoRipper - Units,,,0.00,0.00,0.00,0.00,true,,goods,2,,,Active,EA,GRTA-MX500,,,,,USD 562.05,Georipper - Unit,,Finished Goods,fifo,,,0.00,USD 0.00,GeoRipper Minitrencher Universal EZ Kart,EZ100,1.000000,Assembly,
6212012000000437763,GeoRipper(R)T/A MX500 W/EZ,,USD 1900.00,GeoRipper - Units,,,0.00,0.00,0.00,0.00,true,,goods,2,,,Active,EA,GRTA-MX500,,,,,USD 562.05,Georipper - Unit,,Finished Goods,fifo,,,0.00,USD 0.00,"20"" Digging Chain (Single Chain)",MT4500,2.000000,Assembly,
6212012000000437763,GeoRipper(R)T/A MX500 W/EZ,,USD 1900.00,GeoRipper - Units,,,0.00,0.00,0.00,0.00,true,,goods,2,,,Active,EA,GRTA-MX500,,,,,USD 562.05,Georipper - Unit,,Finished Goods,fifo,,,0.00,USD 0.00,Belt for Adapted Milwaukee MX314,MTB31-00,2.000000,Assembly,
6212012000000437763,GeoRipper(R)T/A MX500 W/EZ,,USD 1900.00,GeoRipper - Units,,,0.00,0.00,0.00,0.00,true,,goods,2,,,Active,EA,GRTA-MX500,,,,,USD 562.05,Georipper - Unit,,Finished Goods,fifo,,,0.00,USD 0.00,Box - TA700EZ,MT95196,1.000000,Assembly,
6212012000000437763,GeoRipper(R)T/A MX500 W/EZ,,USD 1900.00,GeoRipper - Units,,,0.00,0.00,0.00,0.00,true,,goods,2,,,Active,EA,GRTA-MX500,,,,,USD 562.05,Georipper - Unit,,Finished Goods,fifo,,,0.00,USD 0.00,Box - TASPACER,MT95192,2.000000,Assembly,
6212012000000437763,GeoRipper(R)T/A MX500 W/EZ,,USD 1900.00,GeoRipper - Units,,,0.00,0.00,0.00,0.00,true,,goods,2,,,Active,EA,GRTA-MX500,,,,,USD 562.05,Georipper - Unit,,Finished Goods,fifo,,,0.00,USD 0.00,M8-1.25 X 25 UNC HEX HEAD FLANGE BOLT GRADE 10.9,MT0825F,2.000000,Assembly,
6212012000000437763,GeoRipper(R)T/A MX500 W/EZ,,USD 1900.00,GeoRipper - Units,,,0.00,0.00,0.00,0.00,true,,goods,2,,,Active,EA,GRTA-MX500,,,,,USD 562.05,Georipper - Unit,,Finished Goods,fifo,,,0.00,USD 0.00,Dirt Deflector Warning Sticker,GRS17,1.000000,Assembly,
6212012000000437763,GeoRipper(R)T/A MX500 W/EZ,,USD 1900.00,GeoRipper - Units,,,0.00,0.00,0.00,0.00,true,,goods,2,,,Active,EA,GRTA-MX500,,,,,USD 562.05,Georipper - Unit,,Finished Goods,fifo,,,0.00,USD 0.00,M8 x 1.25 x 65 Zinc-Plated Hex Bolt,MT0865,3.000000,Assembly,
6212012000000437763,GeoRipper(R)T/A MX500 W/EZ,,USD 1900.00,GeoRipper - Units,,,0.00,0.00,0.00,0.00,true,,goods,2,,,Active,EA,GRTA-MX500,,,,,USD 562.05,Georipper - Unit,,Finished Goods,fifo,,,0.00,USD 0.00,Sticker - Hand Entanglement/Chain Drive,GRS11,1.000000,Assembly,
6212012000000437864,GeoRipper(R)T/A S500 W/EZ Kart,,USD 1900.00,GeoRipper - Units,GeoRipper,MiniTrencher,36.00,30.00,12.00,6.00,true,,goods,2,,,Active,EA,GRTA-S500,810075760675,810075760675,,22A,USD 507.93,Georipper - Unit,,Finished Goods,fifo,,,0.00,USD 0.00,Minitrencher Drive Sprocket for GeoRipper and GeoRipper(R)T/A,MT9001,1.000000,Assembly,
6212012000000437864,GeoRipper(R)T/A S500 W/EZ Kart,,USD 1900.00,GeoRipper - Units,GeoRipper,MiniTrencher,36.00,30.00,12.00,6.00,true,,goods,2,,,Active,EA,GRTA-S500,810075760675,810075760675,,22A,USD 507.93,Georipper - Unit,,Finished Goods,fifo,,,0.00,USD 0.00,Labyrinth for all GeoRipperT/A,MT9003,1.000000,Assembly,
6212012000000437864,GeoRipper(R)T/A S500 W/EZ Kart,,USD 1900.00,GeoRipper - Units,GeoRipper,MiniTrencher,36.00,30.00,12.00,6.00,true,,goods,2,,,Active,EA,GRTA-S500,810075760675,810075760675,,22A,USD 507.93,Georipper - Unit,,Finished Goods,fifo,,,0.00,USD 0.00,Drive Axle for all GeoRipperT/A,MT9002,1.000000,Assembly,
6212012000000437864,GeoRipper(R)T/A S500 W/EZ Kart,,USD 1900.00,GeoRipper - Units,GeoRipper,MiniTrencher,36.00,30.00,12.00,6.00,true,,goods,2,,,Active,EA,GRTA-S500,810075760675,810075760675,,22A,USD 507.93,Georipper - Unit,,Finished Goods,fifo,,,0.00,USD 0.00,R40 Snap Ring,MT0040,1.000000,Assembly,
6212012000000437864,GeoRipper(R)T/A S500 W/EZ Kart,,USD 1900.00,GeoRipper - Units,GeoRipper,MiniTrencher,36.00,30.00,12.00,6.00,true,,goods,2,,,Active,EA,GRTA-S500,810075760675,810075760675,,22A,USD 507.93,Georipper - Unit,,Finished Goods,fifo,,,0.00,USD 0.00,Bearing - 6203 RS,MT0062,2.000000,Assembly,
6212012000000437864,GeoRipper(R)T/A S500 W/EZ Kart,,USD 1900.00,GeoRipper - Units,GeoRipper,MiniTrencher,36.00,30.00,12.00,6.00,true,,goods,2,,,Active,EA,GRTA-S500,810075760675,810075760675,,22A,USD 507.93,Georipper - Unit,,Finished Goods,fifo,,,0.00,USD 0.00,Spacer,MT0010,1.000000,Assembly,
6212012000000437864,GeoRipper(R)T/A S500 W/EZ Kart,,USD 1900.00,GeoRipper - Units,GeoRipper,MiniTrencher,36.00,30.00,12.00,6.00,true,,goods,2,,,Active,EA,GRTA-S500,810075760675,810075760675,,22A,USD 507.93,Georipper - Unit,,Finished Goods,fifo,,,0.00,USD 0.00,M8 Zinc Plated Washer,MT0800,2.000000,Assembly,
6212012000000437864,GeoRipper(R)T/A S500 W/EZ Kart,,USD 1900.00,GeoRipper - Units,GeoRipper,MiniTrencher,36.00,30.00,12.00,6.00,true,,goods,2,,,Active,EA,GRTA-S500,810075760675,810075760675,,22A,USD 507.93,Georipper - Unit,,Finished Goods,fifo,,,0.00,USD 0.00,Foam Insert - GeoRipperT/A Box,MT0091,1.000000,Assembly,
6212012000000437864,GeoRipper(R)T/A S500 W/EZ Kart,,USD 1900.00,GeoRipper - Units,GeoRipper,MiniTrencher,36.00,30.00,12.00,6.00,true,,goods,2,,,Active,EA,GRTA-S500,810075760675,810075760675,,22A,USD 507.93,Georipper - Unit,,Finished Goods,fifo,,,0.00,USD 0.00,13mm Embossed Wrench,MT0013,1.000000,Assembly,
6212012000000437864,GeoRipper(R)T/A S500 W/EZ Kart,,USD 1900.00,GeoRipper - Units,GeoRipper,MiniTrencher,36.00,30.00,12.00,6.00,true,,goods,2,,,Active,EA,GRTA-S500,810075760675,810075760675,,22A,USD 507.93,Georipper - Unit,,Finished Goods,fifo,,,0.00,USD 0.00,18mm Embossed Wrench,MT0018,1.000000,Assembly,
6212012000000437864,GeoRipper(R)T/A S500 W/EZ Kart,,USD 1900.00,GeoRipper - Units,GeoRipper,MiniTrencher,36.00,30.00,12.00,6.00,true,,goods,2,,,Active,EA,GRTA-S500,810075760675,810075760675,,22A,USD 507.93,Georipper - Unit,,Finished Goods,fifo,,,0.00,USD 0.00,Pulley for Stihl TS420/TS500i GeoRipperT/A,S1001,1.000000,Assembly,
6212012000000437864,GeoRipper(R)T/A S500 W/EZ Kart,,USD 1900.00,GeoRipper - Units,GeoRipper,MiniTrencher,36.00,30.00,12.00,6.00,true,,goods,2,,,Active,EA,GRTA-S500,810075760675,810075760675,,22A,USD 507.93,Georipper - Unit,,Finished Goods,fifo,,,0.00,USD 0.00,Belt for Makita EK7651H & Stihl TS420/TS500i,MTB45-76,1.000000,Assembly,
6212012000000437864,GeoRipper(R)T/A S500 W/EZ Kart,,USD 1900.00,GeoRipper - Units,GeoRipper,MiniTrencher,36.00,30.00,12.00,6.00,true,,goods,2,,,Active,EA,GRTA-S500,810075760675,810075760675,,22A,USD 507.93,Georipper - Unit,,Finished Goods,fifo,,,0.00,USD 0.00,Owners Manual - GeoRipperT/A,GRTA-LIT-OM,1.000000,Assembly,
6212012000000437864,GeoRipper(R)T/A S500 W/EZ Kart,,USD 1900.00,GeoRipper - Units,GeoRipper,MiniTrencher,36.00,30.00,12.00,6.00,true,,goods,2,,,Active,EA,GRTA-S500,810075760675,810075760675,,22A,USD 507.93,Georipper - Unit,,Finished Goods,fifo,,,0.00,USD 0.00,Green PVC Tool Bag,MT0099,1.000000,Assembly,
6212012000000437864,GeoRipper(R)T/A S500 W/EZ Kart,,USD 1900.00,GeoRipper - Units,GeoRipper,MiniTrencher,36.00,30.00,12.00,6.00,true,,goods,2,,,Active,EA,GRTA-S500,810075760675,810075760675,,22A,USD 507.93,Georipper - Unit,,Finished Goods,fifo,,,0.00,USD 0.00,GeoRipper Minitrencher 20-Inch Digging Bar,MT3500,1.000000,Assembly,
6212012000000437864,GeoRipper(R)T/A S500 W/EZ Kart,,USD 1900.00,GeoRipper - Units,GeoRipper,MiniTrencher,36.00,30.00,12.00,6.00,true,,goods,2,,,Active,EA,GRTA-S500,810075760675,810075760675,,22A,USD 507.93,Georipper - Unit,,Finished Goods,fifo,,,0.00,USD 0.00,Safety Bar - 500 Series GeoRipperT/A,MT7500,1.000000,Assembly,
6212012000000437864,GeoRipper(R)T/A S500 W/EZ Kart,,USD 1900.00,GeoRipper - Units,GeoRipper,MiniTrencher,36.00,30.00,12.00,6.00,true,,goods,2,,,Active,EA,GRTA-S500,810075760675,810075760675,,22A,USD 507.93,Georipper - Unit,,Finished Goods,fifo,,,0.00,USD 0.00,Warehouse Hourly Labor,Labor30,1.000000,Assembly,
6212012000000437864,GeoRipper(R)T/A S500 W/EZ Kart,,USD 1900.00,GeoRipper - Units,GeoRipper,MiniTrencher,36.00,30.00,12.00,6.00,true,,goods,2,,,Active,EA,GRTA-S500,810075760675,810075760675,,22A,USD 507.93,Georipper - Unit,,Finished Goods,fifo,,,0.00,USD 0.00,Stihl T/A Casting,S1000,1.000000,Assembly,
6212012000000437864,GeoRipper(R)T/A S500 W/EZ Kart,,USD 1900.00,GeoRipper - Units,GeoRipper,MiniTrencher,36.00,30.00,12.00,6.00,true,,goods,2,,,Active,EA,GRTA-S500,810075760675,810075760675,,22A,USD 507.93,Georipper - Unit,,Finished Goods,fifo,,,0.00,USD 0.00,S1000 belt tension bolt,MT0870,1.000000,Assembly,
6212012000000437864,GeoRipper(R)T/A S500 W/EZ Kart,,USD 1900.00,GeoRipper - Units,GeoRipper,MiniTrencher,36.00,30.00,12.00,6.00,true,,goods,2,,,Active,EA,GRTA-S500,810075760675,810075760675,,22A,USD 507.93,Georipper - Unit,,Finished Goods,fifo,,,0.00,USD 0.00,M8 x 1.25 Square Nut,MT0803,1.000000,Assembly,
6212012000000437864,GeoRipper(R)T/A S500 W/EZ Kart,,USD 1900.00,GeoRipper - Units,GeoRipper,MiniTrencher,36.00,30.00,12.00,6.00,true,,goods,2,,,Active,EA,GRTA-S500,810075760675,810075760675,,22A,USD 507.93,Georipper - Unit,,Finished Goods,fifo,,,0.00,USD 0.00,M8 x 1.25 Hex Nut,MT0802,1.000000,Assembly,
6212012000000437864,GeoRipper(R)T/A S500 W/EZ Kart,,USD 1900.00,GeoRipper - Units,GeoRipper,MiniTrencher,36.00,30.00,12.00,6.00,true,,goods,2,,,Active,EA,GRTA-S500,810075760675,810075760675,,22A,USD 507.93,Georipper - Unit,,Finished Goods,fifo,,,0.00,USD 0.00,S1000 TENSION NUT RETAINING SCREWS,MT0822,2.000000,Assembly,
6212012000000437864,GeoRipper(R)T/A S500 W/EZ Kart,,USD 1900.00,GeoRipper - Units,GeoRipper,MiniTrencher,36.00,30.00,12.00,6.00,true,,goods,2,,,Active,EA,GRTA-S500,810075760675,810075760675,,22A,USD 507.93,Georipper - Unit,,Finished Goods,fifo,,,0.00,USD 0.00,M8 X 1.25 Flanged Nyloc Nut,GRKM7681.6,3.000000,Assembly,
6212012000000437864,GeoRipper(R)T/A S500 W/EZ Kart,,USD 1900.00,GeoRipper - Units,GeoRipper,MiniTrencher,36.00,30.00,12.00,6.00,true,,goods,2,,,Active,EA,GRTA-S500,810075760675,810075760675,,22A,USD 507.93,Georipper - Unit,,Finished Goods,fifo,,,0.00,USD 0.00,Bar Clamp Washer - Slotted,GR5.2,1.000000,Assembly,
6212012000000437864,GeoRipper(R)T/A S500 W/EZ Kart,,USD 1900.00,GeoRipper - Units,GeoRipper,MiniTrencher,36.00,30.00,12.00,6.00,true,,goods,2,,,Active,EA,GRTA-S500,810075760675,810075760675,,22A,USD 507.93,Georipper - Unit,,Finished Goods,fifo,,,0.00,USD 0.00,M12 X 1.75 X 30 Bolt 18mm Head,GR5.3,2.000000,Assembly,
6212012000000437864,GeoRipper(R)T/A S500 W/EZ Kart,,USD 1900.00,GeoRipper - Units,GeoRipper,MiniTrencher,36.00,30.00,12.00,6.00,true,,goods,2,,,Active,EA,GRTA-S500,810075760675,810075760675,,22A,USD 507.93,Georipper - Unit,,Finished Goods,fifo,,,0.00,USD 0.00,M12 Split Lock Washer,GR5.4,2.000000,Assembly,
6212012000000437864,GeoRipper(R)T/A S500 W/EZ Kart,,USD 1900.00,GeoRipper - Units,GeoRipper,MiniTrencher,36.00,30.00,12.00,6.00,true,,goods,2,,,Active,EA,GRTA-S500,810075760675,810075760675,,22A,USD 507.93,Georipper - Unit,,Finished Goods,fifo,,,0.00,USD 0.00,Dirt Deflector,MT8001,1.000000,Assembly,
6212012000000437864,GeoRipper(R)T/A S500 W/EZ Kart,,USD 1900.00,GeoRipper - Units,GeoRipper,MiniTrencher,36.00,30.00,12.00,6.00,true,,goods,2,,,Active,EA,GRTA-S500,810075760675,810075760675,,22A,USD 507.93,Georipper - Unit,,Finished Goods,fifo,,,0.00,USD 0.00,M5 X .8 X 16 Phillips Flat Machine Screw Plated,GR5.8,6.000000,Assembly,
6212012000000437864,GeoRipper(R)T/A S500 W/EZ Kart,,USD 1900.00,GeoRipper - Units,GeoRipper,MiniTrencher,36.00,30.00,12.00,6.00,true,,goods,2,,,Active,EA,GRTA-S500,810075760675,810075760675,,22A,USD 507.93,Georipper - Unit,,Finished Goods,fifo,,,0.00,USD 0.00,M5 x 18mm fender washer,GR5.12,8.000000,Assembly,
6212012000000437864,GeoRipper(R)T/A S500 W/EZ Kart,,USD 1900.00,GeoRipper - Units,GeoRipper,MiniTrencher,36.00,30.00,12.00,6.00,true,,goods,2,,,Active,EA,GRTA-S500,810075760675,810075760675,,22A,USD 507.93,Georipper - Unit,,Finished Goods,fifo,,,0.00,USD 0.00,M5 Nylock hex nut,GR5.11,6.000000,Assembly,
6212012000000437864,GeoRipper(R)T/A S500 W/EZ Kart,,USD 1900.00,GeoRipper - Units,GeoRipper,MiniTrencher,36.00,30.00,12.00,6.00,true,,goods,2,,,Active,EA,GRTA-S500,810075760675,810075760675,,22A,USD 507.93,Georipper - Unit,,Finished Goods,fifo,,,0.00,USD 0.00,Mud Flap A,MT8002,1.000000,Assembly,
6212012000000437864,GeoRipper(R)T/A S500 W/EZ Kart,,USD 1900.00,GeoRipper - Units,GeoRipper,MiniTrencher,36.00,30.00,12.00,6.00,true,,goods,2,,,Active,EA,GRTA-S500,810075760675,810075760675,,22A,USD 507.93,Georipper - Unit,,Finished Goods,fifo,,,0.00,USD 0.00,Mud Flap B,MT8003,1.000000,Assembly,
6212012000000437864,GeoRipper(R)T/A S500 W/EZ Kart,,USD 1900.00,GeoRipper - Units,GeoRipper,MiniTrencher,36.00,30.00,12.00,6.00,true,,goods,2,,,Active,EA,GRTA-S500,810075760675,810075760675,,22A,USD 507.93,Georipper - Unit,,Finished Goods,fifo,,,0.00,USD 0.00,M8 x 1.25 x 12 Bolt for Safety Bar,MT0812,2.000000,Assembly,
6212012000000437864,GeoRipper(R)T/A S500 W/EZ Kart,,USD 1900.00,GeoRipper - Units,GeoRipper,MiniTrencher,36.00,30.00,12.00,6.00,true,,goods,2,,,Active,EA,GRTA-S500,810075760675,810075760675,,22A,USD 507.93,Georipper - Unit,,Finished Goods,fifo,,,0.00,USD 0.00,M8 split lock washer zinc plated,MT0804,2.000000,Assembly,
6212012000000437864,GeoRipper(R)T/A S500 W/EZ Kart,,USD 1900.00,GeoRipper - Units,GeoRipper,MiniTrencher,36.00,30.00,12.00,6.00,true,,goods,2,,,Active,EA,GRTA-S500,810075760675,810075760675,,22A,USD 507.93,Georipper - Unit,,Finished Goods,fifo,,,0.00,USD 0.00,Wire retainer Stihl 500i,MT0011,1.000000,Assembly,
6212012000000437864,GeoRipper(R)T/A S500 W/EZ Kart,,USD 1900.00,GeoRipper - Units,GeoRipper,MiniTrencher,36.00,30.00,12.00,6.00,true,,goods,2,,,Active,EA,GRTA-S500,810075760675,810075760675,,22A,USD 507.93,Georipper - Unit,,Finished Goods,fifo,,,0.00,USD 0.00,Belt cover plug Stihl T/A,MT0012,1.000000,Assembly,
6212012000000437864,GeoRipper(R)T/A S500 W/EZ Kart,,USD 1900.00,GeoRipper - Units,GeoRipper,MiniTrencher,36.00,30.00,12.00,6.00,true,,goods,2,,,Active,EA,GRTA-S500,810075760675,810075760675,,22A,USD 507.93,Georipper - Unit,,Finished Goods,fifo,,,0.00,USD 0.00,Belt tensioner cap Stihl T/A,MT0014,1.000000,Assembly,
6212012000000437864,GeoRipper(R)T/A S500 W/EZ Kart,,USD 1900.00,GeoRipper - Units,GeoRipper,MiniTrencher,36.00,30.00,12.00,6.00,true,,goods,2,,,Active,EA,GRTA-S500,810075760675,810075760675,,22A,USD 507.93,Georipper - Unit,,Finished Goods,fifo,,,0.00,USD 0.00,Bearing (Sealed) 6002-RS2,GR1.2,1.000000,Assembly,
6212012000000437864,GeoRipper(R)T/A S500 W/EZ Kart,,USD 1900.00,GeoRipper - Units,GeoRipper,MiniTrencher,36.00,30.00,12.00,6.00,true,,goods,2,,,Active,EA,GRTA-S500,810075760675,810075760675,,22A,USD 507.93,Georipper - Unit,,Finished Goods,fifo,,,0.00,USD 0.00,M8x1.25x20 Countersunk 5mm Hex Drive Bolt 12.9grade,GR0.3.2,3.000000,Assembly,
6212012000000437864,GeoRipper(R)T/A S500 W/EZ Kart,,USD 1900.00,GeoRipper - Units,GeoRipper,MiniTrencher,36.00,30.00,12.00,6.00,true,,goods,2,,,Active,EA,GRTA-S500,810075760675,810075760675,,22A,USD 507.93,Georipper - Unit,,Finished Goods,fifo,,,0.00,USD 0.00,#50H Heavy Connecting Link Spring Clip,MT4004,1.000000,Assembly,
6212012000000437864,GeoRipper(R)T/A S500 W/EZ Kart,,USD 1900.00,GeoRipper - Units,GeoRipper,MiniTrencher,36.00,30.00,12.00,6.00,true,,goods,2,,,Active,EA,GRTA-S500,810075760675,810075760675,,22A,USD 507.93,Georipper - Unit,,Finished Goods,fifo,,,0.00,USD 0.00,GeoRipper Warranty Postcard,GR-LIT-WP,1.000000,Assembly,
6212012000000437864,GeoRipper(R)T/A S500 W/EZ Kart,,USD 1900.00,GeoRipper - Units,GeoRipper,MiniTrencher,36.00,30.00,12.00,6.00,true,,goods,2,,,Active,EA,GRTA-S500,810075760675,810075760675,,22A,USD 507.93,Georipper - Unit,,Finished Goods,fifo,,,0.00,USD 0.00,GeoRipper Minitrencher Universal EZ Kart,EZ100,1.000000,Assembly,
6212012000000437864,GeoRipper(R)T/A S500 W/EZ Kart,,USD 1900.00,GeoRipper - Units,GeoRipper,MiniTrencher,36.00,30.00,12.00,6.00,true,,goods,2,,,Active,EA,GRTA-S500,810075760675,810075760675,,22A,USD 507.93,Georipper - Unit,,Finished Goods,fifo,,,0.00,USD 0.00,Box - TA700EZ,MT95196,1.000000,Assembly,
6212012000000437864,GeoRipper(R)T/A S500 W/EZ Kart,,USD 1900.00,GeoRipper - Units,GeoRipper,MiniTrencher,36.00,30.00,12.00,6.00,true,,goods,2,,,Active,EA,GRTA-S500,810075760675,810075760675,,22A,USD 507.93,Georipper - Unit,,Finished Goods,fifo,,,0.00,USD 0.00,"20"" Digging Chain (Single Chain)",MT4500,2.000000,Assembly,
6212012000000437864,GeoRipper(R)T/A S500 W/EZ Kart,,USD 1900.00,GeoRipper - Units,GeoRipper,MiniTrencher,36.00,30.00,12.00,6.00,true,,goods,2,,,Active,EA,GRTA-S500,810075760675,810075760675,,22A,USD 507.93,Georipper - Unit,,Finished Goods,fifo,,,0.00,USD 0.00,M8-1.25 X 25 UNC HEX HEAD FLANGE BOLT GRADE 10.9,MT0825F,2.000000,Assembly,
6212012000000437864,GeoRipper(R)T/A S500 W/EZ Kart,,USD 1900.00,GeoRipper - Units,GeoRipper,MiniTrencher,36.00,30.00,12.00,6.00,true,,goods,2,,,Active,EA,GRTA-S500,810075760675,810075760675,,22A,USD 507.93,Georipper - Unit,,Finished Goods,fifo,,,0.00,USD 0.00,Dirt Deflector Warning Sticker,GRS17,1.000000,Assembly,
6212012000000437864,GeoRipper(R)T/A S500 W/EZ Kart,,USD 1900.00,GeoRipper - Units,GeoRipper,MiniTrencher,36.00,30.00,12.00,6.00,true,,goods,2,,,Active,EA,GRTA-S500,810075760675,810075760675,,22A,USD 507.93,Georipper - Unit,,Finished Goods,fifo,,,0.00,USD 0.00,Box - TASPACER,MT95192,2.000000,Assembly,
6212012000000437864,GeoRipper(R)T/A S500 W/EZ Kart,,USD 1900.00,GeoRipper - Units,GeoRipper,MiniTrencher,36.00,30.00,12.00,6.00,true,,goods,2,,,Active,EA,GRTA-S500,810075760675,810075760675,,22A,USD 507.93,Georipper - Unit,,Finished Goods,fifo,,,0.00,USD 0.00,Sticker - Hand Entanglement/Chain Drive,GRS11,1.000000,Assembly,
6212012000000437971,GeoRipper(R)T/A S500 with EZ Kart,,USD 2310.00,GeoRipper - Units,GeoRipper,MiniTrencher,50.00,36.00,12.00,12.00,true,,goods,2,,,Active,EA,GRTA-S500EZ,810075760354,810075760354,,22A,USD 519.42,Georipper - Unit,,Finished Goods,fifo,,,0.00,USD 0.00,Stihl T/A Casting,S1000,1.000000,Assembly,
6212012000000437971,GeoRipper(R)T/A S500 with EZ Kart,,USD 2310.00,GeoRipper - Units,GeoRipper,MiniTrencher,50.00,36.00,12.00,12.00,true,,goods,2,,,Active,EA,GRTA-S500EZ,810075760354,810075760354,,22A,USD 519.42,Georipper - Unit,,Finished Goods,fifo,,,0.00,USD 0.00,Bearing - 6203 RS,MT0062,2.000000,Assembly,
6212012000000437971,GeoRipper(R)T/A S500 with EZ Kart,,USD 2310.00,GeoRipper - Units,GeoRipper,MiniTrencher,50.00,36.00,12.00,12.00,true,,goods,2,,,Active,EA,GRTA-S500EZ,810075760354,810075760354,,22A,USD 519.42,Georipper - Unit,,Finished Goods,fifo,,,0.00,USD 0.00,R40 Snap Ring,MT0040,1.000000,Assembly,
6212012000000437971,GeoRipper(R)T/A S500 with EZ Kart,,USD 2310.00,GeoRipper - Units,GeoRipper,MiniTrencher,50.00,36.00,12.00,12.00,true,,goods,2,,,Active,EA,GRTA-S500EZ,810075760354,810075760354,,22A,USD 519.42,Georipper - Unit,,Finished Goods,fifo,,,0.00,USD 0.00,Drive Axle for all GeoRipperT/A,MT9002,1.000000,Assembly,
6212012000000437971,GeoRipper(R)T/A S500 with EZ Kart,,USD 2310.00,GeoRipper - Units,GeoRipper,MiniTrencher,50.00,36.00,12.00,12.00,true,,goods,2,,,Active,EA,GRTA-S500EZ,810075760354,810075760354,,22A,USD 519.42,Georipper - Unit,,Finished Goods,fifo,,,0.00,USD 0.00,Spacer,MT0010,1.000000,Assembly,
6212012000000437971,GeoRipper(R)T/A S500 with EZ Kart,,USD 2310.00,GeoRipper - Units,GeoRipper,MiniTrencher,50.00,36.00,12.00,12.00,true,,goods,2,,,Active,EA,GRTA-S500EZ,810075760354,810075760354,,22A,USD 519.42,Georipper - Unit,,Finished Goods,fifo,,,0.00,USD 0.00,Labyrinth for all GeoRipperT/A,MT9003,1.000000,Assembly,
6212012000000437971,GeoRipper(R)T/A S500 with EZ Kart,,USD 2310.00,GeoRipper - Units,GeoRipper,MiniTrencher,50.00,36.00,12.00,12.00,true,,goods,2,,,Active,EA,GRTA-S500EZ,810075760354,810075760354,,22A,USD 519.42,Georipper - Unit,,Finished Goods,fifo,,,0.00,USD 0.00,Minitrencher Drive Sprocket for GeoRipper and GeoRipper(R)T/A,MT9001,1.000000,Assembly,
6212012000000437971,GeoRipper(R)T/A S500 with EZ Kart,,USD 2310.00,GeoRipper - Units,GeoRipper,MiniTrencher,50.00,36.00,12.00,12.00,true,,goods,2,,,Active,EA,GRTA-S500EZ,810075760354,810075760354,,22A,USD 519.42,Georipper - Unit,,Finished Goods,fifo,,,0.00,USD 0.00,M8 Zinc Plated Washer,MT0800,2.000000,Assembly,
6212012000000437971,GeoRipper(R)T/A S500 with EZ Kart,,USD 2310.00,GeoRipper - Units,GeoRipper,MiniTrencher,50.00,36.00,12.00,12.00,true,,goods,2,,,Active,EA,GRTA-S500EZ,810075760354,810075760354,,22A,USD 519.42,Georipper - Unit,,Finished Goods,fifo,,,0.00,USD 0.00,Pulley for Stihl TS420/TS500i GeoRipperT/A,S1001,1.000000,Assembly,
6212012000000437971,GeoRipper(R)T/A S500 with EZ Kart,,USD 2310.00,GeoRipper - Units,GeoRipper,MiniTrencher,50.00,36.00,12.00,12.00,true,,goods,2,,,Active,EA,GRTA-S500EZ,810075760354,810075760354,,22A,USD 519.42,Georipper - Unit,,Finished Goods,fifo,,,0.00,USD 0.00,Dirt Deflector,MT8001,1.000000,Assembly,
6212012000000437971,GeoRipper(R)T/A S500 with EZ Kart,,USD 2310.00,GeoRipper - Units,GeoRipper,MiniTrencher,50.00,36.00,12.00,12.00,true,,goods,2,,,Active,EA,GRTA-S500EZ,810075760354,810075760354,,22A,USD 519.42,Georipper - Unit,,Finished Goods,fifo,,,0.00,USD 0.00,Mud Flap A,MT8002,1.000000,Assembly,
6212012000000437971,GeoRipper(R)T/A S500 with EZ Kart,,USD 2310.00,GeoRipper - Units,GeoRipper,MiniTrencher,50.00,36.00,12.00,12.00,true,,goods,2,,,Active,EA,GRTA-S500EZ,810075760354,810075760354,,22A,USD 519.42,Georipper - Unit,,Finished Goods,fifo,,,0.00,USD 0.00,Mud Flap B,MT8003,1.000000,Assembly,
6212012000000437971,GeoRipper(R)T/A S500 with EZ Kart,,USD 2310.00,GeoRipper - Units,GeoRipper,MiniTrencher,50.00,36.00,12.00,12.00,true,,goods,2,,,Active,EA,GRTA-S500EZ,810075760354,810075760354,,22A,USD 519.42,Georipper - Unit,,Finished Goods,fifo,,,0.00,USD 0.00,M5 X .8 X 16 Phillips Flat Machine Screw Plated,GR5.8,6.000000,Assembly,
6212012000000437971,GeoRipper(R)T/A S500 with EZ Kart,,USD 2310.00,GeoRipper - Units,GeoRipper,MiniTrencher,50.00,36.00,12.00,12.00,true,,goods,2,,,Active,EA,GRTA-S500EZ,810075760354,810075760354,,22A,USD 519.42,Georipper - Unit,,Finished Goods,fifo,,,0.00,USD 0.00,M5 x 18mm fender washer,GR5.12,6.000000,Assembly,
6212012000000437971,GeoRipper(R)T/A S500 with EZ Kart,,USD 2310.00,GeoRipper - Units,GeoRipper,MiniTrencher,50.00,36.00,12.00,12.00,true,,goods,2,,,Active,EA,GRTA-S500EZ,810075760354,810075760354,,22A,USD 519.42,Georipper - Unit,,Finished Goods,fifo,,,0.00,USD 0.00,M5 Nylock hex nut,GR5.11,6.000000,Assembly,
6212012000000437971,GeoRipper(R)T/A S500 with EZ Kart,,USD 2310.00,GeoRipper - Units,GeoRipper,MiniTrencher,50.00,36.00,12.00,12.00,true,,goods,2,,,Active,EA,GRTA-S500EZ,810075760354,810075760354,,22A,USD 519.42,Georipper - Unit,,Finished Goods,fifo,,,0.00,USD 0.00,Bar Clamp Washer - Slotted,GR5.2,1.000000,Assembly,
6212012000000437971,GeoRipper(R)T/A S500 with EZ Kart,,USD 2310.00,GeoRipper - Units,GeoRipper,MiniTrencher,50.00,36.00,12.00,12.00,true,,goods,2,,,Active,EA,GRTA-S500EZ,810075760354,810075760354,,22A,USD 519.42,Georipper - Unit,,Finished Goods,fifo,,,0.00,USD 0.00,M12 X 1.75 X 30 Bolt 18mm Head,GR5.3,2.000000,Assembly,
6212012000000437971,GeoRipper(R)T/A S500 with EZ Kart,,USD 2310.00,GeoRipper - Units,GeoRipper,MiniTrencher,50.00,36.00,12.00,12.00,true,,goods,2,,,Active,EA,GRTA-S500EZ,810075760354,810075760354,,22A,USD 519.42,Georipper - Unit,,Finished Goods,fifo,,,0.00,USD 0.00,M12 Split Lock Washer,GR5.4,2.000000,Assembly,
6212012000000437971,GeoRipper(R)T/A S500 with EZ Kart,,USD 2310.00,GeoRipper - Units,GeoRipper,MiniTrencher,50.00,36.00,12.00,12.00,true,,goods,2,,,Active,EA,GRTA-S500EZ,810075760354,810075760354,,22A,USD 519.42,Georipper - Unit,,Finished Goods,fifo,,,0.00,USD 0.00,S1000 belt tension bolt,MT0870,1.000000,Assembly,
6212012000000437971,GeoRipper(R)T/A S500 with EZ Kart,,USD 2310.00,GeoRipper - Units,GeoRipper,MiniTrencher,50.00,36.00,12.00,12.00,true,,goods,2,,,Active,EA,GRTA-S500EZ,810075760354,810075760354,,22A,USD 519.42,Georipper - Unit,,Finished Goods,fifo,,,0.00,USD 0.00,M8 x 1.25 Square Nut,MT0803,1.000000,Assembly,
6212012000000437971,GeoRipper(R)T/A S500 with EZ Kart,,USD 2310.00,GeoRipper - Units,GeoRipper,MiniTrencher,50.00,36.00,12.00,12.00,true,,goods,2,,,Active,EA,GRTA-S500EZ,810075760354,810075760354,,22A,USD 519.42,Georipper - Unit,,Finished Goods,fifo,,,0.00,USD 0.00,S1000 TENSION NUT RETAINING SCREWS,MT0822,2.000000,Assembly,
6212012000000437971,GeoRipper(R)T/A S500 with EZ Kart,,USD 2310.00,GeoRipper - Units,GeoRipper,MiniTrencher,50.00,36.00,12.00,12.00,true,,goods,2,,,Active,EA,GRTA-S500EZ,810075760354,810075760354,,22A,USD 519.42,Georipper - Unit,,Finished Goods,fifo,,,0.00,USD 0.00,M8 x 1.25 Hex Nut,MT0802,1.000000,Assembly,
6212012000000437971,GeoRipper(R)T/A S500 with EZ Kart,,USD 2310.00,GeoRipper - Units,GeoRipper,MiniTrencher,50.00,36.00,12.00,12.00,true,,goods,2,,,Active,EA,GRTA-S500EZ,810075760354,810075760354,,22A,USD 519.42,Georipper - Unit,,Finished Goods,fifo,,,0.00,USD 0.00,Safety Bar - 500 Series GeoRipperT/A,MT7500,1.000000,Assembly,
6212012000000437971,GeoRipper(R)T/A S500 with EZ Kart,,USD 2310.00,GeoRipper - Units,GeoRipper,MiniTrencher,50.00,36.00,12.00,12.00,true,,goods,2,,,Active,EA,GRTA-S500EZ,810075760354,810075760354,,22A,USD 519.42,Georipper - Unit,,Finished Goods,fifo,,,0.00,USD 0.00,M8 x 1.25 x 12 Bolt for Safety Bar,MT0812,2.000000,Assembly,
6212012000000437971,GeoRipper(R)T/A S500 with EZ Kart,,USD 2310.00,GeoRipper - Units,GeoRipper,MiniTrencher,50.00,36.00,12.00,12.00,true,,goods,2,,,Active,EA,GRTA-S500EZ,810075760354,810075760354,,22A,USD 519.42,Georipper - Unit,,Finished Goods,fifo,,,0.00,USD 0.00,M8 split lock washer zinc plated,MT0804,2.000000,Assembly,
6212012000000437971,GeoRipper(R)T/A S500 with EZ Kart,,USD 2310.00,GeoRipper - Units,GeoRipper,MiniTrencher,50.00,36.00,12.00,12.00,true,,goods,2,,,Active,EA,GRTA-S500EZ,810075760354,810075760354,,22A,USD 519.42,Georipper - Unit,,Finished Goods,fifo,,,0.00,USD 0.00,M8 X 1.25 Flanged Nyloc Nut,GRKM7681.6,3.000000,Assembly,
6212012000000437971,GeoRipper(R)T/A S500 with EZ Kart,,USD 2310.00,GeoRipper - Units,GeoRipper,MiniTrencher,50.00,36.00,12.00,12.00,true,,goods,2,,,Active,EA,GRTA-S500EZ,810075760354,810075760354,,22A,USD 519.42,Georipper - Unit,,Finished Goods,fifo,,,0.00,USD 0.00,Green PVC Tool Bag,MT0099,1.000000,Assembly,
6212012000000437971,GeoRipper(R)T/A S500 with EZ Kart,,USD 2310.00,GeoRipper - Units,GeoRipper,MiniTrencher,50.00,36.00,12.00,12.00,true,,goods,2,,,Active,EA,GRTA-S500EZ,810075760354,810075760354,,22A,USD 519.42,Georipper - Unit,,Finished Goods,fifo,,,0.00,USD 0.00,Belt for Makita EK7651H & Stihl TS420/TS500i,MTB45-76,1.000000,Assembly,
6212012000000437971,GeoRipper(R)T/A S500 with EZ Kart,,USD 2310.00,GeoRipper - Units,GeoRipper,MiniTrencher,50.00,36.00,12.00,12.00,true,,goods,2,,,Active,EA,GRTA-S500EZ,810075760354,810075760354,,22A,USD 519.42,Georipper - Unit,,Finished Goods,fifo,,,0.00,USD 0.00,Owners Manual - GeoRipperT/A,GRTA-LIT-OM,1.000000,Assembly,
6212012000000437971,GeoRipper(R)T/A S500 with EZ Kart,,USD 2310.00,GeoRipper - Units,GeoRipper,MiniTrencher,50.00,36.00,12.00,12.00,true,,goods,2,,,Active,EA,GRTA-S500EZ,810075760354,810075760354,,22A,USD 519.42,Georipper - Unit,,Finished Goods,fifo,,,0.00,USD 0.00,GeoRipper Warranty Postcard,GR-LIT-WP,1.000000,Assembly,
6212012000000437971,GeoRipper(R)T/A S500 with EZ Kart,,USD 2310.00,GeoRipper - Units,GeoRipper,MiniTrencher,50.00,36.00,12.00,12.00,true,,goods,2,,,Active,EA,GRTA-S500EZ,810075760354,810075760354,,22A,USD 519.42,Georipper - Unit,,Finished Goods,fifo,,,0.00,USD 0.00,18mm Embossed Wrench,MT0018,1.000000,Assembly,
6212012000000437971,GeoRipper(R)T/A S500 with EZ Kart,,USD 2310.00,GeoRipper - Units,GeoRipper,MiniTrencher,50.00,36.00,12.00,12.00,true,,goods,2,,,Active,EA,GRTA-S500EZ,810075760354,810075760354,,22A,USD 519.42,Georipper - Unit,,Finished Goods,fifo,,,0.00,USD 0.00,13mm Embossed Wrench,MT0013,1.000000,Assembly,
6212012000000437971,GeoRipper(R)T/A S500 with EZ Kart,,USD 2310.00,GeoRipper - Units,GeoRipper,MiniTrencher,50.00,36.00,12.00,12.00,true,,goods,2,,,Active,EA,GRTA-S500EZ,810075760354,810075760354,,22A,USD 519.42,Georipper - Unit,,Finished Goods,fifo,,,0.00,USD 0.00,Wire retainer Stihl 500i,MT0011,1.000000,Assembly,
6212012000000437971,GeoRipper(R)T/A S500 with EZ Kart,,USD 2310.00,GeoRipper - Units,GeoRipper,MiniTrencher,50.00,36.00,12.00,12.00,true,,goods,2,,,Active,EA,GRTA-S500EZ,810075760354,810075760354,,22A,USD 519.42,Georipper - Unit,,Finished Goods,fifo,,,0.00,USD 0.00,Belt cover plug Stihl T/A,MT0012,1.000000,Assembly,
6212012000000437971,GeoRipper(R)T/A S500 with EZ Kart,,USD 2310.00,GeoRipper - Units,GeoRipper,MiniTrencher,50.00,36.00,12.00,12.00,true,,goods,2,,,Active,EA,GRTA-S500EZ,810075760354,810075760354,,22A,USD 519.42,Georipper - Unit,,Finished Goods,fifo,,,0.00,USD 0.00,Belt tensioner cap Stihl T/A,MT0014,1.000000,Assembly,
6212012000000437971,GeoRipper(R)T/A S500 with EZ Kart,,USD 2310.00,GeoRipper - Units,GeoRipper,MiniTrencher,50.00,36.00,12.00,12.00,true,,goods,2,,,Active,EA,GRTA-S500EZ,810075760354,810075760354,,22A,USD 519.42,Georipper - Unit,,Finished Goods,fifo,,,0.00,USD 0.00,Bearing (Sealed) 6002-RS2,GR1.2,1.000000,Assembly,
6212012000000437971,GeoRipper(R)T/A S500 with EZ Kart,,USD 2310.00,GeoRipper - Units,GeoRipper,MiniTrencher,50.00,36.00,12.00,12.00,true,,goods,2,,,Active,EA,GRTA-S500EZ,810075760354,810075760354,,22A,USD 519.42,Georipper - Unit,,Finished Goods,fifo,,,0.00,USD 0.00,M8x1.25x20 Countersunk 5mm Hex Drive Bolt 12.9grade,GR0.3.2,3.000000,Assembly,
6212012000000437971,GeoRipper(R)T/A S500 with EZ Kart,,USD 2310.00,GeoRipper - Units,GeoRipper,MiniTrencher,50.00,36.00,12.00,12.00,true,,goods,2,,,Active,EA,GRTA-S500EZ,810075760354,810075760354,,22A,USD 519.42,Georipper - Unit,,Finished Goods,fifo,,,0.00,USD 0.00,#50H Heavy Connecting Link Spring Clip,MT4004,1.000000,Assembly,
6212012000000437971,GeoRipper(R)T/A S500 with EZ Kart,,USD 2310.00,GeoRipper - Units,GeoRipper,MiniTrencher,50.00,36.00,12.00,12.00,true,,goods,2,,,Active,EA,GRTA-S500EZ,810075760354,810075760354,,22A,USD 519.42,Georipper - Unit,,Finished Goods,fifo,,,0.00,USD 0.00,GeoRipper Minitrencher 20-Inch Digging Bar,MT3500,1.000000,Assembly,
6212012000000437971,GeoRipper(R)T/A S500 with EZ Kart,,USD 2310.00,GeoRipper - Units,GeoRipper,MiniTrencher,50.00,36.00,12.00,12.00,true,,goods,2,,,Active,EA,GRTA-S500EZ,810075760354,810075760354,,22A,USD 519.42,Georipper - Unit,,Finished Goods,fifo,,,0.00,USD 0.00,GeoRipper Minitrencher Universal EZ Kart,EZ100,1.000000,Assembly,
6212012000000437971,GeoRipper(R)T/A S500 with EZ Kart,,USD 2310.00,GeoRipper - Units,GeoRipper,MiniTrencher,50.00,36.00,12.00,12.00,true,,goods,2,,,Active,EA,GRTA-S500EZ,810075760354,810075760354,,22A,USD 519.42,Georipper - Unit,,Finished Goods,fifo,,,0.00,USD 0.00,Box - TASPACER,MT95192,2.000000,Assembly,
6212012000000437971,GeoRipper(R)T/A S500 with EZ Kart,,USD 2310.00,GeoRipper - Units,GeoRipper,MiniTrencher,50.00,36.00,12.00,12.00,true,,goods,2,,,Active,EA,GRTA-S500EZ,810075760354,810075760354,,22A,USD 519.42,Georipper - Unit,,Finished Goods,fifo,,,0.00,USD 0.00,Box - TA700,MT95197,1.000000,Assembly,
6212012000000437971,GeoRipper(R)T/A S500 with EZ Kart,,USD 2310.00,GeoRipper - Units,GeoRipper,MiniTrencher,50.00,36.00,12.00,12.00,true,,goods,2,,,Active,EA,GRTA-S500EZ,810075760354,810075760354,,22A,USD 519.42,Georipper - Unit,,Finished Goods,fifo,,,0.00,USD 0.00,Foam Insert - GeoRipperT/A Box,MT0091,1.000000,Assembly,
6212012000000437971,GeoRipper(R)T/A S500 with EZ Kart,,USD 2310.00,GeoRipper - Units,GeoRipper,MiniTrencher,50.00,36.00,12.00,12.00,true,,goods,2,,,Active,EA,GRTA-S500EZ,810075760354,810075760354,,22A,USD 519.42,Georipper - Unit,,Finished Goods,fifo,,,0.00,USD 0.00,Sticker - 811 - Call Before You Dig,GRS3,1.000000,Assembly,
6212012000000437971,GeoRipper(R)T/A S500 with EZ Kart,,USD 2310.00,GeoRipper - Units,GeoRipper,MiniTrencher,50.00,36.00,12.00,12.00,true,,goods,2,,,Active,EA,GRTA-S500EZ,810075760354,810075760354,,22A,USD 519.42,Georipper - Unit,,Finished Goods,fifo,,,0.00,USD 0.00,Warehouse Hourly Labor,Labor30,1.000000,Assembly,
6212012000000437971,GeoRipper(R)T/A S500 with EZ Kart,,USD 2310.00,GeoRipper - Units,GeoRipper,MiniTrencher,50.00,36.00,12.00,12.00,true,,goods,2,,,Active,EA,GRTA-S500EZ,810075760354,810075760354,,22A,USD 519.42,Georipper - Unit,,Finished Goods,fifo,,,0.00,USD 0.00,M8 x 1.25 x 25 Hex Cap Screw,MT0825,2.000000,Assembly,
6212012000000437971,GeoRipper(R)T/A S500 with EZ Kart,,USD 2310.00,GeoRipper - Units,GeoRipper,MiniTrencher,50.00,36.00,12.00,12.00,true,,goods,2,,,Active,EA,GRTA-S500EZ,810075760354,810075760354,,22A,USD 519.42,Georipper - Unit,,Finished Goods,fifo,,,0.00,USD 0.00,"20"" Digging Chain (Single Chain)",MT4500,2.000000,Assembly,
6212012000000438078,GeoRipper(R) 20-Inch R.I.P. Kit,"All 20"" GeoRipper models aside from 6-series
Kit includes 2 digging chains, 6-tooth nose sprocket, drive sprocket, and con-link",USD 250.00,GeoRipper - Parts,,,0.00,0.00,0.00,0.00,true,,goods,2,,,Active,Kit,MTRIP500,,,,,USD 74.55,GeoRipper - Part,,Finished Goods,fifo,,,0.00,USD 0.00,GeoRipper Minitrencher 6-Tooth Nose Sprocket with Bearing,MT1500,1.000000,Assembly,
6212012000000438078,GeoRipper(R) 20-Inch R.I.P. Kit,"All 20"" GeoRipper models aside from 6-series
Kit includes 2 digging chains, 6-tooth nose sprocket, drive sprocket, and con-link",USD 250.00,GeoRipper - Parts,,,0.00,0.00,0.00,0.00,true,,goods,2,,,Active,Kit,MTRIP500,,,,,USD 74.55,GeoRipper - Part,,Finished Goods,fifo,,,0.00,USD 0.00,#50H Heavy Connecting Link Spring Clip,MT4004,1.000000,Assembly,
6212012000000438078,GeoRipper(R) 20-Inch R.I.P. Kit,"All 20"" GeoRipper models aside from 6-series
Kit includes 2 digging chains, 6-tooth nose sprocket, drive sprocket, and con-link",USD 250.00,GeoRipper - Parts,,,0.00,0.00,0.00,0.00,true,,goods,2,,,Active,Kit,MTRIP500,,,,,USD 74.55,GeoRipper - Part,,Finished Goods,fifo,,,0.00,USD 0.00,Minitrencher Drive Sprocket for GeoRipper and GeoRipper(R)T/A,MT9001,1.000000,Assembly,
6212012000000438078,GeoRipper(R) 20-Inch R.I.P. Kit,"All 20"" GeoRipper models aside from 6-series
Kit includes 2 digging chains, 6-tooth nose sprocket, drive sprocket, and con-link",USD 250.00,GeoRipper - Parts,,,0.00,0.00,0.00,0.00,true,,goods,2,,,Active,Kit,MTRIP500,,,,,USD 74.55,GeoRipper - Part,,Finished Goods,fifo,,,0.00,USD 0.00,"20"" Digging Chain (Single Chain)",MT4500,2.000000,Assembly,
6212012000000438078,GeoRipper(R) 20-Inch R.I.P. Kit,"All 20"" GeoRipper models aside from 6-series
Kit includes 2 digging chains, 6-tooth nose sprocket, drive sprocket, and con-link",USD 250.00,GeoRipper - Parts,,,0.00,0.00,0.00,0.00,true,,goods,2,,,Active,Kit,MTRIP500,,,,,USD 74.55,GeoRipper - Part,,Finished Goods,fifo,,,0.00,USD 0.00,10 x 10 x 5 Uline Box,MT10105,1.000000,Assembly,
6212012000000438101,"SiBore Drill - SB216 Gas Powered w/ 2"" and 4"" Auger","Includes: General 242H Earth Auger w/ Honda GX35 4-Cycle Multi-Directional Motor
Handle Assembly
Twist Throttle
Transmission
**Add SB242SBD in separate line**",USD 3785.00,SiBore Drill - Units,,,0.00,0.00,0.00,0.00,true,,goods,2,,,Active,EA,SB216,,,,,USD 652.23,SiBore Drill - Unit,,Finished Goods,fifo,,,0.00,USD 0.00,"SiBore Drill - 4"" Auger Bit",SB4000,1.000000,Assembly,
6212012000000438101,"SiBore Drill - SB216 Gas Powered w/ 2"" and 4"" Auger","Includes: General 242H Earth Auger w/ Honda GX35 4-Cycle Multi-Directional Motor
Handle Assembly
Twist Throttle
Transmission
**Add SB242SBD in separate line**",USD 3785.00,SiBore Drill - Units,,,0.00,0.00,0.00,0.00,true,,goods,2,,,Active,EA,SB216,,,,,USD 652.23,SiBore Drill - Unit,,Finished Goods,fifo,,,0.00,USD 0.00,SiBore Drill - Shipping Box,SBBOX1,1.000000,Assembly,
6212012000000438101,"SiBore Drill - SB216 Gas Powered w/ 2"" and 4"" Auger","Includes: General 242H Earth Auger w/ Honda GX35 4-Cycle Multi-Directional Motor
Handle Assembly
Twist Throttle
Transmission
**Add SB242SBD in separate line**",USD 3785.00,SiBore Drill - Units,,,0.00,0.00,0.00,0.00,true,,goods,2,,,Active,EA,SB216,,,,,USD 652.23,SiBore Drill - Unit,,Finished Goods,fifo,,,0.00,USD 0.00,"SiBore Drill - 2"" Auger Bit",SB2000,1.000000,Assembly,
6212012000000438101,"SiBore Drill - SB216 Gas Powered w/ 2"" and 4"" Auger","Includes: General 242H Earth Auger w/ Honda GX35 4-Cycle Multi-Directional Motor
Handle Assembly
Twist Throttle
Transmission
**Add SB242SBD in separate line**",USD 3785.00,SiBore Drill - Units,,,0.00,0.00,0.00,0.00,true,,goods,2,,,Active,EA,SB216,,,,,USD 652.23,SiBore Drill - Unit,,Finished Goods,fifo,,,0.00,USD 0.00,"SiBore Drill - 32"" Extension",SB3200,3.000000,Assembly,
6212012000000438101,"SiBore Drill - SB216 Gas Powered w/ 2"" and 4"" Auger","Includes: General 242H Earth Auger w/ Honda GX35 4-Cycle Multi-Directional Motor
Handle Assembly
Twist Throttle
Transmission
**Add SB242SBD in separate line**",USD 3785.00,SiBore Drill - Units,,,0.00,0.00,0.00,0.00,true,,goods,2,,,Active,EA,SB216,,,,,USD 652.23,SiBore Drill - Unit,,Finished Goods,fifo,,,0.00,USD 0.00,SiBore Motor Mount,SB0300,1.000000,Assembly,
6212012000000438101,"SiBore Drill - SB216 Gas Powered w/ 2"" and 4"" Auger","Includes: General 242H Earth Auger w/ Honda GX35 4-Cycle Multi-Directional Motor
Handle Assembly
Twist Throttle
Transmission
**Add SB242SBD in separate line**",USD 3785.00,SiBore Drill - Units,,,0.00,0.00,0.00,0.00,true,,goods,2,,,Active,EA,SB216,,,,,USD 652.23,SiBore Drill - Unit,,Finished Goods,fifo,,,0.00,USD 0.00,"1/4""-20 x 2.5"" Pan Head Screw",SB1425,3.000000,Assembly,
6212012000000438101,"SiBore Drill - SB216 Gas Powered w/ 2"" and 4"" Auger","Includes: General 242H Earth Auger w/ Honda GX35 4-Cycle Multi-Directional Motor
Handle Assembly
Twist Throttle
Transmission
**Add SB242SBD in separate line**",USD 3785.00,SiBore Drill - Units,,,0.00,0.00,0.00,0.00,true,,goods,2,,,Active,EA,SB216,,,,,USD 652.23,SiBore Drill - Unit,,Finished Goods,fifo,,,0.00,USD 0.00,"3/8""-16 x 1"" Grade 8 YellowZinc Bolt",SB38010,2.000000,Assembly,
6212012000000438101,"SiBore Drill - SB216 Gas Powered w/ 2"" and 4"" Auger","Includes: General 242H Earth Auger w/ Honda GX35 4-Cycle Multi-Directional Motor
Handle Assembly
Twist Throttle
Transmission
**Add SB242SBD in separate line**",USD 3785.00,SiBore Drill - Units,,,0.00,0.00,0.00,0.00,true,,goods,2,,,Active,EA,SB216,,,,,USD 652.23,SiBore Drill - Unit,,Finished Goods,fifo,,,0.00,USD 0.00,"3/8""-16 x 2.25"" Grade 8 YellowZinc Bolt",SB3822,2.000000,Assembly,
6212012000000438101,"SiBore Drill - SB216 Gas Powered w/ 2"" and 4"" Auger","Includes: General 242H Earth Auger w/ Honda GX35 4-Cycle Multi-Directional Motor
Handle Assembly
Twist Throttle
Transmission
**Add SB242SBD in separate line**",USD 3785.00,SiBore Drill - Units,,,0.00,0.00,0.00,0.00,true,,goods,2,,,Active,EA,SB216,,,,,USD 652.23,SiBore Drill - Unit,,Finished Goods,fifo,,,0.00,USD 0.00,"3/8"" split lock washer GR8 yellow zinc",SB3807,2.000000,Assembly,
6212012000000438101,"SiBore Drill - SB216 Gas Powered w/ 2"" and 4"" Auger","Includes: General 242H Earth Auger w/ Honda GX35 4-Cycle Multi-Directional Motor
Handle Assembly
Twist Throttle
Transmission
**Add SB242SBD in separate line**",USD 3785.00,SiBore Drill - Units,,,0.00,0.00,0.00,0.00,true,,goods,2,,,Active,EA,SB216,,,,,USD 652.23,SiBore Drill - Unit,,Finished Goods,fifo,,,0.00,USD 0.00,SiBore Drill - Tray,SBBOX2,1.000000,Assembly,
6212012000000438101,"SiBore Drill - SB216 Gas Powered w/ 2"" and 4"" Auger","Includes: General 242H Earth Auger w/ Honda GX35 4-Cycle Multi-Directional Motor
Handle Assembly
Twist Throttle
Transmission
**Add SB242SBD in separate line**",USD 3785.00,SiBore Drill - Units,,,0.00,0.00,0.00,0.00,true,,goods,2,,,Active,EA,SB216,,,,,USD 652.23,SiBore Drill - Unit,,Finished Goods,fifo,,,0.00,USD 0.00,"3/8""-16 Nylock Nut",SB3803,2.000000,Assembly,
6212012000000438101,"SiBore Drill - SB216 Gas Powered w/ 2"" and 4"" Auger","Includes: General 242H Earth Auger w/ Honda GX35 4-Cycle Multi-Directional Motor
Handle Assembly
Twist Throttle
Transmission
**Add SB242SBD in separate line**",USD 3785.00,SiBore Drill - Units,,,0.00,0.00,0.00,0.00,true,,goods,2,,,Active,EA,SB216,,,,,USD 652.23,SiBore Drill - Unit,,Finished Goods,fifo,,,0.00,USD 0.00,Green PVC Tool Bag,MT0099,1.000000,Assembly,
6212012000000438101,"SiBore Drill - SB216 Gas Powered w/ 2"" and 4"" Auger","Includes: General 242H Earth Auger w/ Honda GX35 4-Cycle Multi-Directional Motor
Handle Assembly
Twist Throttle
Transmission
**Add SB242SBD in separate line**",USD 3785.00,SiBore Drill - Units,,,0.00,0.00,0.00,0.00,true,,goods,2,,,Active,EA,SB216,,,,,USD 652.23,SiBore Drill - Unit,,Finished Goods,fifo,,,0.00,USD 0.00,"SiBore Drill - 7/16"" Combo Wrench",SB121,1.000000,Assembly,
6212012000000438101,"SiBore Drill - SB216 Gas Powered w/ 2"" and 4"" Auger","Includes: General 242H Earth Auger w/ Honda GX35 4-Cycle Multi-Directional Motor
Handle Assembly
Twist Throttle
Transmission
**Add SB242SBD in separate line**",USD 3785.00,SiBore Drill - Units,,,0.00,0.00,0.00,0.00,true,,goods,2,,,Active,EA,SB216,,,,,USD 652.23,SiBore Drill - Unit,,Finished Goods,fifo,,,0.00,USD 0.00,"SiBore Drill - 9/16"" Combo Wrench",SB122,2.000000,Assembly,
6212012000000438101,"SiBore Drill - SB216 Gas Powered w/ 2"" and 4"" Auger","Includes: General 242H Earth Auger w/ Honda GX35 4-Cycle Multi-Directional Motor
Handle Assembly
Twist Throttle
Transmission
**Add SB242SBD in separate line**",USD 3785.00,SiBore Drill - Units,,,0.00,0.00,0.00,0.00,true,,goods,2,,,Active,EA,SB216,,,,,USD 652.23,SiBore Drill - Unit,,Finished Goods,fifo,,,0.00,USD 0.00,SiBore Owner's Manual,SB-LIT-OM,1.000000,Assembly,
6212012000000438101,"SiBore Drill - SB216 Gas Powered w/ 2"" and 4"" Auger","Includes: General 242H Earth Auger w/ Honda GX35 4-Cycle Multi-Directional Motor
Handle Assembly
Twist Throttle
Transmission
**Add SB242SBD in separate line**",USD 3785.00,SiBore Drill - Units,,,0.00,0.00,0.00,0.00,true,,goods,2,,,Active,EA,SB216,,,,,USD 652.23,SiBore Drill - Unit,,Finished Goods,fifo,,,0.00,USD 0.00,GeoRipper Warranty Postcard,GR-LIT-WP,1.000000,Assembly,
6212012000000438101,"SiBore Drill - SB216 Gas Powered w/ 2"" and 4"" Auger","Includes: General 242H Earth Auger w/ Honda GX35 4-Cycle Multi-Directional Motor
Handle Assembly
Twist Throttle
Transmission
**Add SB242SBD in separate line**",USD 3785.00,SiBore Drill - Units,,,0.00,0.00,0.00,0.00,true,,goods,2,,,Active,EA,SB216,,,,,USD 652.23,SiBore Drill - Unit,,Finished Goods,fifo,,,0.00,USD 0.00,SiBore Accessory Bag,SBACCBAG,1.000000,Assembly,
6212012000000438101,"SiBore Drill - SB216 Gas Powered w/ 2"" and 4"" Auger","Includes: General 242H Earth Auger w/ Honda GX35 4-Cycle Multi-Directional Motor
Handle Assembly
Twist Throttle
Transmission
**Add SB242SBD in separate line**",USD 3785.00,SiBore Drill - Units,,,0.00,0.00,0.00,0.00,true,,goods,2,,,Active,EA,SB216,,,,,USD 652.23,SiBore Drill - Unit,,Finished Goods,fifo,,,0.00,USD 0.00,SiBore Drill - Lower Unit,SB0250,1.000000,Assembly,
6212012000000438101,"SiBore Drill - SB216 Gas Powered w/ 2"" and 4"" Auger","Includes: General 242H Earth Auger w/ Honda GX35 4-Cycle Multi-Directional Motor
Handle Assembly
Twist Throttle
Transmission
**Add SB242SBD in separate line**",USD 3785.00,SiBore Drill - Units,,,0.00,0.00,0.00,0.00,true,,goods,2,,,Active,EA,SB216,,,,,USD 652.23,SiBore Drill - Unit,,Finished Goods,fifo,,,0.00,USD 0.00,"4mm Hex Key ""L"" tool",MT0004,1.000000,Assembly,
6212012000000438154,"SiBore Drill - SB216e Battery Powered w/ 2"" and 4"" Auger","Includes: 
2"" & 4"" Auger Bits
(3) 32"" Extensions
Accessory Bag",USD 3950.00,SiBore Drill - Units,,,0.00,0.00,0.00,0.00,true,,goods,2,,,Active,EA,SB216e,,,,,USD 1465.46,SiBore Drill - Unit,,Finished Goods,fifo,,,0.00,USD 0.00,"SiBore Drill - 4"" Auger Bit",SB4000,1.000000,Assembly,
6212012000000438154,"SiBore Drill - SB216e Battery Powered w/ 2"" and 4"" Auger","Includes: 
2"" & 4"" Auger Bits
(3) 32"" Extensions
Accessory Bag",USD 3950.00,SiBore Drill - Units,,,0.00,0.00,0.00,0.00,true,,goods,2,,,Active,EA,SB216e,,,,,USD 1465.46,SiBore Drill - Unit,,Finished Goods,fifo,,,0.00,USD 0.00,SiBore Drill - Shipping Box,SBBOX1,1.000000,Assembly,
6212012000000438154,"SiBore Drill - SB216e Battery Powered w/ 2"" and 4"" Auger","Includes: 
2"" & 4"" Auger Bits
(3) 32"" Extensions
Accessory Bag",USD 3950.00,SiBore Drill - Units,,,0.00,0.00,0.00,0.00,true,,goods,2,,,Active,EA,SB216e,,,,,USD 1465.46,SiBore Drill - Unit,,Finished Goods,fifo,,,0.00,USD 0.00,Makita 40V max XGT BL Earth Auger Kit,GGD01M1,1.000000,Assembly,
6212012000000438154,"SiBore Drill - SB216e Battery Powered w/ 2"" and 4"" Auger","Includes: 
2"" & 4"" Auger Bits
(3) 32"" Extensions
Accessory Bag",USD 3950.00,SiBore Drill - Units,,,0.00,0.00,0.00,0.00,true,,goods,2,,,Active,EA,SB216e,,,,,USD 1465.46,SiBore Drill - Unit,,Finished Goods,fifo,,,0.00,USD 0.00,SiBore Drill - Makita Adapter Plate,SB9100,1.000000,Assembly,
6212012000000438154,"SiBore Drill - SB216e Battery Powered w/ 2"" and 4"" Auger","Includes: 
2"" & 4"" Auger Bits
(3) 32"" Extensions
Accessory Bag",USD 3950.00,SiBore Drill - Units,,,0.00,0.00,0.00,0.00,true,,goods,2,,,Active,EA,SB216e,,,,,USD 1465.46,SiBore Drill - Unit,,Finished Goods,fifo,,,0.00,USD 0.00,"SiBore Drill - 2"" Auger Bit",SB2000,1.000000,Assembly,
6212012000000438154,"SiBore Drill - SB216e Battery Powered w/ 2"" and 4"" Auger","Includes: 
2"" & 4"" Auger Bits
(3) 32"" Extensions
Accessory Bag",USD 3950.00,SiBore Drill - Units,,,0.00,0.00,0.00,0.00,true,,goods,2,,,Active,EA,SB216e,,,,,USD 1465.46,SiBore Drill - Unit,,Finished Goods,fifo,,,0.00,USD 0.00,SiBore Drill - Lower Unit,SB0250,1.000000,Assembly,
6212012000000438154,"SiBore Drill - SB216e Battery Powered w/ 2"" and 4"" Auger","Includes: 
2"" & 4"" Auger Bits
(3) 32"" Extensions
Accessory Bag",USD 3950.00,SiBore Drill - Units,,,0.00,0.00,0.00,0.00,true,,goods,2,,,Active,EA,SB216e,,,,,USD 1465.46,SiBore Drill - Unit,,Finished Goods,fifo,,,0.00,USD 0.00,"SiBore Drill - 32"" Extension",SB3200,3.000000,Assembly,
6212012000000438154,"SiBore Drill - SB216e Battery Powered w/ 2"" and 4"" Auger","Includes: 
2"" & 4"" Auger Bits
(3) 32"" Extensions
Accessory Bag",USD 3950.00,SiBore Drill - Units,,,0.00,0.00,0.00,0.00,true,,goods,2,,,Active,EA,SB216e,,,,,USD 1465.46,SiBore Drill - Unit,,Finished Goods,fifo,,,0.00,USD 0.00,M8 x 1.25 x 65 Zinc-Plated Hex Bolt,MT0865,2.000000,Assembly,
6212012000000438154,"SiBore Drill - SB216e Battery Powered w/ 2"" and 4"" Auger","Includes: 
2"" & 4"" Auger Bits
(3) 32"" Extensions
Accessory Bag",USD 3950.00,SiBore Drill - Units,,,0.00,0.00,0.00,0.00,true,,goods,2,,,Active,EA,SB216e,,,,,USD 1465.46,SiBore Drill - Unit,,Finished Goods,fifo,,,0.00,USD 0.00,M12-1.75 x 80mm Grade 10.9 Clear Zinc Bolt,SB1280,2.000000,Assembly,
6212012000000438154,"SiBore Drill - SB216e Battery Powered w/ 2"" and 4"" Auger","Includes: 
2"" & 4"" Auger Bits
(3) 32"" Extensions
Accessory Bag",USD 3950.00,SiBore Drill - Units,,,0.00,0.00,0.00,0.00,true,,goods,2,,,Active,EA,SB216e,,,,,USD 1465.46,SiBore Drill - Unit,,Finished Goods,fifo,,,0.00,USD 0.00,SiBore Drill - Tray,SBBOX2,1.000000,Assembly,
6212012000000438154,"SiBore Drill - SB216e Battery Powered w/ 2"" and 4"" Auger","Includes: 
2"" & 4"" Auger Bits
(3) 32"" Extensions
Accessory Bag",USD 3950.00,SiBore Drill - Units,,,0.00,0.00,0.00,0.00,true,,goods,2,,,Active,EA,SB216e,,,,,USD 1465.46,SiBore Drill - Unit,,Finished Goods,fifo,,,0.00,USD 0.00,"3/8""-16 Nylock Nut",SB3803,7.000000,Assembly,
6212012000000438154,"SiBore Drill - SB216e Battery Powered w/ 2"" and 4"" Auger","Includes: 
2"" & 4"" Auger Bits
(3) 32"" Extensions
Accessory Bag",USD 3950.00,SiBore Drill - Units,,,0.00,0.00,0.00,0.00,true,,goods,2,,,Active,EA,SB216e,,,,,USD 1465.46,SiBore Drill - Unit,,Finished Goods,fifo,,,0.00,USD 0.00,SiBore Owner's Manual,SB-LIT-OM,1.000000,Assembly,
6212012000000438154,"SiBore Drill - SB216e Battery Powered w/ 2"" and 4"" Auger","Includes: 
2"" & 4"" Auger Bits
(3) 32"" Extensions
Accessory Bag",USD 3950.00,SiBore Drill - Units,,,0.00,0.00,0.00,0.00,true,,goods,2,,,Active,EA,SB216e,,,,,USD 1465.46,SiBore Drill - Unit,,Finished Goods,fifo,,,0.00,USD 0.00,GeoRipper Warranty Postcard,GR-LIT-WP,1.000000,Assembly,
6212012000000438154,"SiBore Drill - SB216e Battery Powered w/ 2"" and 4"" Auger","Includes: 
2"" & 4"" Auger Bits
(3) 32"" Extensions
Accessory Bag",USD 3950.00,SiBore Drill - Units,,,0.00,0.00,0.00,0.00,true,,goods,2,,,Active,EA,SB216e,,,,,USD 1465.46,SiBore Drill - Unit,,Finished Goods,fifo,,,0.00,USD 0.00,SiBore Accessory Bag,SBACCBAG,1.000000,Assembly,
6212012000000438154,"SiBore Drill - SB216e Battery Powered w/ 2"" and 4"" Auger","Includes: 
2"" & 4"" Auger Bits
(3) 32"" Extensions
Accessory Bag",USD 3950.00,SiBore Drill - Units,,,0.00,0.00,0.00,0.00,true,,goods,2,,,Active,EA,SB216e,,,,,USD 1465.46,SiBore Drill - Unit,,Finished Goods,fifo,,,0.00,USD 0.00,"SiBore Drill - 9/16"" Combo Wrench",SB122,1.000000,Assembly,
6212012000000438154,"SiBore Drill - SB216e Battery Powered w/ 2"" and 4"" Auger","Includes: 
2"" & 4"" Auger Bits
(3) 32"" Extensions
Accessory Bag",USD 3950.00,SiBore Drill - Units,,,0.00,0.00,0.00,0.00,true,,goods,2,,,Active,EA,SB216e,,,,,USD 1465.46,SiBore Drill - Unit,,Finished Goods,fifo,,,0.00,USD 0.00,"SiBore Drill - 3/16"" Hex Key ""L"" shaped tool",SB123,1.000000,Assembly,
6212012000000438154,"SiBore Drill - SB216e Battery Powered w/ 2"" and 4"" Auger","Includes: 
2"" & 4"" Auger Bits
(3) 32"" Extensions
Accessory Bag",USD 3950.00,SiBore Drill - Units,,,0.00,0.00,0.00,0.00,true,,goods,2,,,Active,EA,SB216e,,,,,USD 1465.46,SiBore Drill - Unit,,Finished Goods,fifo,,,0.00,USD 0.00,"3/8""-16 x 2.25"" Grade 8 YellowZinc Bolt",SB3822,2.000000,Assembly,
6212012000000438154,"SiBore Drill - SB216e Battery Powered w/ 2"" and 4"" Auger","Includes: 
2"" & 4"" Auger Bits
(3) 32"" Extensions
Accessory Bag",USD 3950.00,SiBore Drill - Units,,,0.00,0.00,0.00,0.00,true,,goods,2,,,Active,EA,SB216e,,,,,USD 1465.46,SiBore Drill - Unit,,Finished Goods,fifo,,,0.00,USD 0.00,Green PVC Tool Bag,MT0099,1.000000,Assembly,
6212012000000438154,"SiBore Drill - SB216e Battery Powered w/ 2"" and 4"" Auger","Includes: 
2"" & 4"" Auger Bits
(3) 32"" Extensions
Accessory Bag",USD 3950.00,SiBore Drill - Units,,,0.00,0.00,0.00,0.00,true,,goods,2,,,Active,EA,SB216e,,,,,USD 1465.46,SiBore Drill - Unit,,Finished Goods,fifo,,,0.00,USD 0.00,BEARING RETAINER 32-43 CPL - GGD01,141S89-4,1.000000,Assembly,
6212012000000438154,"SiBore Drill - SB216e Battery Powered w/ 2"" and 4"" Auger","Includes: 
2"" & 4"" Auger Bits
(3) 32"" Extensions
Accessory Bag",USD 3950.00,SiBore Drill - Units,,,0.00,0.00,0.00,0.00,true,,goods,2,,,Active,EA,SB216e,,,,,USD 1465.46,SiBore Drill - Unit,,Finished Goods,fifo,,,0.00,USD 0.00,SPINDLE - GGD01,327C19-5,1.000000,Assembly,
6212012000000438154,"SiBore Drill - SB216e Battery Powered w/ 2"" and 4"" Auger","Includes: 
2"" & 4"" Auger Bits
(3) 32"" Extensions
Accessory Bag",USD 3950.00,SiBore Drill - Units,,,0.00,0.00,0.00,0.00,true,,goods,2,,,Active,EA,SB216e,,,,,USD 1465.46,SiBore Drill - Unit,,Finished Goods,fifo,,,0.00,USD 0.00,M8-1.25 X 40 UNC HEX CAP SCREW ZP,MT0840,1.000000,Assembly,
6212012000000438154,"SiBore Drill - SB216e Battery Powered w/ 2"" and 4"" Auger","Includes: 
2"" & 4"" Auger Bits
(3) 32"" Extensions
Accessory Bag",USD 3950.00,SiBore Drill - Units,,,0.00,0.00,0.00,0.00,true,,goods,2,,,Active,EA,SB216e,,,,,USD 1465.46,SiBore Drill - Unit,,Finished Goods,fifo,,,0.00,USD 0.00,M8x1.25 Nylon Insert Locking Nut,GRKM61.8,1.000000,Assembly,
6212012000000438154,"SiBore Drill - SB216e Battery Powered w/ 2"" and 4"" Auger","Includes: 
2"" & 4"" Auger Bits
(3) 32"" Extensions
Accessory Bag",USD 3950.00,SiBore Drill - Units,,,0.00,0.00,0.00,0.00,true,,goods,2,,,Active,EA,SB216e,,,,,USD 1465.46,SiBore Drill - Unit,,Finished Goods,fifo,,,0.00,USD 0.00,"3/8""-16 x 2"" Grade 8 YellowZinc Bolt",SB3820,2.000000,Assembly,
6212012000000438154,"SiBore Drill - SB216e Battery Powered w/ 2"" and 4"" Auger","Includes: 
2"" & 4"" Auger Bits
(3) 32"" Extensions
Accessory Bag",USD 3950.00,SiBore Drill - Units,,,0.00,0.00,0.00,0.00,true,,goods,2,,,Active,EA,SB216e,,,,,USD 1465.46,SiBore Drill - Unit,,Finished Goods,fifo,,,0.00,USD 0.00,"4mm Hex Key ""L"" tool",MT0004,1.000000,Assembly,
6212012000000438209,"SiBore Drill - SB215 Gas Powered 1"" MicroBore",,USD 4100.00,SiBore Drill - Units,,,0.00,0.00,0.00,0.00,true,,goods,2,,,Active,EA,SB215,,,,,USD 732.22,SiBore Drill - Unit,,Finished Goods,fifo,,,0.00,USD 0.00,SiBore Drill - Shipping Box,SBBOX1,1.000000,Assembly,
6212012000000438209,"SiBore Drill - SB215 Gas Powered 1"" MicroBore",,USD 4100.00,SiBore Drill - Units,,,0.00,0.00,0.00,0.00,true,,goods,2,,,Active,EA,SB215,,,,,USD 732.22,SiBore Drill - Unit,,Finished Goods,fifo,,,0.00,USD 0.00,"SiBore Drill - 1"" Bore Head",SB1000,2.000000,Assembly,
6212012000000438209,"SiBore Drill - SB215 Gas Powered 1"" MicroBore",,USD 4100.00,SiBore Drill - Units,,,0.00,0.00,0.00,0.00,true,,goods,2,,,Active,EA,SB215,,,,,USD 732.22,SiBore Drill - Unit,,Finished Goods,fifo,,,0.00,USD 0.00,SiBore Drill - Swivel Cable Puller,SB1500,1.000000,Assembly,
6212012000000438209,"SiBore Drill - SB215 Gas Powered 1"" MicroBore",,USD 4100.00,SiBore Drill - Units,,,0.00,0.00,0.00,0.00,true,,goods,2,,,Active,EA,SB215,,,,,USD 732.22,SiBore Drill - Unit,,Finished Goods,fifo,,,0.00,USD 0.00,"SiBore Drill - 36"" Drill Rod w/ Coupling Nut",SB3600,8.000000,Assembly,
6212012000000438209,"SiBore Drill - SB215 Gas Powered 1"" MicroBore",,USD 4100.00,SiBore Drill - Units,,,0.00,0.00,0.00,0.00,true,,goods,2,,,Active,EA,SB215,,,,,USD 732.22,SiBore Drill - Unit,,Finished Goods,fifo,,,0.00,USD 0.00,SiBore Drill - MicroBore Adapter,SB9000,1.000000,Assembly,
6212012000000438209,"SiBore Drill - SB215 Gas Powered 1"" MicroBore",,USD 4100.00,SiBore Drill - Units,,,0.00,0.00,0.00,0.00,true,,goods,2,,,Active,EA,SB215,,,,,USD 732.22,SiBore Drill - Unit,,Finished Goods,fifo,,,0.00,USD 0.00,SiBore Drill - Tray,SBBOX2,1.000000,Assembly,
6212012000000438209,"SiBore Drill - SB215 Gas Powered 1"" MicroBore",,USD 4100.00,SiBore Drill - Units,,,0.00,0.00,0.00,0.00,true,,goods,2,,,Active,EA,SB215,,,,,USD 732.22,SiBore Drill - Unit,,Finished Goods,fifo,,,0.00,USD 0.00,SiBore Motor Mount,SB0300,1.000000,Assembly,
6212012000000438209,"SiBore Drill - SB215 Gas Powered 1"" MicroBore",,USD 4100.00,SiBore Drill - Units,,,0.00,0.00,0.00,0.00,true,,goods,2,,,Active,EA,SB215,,,,,USD 732.22,SiBore Drill - Unit,,Finished Goods,fifo,,,0.00,USD 0.00,"3/8"" split lock washer GR8 yellow zinc",SB3807,2.000000,Assembly,
6212012000000438209,"SiBore Drill - SB215 Gas Powered 1"" MicroBore",,USD 4100.00,SiBore Drill - Units,,,0.00,0.00,0.00,0.00,true,,goods,2,,,Active,EA,SB215,,,,,USD 732.22,SiBore Drill - Unit,,Finished Goods,fifo,,,0.00,USD 0.00,"3/8""-16 x 1"" Grade 8 YellowZinc Bolt",SB38010,2.000000,Assembly,
6212012000000438209,"SiBore Drill - SB215 Gas Powered 1"" MicroBore",,USD 4100.00,SiBore Drill - Units,,,0.00,0.00,0.00,0.00,true,,goods,2,,,Active,EA,SB215,,,,,USD 732.22,SiBore Drill - Unit,,Finished Goods,fifo,,,0.00,USD 0.00,Green PVC Tool Bag,MT0099,1.000000,Assembly,
6212012000000438209,"SiBore Drill - SB215 Gas Powered 1"" MicroBore",,USD 4100.00,SiBore Drill - Units,,,0.00,0.00,0.00,0.00,true,,goods,2,,,Active,EA,SB215,,,,,USD 732.22,SiBore Drill - Unit,,Finished Goods,fifo,,,0.00,USD 0.00,"SiBore Drill - 7/16"" Combo Wrench",SB121,1.000000,Assembly,
6212012000000438209,"SiBore Drill - SB215 Gas Powered 1"" MicroBore",,USD 4100.00,SiBore Drill - Units,,,0.00,0.00,0.00,0.00,true,,goods,2,,,Active,EA,SB215,,,,,USD 732.22,SiBore Drill - Unit,,Finished Goods,fifo,,,0.00,USD 0.00,"SiBore Drill - 9/16"" Combo Wrench",SB122,2.000000,Assembly,
6212012000000438209,"SiBore Drill - SB215 Gas Powered 1"" MicroBore",,USD 4100.00,SiBore Drill - Units,,,0.00,0.00,0.00,0.00,true,,goods,2,,,Active,EA,SB215,,,,,USD 732.22,SiBore Drill - Unit,,Finished Goods,fifo,,,0.00,USD 0.00,SiBore Owner's Manual,SB-LIT-OM,1.000000,Assembly,
6212012000000438209,"SiBore Drill - SB215 Gas Powered 1"" MicroBore",,USD 4100.00,SiBore Drill - Units,,,0.00,0.00,0.00,0.00,true,,goods,2,,,Active,EA,SB215,,,,,USD 732.22,SiBore Drill - Unit,,Finished Goods,fifo,,,0.00,USD 0.00,GeoRipper Warranty Postcard,GR-LIT-WP,1.000000,Assembly,
6212012000000438209,"SiBore Drill - SB215 Gas Powered 1"" MicroBore",,USD 4100.00,SiBore Drill - Units,,,0.00,0.00,0.00,0.00,true,,goods,2,,,Active,EA,SB215,,,,,USD 732.22,SiBore Drill - Unit,,Finished Goods,fifo,,,0.00,USD 0.00,SiBore Accessory Bag,SBACCBAG,1.000000,Assembly,
6212012000000438209,"SiBore Drill - SB215 Gas Powered 1"" MicroBore",,USD 4100.00,SiBore Drill - Units,,,0.00,0.00,0.00,0.00,true,,goods,2,,,Active,EA,SB215,,,,,USD 732.22,SiBore Drill - Unit,,Finished Goods,fifo,,,0.00,USD 0.00,"1/4""-20 x 2.5"" Pan Head Screw",SB1425,3.000000,Assembly,
6212012000000438209,"SiBore Drill - SB215 Gas Powered 1"" MicroBore",,USD 4100.00,SiBore Drill - Units,,,0.00,0.00,0.00,0.00,true,,goods,2,,,Active,EA,SB215,,,,,USD 732.22,SiBore Drill - Unit,,Finished Goods,fifo,,,0.00,USD 0.00,SiBore Drill - Lower Unit,SB0250,1.000000,Assembly,
6212012000000438209,"SiBore Drill - SB215 Gas Powered 1"" MicroBore",,USD 4100.00,SiBore Drill - Units,,,0.00,0.00,0.00,0.00,true,,goods,2,,,Active,EA,SB215,,,,,USD 732.22,SiBore Drill - Unit,,Finished Goods,fifo,,,0.00,USD 0.00,"4mm Hex Key ""L"" tool",MT0004,1.000000,Assembly,
6212012000000438260,"SiBore Drill - SB215e Battery Powered 1"" MicroBore",,USD 4325.00,SiBore Drill - Units,,,0.00,0.00,0.00,0.00,true,,goods,2,,,Active,EA,SB215e,,,,,USD 1536.25,SiBore Drill - Unit,,Finished Goods,fifo,,,0.00,USD 0.00,Makita 40V max XGT BL Earth Auger Kit,GGD01M1,1.000000,Assembly,
6212012000000438260,"SiBore Drill - SB215e Battery Powered 1"" MicroBore",,USD 4325.00,SiBore Drill - Units,,,0.00,0.00,0.00,0.00,true,,goods,2,,,Active,EA,SB215e,,,,,USD 1536.25,SiBore Drill - Unit,,Finished Goods,fifo,,,0.00,USD 0.00,SiBore Drill - Shipping Box,SBBOX1,1.000000,Assembly,
6212012000000438260,"SiBore Drill - SB215e Battery Powered 1"" MicroBore",,USD 4325.00,SiBore Drill - Units,,,0.00,0.00,0.00,0.00,true,,goods,2,,,Active,EA,SB215e,,,,,USD 1536.25,SiBore Drill - Unit,,Finished Goods,fifo,,,0.00,USD 0.00,"SiBore Drill - 1"" Bore Head",SB1000,2.000000,Assembly,
6212012000000438260,"SiBore Drill - SB215e Battery Powered 1"" MicroBore",,USD 4325.00,SiBore Drill - Units,,,0.00,0.00,0.00,0.00,true,,goods,2,,,Active,EA,SB215e,,,,,USD 1536.25,SiBore Drill - Unit,,Finished Goods,fifo,,,0.00,USD 0.00,SiBore Drill - Swivel Cable Puller,SB1500,1.000000,Assembly,
6212012000000438260,"SiBore Drill - SB215e Battery Powered 1"" MicroBore",,USD 4325.00,SiBore Drill - Units,,,0.00,0.00,0.00,0.00,true,,goods,2,,,Active,EA,SB215e,,,,,USD 1536.25,SiBore Drill - Unit,,Finished Goods,fifo,,,0.00,USD 0.00,SiBore Drill - Makita Adapter Plate,SB9100,1.000000,Assembly,
6212012000000438260,"SiBore Drill - SB215e Battery Powered 1"" MicroBore",,USD 4325.00,SiBore Drill - Units,,,0.00,0.00,0.00,0.00,true,,goods,2,,,Active,EA,SB215e,,,,,USD 1536.25,SiBore Drill - Unit,,Finished Goods,fifo,,,0.00,USD 0.00,SiBore Drill - Lower Unit,SB0250,1.000000,Assembly,
6212012000000438260,"SiBore Drill - SB215e Battery Powered 1"" MicroBore",,USD 4325.00,SiBore Drill - Units,,,0.00,0.00,0.00,0.00,true,,goods,2,,,Active,EA,SB215e,,,,,USD 1536.25,SiBore Drill - Unit,,Finished Goods,fifo,,,0.00,USD 0.00,"SiBore Drill - 36"" Drill Rod w/ Coupling Nut",SB3600,8.000000,Assembly,
6212012000000438260,"SiBore Drill - SB215e Battery Powered 1"" MicroBore",,USD 4325.00,SiBore Drill - Units,,,0.00,0.00,0.00,0.00,true,,goods,2,,,Active,EA,SB215e,,,,,USD 1536.25,SiBore Drill - Unit,,Finished Goods,fifo,,,0.00,USD 0.00,SiBore Drill - MicroBore Adapter,SB9000,1.000000,Assembly,
6212012000000438260,"SiBore Drill - SB215e Battery Powered 1"" MicroBore",,USD 4325.00,SiBore Drill - Units,,,0.00,0.00,0.00,0.00,true,,goods,2,,,Active,EA,SB215e,,,,,USD 1536.25,SiBore Drill - Unit,,Finished Goods,fifo,,,0.00,USD 0.00,SiBore Accessory Bag,SBACCBAG,1.000000,Assembly,
6212012000000438260,"SiBore Drill - SB215e Battery Powered 1"" MicroBore",,USD 4325.00,SiBore Drill - Units,,,0.00,0.00,0.00,0.00,true,,goods,2,,,Active,EA,SB215e,,,,,USD 1536.25,SiBore Drill - Unit,,Finished Goods,fifo,,,0.00,USD 0.00,M8 x 1.25 x 65 Zinc-Plated Hex Bolt,MT0865,2.000000,Assembly,
6212012000000438260,"SiBore Drill - SB215e Battery Powered 1"" MicroBore",,USD 4325.00,SiBore Drill - Units,,,0.00,0.00,0.00,0.00,true,,goods,2,,,Active,EA,SB215e,,,,,USD 1536.25,SiBore Drill - Unit,,Finished Goods,fifo,,,0.00,USD 0.00,M12-1.75 x 80mm Grade 10.9 Clear Zinc Bolt,SB1280,2.000000,Assembly,
6212012000000438260,"SiBore Drill - SB215e Battery Powered 1"" MicroBore",,USD 4325.00,SiBore Drill - Units,,,0.00,0.00,0.00,0.00,true,,goods,2,,,Active,EA,SB215e,,,,,USD 1536.25,SiBore Drill - Unit,,Finished Goods,fifo,,,0.00,USD 0.00,"SiBore Drill - 3/16"" Hex Key ""L"" shaped tool",SB123,1.000000,Assembly,
6212012000000438260,"SiBore Drill - SB215e Battery Powered 1"" MicroBore",,USD 4325.00,SiBore Drill - Units,,,0.00,0.00,0.00,0.00,true,,goods,2,,,Active,EA,SB215e,,,,,USD 1536.25,SiBore Drill - Unit,,Finished Goods,fifo,,,0.00,USD 0.00,SiBore Owner's Manual,SB-LIT-OM,1.000000,Assembly,
6212012000000438260,"SiBore Drill - SB215e Battery Powered 1"" MicroBore",,USD 4325.00,SiBore Drill - Units,,,0.00,0.00,0.00,0.00,true,,goods,2,,,Active,EA,SB215e,,,,,USD 1536.25,SiBore Drill - Unit,,Finished Goods,fifo,,,0.00,USD 0.00,GeoRipper Warranty Postcard,GR-LIT-WP,1.000000,Assembly,
6212012000000438260,"SiBore Drill - SB215e Battery Powered 1"" MicroBore",,USD 4325.00,SiBore Drill - Units,,,0.00,0.00,0.00,0.00,true,,goods,2,,,Active,EA,SB215e,,,,,USD 1536.25,SiBore Drill - Unit,,Finished Goods,fifo,,,0.00,USD 0.00,Green PVC Tool Bag,MT0099,1.000000,Assembly,
6212012000000438260,"SiBore Drill - SB215e Battery Powered 1"" MicroBore",,USD 4325.00,SiBore Drill - Units,,,0.00,0.00,0.00,0.00,true,,goods,2,,,Active,EA,SB215e,,,,,USD 1536.25,SiBore Drill - Unit,,Finished Goods,fifo,,,0.00,USD 0.00,"3/8""-16 Nylock Nut",SB3803,2.000000,Assembly,
6212012000000438260,"SiBore Drill - SB215e Battery Powered 1"" MicroBore",,USD 4325.00,SiBore Drill - Units,,,0.00,0.00,0.00,0.00,true,,goods,2,,,Active,EA,SB215e,,,,,USD 1536.25,SiBore Drill - Unit,,Finished Goods,fifo,,,0.00,USD 0.00,"SiBore Drill - 9/16"" Combo Wrench",SB122,1.000000,Assembly,
6212012000000438260,"SiBore Drill - SB215e Battery Powered 1"" MicroBore",,USD 4325.00,SiBore Drill - Units,,,0.00,0.00,0.00,0.00,true,,goods,2,,,Active,EA,SB215e,,,,,USD 1536.25,SiBore Drill - Unit,,Finished Goods,fifo,,,0.00,USD 0.00,SiBore Drill - Tray,SBBOX2,1.000000,Assembly,
6212012000000438260,"SiBore Drill - SB215e Battery Powered 1"" MicroBore",,USD 4325.00,SiBore Drill - Units,,,0.00,0.00,0.00,0.00,true,,goods,2,,,Active,EA,SB215e,,,,,USD 1536.25,SiBore Drill - Unit,,Finished Goods,fifo,,,0.00,USD 0.00,BEARING RETAINER 32-43 CPL - GGD01,141S89-4,1.000000,Assembly,
6212012000000438260,"SiBore Drill - SB215e Battery Powered 1"" MicroBore",,USD 4325.00,SiBore Drill - Units,,,0.00,0.00,0.00,0.00,true,,goods,2,,,Active,EA,SB215e,,,,,USD 1536.25,SiBore Drill - Unit,,Finished Goods,fifo,,,0.00,USD 0.00,SPINDLE - GGD01,327C19-5,1.000000,Assembly,
6212012000000438260,"SiBore Drill - SB215e Battery Powered 1"" MicroBore",,USD 4325.00,SiBore Drill - Units,,,0.00,0.00,0.00,0.00,true,,goods,2,,,Active,EA,SB215e,,,,,USD 1536.25,SiBore Drill - Unit,,Finished Goods,fifo,,,0.00,USD 0.00,M8x1.25 Nylon Insert Locking Nut,GRKM61.8,1.000000,Assembly,
6212012000000438260,"SiBore Drill - SB215e Battery Powered 1"" MicroBore",,USD 4325.00,SiBore Drill - Units,,,0.00,0.00,0.00,0.00,true,,goods,2,,,Active,EA,SB215e,,,,,USD 1536.25,SiBore Drill - Unit,,Finished Goods,fifo,,,0.00,USD 0.00,"4mm Hex Key ""L"" tool",MT0004,1.000000,Assembly,
6212012000000438260,"SiBore Drill - SB215e Battery Powered 1"" MicroBore",,USD 4325.00,SiBore Drill - Units,,,0.00,0.00,0.00,0.00,true,,goods,2,,,Active,EA,SB215e,,,,,USD 1536.25,SiBore Drill - Unit,,Finished Goods,fifo,,,0.00,USD 0.00,"3/8""-16 x 2"" Grade 8 YellowZinc Bolt",SB3820,2.000000,Assembly,
6212012000000438260,"SiBore Drill - SB215e Battery Powered 1"" MicroBore",,USD 4325.00,SiBore Drill - Units,,,0.00,0.00,0.00,0.00,true,,goods,2,,,Active,EA,SB215e,,,,,USD 1536.25,SiBore Drill - Unit,,Finished Goods,fifo,,,0.00,USD 0.00,M8-1.25 X 40 UNC HEX CAP SCREW ZP,MT0840,1.000000,Assembly,
6212012000000438315,"SiBore Drill - SB431 Gas Powered 1"" MicroBore / 2"" & 4"" Auger Combo",,USD 4999.00,SiBore Drill - Units,,,0.00,0.00,0.00,0.00,true,,goods,2,,,Active,EA,SB431,,,,,USD 1081.63,SiBore Drill - Unit,,Finished Goods,fifo,,,0.00,USD 0.00,SiBore Drill - Shipping Box,SBBOX1,1.000000,Assembly,
6212012000000438315,"SiBore Drill - SB431 Gas Powered 1"" MicroBore / 2"" & 4"" Auger Combo",,USD 4999.00,SiBore Drill - Units,,,0.00,0.00,0.00,0.00,true,,goods,2,,,Active,EA,SB431,,,,,USD 1081.63,SiBore Drill - Unit,,Finished Goods,fifo,,,0.00,USD 0.00,"SiBore Drill - 1"" Bore Head",SB1000,2.000000,Assembly,
6212012000000438315,"SiBore Drill - SB431 Gas Powered 1"" MicroBore / 2"" & 4"" Auger Combo",,USD 4999.00,SiBore Drill - Units,,,0.00,0.00,0.00,0.00,true,,goods,2,,,Active,EA,SB431,,,,,USD 1081.63,SiBore Drill - Unit,,Finished Goods,fifo,,,0.00,USD 0.00,SiBore Drill - Swivel Cable Puller,SB1500,1.000000,Assembly,
6212012000000438315,"SiBore Drill - SB431 Gas Powered 1"" MicroBore / 2"" & 4"" Auger Combo",,USD 4999.00,SiBore Drill - Units,,,0.00,0.00,0.00,0.00,true,,goods,2,,,Active,EA,SB431,,,,,USD 1081.63,SiBore Drill - Unit,,Finished Goods,fifo,,,0.00,USD 0.00,"SiBore Drill - 2"" Auger Bit",SB2000,1.000000,Assembly,
6212012000000438315,"SiBore Drill - SB431 Gas Powered 1"" MicroBore / 2"" & 4"" Auger Combo",,USD 4999.00,SiBore Drill - Units,,,0.00,0.00,0.00,0.00,true,,goods,2,,,Active,EA,SB431,,,,,USD 1081.63,SiBore Drill - Unit,,Finished Goods,fifo,,,0.00,USD 0.00,"SiBore Drill - 4"" Auger Bit",SB4000,1.000000,Assembly,
6212012000000438315,"SiBore Drill - SB431 Gas Powered 1"" MicroBore / 2"" & 4"" Auger Combo",,USD 4999.00,SiBore Drill - Units,,,0.00,0.00,0.00,0.00,true,,goods,2,,,Active,EA,SB431,,,,,USD 1081.63,SiBore Drill - Unit,,Finished Goods,fifo,,,0.00,USD 0.00,"SiBore Drill - 32"" Extension",SB3200,3.000000,Assembly,
6212012000000438315,"SiBore Drill - SB431 Gas Powered 1"" MicroBore / 2"" & 4"" Auger Combo",,USD 4999.00,SiBore Drill - Units,,,0.00,0.00,0.00,0.00,true,,goods,2,,,Active,EA,SB431,,,,,USD 1081.63,SiBore Drill - Unit,,Finished Goods,fifo,,,0.00,USD 0.00,"SiBore Drill - 36"" Drill Rod w/ Coupling Nut",SB3600,8.000000,Assembly,
6212012000000438315,"SiBore Drill - SB431 Gas Powered 1"" MicroBore / 2"" & 4"" Auger Combo",,USD 4999.00,SiBore Drill - Units,,,0.00,0.00,0.00,0.00,true,,goods,2,,,Active,EA,SB431,,,,,USD 1081.63,SiBore Drill - Unit,,Finished Goods,fifo,,,0.00,USD 0.00,SiBore Drill - MicroBore Adapter,SB9000,1.000000,Assembly,
6212012000000438315,"SiBore Drill - SB431 Gas Powered 1"" MicroBore / 2"" & 4"" Auger Combo",,USD 4999.00,SiBore Drill - Units,,,0.00,0.00,0.00,0.00,true,,goods,2,,,Active,EA,SB431,,,,,USD 1081.63,SiBore Drill - Unit,,Finished Goods,fifo,,,0.00,USD 0.00,"SiBore Drill - 9/16"" Combo Wrench",SB122,2.000000,Assembly,
6212012000000438315,"SiBore Drill - SB431 Gas Powered 1"" MicroBore / 2"" & 4"" Auger Combo",,USD 4999.00,SiBore Drill - Units,,,0.00,0.00,0.00,0.00,true,,goods,2,,,Active,EA,SB431,,,,,USD 1081.63,SiBore Drill - Unit,,Finished Goods,fifo,,,0.00,USD 0.00,"SiBore Drill - 7/16"" Combo Wrench",SB121,1.000000,Assembly,
6212012000000438315,"SiBore Drill - SB431 Gas Powered 1"" MicroBore / 2"" & 4"" Auger Combo",,USD 4999.00,SiBore Drill - Units,,,0.00,0.00,0.00,0.00,true,,goods,2,,,Active,EA,SB431,,,,,USD 1081.63,SiBore Drill - Unit,,Finished Goods,fifo,,,0.00,USD 0.00,Green PVC Tool Bag,MT0099,1.000000,Assembly,
6212012000000438315,"SiBore Drill - SB431 Gas Powered 1"" MicroBore / 2"" & 4"" Auger Combo",,USD 4999.00,SiBore Drill - Units,,,0.00,0.00,0.00,0.00,true,,goods,2,,,Active,EA,SB431,,,,,USD 1081.63,SiBore Drill - Unit,,Finished Goods,fifo,,,0.00,USD 0.00,SiBore Owner's Manual,SB-LIT-OM,1.000000,Assembly,
6212012000000438315,"SiBore Drill - SB431 Gas Powered 1"" MicroBore / 2"" & 4"" Auger Combo",,USD 4999.00,SiBore Drill - Units,,,0.00,0.00,0.00,0.00,true,,goods,2,,,Active,EA,SB431,,,,,USD 1081.63,SiBore Drill - Unit,,Finished Goods,fifo,,,0.00,USD 0.00,GeoRipper Warranty Postcard,GR-LIT-WP,1.000000,Assembly,
6212012000000438315,"SiBore Drill - SB431 Gas Powered 1"" MicroBore / 2"" & 4"" Auger Combo",,USD 4999.00,SiBore Drill - Units,,,0.00,0.00,0.00,0.00,true,,goods,2,,,Active,EA,SB431,,,,,USD 1081.63,SiBore Drill - Unit,,Finished Goods,fifo,,,0.00,USD 0.00,SiBore Motor Mount,SB0300,1.000000,Assembly,
6212012000000438315,"SiBore Drill - SB431 Gas Powered 1"" MicroBore / 2"" & 4"" Auger Combo",,USD 4999.00,SiBore Drill - Units,,,0.00,0.00,0.00,0.00,true,,goods,2,,,Active,EA,SB431,,,,,USD 1081.63,SiBore Drill - Unit,,Finished Goods,fifo,,,0.00,USD 0.00,"1/4""-20 x 2.5"" Pan Head Screw",SB1425,3.000000,Assembly,
6212012000000438315,"SiBore Drill - SB431 Gas Powered 1"" MicroBore / 2"" & 4"" Auger Combo",,USD 4999.00,SiBore Drill - Units,,,0.00,0.00,0.00,0.00,true,,goods,2,,,Active,EA,SB431,,,,,USD 1081.63,SiBore Drill - Unit,,Finished Goods,fifo,,,0.00,USD 0.00,"3/8""-16 x 1"" Grade 8 YellowZinc Bolt",SB38010,2.000000,Assembly,
6212012000000438315,"SiBore Drill - SB431 Gas Powered 1"" MicroBore / 2"" & 4"" Auger Combo",,USD 4999.00,SiBore Drill - Units,,,0.00,0.00,0.00,0.00,true,,goods,2,,,Active,EA,SB431,,,,,USD 1081.63,SiBore Drill - Unit,,Finished Goods,fifo,,,0.00,USD 0.00,"3/8"" split lock washer GR8 yellow zinc",SB3807,2.000000,Assembly,
6212012000000438315,"SiBore Drill - SB431 Gas Powered 1"" MicroBore / 2"" & 4"" Auger Combo",,USD 4999.00,SiBore Drill - Units,,,0.00,0.00,0.00,0.00,true,,goods,2,,,Active,EA,SB431,,,,,USD 1081.63,SiBore Drill - Unit,,Finished Goods,fifo,,,0.00,USD 0.00,SiBore Accessory Bag,SBACCBAG,1.000000,Assembly,
6212012000000438315,"SiBore Drill - SB431 Gas Powered 1"" MicroBore / 2"" & 4"" Auger Combo",,USD 4999.00,SiBore Drill - Units,,,0.00,0.00,0.00,0.00,true,,goods,2,,,Active,EA,SB431,,,,,USD 1081.63,SiBore Drill - Unit,,Finished Goods,fifo,,,0.00,USD 0.00,"3/8""-16 x 2.25"" Grade 8 YellowZinc Bolt",SB3822,2.000000,Assembly,
6212012000000438315,"SiBore Drill - SB431 Gas Powered 1"" MicroBore / 2"" & 4"" Auger Combo",,USD 4999.00,SiBore Drill - Units,,,0.00,0.00,0.00,0.00,true,,goods,2,,,Active,EA,SB431,,,,,USD 1081.63,SiBore Drill - Unit,,Finished Goods,fifo,,,0.00,USD 0.00,"3/8""-16 Nylock Nut",SB3803,2.000000,Assembly,
6212012000000438315,"SiBore Drill - SB431 Gas Powered 1"" MicroBore / 2"" & 4"" Auger Combo",,USD 4999.00,SiBore Drill - Units,,,0.00,0.00,0.00,0.00,true,,goods,2,,,Active,EA,SB431,,,,,USD 1081.63,SiBore Drill - Unit,,Finished Goods,fifo,,,0.00,USD 0.00,SiBore Drill - Tray,SBBOX2,1.000000,Assembly,
6212012000000438315,"SiBore Drill - SB431 Gas Powered 1"" MicroBore / 2"" & 4"" Auger Combo",,USD 4999.00,SiBore Drill - Units,,,0.00,0.00,0.00,0.00,true,,goods,2,,,Active,EA,SB431,,,,,USD 1081.63,SiBore Drill - Unit,,Finished Goods,fifo,,,0.00,USD 0.00,SiBore Drill - Lower Unit,SB0250,1.000000,Assembly,
6212012000000438315,"SiBore Drill - SB431 Gas Powered 1"" MicroBore / 2"" & 4"" Auger Combo",,USD 4999.00,SiBore Drill - Units,,,0.00,0.00,0.00,0.00,true,,goods,2,,,Active,EA,SB431,,,,,USD 1081.63,SiBore Drill - Unit,,Finished Goods,fifo,,,0.00,USD 0.00,"4mm Hex Key ""L"" tool",MT0004,1.000000,Assembly,
6212012000000438376,"SiBore Drill - SB431e Battery Powered 1"" MicroBore / 2"" & 4"" Auger Combo",,USD 4999.00,SiBore Drill - Units,,,0.00,0.00,0.00,0.00,true,,goods,2,,,Active,EA,SB431e,,,,,USD 1866.08,SiBore Drill - Unit,,Finished Goods,fifo,,,0.00,USD 0.00,SiBore Drill - Lower Unit,SB0250,1.000000,Assembly,
6212012000000438376,"SiBore Drill - SB431e Battery Powered 1"" MicroBore / 2"" & 4"" Auger Combo",,USD 4999.00,SiBore Drill - Units,,,0.00,0.00,0.00,0.00,true,,goods,2,,,Active,EA,SB431e,,,,,USD 1866.08,SiBore Drill - Unit,,Finished Goods,fifo,,,0.00,USD 0.00,SiBore Drill - Shipping Box,SBBOX1,1.000000,Assembly,
6212012000000438376,"SiBore Drill - SB431e Battery Powered 1"" MicroBore / 2"" & 4"" Auger Combo",,USD 4999.00,SiBore Drill - Units,,,0.00,0.00,0.00,0.00,true,,goods,2,,,Active,EA,SB431e,,,,,USD 1866.08,SiBore Drill - Unit,,Finished Goods,fifo,,,0.00,USD 0.00,"SiBore Drill - 1"" Bore Head",SB1000,2.000000,Assembly,
6212012000000438376,"SiBore Drill - SB431e Battery Powered 1"" MicroBore / 2"" & 4"" Auger Combo",,USD 4999.00,SiBore Drill - Units,,,0.00,0.00,0.00,0.00,true,,goods,2,,,Active,EA,SB431e,,,,,USD 1866.08,SiBore Drill - Unit,,Finished Goods,fifo,,,0.00,USD 0.00,SiBore Drill - Swivel Cable Puller,SB1500,1.000000,Assembly,
6212012000000438376,"SiBore Drill - SB431e Battery Powered 1"" MicroBore / 2"" & 4"" Auger Combo",,USD 4999.00,SiBore Drill - Units,,,0.00,0.00,0.00,0.00,true,,goods,2,,,Active,EA,SB431e,,,,,USD 1866.08,SiBore Drill - Unit,,Finished Goods,fifo,,,0.00,USD 0.00,"SiBore Drill - 2"" Auger Bit",SB2000,1.000000,Assembly,
6212012000000438376,"SiBore Drill - SB431e Battery Powered 1"" MicroBore / 2"" & 4"" Auger Combo",,USD 4999.00,SiBore Drill - Units,,,0.00,0.00,0.00,0.00,true,,goods,2,,,Active,EA,SB431e,,,,,USD 1866.08,SiBore Drill - Unit,,Finished Goods,fifo,,,0.00,USD 0.00,"SiBore Drill - 4"" Auger Bit",SB4000,1.000000,Assembly,
6212012000000438376,"SiBore Drill - SB431e Battery Powered 1"" MicroBore / 2"" & 4"" Auger Combo",,USD 4999.00,SiBore Drill - Units,,,0.00,0.00,0.00,0.00,true,,goods,2,,,Active,EA,SB431e,,,,,USD 1866.08,SiBore Drill - Unit,,Finished Goods,fifo,,,0.00,USD 0.00,"SiBore Drill - 32"" Extension",SB3200,3.000000,Assembly,
6212012000000438376,"SiBore Drill - SB431e Battery Powered 1"" MicroBore / 2"" & 4"" Auger Combo",,USD 4999.00,SiBore Drill - Units,,,0.00,0.00,0.00,0.00,true,,goods,2,,,Active,EA,SB431e,,,,,USD 1866.08,SiBore Drill - Unit,,Finished Goods,fifo,,,0.00,USD 0.00,Makita 40V max XGT BL Earth Auger Kit,GGD01M1,1.000000,Assembly,
6212012000000438376,"SiBore Drill - SB431e Battery Powered 1"" MicroBore / 2"" & 4"" Auger Combo",,USD 4999.00,SiBore Drill - Units,,,0.00,0.00,0.00,0.00,true,,goods,2,,,Active,EA,SB431e,,,,,USD 1866.08,SiBore Drill - Unit,,Finished Goods,fifo,,,0.00,USD 0.00,SiBore Drill - MicroBore Adapter,SB9000,1.000000,Assembly,
6212012000000438376,"SiBore Drill - SB431e Battery Powered 1"" MicroBore / 2"" & 4"" Auger Combo",,USD 4999.00,SiBore Drill - Units,,,0.00,0.00,0.00,0.00,true,,goods,2,,,Active,EA,SB431e,,,,,USD 1866.08,SiBore Drill - Unit,,Finished Goods,fifo,,,0.00,USD 0.00,"SiBore Drill - 36"" Drill Rod w/ Coupling Nut",SB3600,8.000000,Assembly,
6212012000000438376,"SiBore Drill - SB431e Battery Powered 1"" MicroBore / 2"" & 4"" Auger Combo",,USD 4999.00,SiBore Drill - Units,,,0.00,0.00,0.00,0.00,true,,goods,2,,,Active,EA,SB431e,,,,,USD 1866.08,SiBore Drill - Unit,,Finished Goods,fifo,,,0.00,USD 0.00,SiBore Drill - Makita Adapter Plate,SB9100,1.000000,Assembly,
6212012000000438376,"SiBore Drill - SB431e Battery Powered 1"" MicroBore / 2"" & 4"" Auger Combo",,USD 4999.00,SiBore Drill - Units,,,0.00,0.00,0.00,0.00,true,,goods,2,,,Active,EA,SB431e,,,,,USD 1866.08,SiBore Drill - Unit,,Finished Goods,fifo,,,0.00,USD 0.00,M8 x 1.25 x 65 Zinc-Plated Hex Bolt,MT0865,2.000000,Assembly,
6212012000000438376,"SiBore Drill - SB431e Battery Powered 1"" MicroBore / 2"" & 4"" Auger Combo",,USD 4999.00,SiBore Drill - Units,,,0.00,0.00,0.00,0.00,true,,goods,2,,,Active,EA,SB431e,,,,,USD 1866.08,SiBore Drill - Unit,,Finished Goods,fifo,,,0.00,USD 0.00,M12-1.75 x 80mm Grade 10.9 Clear Zinc Bolt,SB1280,2.000000,Assembly,
6212012000000438376,"SiBore Drill - SB431e Battery Powered 1"" MicroBore / 2"" & 4"" Auger Combo",,USD 4999.00,SiBore Drill - Units,,,0.00,0.00,0.00,0.00,true,,goods,2,,,Active,EA,SB431e,,,,,USD 1866.08,SiBore Drill - Unit,,Finished Goods,fifo,,,0.00,USD 0.00,"3/8""-16 Nylock Nut",SB3803,4.000000,Assembly,
6212012000000438376,"SiBore Drill - SB431e Battery Powered 1"" MicroBore / 2"" & 4"" Auger Combo",,USD 4999.00,SiBore Drill - Units,,,0.00,0.00,0.00,0.00,true,,goods,2,,,Active,EA,SB431e,,,,,USD 1866.08,SiBore Drill - Unit,,Finished Goods,fifo,,,0.00,USD 0.00,SiBore Owner's Manual,SB-LIT-OM,1.000000,Assembly,
6212012000000438376,"SiBore Drill - SB431e Battery Powered 1"" MicroBore / 2"" & 4"" Auger Combo",,USD 4999.00,SiBore Drill - Units,,,0.00,0.00,0.00,0.00,true,,goods,2,,,Active,EA,SB431e,,,,,USD 1866.08,SiBore Drill - Unit,,Finished Goods,fifo,,,0.00,USD 0.00,GeoRipper Warranty Postcard,GR-LIT-WP,1.000000,Assembly,
6212012000000438376,"SiBore Drill - SB431e Battery Powered 1"" MicroBore / 2"" & 4"" Auger Combo",,USD 4999.00,SiBore Drill - Units,,,0.00,0.00,0.00,0.00,true,,goods,2,,,Active,EA,SB431e,,,,,USD 1866.08,SiBore Drill - Unit,,Finished Goods,fifo,,,0.00,USD 0.00,SiBore Accessory Bag,SBACCBAG,1.000000,Assembly,
6212012000000438376,"SiBore Drill - SB431e Battery Powered 1"" MicroBore / 2"" & 4"" Auger Combo",,USD 4999.00,SiBore Drill - Units,,,0.00,0.00,0.00,0.00,true,,goods,2,,,Active,EA,SB431e,,,,,USD 1866.08,SiBore Drill - Unit,,Finished Goods,fifo,,,0.00,USD 0.00,"SiBore Drill - 9/16"" Combo Wrench",SB122,2.000000,Assembly,
6212012000000438376,"SiBore Drill - SB431e Battery Powered 1"" MicroBore / 2"" & 4"" Auger Combo",,USD 4999.00,SiBore Drill - Units,,,0.00,0.00,0.00,0.00,true,,goods,2,,,Active,EA,SB431e,,,,,USD 1866.08,SiBore Drill - Unit,,Finished Goods,fifo,,,0.00,USD 0.00,"3/8""-16 x 2.25"" Grade 8 YellowZinc Bolt",SB3822,2.000000,Assembly,
6212012000000438376,"SiBore Drill - SB431e Battery Powered 1"" MicroBore / 2"" & 4"" Auger Combo",,USD 4999.00,SiBore Drill - Units,,,0.00,0.00,0.00,0.00,true,,goods,2,,,Active,EA,SB431e,,,,,USD 1866.08,SiBore Drill - Unit,,Finished Goods,fifo,,,0.00,USD 0.00,Green PVC Tool Bag,MT0099,1.000000,Assembly,
6212012000000438376,"SiBore Drill - SB431e Battery Powered 1"" MicroBore / 2"" & 4"" Auger Combo",,USD 4999.00,SiBore Drill - Units,,,0.00,0.00,0.00,0.00,true,,goods,2,,,Active,EA,SB431e,,,,,USD 1866.08,SiBore Drill - Unit,,Finished Goods,fifo,,,0.00,USD 0.00,SiBore Drill - Tray,SBBOX2,1.000000,Assembly,
6212012000000438376,"SiBore Drill - SB431e Battery Powered 1"" MicroBore / 2"" & 4"" Auger Combo",,USD 4999.00,SiBore Drill - Units,,,0.00,0.00,0.00,0.00,true,,goods,2,,,Active,EA,SB431e,,,,,USD 1866.08,SiBore Drill - Unit,,Finished Goods,fifo,,,0.00,USD 0.00,BEARING RETAINER 32-43 CPL - GGD01,141S89-4,1.000000,Assembly,
6212012000000438376,"SiBore Drill - SB431e Battery Powered 1"" MicroBore / 2"" & 4"" Auger Combo",,USD 4999.00,SiBore Drill - Units,,,0.00,0.00,0.00,0.00,true,,goods,2,,,Active,EA,SB431e,,,,,USD 1866.08,SiBore Drill - Unit,,Finished Goods,fifo,,,0.00,USD 0.00,SPINDLE - GGD01,327C19-5,1.000000,Assembly,
6212012000000438376,"SiBore Drill - SB431e Battery Powered 1"" MicroBore / 2"" & 4"" Auger Combo",,USD 4999.00,SiBore Drill - Units,,,0.00,0.00,0.00,0.00,true,,goods,2,,,Active,EA,SB431e,,,,,USD 1866.08,SiBore Drill - Unit,,Finished Goods,fifo,,,0.00,USD 0.00,M8-1.25 X 40 UNC HEX CAP SCREW ZP,MT0840,1.000000,Assembly,
6212012000000438376,"SiBore Drill - SB431e Battery Powered 1"" MicroBore / 2"" & 4"" Auger Combo",,USD 4999.00,SiBore Drill - Units,,,0.00,0.00,0.00,0.00,true,,goods,2,,,Active,EA,SB431e,,,,,USD 1866.08,SiBore Drill - Unit,,Finished Goods,fifo,,,0.00,USD 0.00,"3/8""-16 x 2"" Grade 8 YellowZinc Bolt",SB3820,2.000000,Assembly,
6212012000000438376,"SiBore Drill - SB431e Battery Powered 1"" MicroBore / 2"" & 4"" Auger Combo",,USD 4999.00,SiBore Drill - Units,,,0.00,0.00,0.00,0.00,true,,goods,2,,,Active,EA,SB431e,,,,,USD 1866.08,SiBore Drill - Unit,,Finished Goods,fifo,,,0.00,USD 0.00,"4mm Hex Key ""L"" tool",MT0004,1.000000,Assembly,
6212012000000438376,"SiBore Drill - SB431e Battery Powered 1"" MicroBore / 2"" & 4"" Auger Combo",,USD 4999.00,SiBore Drill - Units,,,0.00,0.00,0.00,0.00,true,,goods,2,,,Active,EA,SB431e,,,,,USD 1866.08,SiBore Drill - Unit,,Finished Goods,fifo,,,0.00,USD 0.00,M8x1.25 Nylon Insert Locking Nut,GRKM61.8,1.000000,Assembly,
6212012000000438376,"SiBore Drill - SB431e Battery Powered 1"" MicroBore / 2"" & 4"" Auger Combo",,USD 4999.00,SiBore Drill - Units,,,0.00,0.00,0.00,0.00,true,,goods,2,,,Active,EA,SB431e,,,,,USD 1866.08,SiBore Drill - Unit,,Finished Goods,fifo,,,0.00,USD 0.00,Spark Plug Wrench,MTSPWRENCH,1.000000,Assembly,
6212012000000438439,GeoRipper(R)T/A E700 W/EZ,,USD 2100.00,GeoRipper - Units,GeoRipper,MiniTrencher,56.00,36.00,12.00,12.00,true,,goods,2,,,Active,EA,GRTA-E700,810075760385,810075760385,,22A,USD 528.26,Georipper - Unit,,Finished Goods,fifo,,,0.00,USD 0.00,GeoRipper(r)T/A Casting fits Echo CSG-7410,E1000,1.000000,Assembly,
6212012000000438439,GeoRipper(R)T/A E700 W/EZ,,USD 2100.00,GeoRipper - Units,GeoRipper,MiniTrencher,56.00,36.00,12.00,12.00,true,,goods,2,,,Active,EA,GRTA-E700,810075760385,810075760385,,22A,USD 528.26,Georipper - Unit,,Finished Goods,fifo,,,0.00,USD 0.00,Bearing - 6203 RS,MT0062,2.000000,Assembly,
6212012000000438439,GeoRipper(R)T/A E700 W/EZ,,USD 2100.00,GeoRipper - Units,GeoRipper,MiniTrencher,56.00,36.00,12.00,12.00,true,,goods,2,,,Active,EA,GRTA-E700,810075760385,810075760385,,22A,USD 528.26,Georipper - Unit,,Finished Goods,fifo,,,0.00,USD 0.00,R40 Snap Ring,MT0040,1.000000,Assembly,
6212012000000438439,GeoRipper(R)T/A E700 W/EZ,,USD 2100.00,GeoRipper - Units,GeoRipper,MiniTrencher,56.00,36.00,12.00,12.00,true,,goods,2,,,Active,EA,GRTA-E700,810075760385,810075760385,,22A,USD 528.26,Georipper - Unit,,Finished Goods,fifo,,,0.00,USD 0.00,Drive Axle for all GeoRipperT/A,MT9002,1.000000,Assembly,
6212012000000438439,GeoRipper(R)T/A E700 W/EZ,,USD 2100.00,GeoRipper - Units,GeoRipper,MiniTrencher,56.00,36.00,12.00,12.00,true,,goods,2,,,Active,EA,GRTA-E700,810075760385,810075760385,,22A,USD 528.26,Georipper - Unit,,Finished Goods,fifo,,,0.00,USD 0.00,Spacer,MT0010,1.000000,Assembly,
6212012000000438439,GeoRipper(R)T/A E700 W/EZ,,USD 2100.00,GeoRipper - Units,GeoRipper,MiniTrencher,56.00,36.00,12.00,12.00,true,,goods,2,,,Active,EA,GRTA-E700,810075760385,810075760385,,22A,USD 528.26,Georipper - Unit,,Finished Goods,fifo,,,0.00,USD 0.00,Labyrinth for all GeoRipperT/A,MT9003,1.000000,Assembly,
6212012000000438439,GeoRipper(R)T/A E700 W/EZ,,USD 2100.00,GeoRipper - Units,GeoRipper,MiniTrencher,56.00,36.00,12.00,12.00,true,,goods,2,,,Active,EA,GRTA-E700,810075760385,810075760385,,22A,USD 528.26,Georipper - Unit,,Finished Goods,fifo,,,0.00,USD 0.00,Minitrencher Drive Sprocket for GeoRipper and GeoRipper(R)T/A,MT9001,1.000000,Assembly,
6212012000000438439,GeoRipper(R)T/A E700 W/EZ,,USD 2100.00,GeoRipper - Units,GeoRipper,MiniTrencher,56.00,36.00,12.00,12.00,true,,goods,2,,,Active,EA,GRTA-E700,810075760385,810075760385,,22A,USD 528.26,Georipper - Unit,,Finished Goods,fifo,,,0.00,USD 0.00,M8 Zinc Plated Washer,MT0800,2.000000,Assembly,
6212012000000438439,GeoRipper(R)T/A E700 W/EZ,,USD 2100.00,GeoRipper - Units,GeoRipper,MiniTrencher,56.00,36.00,12.00,12.00,true,,goods,2,,,Active,EA,GRTA-E700,810075760385,810075760385,,22A,USD 528.26,Georipper - Unit,,Finished Goods,fifo,,,0.00,USD 0.00,Dirt Deflector,MT8001,1.000000,Assembly,
6212012000000438439,GeoRipper(R)T/A E700 W/EZ,,USD 2100.00,GeoRipper - Units,GeoRipper,MiniTrencher,56.00,36.00,12.00,12.00,true,,goods,2,,,Active,EA,GRTA-E700,810075760385,810075760385,,22A,USD 528.26,Georipper - Unit,,Finished Goods,fifo,,,0.00,USD 0.00,Mud Flap A,MT8002,1.000000,Assembly,
6212012000000438439,GeoRipper(R)T/A E700 W/EZ,,USD 2100.00,GeoRipper - Units,GeoRipper,MiniTrencher,56.00,36.00,12.00,12.00,true,,goods,2,,,Active,EA,GRTA-E700,810075760385,810075760385,,22A,USD 528.26,Georipper - Unit,,Finished Goods,fifo,,,0.00,USD 0.00,Mud Flap B,MT8003,1.000000,Assembly,
6212012000000438439,GeoRipper(R)T/A E700 W/EZ,,USD 2100.00,GeoRipper - Units,GeoRipper,MiniTrencher,56.00,36.00,12.00,12.00,true,,goods,2,,,Active,EA,GRTA-E700,810075760385,810075760385,,22A,USD 528.26,Georipper - Unit,,Finished Goods,fifo,,,0.00,USD 0.00,M5 X .8 X 16 Phillips Flat Machine Screw Plated,GR5.8,6.000000,Assembly,
6212012000000438439,GeoRipper(R)T/A E700 W/EZ,,USD 2100.00,GeoRipper - Units,GeoRipper,MiniTrencher,56.00,36.00,12.00,12.00,true,,goods,2,,,Active,EA,GRTA-E700,810075760385,810075760385,,22A,USD 528.26,Georipper - Unit,,Finished Goods,fifo,,,0.00,USD 0.00,M5 Nylock hex nut,GR5.11,6.000000,Assembly,
6212012000000438439,GeoRipper(R)T/A E700 W/EZ,,USD 2100.00,GeoRipper - Units,GeoRipper,MiniTrencher,56.00,36.00,12.00,12.00,true,,goods,2,,,Active,EA,GRTA-E700,810075760385,810075760385,,22A,USD 528.26,Georipper - Unit,,Finished Goods,fifo,,,0.00,USD 0.00,M5 x 18mm fender washer,GR5.12,6.000000,Assembly,
6212012000000438439,GeoRipper(R)T/A E700 W/EZ,,USD 2100.00,GeoRipper - Units,GeoRipper,MiniTrencher,56.00,36.00,12.00,12.00,true,,goods,2,,,Active,EA,GRTA-E700,810075760385,810075760385,,22A,USD 528.26,Georipper - Unit,,Finished Goods,fifo,,,0.00,USD 0.00,Bar Clamp Washer - Slotted,GR5.2,1.000000,Assembly,
6212012000000438439,GeoRipper(R)T/A E700 W/EZ,,USD 2100.00,GeoRipper - Units,GeoRipper,MiniTrencher,56.00,36.00,12.00,12.00,true,,goods,2,,,Active,EA,GRTA-E700,810075760385,810075760385,,22A,USD 528.26,Georipper - Unit,,Finished Goods,fifo,,,0.00,USD 0.00,M12 X 1.75 X 30 Bolt 18mm Head,GR5.3,2.000000,Assembly,
6212012000000438439,GeoRipper(R)T/A E700 W/EZ,,USD 2100.00,GeoRipper - Units,GeoRipper,MiniTrencher,56.00,36.00,12.00,12.00,true,,goods,2,,,Active,EA,GRTA-E700,810075760385,810075760385,,22A,USD 528.26,Georipper - Unit,,Finished Goods,fifo,,,0.00,USD 0.00,M12 Split Lock Washer,GR5.4,2.000000,Assembly,
6212012000000438439,GeoRipper(R)T/A E700 W/EZ,,USD 2100.00,GeoRipper - Units,GeoRipper,MiniTrencher,56.00,36.00,12.00,12.00,true,,goods,2,,,Active,EA,GRTA-E700,810075760385,810075760385,,22A,USD 528.26,Georipper - Unit,,Finished Goods,fifo,,,0.00,USD 0.00,Safety Bar - 700 Series GeoRipperT/A,MT7700,1.000000,Assembly,
6212012000000438439,GeoRipper(R)T/A E700 W/EZ,,USD 2100.00,GeoRipper - Units,GeoRipper,MiniTrencher,56.00,36.00,12.00,12.00,true,,goods,2,,,Active,EA,GRTA-E700,810075760385,810075760385,,22A,USD 528.26,Georipper - Unit,,Finished Goods,fifo,,,0.00,USD 0.00,M8 x 1.25 x 12 Bolt for Safety Bar,MT0812,2.000000,Assembly,
6212012000000438439,GeoRipper(R)T/A E700 W/EZ,,USD 2100.00,GeoRipper - Units,GeoRipper,MiniTrencher,56.00,36.00,12.00,12.00,true,,goods,2,,,Active,EA,GRTA-E700,810075760385,810075760385,,22A,USD 528.26,Georipper - Unit,,Finished Goods,fifo,,,0.00,USD 0.00,M8 split lock washer zinc plated,MT0804,2.000000,Assembly,
6212012000000438439,GeoRipper(R)T/A E700 W/EZ,,USD 2100.00,GeoRipper - Units,GeoRipper,MiniTrencher,56.00,36.00,12.00,12.00,true,,goods,2,,,Active,EA,GRTA-E700,810075760385,810075760385,,22A,USD 528.26,Georipper - Unit,,Finished Goods,fifo,,,0.00,USD 0.00,Green PVC Tool Bag,MT0099,1.000000,Assembly,
6212012000000438439,GeoRipper(R)T/A E700 W/EZ,,USD 2100.00,GeoRipper - Units,GeoRipper,MiniTrencher,56.00,36.00,12.00,12.00,true,,goods,2,,,Active,EA,GRTA-E700,810075760385,810075760385,,22A,USD 528.26,Georipper - Unit,,Finished Goods,fifo,,,0.00,USD 0.00,13mm Embossed Wrench,MT0013,1.000000,Assembly,
6212012000000438439,GeoRipper(R)T/A E700 W/EZ,,USD 2100.00,GeoRipper - Units,GeoRipper,MiniTrencher,56.00,36.00,12.00,12.00,true,,goods,2,,,Active,EA,GRTA-E700,810075760385,810075760385,,22A,USD 528.26,Georipper - Unit,,Finished Goods,fifo,,,0.00,USD 0.00,18mm Embossed Wrench,MT0018,1.000000,Assembly,
6212012000000438439,GeoRipper(R)T/A E700 W/EZ,,USD 2100.00,GeoRipper - Units,GeoRipper,MiniTrencher,56.00,36.00,12.00,12.00,true,,goods,2,,,Active,EA,GRTA-E700,810075760385,810075760385,,22A,USD 528.26,Georipper - Unit,,Finished Goods,fifo,,,0.00,USD 0.00,"Belt for 'The GeoRipper', Husqvarna K770 & Echo CSG-7410",MTB77-00,1.000000,Assembly,
6212012000000438439,GeoRipper(R)T/A E700 W/EZ,,USD 2100.00,GeoRipper - Units,GeoRipper,MiniTrencher,56.00,36.00,12.00,12.00,true,,goods,2,,,Active,EA,GRTA-E700,810075760385,810075760385,,22A,USD 528.26,Georipper - Unit,,Finished Goods,fifo,,,0.00,USD 0.00,Bearing (Sealed) 6002-RS2,GR1.2,1.000000,Assembly,
6212012000000438439,GeoRipper(R)T/A E700 W/EZ,,USD 2100.00,GeoRipper - Units,GeoRipper,MiniTrencher,56.00,36.00,12.00,12.00,true,,goods,2,,,Active,EA,GRTA-E700,810075760385,810075760385,,22A,USD 528.26,Georipper - Unit,,Finished Goods,fifo,,,0.00,USD 0.00,#50H Heavy Connecting Link Spring Clip,MT4004,1.000000,Assembly,
6212012000000438439,GeoRipper(R)T/A E700 W/EZ,,USD 2100.00,GeoRipper - Units,GeoRipper,MiniTrencher,56.00,36.00,12.00,12.00,true,,goods,2,,,Active,EA,GRTA-E700,810075760385,810075760385,,22A,USD 528.26,Georipper - Unit,,Finished Goods,fifo,,,0.00,USD 0.00,M8x1.25x20 Countersunk 5mm Hex Drive Bolt 12.9grade,GR0.3.2,3.000000,Assembly,
6212012000000438439,GeoRipper(R)T/A E700 W/EZ,,USD 2100.00,GeoRipper - Units,GeoRipper,MiniTrencher,56.00,36.00,12.00,12.00,true,,goods,2,,,Active,EA,GRTA-E700,810075760385,810075760385,,22A,USD 528.26,Georipper - Unit,,Finished Goods,fifo,,,0.00,USD 0.00,Owners Manual - GeoRipperT/A,GRTA-LIT-OM,1.000000,Assembly,
6212012000000438439,GeoRipper(R)T/A E700 W/EZ,,USD 2100.00,GeoRipper - Units,GeoRipper,MiniTrencher,56.00,36.00,12.00,12.00,true,,goods,2,,,Active,EA,GRTA-E700,810075760385,810075760385,,22A,USD 528.26,Georipper - Unit,,Finished Goods,fifo,,,0.00,USD 0.00,GeoRipper Warranty Postcard,GR-LIT-WP,1.000000,Assembly,
6212012000000438439,GeoRipper(R)T/A E700 W/EZ,,USD 2100.00,GeoRipper - Units,GeoRipper,MiniTrencher,56.00,36.00,12.00,12.00,true,,goods,2,,,Active,EA,GRTA-E700,810075760385,810075760385,,22A,USD 528.26,Georipper - Unit,,Finished Goods,fifo,,,0.00,USD 0.00,GeoRipper Minitrencher 27-Inch Digging Bar,MT3700,1.000000,Assembly,
6212012000000438439,GeoRipper(R)T/A E700 W/EZ,,USD 2100.00,GeoRipper - Units,GeoRipper,MiniTrencher,56.00,36.00,12.00,12.00,true,,goods,2,,,Active,EA,GRTA-E700,810075760385,810075760385,,22A,USD 528.26,Georipper - Unit,,Finished Goods,fifo,,,0.00,USD 0.00,Box - TASPACER,MT95192,2.000000,Assembly,
6212012000000438439,GeoRipper(R)T/A E700 W/EZ,,USD 2100.00,GeoRipper - Units,GeoRipper,MiniTrencher,56.00,36.00,12.00,12.00,true,,goods,2,,,Active,EA,GRTA-E700,810075760385,810075760385,,22A,USD 528.26,Georipper - Unit,,Finished Goods,fifo,,,0.00,USD 0.00,Foam Insert - GeoRipperT/A Box,MT0091,1.000000,Assembly,
6212012000000438439,GeoRipper(R)T/A E700 W/EZ,,USD 2100.00,GeoRipper - Units,GeoRipper,MiniTrencher,56.00,36.00,12.00,12.00,true,,goods,2,,,Active,EA,GRTA-E700,810075760385,810075760385,,22A,USD 528.26,Georipper - Unit,,Finished Goods,fifo,,,0.00,USD 0.00,Pulley for 'The GeoRipper' & Husqvarna K770 GeoRipperT/A,H1001,1.000000,Assembly,
6212012000000438439,GeoRipper(R)T/A E700 W/EZ,,USD 2100.00,GeoRipper - Units,GeoRipper,MiniTrencher,56.00,36.00,12.00,12.00,true,,goods,2,,,Active,EA,GRTA-E700,810075760385,810075760385,,22A,USD 528.26,Georipper - Unit,,Finished Goods,fifo,,,0.00,USD 0.00,Warehouse Hourly Labor,Labor30,1.000000,Assembly,
6212012000000438439,GeoRipper(R)T/A E700 W/EZ,,USD 2100.00,GeoRipper - Units,GeoRipper,MiniTrencher,56.00,36.00,12.00,12.00,true,,goods,2,,,Active,EA,GRTA-E700,810075760385,810075760385,,22A,USD 528.26,Georipper - Unit,,Finished Goods,fifo,,,0.00,USD 0.00,GeoRipper Minitrencher Universal EZ Kart,EZ100,1.000000,Assembly,
6212012000000438439,GeoRipper(R)T/A E700 W/EZ,,USD 2100.00,GeoRipper - Units,GeoRipper,MiniTrencher,56.00,36.00,12.00,12.00,true,,goods,2,,,Active,EA,GRTA-E700,810075760385,810075760385,,22A,USD 528.26,Georipper - Unit,,Finished Goods,fifo,,,0.00,USD 0.00,Box - TA700EZ,MT95196,1.000000,Assembly,
6212012000000438439,GeoRipper(R)T/A E700 W/EZ,,USD 2100.00,GeoRipper - Units,GeoRipper,MiniTrencher,56.00,36.00,12.00,12.00,true,,goods,2,,,Active,EA,GRTA-E700,810075760385,810075760385,,22A,USD 528.26,Georipper - Unit,,Finished Goods,fifo,,,0.00,USD 0.00,M8 x 1.25 x 50 Hex Bolt,MT0850,2.000000,Assembly,
6212012000000438439,GeoRipper(R)T/A E700 W/EZ,,USD 2100.00,GeoRipper - Units,GeoRipper,MiniTrencher,56.00,36.00,12.00,12.00,true,,goods,2,,,Active,EA,GRTA-E700,810075760385,810075760385,,22A,USD 528.26,Georipper - Unit,,Finished Goods,fifo,,,0.00,USD 0.00,M8 X 1.25 Flanged Nyloc Nut,GRKM7681.6,2.000000,Assembly,
6212012000000438439,GeoRipper(R)T/A E700 W/EZ,,USD 2100.00,GeoRipper - Units,GeoRipper,MiniTrencher,56.00,36.00,12.00,12.00,true,,goods,2,,,Active,EA,GRTA-E700,810075760385,810075760385,,22A,USD 528.26,Georipper - Unit,,Finished Goods,fifo,,,0.00,USD 0.00,"27"" Digging Chain (Single Chain)",MT4700,2.000000,Assembly,
6212012000000438439,GeoRipper(R)T/A E700 W/EZ,,USD 2100.00,GeoRipper - Units,GeoRipper,MiniTrencher,56.00,36.00,12.00,12.00,true,,goods,2,,,Active,EA,GRTA-E700,810075760385,810075760385,,22A,USD 528.26,Georipper - Unit,,Finished Goods,fifo,,,0.00,USD 0.00,M8-1.25 X 25 UNC HEX HEAD FLANGE BOLT GRADE 10.9,MT0825F,2.000000,Assembly,
6212012000000438439,GeoRipper(R)T/A E700 W/EZ,,USD 2100.00,GeoRipper - Units,GeoRipper,MiniTrencher,56.00,36.00,12.00,12.00,true,,goods,2,,,Active,EA,GRTA-E700,810075760385,810075760385,,22A,USD 528.26,Georipper - Unit,,Finished Goods,fifo,,,0.00,USD 0.00,Dirt Deflector Warning Sticker,GRS17,1.000000,Assembly,
6212012000000438439,GeoRipper(R)T/A E700 W/EZ,,USD 2100.00,GeoRipper - Units,GeoRipper,MiniTrencher,56.00,36.00,12.00,12.00,true,,goods,2,,,Active,EA,GRTA-E700,810075760385,810075760385,,22A,USD 528.26,Georipper - Unit,,Finished Goods,fifo,,,0.00,USD 0.00,Sticker - Hand Entanglement/Chain Drive,GRS11,1.000000,Assembly,
6212012000000438534,"SiBore Drill - SB215e-NM Battery Powered 1"" MicroBore - No Motor",,USD 2700.00,SiBore Drill - Units,,,0.00,0.00,0.00,0.00,true,,goods,2,,,Active,EA,SB215e-NM,,,,,USD 782.38,SiBore Drill - Unit,,Finished Goods,fifo,,,0.00,USD 0.00,SiBore Drill - Lower Unit,SB0250,1.000000,Assembly,
6212012000000438534,"SiBore Drill - SB215e-NM Battery Powered 1"" MicroBore - No Motor",,USD 2700.00,SiBore Drill - Units,,,0.00,0.00,0.00,0.00,true,,goods,2,,,Active,EA,SB215e-NM,,,,,USD 782.38,SiBore Drill - Unit,,Finished Goods,fifo,,,0.00,USD 0.00,SiBore Drill - Shipping Box,SBBOX1,1.000000,Assembly,
6212012000000438534,"SiBore Drill - SB215e-NM Battery Powered 1"" MicroBore - No Motor",,USD 2700.00,SiBore Drill - Units,,,0.00,0.00,0.00,0.00,true,,goods,2,,,Active,EA,SB215e-NM,,,,,USD 782.38,SiBore Drill - Unit,,Finished Goods,fifo,,,0.00,USD 0.00,"SiBore Drill - 1"" Bore Head",SB1000,2.000000,Assembly,
6212012000000438534,"SiBore Drill - SB215e-NM Battery Powered 1"" MicroBore - No Motor",,USD 2700.00,SiBore Drill - Units,,,0.00,0.00,0.00,0.00,true,,goods,2,,,Active,EA,SB215e-NM,,,,,USD 782.38,SiBore Drill - Unit,,Finished Goods,fifo,,,0.00,USD 0.00,SiBore Drill - Swivel Cable Puller,SB1500,1.000000,Assembly,
6212012000000438534,"SiBore Drill - SB215e-NM Battery Powered 1"" MicroBore - No Motor",,USD 2700.00,SiBore Drill - Units,,,0.00,0.00,0.00,0.00,true,,goods,2,,,Active,EA,SB215e-NM,,,,,USD 782.38,SiBore Drill - Unit,,Finished Goods,fifo,,,0.00,USD 0.00,SiBore Drill - Makita Adapter Plate,SB9100,1.000000,Assembly,
6212012000000438534,"SiBore Drill - SB215e-NM Battery Powered 1"" MicroBore - No Motor",,USD 2700.00,SiBore Drill - Units,,,0.00,0.00,0.00,0.00,true,,goods,2,,,Active,EA,SB215e-NM,,,,,USD 782.38,SiBore Drill - Unit,,Finished Goods,fifo,,,0.00,USD 0.00,SiBore Drill - Makita Drive Adapter,SB9200,1.000000,Assembly,
6212012000000438534,"SiBore Drill - SB215e-NM Battery Powered 1"" MicroBore - No Motor",,USD 2700.00,SiBore Drill - Units,,,0.00,0.00,0.00,0.00,true,,goods,2,,,Active,EA,SB215e-NM,,,,,USD 782.38,SiBore Drill - Unit,,Finished Goods,fifo,,,0.00,USD 0.00,SiBore Drill - MicroBore Adapter,SB9000,1.000000,Assembly,
6212012000000438534,"SiBore Drill - SB215e-NM Battery Powered 1"" MicroBore - No Motor",,USD 2700.00,SiBore Drill - Units,,,0.00,0.00,0.00,0.00,true,,goods,2,,,Active,EA,SB215e-NM,,,,,USD 782.38,SiBore Drill - Unit,,Finished Goods,fifo,,,0.00,USD 0.00,SiBore Drill MicroBore Drill Rod,SB3601,8.000000,Assembly,
6212012000000438534,"SiBore Drill - SB215e-NM Battery Powered 1"" MicroBore - No Motor",,USD 2700.00,SiBore Drill - Units,,,0.00,0.00,0.00,0.00,true,,goods,2,,,Active,EA,SB215e-NM,,,,,USD 782.38,SiBore Drill - Unit,,Finished Goods,fifo,,,0.00,USD 0.00,"SiBore Drill - 7/16"" Combo Wrench",SB121,1.000000,Assembly,
6212012000000438534,"SiBore Drill - SB215e-NM Battery Powered 1"" MicroBore - No Motor",,USD 2700.00,SiBore Drill - Units,,,0.00,0.00,0.00,0.00,true,,goods,2,,,Active,EA,SB215e-NM,,,,,USD 782.38,SiBore Drill - Unit,,Finished Goods,fifo,,,0.00,USD 0.00,"SiBore Drill - 9/16"" Combo Wrench",SB122,1.000000,Assembly,
6212012000000438534,"SiBore Drill - SB215e-NM Battery Powered 1"" MicroBore - No Motor",,USD 2700.00,SiBore Drill - Units,,,0.00,0.00,0.00,0.00,true,,goods,2,,,Active,EA,SB215e-NM,,,,,USD 782.38,SiBore Drill - Unit,,Finished Goods,fifo,,,0.00,USD 0.00,"SiBore Drill - 3/16"" Hex Key ""L"" shaped tool",SB123,1.000000,Assembly,
6212012000000438534,"SiBore Drill - SB215e-NM Battery Powered 1"" MicroBore - No Motor",,USD 2700.00,SiBore Drill - Units,,,0.00,0.00,0.00,0.00,true,,goods,2,,,Active,EA,SB215e-NM,,,,,USD 782.38,SiBore Drill - Unit,,Finished Goods,fifo,,,0.00,USD 0.00,Green PVC Tool Bag,MT0099,1.000000,Assembly,
6212012000000438534,"SiBore Drill - SB215e-NM Battery Powered 1"" MicroBore - No Motor",,USD 2700.00,SiBore Drill - Units,,,0.00,0.00,0.00,0.00,true,,goods,2,,,Active,EA,SB215e-NM,,,,,USD 782.38,SiBore Drill - Unit,,Finished Goods,fifo,,,0.00,USD 0.00,SiBore Drill - MicroBore Coupler Nut,SB1250,8.000000,Assembly,
6212012000000438534,"SiBore Drill - SB215e-NM Battery Powered 1"" MicroBore - No Motor",,USD 2700.00,SiBore Drill - Units,,,0.00,0.00,0.00,0.00,true,,goods,2,,,Active,EA,SB215e-NM,,,,,USD 782.38,SiBore Drill - Unit,,Finished Goods,fifo,,,0.00,USD 0.00,SiBore Accessory Bag,SBACCBAG,1.000000,Assembly,
6212012000000438575,"SiBore Drill - SB216e-NM Battery Powered w/ 2"" and 4"" Auger - No Motor","Includes: 
2""  & 4"" Auger Drill Bit
(2) 48"" Extensions
Accessory Stand
",USD 2700.00,SiBore Drill - Units,,,0.00,0.00,0.00,0.00,true,,goods,2,,,Active,EA,SB216e-NM,,,,,USD 699.97,SiBore Drill - Unit,,Finished Goods,fifo,,,0.00,USD 0.00,SiBore Drill - Lower Unit,SB0250,1.000000,Assembly,
6212012000000438575,"SiBore Drill - SB216e-NM Battery Powered w/ 2"" and 4"" Auger - No Motor","Includes: 
2""  & 4"" Auger Drill Bit
(2) 48"" Extensions
Accessory Stand
",USD 2700.00,SiBore Drill - Units,,,0.00,0.00,0.00,0.00,true,,goods,2,,,Active,EA,SB216e-NM,,,,,USD 699.97,SiBore Drill - Unit,,Finished Goods,fifo,,,0.00,USD 0.00,"SiBore Drill - 4"" Auger Bit",SB4000,1.000000,Assembly,
6212012000000438575,"SiBore Drill - SB216e-NM Battery Powered w/ 2"" and 4"" Auger - No Motor","Includes: 
2""  & 4"" Auger Drill Bit
(2) 48"" Extensions
Accessory Stand
",USD 2700.00,SiBore Drill - Units,,,0.00,0.00,0.00,0.00,true,,goods,2,,,Active,EA,SB216e-NM,,,,,USD 699.97,SiBore Drill - Unit,,Finished Goods,fifo,,,0.00,USD 0.00,"SiBore Drill - 2"" Auger Bit",SB2000,1.000000,Assembly,
6212012000000438575,"SiBore Drill - SB216e-NM Battery Powered w/ 2"" and 4"" Auger - No Motor","Includes: 
2""  & 4"" Auger Drill Bit
(2) 48"" Extensions
Accessory Stand
",USD 2700.00,SiBore Drill - Units,,,0.00,0.00,0.00,0.00,true,,goods,2,,,Active,EA,SB216e-NM,,,,,USD 699.97,SiBore Drill - Unit,,Finished Goods,fifo,,,0.00,USD 0.00,"SiBore Drill - 32"" Extension",SB3200,3.000000,Assembly,
6212012000000438575,"SiBore Drill - SB216e-NM Battery Powered w/ 2"" and 4"" Auger - No Motor","Includes: 
2""  & 4"" Auger Drill Bit
(2) 48"" Extensions
Accessory Stand
",USD 2700.00,SiBore Drill - Units,,,0.00,0.00,0.00,0.00,true,,goods,2,,,Active,EA,SB216e-NM,,,,,USD 699.97,SiBore Drill - Unit,,Finished Goods,fifo,,,0.00,USD 0.00,SiBore Drill - Shipping Box,SBBOX1,1.000000,Assembly,
6212012000000438575,"SiBore Drill - SB216e-NM Battery Powered w/ 2"" and 4"" Auger - No Motor","Includes: 
2""  & 4"" Auger Drill Bit
(2) 48"" Extensions
Accessory Stand
",USD 2700.00,SiBore Drill - Units,,,0.00,0.00,0.00,0.00,true,,goods,2,,,Active,EA,SB216e-NM,,,,,USD 699.97,SiBore Drill - Unit,,Finished Goods,fifo,,,0.00,USD 0.00,SiBore Drill - Makita Adapter Plate,SB9100,1.000000,Assembly,
6212012000000438575,"SiBore Drill - SB216e-NM Battery Powered w/ 2"" and 4"" Auger - No Motor","Includes: 
2""  & 4"" Auger Drill Bit
(2) 48"" Extensions
Accessory Stand
",USD 2700.00,SiBore Drill - Units,,,0.00,0.00,0.00,0.00,true,,goods,2,,,Active,EA,SB216e-NM,,,,,USD 699.97,SiBore Drill - Unit,,Finished Goods,fifo,,,0.00,USD 0.00,SiBore Drill - Makita Drive Adapter,SB9200,1.000000,Assembly,
6212012000000438575,"SiBore Drill - SB216e-NM Battery Powered w/ 2"" and 4"" Auger - No Motor","Includes: 
2""  & 4"" Auger Drill Bit
(2) 48"" Extensions
Accessory Stand
",USD 2700.00,SiBore Drill - Units,,,0.00,0.00,0.00,0.00,true,,goods,2,,,Active,EA,SB216e-NM,,,,,USD 699.97,SiBore Drill - Unit,,Finished Goods,fifo,,,0.00,USD 0.00,SiBore Accessory Bag,SBACCBAG,1.000000,Assembly,
6212012000000438604,"SiBore Drill - SB431e-NM Battery Powered 1"" MicroBore / 2"" & 4"" Auger Combo - No Motor",,USD 3999.00,SiBore Drill - Units,,,0.00,0.00,0.00,0.00,true,,goods,2,,,Active,EA,SB431e-NM,,,,,USD 1061.89,SiBore Drill - Unit,,Finished Goods,fifo,,,0.00,USD 0.00,SiBore Drill - Lower Unit,SB0250,1.000000,Assembly,
6212012000000438604,"SiBore Drill - SB431e-NM Battery Powered 1"" MicroBore / 2"" & 4"" Auger Combo - No Motor",,USD 3999.00,SiBore Drill - Units,,,0.00,0.00,0.00,0.00,true,,goods,2,,,Active,EA,SB431e-NM,,,,,USD 1061.89,SiBore Drill - Unit,,Finished Goods,fifo,,,0.00,USD 0.00,SiBore Drill - Shipping Box,SBBOX1,1.000000,Assembly,
6212012000000438604,"SiBore Drill - SB431e-NM Battery Powered 1"" MicroBore / 2"" & 4"" Auger Combo - No Motor",,USD 3999.00,SiBore Drill - Units,,,0.00,0.00,0.00,0.00,true,,goods,2,,,Active,EA,SB431e-NM,,,,,USD 1061.89,SiBore Drill - Unit,,Finished Goods,fifo,,,0.00,USD 0.00,"SiBore Drill - 1"" Bore Head",SB1000,2.000000,Assembly,
6212012000000438604,"SiBore Drill - SB431e-NM Battery Powered 1"" MicroBore / 2"" & 4"" Auger Combo - No Motor",,USD 3999.00,SiBore Drill - Units,,,0.00,0.00,0.00,0.00,true,,goods,2,,,Active,EA,SB431e-NM,,,,,USD 1061.89,SiBore Drill - Unit,,Finished Goods,fifo,,,0.00,USD 0.00,SiBore Drill - Swivel Cable Puller,SB1500,1.000000,Assembly,
6212012000000438604,"SiBore Drill - SB431e-NM Battery Powered 1"" MicroBore / 2"" & 4"" Auger Combo - No Motor",,USD 3999.00,SiBore Drill - Units,,,0.00,0.00,0.00,0.00,true,,goods,2,,,Active,EA,SB431e-NM,,,,,USD 1061.89,SiBore Drill - Unit,,Finished Goods,fifo,,,0.00,USD 0.00,"SiBore Drill - 2"" Auger Bit",SB2000,1.000000,Assembly,
6212012000000438604,"SiBore Drill - SB431e-NM Battery Powered 1"" MicroBore / 2"" & 4"" Auger Combo - No Motor",,USD 3999.00,SiBore Drill - Units,,,0.00,0.00,0.00,0.00,true,,goods,2,,,Active,EA,SB431e-NM,,,,,USD 1061.89,SiBore Drill - Unit,,Finished Goods,fifo,,,0.00,USD 0.00,"SiBore Drill - 4"" Auger Bit",SB4000,1.000000,Assembly,
6212012000000438604,"SiBore Drill - SB431e-NM Battery Powered 1"" MicroBore / 2"" & 4"" Auger Combo - No Motor",,USD 3999.00,SiBore Drill - Units,,,0.00,0.00,0.00,0.00,true,,goods,2,,,Active,EA,SB431e-NM,,,,,USD 1061.89,SiBore Drill - Unit,,Finished Goods,fifo,,,0.00,USD 0.00,"SiBore Drill - 32"" Extension",SB3200,3.000000,Assembly,
6212012000000438604,"SiBore Drill - SB431e-NM Battery Powered 1"" MicroBore / 2"" & 4"" Auger Combo - No Motor",,USD 3999.00,SiBore Drill - Units,,,0.00,0.00,0.00,0.00,true,,goods,2,,,Active,EA,SB431e-NM,,,,,USD 1061.89,SiBore Drill - Unit,,Finished Goods,fifo,,,0.00,USD 0.00,SiBore Drill - MicroBore Adapter,SB9000,1.000000,Assembly,
6212012000000438604,"SiBore Drill - SB431e-NM Battery Powered 1"" MicroBore / 2"" & 4"" Auger Combo - No Motor",,USD 3999.00,SiBore Drill - Units,,,0.00,0.00,0.00,0.00,true,,goods,2,,,Active,EA,SB431e-NM,,,,,USD 1061.89,SiBore Drill - Unit,,Finished Goods,fifo,,,0.00,USD 0.00,"SiBore Drill - 36"" Drill Rod w/ Coupling Nut",SB3600,8.000000,Assembly,
6212012000000438604,"SiBore Drill - SB431e-NM Battery Powered 1"" MicroBore / 2"" & 4"" Auger Combo - No Motor",,USD 3999.00,SiBore Drill - Units,,,0.00,0.00,0.00,0.00,true,,goods,2,,,Active,EA,SB431e-NM,,,,,USD 1061.89,SiBore Drill - Unit,,Finished Goods,fifo,,,0.00,USD 0.00,SiBore Accessory Bag,SBACCBAG,1.000000,Assembly,
6212012000000438637,GeoRipper(R)T/A H400 W/EZ,,USD 1700.00,GeoRipper - Units,GeoRipper,MiniTrencher,46.00,36.00,12.00,12.00,true,,goods,2,,,Active,EA,GRTA-H400,810075760378,810075760378,,22A,USD 499.19,Georipper - Unit,,Finished Goods,fifo,,,0.00,USD 0.00,Husqvarna T/A Casting,H1000,1.000000,Assembly,
6212012000000438637,GeoRipper(R)T/A H400 W/EZ,,USD 1700.00,GeoRipper - Units,GeoRipper,MiniTrencher,46.00,36.00,12.00,12.00,true,,goods,2,,,Active,EA,GRTA-H400,810075760378,810075760378,,22A,USD 499.19,Georipper - Unit,,Finished Goods,fifo,,,0.00,USD 0.00,Bearing - 6203 RS,MT0062,2.000000,Assembly,
6212012000000438637,GeoRipper(R)T/A H400 W/EZ,,USD 1700.00,GeoRipper - Units,GeoRipper,MiniTrencher,46.00,36.00,12.00,12.00,true,,goods,2,,,Active,EA,GRTA-H400,810075760378,810075760378,,22A,USD 499.19,Georipper - Unit,,Finished Goods,fifo,,,0.00,USD 0.00,R40 Snap Ring,MT0040,1.000000,Assembly,
6212012000000438637,GeoRipper(R)T/A H400 W/EZ,,USD 1700.00,GeoRipper - Units,GeoRipper,MiniTrencher,46.00,36.00,12.00,12.00,true,,goods,2,,,Active,EA,GRTA-H400,810075760378,810075760378,,22A,USD 499.19,Georipper - Unit,,Finished Goods,fifo,,,0.00,USD 0.00,Drive Axle for all GeoRipperT/A,MT9002,1.000000,Assembly,
6212012000000438637,GeoRipper(R)T/A H400 W/EZ,,USD 1700.00,GeoRipper - Units,GeoRipper,MiniTrencher,46.00,36.00,12.00,12.00,true,,goods,2,,,Active,EA,GRTA-H400,810075760378,810075760378,,22A,USD 499.19,Georipper - Unit,,Finished Goods,fifo,,,0.00,USD 0.00,Spacer,MT0010,1.000000,Assembly,
6212012000000438637,GeoRipper(R)T/A H400 W/EZ,,USD 1700.00,GeoRipper - Units,GeoRipper,MiniTrencher,46.00,36.00,12.00,12.00,true,,goods,2,,,Active,EA,GRTA-H400,810075760378,810075760378,,22A,USD 499.19,Georipper - Unit,,Finished Goods,fifo,,,0.00,USD 0.00,Labyrinth for all GeoRipperT/A,MT9003,1.000000,Assembly,
6212012000000438637,GeoRipper(R)T/A H400 W/EZ,,USD 1700.00,GeoRipper - Units,GeoRipper,MiniTrencher,46.00,36.00,12.00,12.00,true,,goods,2,,,Active,EA,GRTA-H400,810075760378,810075760378,,22A,USD 499.19,Georipper - Unit,,Finished Goods,fifo,,,0.00,USD 0.00,Minitrencher Drive Sprocket for GeoRipper and GeoRipper(R)T/A,MT9001,1.000000,Assembly,
6212012000000438637,GeoRipper(R)T/A H400 W/EZ,,USD 1700.00,GeoRipper - Units,GeoRipper,MiniTrencher,46.00,36.00,12.00,12.00,true,,goods,2,,,Active,EA,GRTA-H400,810075760378,810075760378,,22A,USD 499.19,Georipper - Unit,,Finished Goods,fifo,,,0.00,USD 0.00,Pulley for Husqvarna K970 GeoRipperT/A,H1002,1.000000,Assembly,
6212012000000438637,GeoRipper(R)T/A H400 W/EZ,,USD 1700.00,GeoRipper - Units,GeoRipper,MiniTrencher,46.00,36.00,12.00,12.00,true,,goods,2,,,Active,EA,GRTA-H400,810075760378,810075760378,,22A,USD 499.19,Georipper - Unit,,Finished Goods,fifo,,,0.00,USD 0.00,M8 Zinc Plated Washer,MT0800,2.000000,Assembly,
6212012000000438637,GeoRipper(R)T/A H400 W/EZ,,USD 1700.00,GeoRipper - Units,GeoRipper,MiniTrencher,46.00,36.00,12.00,12.00,true,,goods,2,,,Active,EA,GRTA-H400,810075760378,810075760378,,22A,USD 499.19,Georipper - Unit,,Finished Goods,fifo,,,0.00,USD 0.00,Dirt Deflector,MT8001,1.000000,Assembly,
6212012000000438637,GeoRipper(R)T/A H400 W/EZ,,USD 1700.00,GeoRipper - Units,GeoRipper,MiniTrencher,46.00,36.00,12.00,12.00,true,,goods,2,,,Active,EA,GRTA-H400,810075760378,810075760378,,22A,USD 499.19,Georipper - Unit,,Finished Goods,fifo,,,0.00,USD 0.00,Mud Flap A,MT8002,1.000000,Assembly,
6212012000000438637,GeoRipper(R)T/A H400 W/EZ,,USD 1700.00,GeoRipper - Units,GeoRipper,MiniTrencher,46.00,36.00,12.00,12.00,true,,goods,2,,,Active,EA,GRTA-H400,810075760378,810075760378,,22A,USD 499.19,Georipper - Unit,,Finished Goods,fifo,,,0.00,USD 0.00,Mud Flap B,MT8003,1.000000,Assembly,
6212012000000438637,GeoRipper(R)T/A H400 W/EZ,,USD 1700.00,GeoRipper - Units,GeoRipper,MiniTrencher,46.00,36.00,12.00,12.00,true,,goods,2,,,Active,EA,GRTA-H400,810075760378,810075760378,,22A,USD 499.19,Georipper - Unit,,Finished Goods,fifo,,,0.00,USD 0.00,M5 X .8 X 16 Phillips Flat Machine Screw Plated,GR5.8,6.000000,Assembly,
6212012000000438637,GeoRipper(R)T/A H400 W/EZ,,USD 1700.00,GeoRipper - Units,GeoRipper,MiniTrencher,46.00,36.00,12.00,12.00,true,,goods,2,,,Active,EA,GRTA-H400,810075760378,810075760378,,22A,USD 499.19,Georipper - Unit,,Finished Goods,fifo,,,0.00,USD 0.00,M5 x 18mm fender washer,GR5.12,6.000000,Assembly,
6212012000000438637,GeoRipper(R)T/A H400 W/EZ,,USD 1700.00,GeoRipper - Units,GeoRipper,MiniTrencher,46.00,36.00,12.00,12.00,true,,goods,2,,,Active,EA,GRTA-H400,810075760378,810075760378,,22A,USD 499.19,Georipper - Unit,,Finished Goods,fifo,,,0.00,USD 0.00,M5 Nylock hex nut,GR5.11,6.000000,Assembly,
6212012000000438637,GeoRipper(R)T/A H400 W/EZ,,USD 1700.00,GeoRipper - Units,GeoRipper,MiniTrencher,46.00,36.00,12.00,12.00,true,,goods,2,,,Active,EA,GRTA-H400,810075760378,810075760378,,22A,USD 499.19,Georipper - Unit,,Finished Goods,fifo,,,0.00,USD 0.00,Bar Clamp Washer - Slotted,GR5.2,1.000000,Assembly,
6212012000000438637,GeoRipper(R)T/A H400 W/EZ,,USD 1700.00,GeoRipper - Units,GeoRipper,MiniTrencher,46.00,36.00,12.00,12.00,true,,goods,2,,,Active,EA,GRTA-H400,810075760378,810075760378,,22A,USD 499.19,Georipper - Unit,,Finished Goods,fifo,,,0.00,USD 0.00,M12 X 1.75 X 30 Bolt 18mm Head,GR5.3,2.000000,Assembly,
6212012000000438637,GeoRipper(R)T/A H400 W/EZ,,USD 1700.00,GeoRipper - Units,GeoRipper,MiniTrencher,46.00,36.00,12.00,12.00,true,,goods,2,,,Active,EA,GRTA-H400,810075760378,810075760378,,22A,USD 499.19,Georipper - Unit,,Finished Goods,fifo,,,0.00,USD 0.00,M12 Split Lock Washer,GR5.4,2.000000,Assembly,
6212012000000438637,GeoRipper(R)T/A H400 W/EZ,,USD 1700.00,GeoRipper - Units,GeoRipper,MiniTrencher,46.00,36.00,12.00,12.00,true,,goods,2,,,Active,EA,GRTA-H400,810075760378,810075760378,,22A,USD 499.19,Georipper - Unit,,Finished Goods,fifo,,,0.00,USD 0.00,M8 x 1.25 x 12 Bolt for Safety Bar,MT0812,2.000000,Assembly,
6212012000000438637,GeoRipper(R)T/A H400 W/EZ,,USD 1700.00,GeoRipper - Units,GeoRipper,MiniTrencher,46.00,36.00,12.00,12.00,true,,goods,2,,,Active,EA,GRTA-H400,810075760378,810075760378,,22A,USD 499.19,Georipper - Unit,,Finished Goods,fifo,,,0.00,USD 0.00,M8 split lock washer zinc plated,MT0804,2.000000,Assembly,
6212012000000438637,GeoRipper(R)T/A H400 W/EZ,,USD 1700.00,GeoRipper - Units,GeoRipper,MiniTrencher,46.00,36.00,12.00,12.00,true,,goods,2,,,Active,EA,GRTA-H400,810075760378,810075760378,,22A,USD 499.19,Georipper - Unit,,Finished Goods,fifo,,,0.00,USD 0.00,M8 x 1.25 x 65 Zinc-Plated Hex Bolt,MT0865,3.000000,Assembly,
6212012000000438637,GeoRipper(R)T/A H400 W/EZ,,USD 1700.00,GeoRipper - Units,GeoRipper,MiniTrencher,46.00,36.00,12.00,12.00,true,,goods,2,,,Active,EA,GRTA-H400,810075760378,810075760378,,22A,USD 499.19,Georipper - Unit,,Finished Goods,fifo,,,0.00,USD 0.00,M8 Acorn Nut,MT0801,3.000000,Assembly,
6212012000000438637,GeoRipper(R)T/A H400 W/EZ,,USD 1700.00,GeoRipper - Units,GeoRipper,MiniTrencher,46.00,36.00,12.00,12.00,true,,goods,2,,,Active,EA,GRTA-H400,810075760378,810075760378,,22A,USD 499.19,Georipper - Unit,,Finished Goods,fifo,,,0.00,USD 0.00,Belt for Husqvarna K970,MTB97-00,1.000000,Assembly,
6212012000000438637,GeoRipper(R)T/A H400 W/EZ,,USD 1700.00,GeoRipper - Units,GeoRipper,MiniTrencher,46.00,36.00,12.00,12.00,true,,goods,2,,,Active,EA,GRTA-H400,810075760378,810075760378,,22A,USD 499.19,Georipper - Unit,,Finished Goods,fifo,,,0.00,USD 0.00,Pulley for 'The GeoRipper' & Husqvarna K770 GeoRipperT/A,H1001,1.000000,Assembly,
6212012000000438637,GeoRipper(R)T/A H400 W/EZ,,USD 1700.00,GeoRipper - Units,GeoRipper,MiniTrencher,46.00,36.00,12.00,12.00,true,,goods,2,,,Active,EA,GRTA-H400,810075760378,810075760378,,22A,USD 499.19,Georipper - Unit,,Finished Goods,fifo,,,0.00,USD 0.00,"Belt for 'The GeoRipper', Husqvarna K770 & Echo CSG-7410",MTB77-00,1.000000,Assembly,
6212012000000438637,GeoRipper(R)T/A H400 W/EZ,,USD 1700.00,GeoRipper - Units,GeoRipper,MiniTrencher,46.00,36.00,12.00,12.00,true,,goods,2,,,Active,EA,GRTA-H400,810075760378,810075760378,,22A,USD 499.19,Georipper - Unit,,Finished Goods,fifo,,,0.00,USD 0.00,Green PVC Tool Bag,MT0099,1.000000,Assembly,
6212012000000438637,GeoRipper(R)T/A H400 W/EZ,,USD 1700.00,GeoRipper - Units,GeoRipper,MiniTrencher,46.00,36.00,12.00,12.00,true,,goods,2,,,Active,EA,GRTA-H400,810075760378,810075760378,,22A,USD 499.19,Georipper - Unit,,Finished Goods,fifo,,,0.00,USD 0.00,13mm Embossed Wrench,MT0013,1.000000,Assembly,
6212012000000438637,GeoRipper(R)T/A H400 W/EZ,,USD 1700.00,GeoRipper - Units,GeoRipper,MiniTrencher,46.00,36.00,12.00,12.00,true,,goods,2,,,Active,EA,GRTA-H400,810075760378,810075760378,,22A,USD 499.19,Georipper - Unit,,Finished Goods,fifo,,,0.00,USD 0.00,18mm Embossed Wrench,MT0018,1.000000,Assembly,
6212012000000438637,GeoRipper(R)T/A H400 W/EZ,,USD 1700.00,GeoRipper - Units,GeoRipper,MiniTrencher,46.00,36.00,12.00,12.00,true,,goods,2,,,Active,EA,GRTA-H400,810075760378,810075760378,,22A,USD 499.19,Georipper - Unit,,Finished Goods,fifo,,,0.00,USD 0.00,Bearing (Sealed) 6002-RS2,GR1.2,1.000000,Assembly,
6212012000000438637,GeoRipper(R)T/A H400 W/EZ,,USD 1700.00,GeoRipper - Units,GeoRipper,MiniTrencher,46.00,36.00,12.00,12.00,true,,goods,2,,,Active,EA,GRTA-H400,810075760378,810075760378,,22A,USD 499.19,Georipper - Unit,,Finished Goods,fifo,,,0.00,USD 0.00,#50H Heavy Connecting Link Spring Clip,MT4004,1.000000,Assembly,
6212012000000438637,GeoRipper(R)T/A H400 W/EZ,,USD 1700.00,GeoRipper - Units,GeoRipper,MiniTrencher,46.00,36.00,12.00,12.00,true,,goods,2,,,Active,EA,GRTA-H400,810075760378,810075760378,,22A,USD 499.19,Georipper - Unit,,Finished Goods,fifo,,,0.00,USD 0.00,M8x1.25x20 Countersunk 5mm Hex Drive Bolt 12.9grade,GR0.3.2,3.000000,Assembly,
6212012000000438637,GeoRipper(R)T/A H400 W/EZ,,USD 1700.00,GeoRipper - Units,GeoRipper,MiniTrencher,46.00,36.00,12.00,12.00,true,,goods,2,,,Active,EA,GRTA-H400,810075760378,810075760378,,22A,USD 499.19,Georipper - Unit,,Finished Goods,fifo,,,0.00,USD 0.00,Box - TASPACER,MT95192,2.000000,Assembly,
6212012000000438637,GeoRipper(R)T/A H400 W/EZ,,USD 1700.00,GeoRipper - Units,GeoRipper,MiniTrencher,46.00,36.00,12.00,12.00,true,,goods,2,,,Active,EA,GRTA-H400,810075760378,810075760378,,22A,USD 499.19,Georipper - Unit,,Finished Goods,fifo,,,0.00,USD 0.00,Foam Insert - GeoRipperT/A Box,MT0091,1.000000,Assembly,
6212012000000438637,GeoRipper(R)T/A H400 W/EZ,,USD 1700.00,GeoRipper - Units,GeoRipper,MiniTrencher,46.00,36.00,12.00,12.00,true,,goods,2,,,Active,EA,GRTA-H400,810075760378,810075760378,,22A,USD 499.19,Georipper - Unit,,Finished Goods,fifo,,,0.00,USD 0.00,Owners Manual - GeoRipperT/A,GRTA-LIT-OM,1.000000,Assembly,
6212012000000438637,GeoRipper(R)T/A H400 W/EZ,,USD 1700.00,GeoRipper - Units,GeoRipper,MiniTrencher,46.00,36.00,12.00,12.00,true,,goods,2,,,Active,EA,GRTA-H400,810075760378,810075760378,,22A,USD 499.19,Georipper - Unit,,Finished Goods,fifo,,,0.00,USD 0.00,GeoRipper Warranty Postcard,GR-LIT-WP,1.000000,Assembly,
6212012000000438637,GeoRipper(R)T/A H400 W/EZ,,USD 1700.00,GeoRipper - Units,GeoRipper,MiniTrencher,46.00,36.00,12.00,12.00,true,,goods,2,,,Active,EA,GRTA-H400,810075760378,810075760378,,22A,USD 499.19,Georipper - Unit,,Finished Goods,fifo,,,0.00,USD 0.00,GeoRipper Minitrencher Universal EZ Kart,EZ100,1.000000,Assembly,
6212012000000438637,GeoRipper(R)T/A H400 W/EZ,,USD 1700.00,GeoRipper - Units,GeoRipper,MiniTrencher,46.00,36.00,12.00,12.00,true,,goods,2,,,Active,EA,GRTA-H400,810075760378,810075760378,,22A,USD 499.19,Georipper - Unit,,Finished Goods,fifo,,,0.00,USD 0.00,"Complete 16"" Digging Bar",MT3400,1.000000,Assembly,
6212012000000438637,GeoRipper(R)T/A H400 W/EZ,,USD 1700.00,GeoRipper - Units,GeoRipper,MiniTrencher,46.00,36.00,12.00,12.00,true,,goods,2,,,Active,EA,GRTA-H400,810075760378,810075760378,,22A,USD 499.19,Georipper - Unit,,Finished Goods,fifo,,,0.00,USD 0.00,Warehouse Hourly Labor,Labor30,1.000000,Assembly,
6212012000000438637,GeoRipper(R)T/A H400 W/EZ,,USD 1700.00,GeoRipper - Units,GeoRipper,MiniTrencher,46.00,36.00,12.00,12.00,true,,goods,2,,,Active,EA,GRTA-H400,810075760378,810075760378,,22A,USD 499.19,Georipper - Unit,,Finished Goods,fifo,,,0.00,USD 0.00,Belt cover Orange K770 K970,MT7208-100-H,1.000000,Assembly,
6212012000000438637,GeoRipper(R)T/A H400 W/EZ,,USD 1700.00,GeoRipper - Units,GeoRipper,MiniTrencher,46.00,36.00,12.00,12.00,true,,goods,2,,,Active,EA,GRTA-H400,810075760378,810075760378,,22A,USD 499.19,Georipper - Unit,,Finished Goods,fifo,,,0.00,USD 0.00,"16"" Digging Chain (Single Chain)",MT4400,2.000000,Assembly,
6212012000000438637,GeoRipper(R)T/A H400 W/EZ,,USD 1700.00,GeoRipper - Units,GeoRipper,MiniTrencher,46.00,36.00,12.00,12.00,true,,goods,2,,,Active,EA,GRTA-H400,810075760378,810075760378,,22A,USD 499.19,Georipper - Unit,,Finished Goods,fifo,,,0.00,USD 0.00,M8-1.25 X 25 UNC HEX HEAD FLANGE BOLT GRADE 10.9,MT0825F,2.000000,Assembly,
6212012000000438637,GeoRipper(R)T/A H400 W/EZ,,USD 1700.00,GeoRipper - Units,GeoRipper,MiniTrencher,46.00,36.00,12.00,12.00,true,,goods,2,,,Active,EA,GRTA-H400,810075760378,810075760378,,22A,USD 499.19,Georipper - Unit,,Finished Goods,fifo,,,0.00,USD 0.00,Safety Bar - 400 Series GeoRipperT/A,MT7400,1.000000,Assembly,
6212012000000438637,GeoRipper(R)T/A H400 W/EZ,,USD 1700.00,GeoRipper - Units,GeoRipper,MiniTrencher,46.00,36.00,12.00,12.00,true,,goods,2,,,Active,EA,GRTA-H400,810075760378,810075760378,,22A,USD 499.19,Georipper - Unit,,Finished Goods,fifo,,,0.00,USD 0.00,Dirt Deflector Warning Sticker,GRS17,1.000000,Assembly,
6212012000000438637,GeoRipper(R)T/A H400 W/EZ,,USD 1700.00,GeoRipper - Units,GeoRipper,MiniTrencher,46.00,36.00,12.00,12.00,true,,goods,2,,,Active,EA,GRTA-H400,810075760378,810075760378,,22A,USD 499.19,Georipper - Unit,,Finished Goods,fifo,,,0.00,USD 0.00,M8 X 1.25 Flanged Nyloc Nut,GRKM7681.6,3.000000,Assembly,
6212012000000438637,GeoRipper(R)T/A H400 W/EZ,,USD 1700.00,GeoRipper - Units,GeoRipper,MiniTrencher,46.00,36.00,12.00,12.00,true,,goods,2,,,Active,EA,GRTA-H400,810075760378,810075760378,,22A,USD 499.19,Georipper - Unit,,Finished Goods,fifo,,,0.00,USD 0.00,Box - TA700EZ,MT95196,1.000000,Assembly,
6212012000000438637,GeoRipper(R)T/A H400 W/EZ,,USD 1700.00,GeoRipper - Units,GeoRipper,MiniTrencher,46.00,36.00,12.00,12.00,true,,goods,2,,,Active,EA,GRTA-H400,810075760378,810075760378,,22A,USD 499.19,Georipper - Unit,,Finished Goods,fifo,,,0.00,USD 0.00,Sticker - Hand Entanglement/Chain Drive,GRS11,1.000000,Assembly,
6212012000000438740,GeoRipper(R) 16-Inch R.I.P. Kit,,USD 225.00,GeoRipper - Parts,,,0.00,0.00,0.00,0.00,true,,goods,2,,,Active,Kit,MTRIP400,,,,,USD 61.49,GeoRipper - Part,,Finished Goods,fifo,,,0.00,USD 0.00,GeoRipper Minitrencher 6-Tooth Nose Sprocket with Bearing,MT1500,1.000000,Assembly,
6212012000000438740,GeoRipper(R) 16-Inch R.I.P. Kit,,USD 225.00,GeoRipper - Parts,,,0.00,0.00,0.00,0.00,true,,goods,2,,,Active,Kit,MTRIP400,,,,,USD 61.49,GeoRipper - Part,,Finished Goods,fifo,,,0.00,USD 0.00,#50H Heavy Connecting Link Spring Clip,MT4004,1.000000,Assembly,
6212012000000438740,GeoRipper(R) 16-Inch R.I.P. Kit,,USD 225.00,GeoRipper - Parts,,,0.00,0.00,0.00,0.00,true,,goods,2,,,Active,Kit,MTRIP400,,,,,USD 61.49,GeoRipper - Part,,Finished Goods,fifo,,,0.00,USD 0.00,Minitrencher Drive Sprocket for GeoRipper and GeoRipper(R)T/A,MT9001,1.000000,Assembly,
6212012000000438740,GeoRipper(R) 16-Inch R.I.P. Kit,,USD 225.00,GeoRipper - Parts,,,0.00,0.00,0.00,0.00,true,,goods,2,,,Active,Kit,MTRIP400,,,,,USD 61.49,GeoRipper - Part,,Finished Goods,fifo,,,0.00,USD 0.00,"16"" Digging Chain (Single Chain)",MT4400,2.000000,Assembly,
6212012000000438740,GeoRipper(R) 16-Inch R.I.P. Kit,,USD 225.00,GeoRipper - Parts,,,0.00,0.00,0.00,0.00,true,,goods,2,,,Active,Kit,MTRIP400,,,,,USD 61.49,GeoRipper - Part,,Finished Goods,fifo,,,0.00,USD 0.00,10 x 10 x 5 Uline Box,MT10105,1.000000,Assembly,
6212012000000438763,GeoRipper 16-Inch Size Matters Trencher Conversion Kit,,USD 283.00,GeoRipper - Parts,,,0.00,0.00,0.00,0.00,true,,goods,2,,,Active,Kit,MTSMK16,,,,,USD 98.21,GeoRipper - Part,,Finished Goods,fifo,,,0.00,USD 0.00,"Complete 16"" Digging Bar",MT3400,1.000000,Assembly,
6212012000000438763,GeoRipper 16-Inch Size Matters Trencher Conversion Kit,,USD 283.00,GeoRipper - Parts,,,0.00,0.00,0.00,0.00,true,,goods,2,,,Active,Kit,MTSMK16,,,,,USD 98.21,GeoRipper - Part,,Finished Goods,fifo,,,0.00,USD 0.00,"16"" Digging Chain (Single Chain)",MT4400,2.000000,Assembly,
6212012000000438763,GeoRipper 16-Inch Size Matters Trencher Conversion Kit,,USD 283.00,GeoRipper - Parts,,,0.00,0.00,0.00,0.00,true,,goods,2,,,Active,Kit,MTSMK16,,,,,USD 98.21,GeoRipper - Part,,Finished Goods,fifo,,,0.00,USD 0.00,24 x 12 x 4,MT24124,1.000000,Assembly,
6212012000000438780,"(2) 27""[700mm] Max Digging Depth Chain","DO NOT USE THIS SKU
A pack of (2) chains",USD 270.00,GeoRipper - Parts,,,0.00,0.00,0.00,0.00,true,,goods,2,,,Inactive,Box,MT4700-2,,,,,USD 64.60,GeoRipper - Part,,Finished Goods,fifo,,,0.00,USD 0.00,"27"" Digging Chain (Single Chain)",MT4700,2.000000,Assembly,
6212012000000438780,"(2) 27""[700mm] Max Digging Depth Chain","DO NOT USE THIS SKU
A pack of (2) chains",USD 270.00,GeoRipper - Parts,,,0.00,0.00,0.00,0.00,true,,goods,2,,,Inactive,Box,MT4700-2,,,,,USD 64.60,GeoRipper - Part,,Finished Goods,fifo,,,0.00,USD 0.00,10 x 10 x 5 Uline Box,MT10105,1.000000,Assembly,
6212012000000438797,GeoRipper(R)T/A E500 W/EZ,,USD 1800.00,GeoRipper - Units,GeoRipper,MiniTrencher,48.00,36.00,12.00,12.00,true,,goods,2,,,Active,EA,GRTA-E500,810075760729,810075760729,,23A,USD 503.68,Georipper - Unit,,Finished Goods,fifo,,,0.00,USD 0.00,GeoRipper(r)T/A Casting fits Echo CSG-7410,E1000,1.000000,Assembly,
6212012000000438797,GeoRipper(R)T/A E500 W/EZ,,USD 1800.00,GeoRipper - Units,GeoRipper,MiniTrencher,48.00,36.00,12.00,12.00,true,,goods,2,,,Active,EA,GRTA-E500,810075760729,810075760729,,23A,USD 503.68,Georipper - Unit,,Finished Goods,fifo,,,0.00,USD 0.00,Bearing - 6203 RS,MT0062,2.000000,Assembly,
6212012000000438797,GeoRipper(R)T/A E500 W/EZ,,USD 1800.00,GeoRipper - Units,GeoRipper,MiniTrencher,48.00,36.00,12.00,12.00,true,,goods,2,,,Active,EA,GRTA-E500,810075760729,810075760729,,23A,USD 503.68,Georipper - Unit,,Finished Goods,fifo,,,0.00,USD 0.00,R40 Snap Ring,MT0040,1.000000,Assembly,
6212012000000438797,GeoRipper(R)T/A E500 W/EZ,,USD 1800.00,GeoRipper - Units,GeoRipper,MiniTrencher,48.00,36.00,12.00,12.00,true,,goods,2,,,Active,EA,GRTA-E500,810075760729,810075760729,,23A,USD 503.68,Georipper - Unit,,Finished Goods,fifo,,,0.00,USD 0.00,Drive Axle for all GeoRipperT/A,MT9002,1.000000,Assembly,
6212012000000438797,GeoRipper(R)T/A E500 W/EZ,,USD 1800.00,GeoRipper - Units,GeoRipper,MiniTrencher,48.00,36.00,12.00,12.00,true,,goods,2,,,Active,EA,GRTA-E500,810075760729,810075760729,,23A,USD 503.68,Georipper - Unit,,Finished Goods,fifo,,,0.00,USD 0.00,Spacer,MT0010,1.000000,Assembly,
6212012000000438797,GeoRipper(R)T/A E500 W/EZ,,USD 1800.00,GeoRipper - Units,GeoRipper,MiniTrencher,48.00,36.00,12.00,12.00,true,,goods,2,,,Active,EA,GRTA-E500,810075760729,810075760729,,23A,USD 503.68,Georipper - Unit,,Finished Goods,fifo,,,0.00,USD 0.00,Labyrinth for all GeoRipperT/A,MT9003,1.000000,Assembly,
6212012000000438797,GeoRipper(R)T/A E500 W/EZ,,USD 1800.00,GeoRipper - Units,GeoRipper,MiniTrencher,48.00,36.00,12.00,12.00,true,,goods,2,,,Active,EA,GRTA-E500,810075760729,810075760729,,23A,USD 503.68,Georipper - Unit,,Finished Goods,fifo,,,0.00,USD 0.00,Minitrencher Drive Sprocket for GeoRipper and GeoRipper(R)T/A,MT9001,1.000000,Assembly,
6212012000000438797,GeoRipper(R)T/A E500 W/EZ,,USD 1800.00,GeoRipper - Units,GeoRipper,MiniTrencher,48.00,36.00,12.00,12.00,true,,goods,2,,,Active,EA,GRTA-E500,810075760729,810075760729,,23A,USD 503.68,Georipper - Unit,,Finished Goods,fifo,,,0.00,USD 0.00,M8 Zinc Plated Washer,MT0800,2.000000,Assembly,
6212012000000438797,GeoRipper(R)T/A E500 W/EZ,,USD 1800.00,GeoRipper - Units,GeoRipper,MiniTrencher,48.00,36.00,12.00,12.00,true,,goods,2,,,Active,EA,GRTA-E500,810075760729,810075760729,,23A,USD 503.68,Georipper - Unit,,Finished Goods,fifo,,,0.00,USD 0.00,M8 x 1.25 x 50 Hex Bolt,MT0850,2.000000,Assembly,
6212012000000438797,GeoRipper(R)T/A E500 W/EZ,,USD 1800.00,GeoRipper - Units,GeoRipper,MiniTrencher,48.00,36.00,12.00,12.00,true,,goods,2,,,Active,EA,GRTA-E500,810075760729,810075760729,,23A,USD 503.68,Georipper - Unit,,Finished Goods,fifo,,,0.00,USD 0.00,Dirt Deflector,MT8001,1.000000,Assembly,
6212012000000438797,GeoRipper(R)T/A E500 W/EZ,,USD 1800.00,GeoRipper - Units,GeoRipper,MiniTrencher,48.00,36.00,12.00,12.00,true,,goods,2,,,Active,EA,GRTA-E500,810075760729,810075760729,,23A,USD 503.68,Georipper - Unit,,Finished Goods,fifo,,,0.00,USD 0.00,Mud Flap A,MT8002,1.000000,Assembly,
6212012000000438797,GeoRipper(R)T/A E500 W/EZ,,USD 1800.00,GeoRipper - Units,GeoRipper,MiniTrencher,48.00,36.00,12.00,12.00,true,,goods,2,,,Active,EA,GRTA-E500,810075760729,810075760729,,23A,USD 503.68,Georipper - Unit,,Finished Goods,fifo,,,0.00,USD 0.00,Mud Flap B,MT8003,1.000000,Assembly,
6212012000000438797,GeoRipper(R)T/A E500 W/EZ,,USD 1800.00,GeoRipper - Units,GeoRipper,MiniTrencher,48.00,36.00,12.00,12.00,true,,goods,2,,,Active,EA,GRTA-E500,810075760729,810075760729,,23A,USD 503.68,Georipper - Unit,,Finished Goods,fifo,,,0.00,USD 0.00,M5 X .8 X 16 Phillips Flat Machine Screw Plated,GR5.8,6.000000,Assembly,
6212012000000438797,GeoRipper(R)T/A E500 W/EZ,,USD 1800.00,GeoRipper - Units,GeoRipper,MiniTrencher,48.00,36.00,12.00,12.00,true,,goods,2,,,Active,EA,GRTA-E500,810075760729,810075760729,,23A,USD 503.68,Georipper - Unit,,Finished Goods,fifo,,,0.00,USD 0.00,M5 x 18mm fender washer,GR5.12,6.000000,Assembly,
6212012000000438797,GeoRipper(R)T/A E500 W/EZ,,USD 1800.00,GeoRipper - Units,GeoRipper,MiniTrencher,48.00,36.00,12.00,12.00,true,,goods,2,,,Active,EA,GRTA-E500,810075760729,810075760729,,23A,USD 503.68,Georipper - Unit,,Finished Goods,fifo,,,0.00,USD 0.00,M5 Nylock hex nut,GR5.11,6.000000,Assembly,
6212012000000438797,GeoRipper(R)T/A E500 W/EZ,,USD 1800.00,GeoRipper - Units,GeoRipper,MiniTrencher,48.00,36.00,12.00,12.00,true,,goods,2,,,Active,EA,GRTA-E500,810075760729,810075760729,,23A,USD 503.68,Georipper - Unit,,Finished Goods,fifo,,,0.00,USD 0.00,Bar Clamp Washer - Slotted,GR5.2,1.000000,Assembly,
6212012000000438797,GeoRipper(R)T/A E500 W/EZ,,USD 1800.00,GeoRipper - Units,GeoRipper,MiniTrencher,48.00,36.00,12.00,12.00,true,,goods,2,,,Active,EA,GRTA-E500,810075760729,810075760729,,23A,USD 503.68,Georipper - Unit,,Finished Goods,fifo,,,0.00,USD 0.00,M12 X 1.75 X 30 Bolt 18mm Head,GR5.3,2.000000,Assembly,
6212012000000438797,GeoRipper(R)T/A E500 W/EZ,,USD 1800.00,GeoRipper - Units,GeoRipper,MiniTrencher,48.00,36.00,12.00,12.00,true,,goods,2,,,Active,EA,GRTA-E500,810075760729,810075760729,,23A,USD 503.68,Georipper - Unit,,Finished Goods,fifo,,,0.00,USD 0.00,M12 Split Lock Washer,GR5.4,2.000000,Assembly,
6212012000000438797,GeoRipper(R)T/A E500 W/EZ,,USD 1800.00,GeoRipper - Units,GeoRipper,MiniTrencher,48.00,36.00,12.00,12.00,true,,goods,2,,,Active,EA,GRTA-E500,810075760729,810075760729,,23A,USD 503.68,Georipper - Unit,,Finished Goods,fifo,,,0.00,USD 0.00,Safety Bar - 500 Series GeoRipperT/A,MT7500,1.000000,Assembly,
6212012000000438797,GeoRipper(R)T/A E500 W/EZ,,USD 1800.00,GeoRipper - Units,GeoRipper,MiniTrencher,48.00,36.00,12.00,12.00,true,,goods,2,,,Active,EA,GRTA-E500,810075760729,810075760729,,23A,USD 503.68,Georipper - Unit,,Finished Goods,fifo,,,0.00,USD 0.00,M8 x 1.25 x 12 Bolt for Safety Bar,MT0812,2.000000,Assembly,
6212012000000438797,GeoRipper(R)T/A E500 W/EZ,,USD 1800.00,GeoRipper - Units,GeoRipper,MiniTrencher,48.00,36.00,12.00,12.00,true,,goods,2,,,Active,EA,GRTA-E500,810075760729,810075760729,,23A,USD 503.68,Georipper - Unit,,Finished Goods,fifo,,,0.00,USD 0.00,M8 split lock washer zinc plated,MT0804,2.000000,Assembly,
6212012000000438797,GeoRipper(R)T/A E500 W/EZ,,USD 1800.00,GeoRipper - Units,GeoRipper,MiniTrencher,48.00,36.00,12.00,12.00,true,,goods,2,,,Active,EA,GRTA-E500,810075760729,810075760729,,23A,USD 503.68,Georipper - Unit,,Finished Goods,fifo,,,0.00,USD 0.00,Green PVC Tool Bag,MT0099,1.000000,Assembly,
6212012000000438797,GeoRipper(R)T/A E500 W/EZ,,USD 1800.00,GeoRipper - Units,GeoRipper,MiniTrencher,48.00,36.00,12.00,12.00,true,,goods,2,,,Active,EA,GRTA-E500,810075760729,810075760729,,23A,USD 503.68,Georipper - Unit,,Finished Goods,fifo,,,0.00,USD 0.00,13mm Embossed Wrench,MT0013,1.000000,Assembly,
6212012000000438797,GeoRipper(R)T/A E500 W/EZ,,USD 1800.00,GeoRipper - Units,GeoRipper,MiniTrencher,48.00,36.00,12.00,12.00,true,,goods,2,,,Active,EA,GRTA-E500,810075760729,810075760729,,23A,USD 503.68,Georipper - Unit,,Finished Goods,fifo,,,0.00,USD 0.00,18mm Embossed Wrench,MT0018,1.000000,Assembly,
6212012000000438797,GeoRipper(R)T/A E500 W/EZ,,USD 1800.00,GeoRipper - Units,GeoRipper,MiniTrencher,48.00,36.00,12.00,12.00,true,,goods,2,,,Active,EA,GRTA-E500,810075760729,810075760729,,23A,USD 503.68,Georipper - Unit,,Finished Goods,fifo,,,0.00,USD 0.00,"Belt for 'The GeoRipper', Husqvarna K770 & Echo CSG-7410",MTB77-00,1.000000,Assembly,
6212012000000438797,GeoRipper(R)T/A E500 W/EZ,,USD 1800.00,GeoRipper - Units,GeoRipper,MiniTrencher,48.00,36.00,12.00,12.00,true,,goods,2,,,Active,EA,GRTA-E500,810075760729,810075760729,,23A,USD 503.68,Georipper - Unit,,Finished Goods,fifo,,,0.00,USD 0.00,Pulley for 'The GeoRipper' & Husqvarna K770 GeoRipperT/A,H1001,1.000000,Assembly,
6212012000000438797,GeoRipper(R)T/A E500 W/EZ,,USD 1800.00,GeoRipper - Units,GeoRipper,MiniTrencher,48.00,36.00,12.00,12.00,true,,goods,2,,,Active,EA,GRTA-E500,810075760729,810075760729,,23A,USD 503.68,Georipper - Unit,,Finished Goods,fifo,,,0.00,USD 0.00,Bearing (Sealed) 6002-RS2,GR1.2,1.000000,Assembly,
6212012000000438797,GeoRipper(R)T/A E500 W/EZ,,USD 1800.00,GeoRipper - Units,GeoRipper,MiniTrencher,48.00,36.00,12.00,12.00,true,,goods,2,,,Active,EA,GRTA-E500,810075760729,810075760729,,23A,USD 503.68,Georipper - Unit,,Finished Goods,fifo,,,0.00,USD 0.00,M8x1.25x20 Countersunk 5mm Hex Drive Bolt 12.9grade,GR0.3.2,3.000000,Assembly,
6212012000000438797,GeoRipper(R)T/A E500 W/EZ,,USD 1800.00,GeoRipper - Units,GeoRipper,MiniTrencher,48.00,36.00,12.00,12.00,true,,goods,2,,,Active,EA,GRTA-E500,810075760729,810075760729,,23A,USD 503.68,Georipper - Unit,,Finished Goods,fifo,,,0.00,USD 0.00,#50H Heavy Connecting Link Spring Clip,MT4004,1.000000,Assembly,
6212012000000438797,GeoRipper(R)T/A E500 W/EZ,,USD 1800.00,GeoRipper - Units,GeoRipper,MiniTrencher,48.00,36.00,12.00,12.00,true,,goods,2,,,Active,EA,GRTA-E500,810075760729,810075760729,,23A,USD 503.68,Georipper - Unit,,Finished Goods,fifo,,,0.00,USD 0.00,Owners Manual - GeoRipperT/A,GRTA-LIT-OM,1.000000,Assembly,
6212012000000438797,GeoRipper(R)T/A E500 W/EZ,,USD 1800.00,GeoRipper - Units,GeoRipper,MiniTrencher,48.00,36.00,12.00,12.00,true,,goods,2,,,Active,EA,GRTA-E500,810075760729,810075760729,,23A,USD 503.68,Georipper - Unit,,Finished Goods,fifo,,,0.00,USD 0.00,GeoRipper Warranty Postcard,GR-LIT-WP,1.000000,Assembly,
6212012000000438797,GeoRipper(R)T/A E500 W/EZ,,USD 1800.00,GeoRipper - Units,GeoRipper,MiniTrencher,48.00,36.00,12.00,12.00,true,,goods,2,,,Active,EA,GRTA-E500,810075760729,810075760729,,23A,USD 503.68,Georipper - Unit,,Finished Goods,fifo,,,0.00,USD 0.00,GeoRipper Minitrencher 20-Inch Digging Bar,MT3500,1.000000,Assembly,
6212012000000438797,GeoRipper(R)T/A E500 W/EZ,,USD 1800.00,GeoRipper - Units,GeoRipper,MiniTrencher,48.00,36.00,12.00,12.00,true,,goods,2,,,Active,EA,GRTA-E500,810075760729,810075760729,,23A,USD 503.68,Georipper - Unit,,Finished Goods,fifo,,,0.00,USD 0.00,GeoRipper Minitrencher Universal EZ Kart,EZ100,1.000000,Assembly,
6212012000000438797,GeoRipper(R)T/A E500 W/EZ,,USD 1800.00,GeoRipper - Units,GeoRipper,MiniTrencher,48.00,36.00,12.00,12.00,true,,goods,2,,,Active,EA,GRTA-E500,810075760729,810075760729,,23A,USD 503.68,Georipper - Unit,,Finished Goods,fifo,,,0.00,USD 0.00,Box - TASPACER,MT95192,2.000000,Assembly,
6212012000000438797,GeoRipper(R)T/A E500 W/EZ,,USD 1800.00,GeoRipper - Units,GeoRipper,MiniTrencher,48.00,36.00,12.00,12.00,true,,goods,2,,,Active,EA,GRTA-E500,810075760729,810075760729,,23A,USD 503.68,Georipper - Unit,,Finished Goods,fifo,,,0.00,USD 0.00,Foam Insert - GeoRipperT/A Box,MT0091,1.000000,Assembly,
6212012000000438797,GeoRipper(R)T/A E500 W/EZ,,USD 1800.00,GeoRipper - Units,GeoRipper,MiniTrencher,48.00,36.00,12.00,12.00,true,,goods,2,,,Active,EA,GRTA-E500,810075760729,810075760729,,23A,USD 503.68,Georipper - Unit,,Finished Goods,fifo,,,0.00,USD 0.00,Warehouse Hourly Labor,Labor30,1.000000,Assembly,
6212012000000438797,GeoRipper(R)T/A E500 W/EZ,,USD 1800.00,GeoRipper - Units,GeoRipper,MiniTrencher,48.00,36.00,12.00,12.00,true,,goods,2,,,Active,EA,GRTA-E500,810075760729,810075760729,,23A,USD 503.68,Georipper - Unit,,Finished Goods,fifo,,,0.00,USD 0.00,Box - TA700EZ,MT95196,1.000000,Assembly,
6212012000000438797,GeoRipper(R)T/A E500 W/EZ,,USD 1800.00,GeoRipper - Units,GeoRipper,MiniTrencher,48.00,36.00,12.00,12.00,true,,goods,2,,,Active,EA,GRTA-E500,810075760729,810075760729,,23A,USD 503.68,Georipper - Unit,,Finished Goods,fifo,,,0.00,USD 0.00,M8-1.25 X 25 UNC HEX HEAD FLANGE BOLT GRADE 10.9,MT0825F,2.000000,Assembly,
6212012000000438797,GeoRipper(R)T/A E500 W/EZ,,USD 1800.00,GeoRipper - Units,GeoRipper,MiniTrencher,48.00,36.00,12.00,12.00,true,,goods,2,,,Active,EA,GRTA-E500,810075760729,810075760729,,23A,USD 503.68,Georipper - Unit,,Finished Goods,fifo,,,0.00,USD 0.00,"20"" Digging Chain (Single Chain)",MT4500,2.000000,Assembly,
6212012000000438797,GeoRipper(R)T/A E500 W/EZ,,USD 1800.00,GeoRipper - Units,GeoRipper,MiniTrencher,48.00,36.00,12.00,12.00,true,,goods,2,,,Active,EA,GRTA-E500,810075760729,810075760729,,23A,USD 503.68,Georipper - Unit,,Finished Goods,fifo,,,0.00,USD 0.00,Dirt Deflector Warning Sticker,GRS17,1.000000,Assembly,
6212012000000438797,GeoRipper(R)T/A E500 W/EZ,,USD 1800.00,GeoRipper - Units,GeoRipper,MiniTrencher,48.00,36.00,12.00,12.00,true,,goods,2,,,Active,EA,GRTA-E500,810075760729,810075760729,,23A,USD 503.68,Georipper - Unit,,Finished Goods,fifo,,,0.00,USD 0.00,M8 X 1.25 Flanged Nyloc Nut,GRKM7681.6,2.000000,Assembly,
6212012000000438797,GeoRipper(R)T/A E500 W/EZ,,USD 1800.00,GeoRipper - Units,GeoRipper,MiniTrencher,48.00,36.00,12.00,12.00,true,,goods,2,,,Active,EA,GRTA-E500,810075760729,810075760729,,23A,USD 503.68,Georipper - Unit,,Finished Goods,fifo,,,0.00,USD 0.00,Sticker - Hand Entanglement/Chain Drive,GRS11,1.000000,Assembly,
6212012000000438894,GeoRipper e/B 500 w/ MAKITA XGT 40V,,USD 3200.00,GeoRipper - Parts,,,0.00,0.00,0.00,0.00,true,,goods,2,,,Active,EA,GREB500-MAK,,,,,USD 1003.04,GeoRipper - Part,,Finished Goods,fifo,,,0.00,USD 0.00,Makita 40V max XGT BL Earth Auger Kit,GGD01M1,1.000000,Assembly,
6212012000000438894,GeoRipper e/B 500 w/ MAKITA XGT 40V,,USD 3200.00,GeoRipper - Parts,,,0.00,0.00,0.00,0.00,true,,goods,2,,,Active,EA,GREB500-MAK,,,,,USD 1003.04,GeoRipper - Part,,Finished Goods,fifo,,,0.00,USD 0.00,GeoRipper e/B Electric Adapter,MT5000-MAK,1.000000,Assembly,
6212012000000438894,GeoRipper e/B 500 w/ MAKITA XGT 40V,,USD 3200.00,GeoRipper - Parts,,,0.00,0.00,0.00,0.00,true,,goods,2,,,Active,EA,GREB500-MAK,,,,,USD 1003.04,GeoRipper - Part,,Finished Goods,fifo,,,0.00,USD 0.00,Axle Adapter for Makita e/B,MT8008,1.000000,Assembly,
6212012000000438894,GeoRipper e/B 500 w/ MAKITA XGT 40V,,USD 3200.00,GeoRipper - Parts,,,0.00,0.00,0.00,0.00,true,,goods,2,,,Active,EA,GREB500-MAK,,,,,USD 1003.04,GeoRipper - Part,,Finished Goods,fifo,,,0.00,USD 0.00,Bar Clamp Washer - Slotted,GR5.2,1.000000,Assembly,
6212012000000438894,GeoRipper e/B 500 w/ MAKITA XGT 40V,,USD 3200.00,GeoRipper - Parts,,,0.00,0.00,0.00,0.00,true,,goods,2,,,Active,EA,GREB500-MAK,,,,,USD 1003.04,GeoRipper - Part,,Finished Goods,fifo,,,0.00,USD 0.00,M12 X 1.75 X 30 Bolt 18mm Head,GR5.3,2.000000,Assembly,
6212012000000438894,GeoRipper e/B 500 w/ MAKITA XGT 40V,,USD 3200.00,GeoRipper - Parts,,,0.00,0.00,0.00,0.00,true,,goods,2,,,Active,EA,GREB500-MAK,,,,,USD 1003.04,GeoRipper - Part,,Finished Goods,fifo,,,0.00,USD 0.00,M12 Split Lock Washer,GR5.4,2.000000,Assembly,
6212012000000438894,GeoRipper e/B 500 w/ MAKITA XGT 40V,,USD 3200.00,GeoRipper - Parts,,,0.00,0.00,0.00,0.00,true,,goods,2,,,Active,EA,GREB500-MAK,,,,,USD 1003.04,GeoRipper - Part,,Finished Goods,fifo,,,0.00,USD 0.00,Dirt Deflector,MT8001,1.000000,Assembly,
6212012000000438894,GeoRipper e/B 500 w/ MAKITA XGT 40V,,USD 3200.00,GeoRipper - Parts,,,0.00,0.00,0.00,0.00,true,,goods,2,,,Active,EA,GREB500-MAK,,,,,USD 1003.04,GeoRipper - Part,,Finished Goods,fifo,,,0.00,USD 0.00,Mud Flap A,MT8002,1.000000,Assembly,
6212012000000438894,GeoRipper e/B 500 w/ MAKITA XGT 40V,,USD 3200.00,GeoRipper - Parts,,,0.00,0.00,0.00,0.00,true,,goods,2,,,Active,EA,GREB500-MAK,,,,,USD 1003.04,GeoRipper - Part,,Finished Goods,fifo,,,0.00,USD 0.00,Mud Flap B,MT8003,1.000000,Assembly,
6212012000000438894,GeoRipper e/B 500 w/ MAKITA XGT 40V,,USD 3200.00,GeoRipper - Parts,,,0.00,0.00,0.00,0.00,true,,goods,2,,,Active,EA,GREB500-MAK,,,,,USD 1003.04,GeoRipper - Part,,Finished Goods,fifo,,,0.00,USD 0.00,M5 X .8 X 16 Phillips Flat Machine Screw Plated,GR5.8,6.000000,Assembly,
6212012000000438894,GeoRipper e/B 500 w/ MAKITA XGT 40V,,USD 3200.00,GeoRipper - Parts,,,0.00,0.00,0.00,0.00,true,,goods,2,,,Active,EA,GREB500-MAK,,,,,USD 1003.04,GeoRipper - Part,,Finished Goods,fifo,,,0.00,USD 0.00,M5 x 18mm fender washer,GR5.12,6.000000,Assembly,
6212012000000438894,GeoRipper e/B 500 w/ MAKITA XGT 40V,,USD 3200.00,GeoRipper - Parts,,,0.00,0.00,0.00,0.00,true,,goods,2,,,Active,EA,GREB500-MAK,,,,,USD 1003.04,GeoRipper - Part,,Finished Goods,fifo,,,0.00,USD 0.00,M5 Nylock hex nut,GR5.11,6.000000,Assembly,
6212012000000438894,GeoRipper e/B 500 w/ MAKITA XGT 40V,,USD 3200.00,GeoRipper - Parts,,,0.00,0.00,0.00,0.00,true,,goods,2,,,Active,EA,GREB500-MAK,,,,,USD 1003.04,GeoRipper - Part,,Finished Goods,fifo,,,0.00,USD 0.00,GeoRipper Minitrencher 20-Inch Digging Bar,MT3500,1.000000,Assembly,
6212012000000438894,GeoRipper e/B 500 w/ MAKITA XGT 40V,,USD 3200.00,GeoRipper - Parts,,,0.00,0.00,0.00,0.00,true,,goods,2,,,Active,EA,GREB500-MAK,,,,,USD 1003.04,GeoRipper - Part,,Finished Goods,fifo,,,0.00,USD 0.00,EZ Kart - Handle Grip,EZ2001,1.000000,Assembly,
6212012000000438894,GeoRipper e/B 500 w/ MAKITA XGT 40V,,USD 3200.00,GeoRipper - Parts,,,0.00,0.00,0.00,0.00,true,,goods,2,,,Active,EA,GREB500-MAK,,,,,USD 1003.04,GeoRipper - Part,,Finished Goods,fifo,,,0.00,USD 0.00,EZ Kart - Upper Handle,EZ1.3,1.000000,Assembly,
6212012000000438894,GeoRipper e/B 500 w/ MAKITA XGT 40V,,USD 3200.00,GeoRipper - Parts,,,0.00,0.00,0.00,0.00,true,,goods,2,,,Active,EA,GREB500-MAK,,,,,USD 1003.04,GeoRipper - Part,,Finished Goods,fifo,,,0.00,USD 0.00,Minitrencher Drive Sprocket for GeoRipper and GeoRipper(R)T/A,MT9001,1.000000,Assembly,
6212012000000438894,GeoRipper e/B 500 w/ MAKITA XGT 40V,,USD 3200.00,GeoRipper - Parts,,,0.00,0.00,0.00,0.00,true,,goods,2,,,Active,EA,GREB500-MAK,,,,,USD 1003.04,GeoRipper - Part,,Finished Goods,fifo,,,0.00,USD 0.00,Labyrinth for all GeoRipperT/A,MT9003,1.000000,Assembly,
6212012000000438894,GeoRipper e/B 500 w/ MAKITA XGT 40V,,USD 3200.00,GeoRipper - Parts,,,0.00,0.00,0.00,0.00,true,,goods,2,,,Active,EA,GREB500-MAK,,,,,USD 1003.04,GeoRipper - Part,,Finished Goods,fifo,,,0.00,USD 0.00,"4mm Hex Key ""L"" tool",MT0004,1.000000,Assembly,
6212012000000438894,GeoRipper e/B 500 w/ MAKITA XGT 40V,,USD 3200.00,GeoRipper - Parts,,,0.00,0.00,0.00,0.00,true,,goods,2,,,Active,EA,GREB500-MAK,,,,,USD 1003.04,GeoRipper - Part,,Finished Goods,fifo,,,0.00,USD 0.00,13mm Embossed Wrench,MT0013,1.000000,Assembly,
6212012000000438894,GeoRipper e/B 500 w/ MAKITA XGT 40V,,USD 3200.00,GeoRipper - Parts,,,0.00,0.00,0.00,0.00,true,,goods,2,,,Active,EA,GREB500-MAK,,,,,USD 1003.04,GeoRipper - Part,,Finished Goods,fifo,,,0.00,USD 0.00,18mm Embossed Wrench,MT0018,1.000000,Assembly,
6212012000000438894,GeoRipper e/B 500 w/ MAKITA XGT 40V,,USD 3200.00,GeoRipper - Parts,,,0.00,0.00,0.00,0.00,true,,goods,2,,,Active,EA,GREB500-MAK,,,,,USD 1003.04,GeoRipper - Part,,Finished Goods,fifo,,,0.00,USD 0.00,M8x1.25x20 Countersunk 5mm Hex Drive Bolt 12.9grade,GR0.3.2,3.000000,Assembly,
6212012000000438894,GeoRipper e/B 500 w/ MAKITA XGT 40V,,USD 3200.00,GeoRipper - Parts,,,0.00,0.00,0.00,0.00,true,,goods,2,,,Active,EA,GREB500-MAK,,,,,USD 1003.04,GeoRipper - Part,,Finished Goods,fifo,,,0.00,USD 0.00,Bearing (Sealed) 6002-RS2,GR1.2,1.000000,Assembly,
6212012000000438894,GeoRipper e/B 500 w/ MAKITA XGT 40V,,USD 3200.00,GeoRipper - Parts,,,0.00,0.00,0.00,0.00,true,,goods,2,,,Active,EA,GREB500-MAK,,,,,USD 1003.04,GeoRipper - Part,,Finished Goods,fifo,,,0.00,USD 0.00,#50H Heavy Connecting Link Spring Clip,MT4004,1.000000,Assembly,
6212012000000438894,GeoRipper e/B 500 w/ MAKITA XGT 40V,,USD 3200.00,GeoRipper - Parts,,,0.00,0.00,0.00,0.00,true,,goods,2,,,Active,EA,GREB500-MAK,,,,,USD 1003.04,GeoRipper - Part,,Finished Goods,fifo,,,0.00,USD 0.00,"20"" Digging Chain (Single Chain)",MT4500,2.000000,Assembly,
6212012000000438894,GeoRipper e/B 500 w/ MAKITA XGT 40V,,USD 3200.00,GeoRipper - Parts,,,0.00,0.00,0.00,0.00,true,,goods,2,,,Active,EA,GREB500-MAK,,,,,USD 1003.04,GeoRipper - Part,,Finished Goods,fifo,,,0.00,USD 0.00,Green PVC Tool Bag,MT0099,1.000000,Assembly,
6212012000000438894,GeoRipper e/B 500 w/ MAKITA XGT 40V,,USD 3200.00,GeoRipper - Parts,,,0.00,0.00,0.00,0.00,true,,goods,2,,,Active,EA,GREB500-MAK,,,,,USD 1003.04,GeoRipper - Part,,Finished Goods,fifo,,,0.00,USD 0.00,GeoRipper Owner's Manual,GR-LIT-OM,1.000000,Assembly,
6212012000000438894,GeoRipper e/B 500 w/ MAKITA XGT 40V,,USD 3200.00,GeoRipper - Parts,,,0.00,0.00,0.00,0.00,true,,goods,2,,,Active,EA,GREB500-MAK,,,,,USD 1003.04,GeoRipper - Part,,Finished Goods,fifo,,,0.00,USD 0.00,GeoRipper Warranty Postcard,GR-LIT-WP,1.000000,Assembly,
6212012000000438961,GeoRipper e/B 400 w/ MAKITA XGT 40V,,USD 3000.00,GeoRipper - Units,,,0.00,0.00,0.00,0.00,true,,goods,2,,,Inactive,EA,GREB400-MAK,,,,,USD 990.32,Georipper - Unit,,Finished Goods,fifo,,,0.00,USD 0.00,Makita 40V max XGT BL Earth Auger Kit,GGD01M1,1.000000,Assembly,
6212012000000438961,GeoRipper e/B 400 w/ MAKITA XGT 40V,,USD 3000.00,GeoRipper - Units,,,0.00,0.00,0.00,0.00,true,,goods,2,,,Inactive,EA,GREB400-MAK,,,,,USD 990.32,Georipper - Unit,,Finished Goods,fifo,,,0.00,USD 0.00,GeoRipper e/B Electric Adapter,MT5000-MAK,1.000000,Assembly,
6212012000000438961,GeoRipper e/B 400 w/ MAKITA XGT 40V,,USD 3000.00,GeoRipper - Units,,,0.00,0.00,0.00,0.00,true,,goods,2,,,Inactive,EA,GREB400-MAK,,,,,USD 990.32,Georipper - Unit,,Finished Goods,fifo,,,0.00,USD 0.00,Axle Adapter for Makita e/B,MT8008,1.000000,Assembly,
6212012000000438961,GeoRipper e/B 400 w/ MAKITA XGT 40V,,USD 3000.00,GeoRipper - Units,,,0.00,0.00,0.00,0.00,true,,goods,2,,,Inactive,EA,GREB400-MAK,,,,,USD 990.32,Georipper - Unit,,Finished Goods,fifo,,,0.00,USD 0.00,Bar Clamp Washer - Slotted,GR5.2,1.000000,Assembly,
6212012000000438961,GeoRipper e/B 400 w/ MAKITA XGT 40V,,USD 3000.00,GeoRipper - Units,,,0.00,0.00,0.00,0.00,true,,goods,2,,,Inactive,EA,GREB400-MAK,,,,,USD 990.32,Georipper - Unit,,Finished Goods,fifo,,,0.00,USD 0.00,M12 X 1.75 X 30 Bolt 18mm Head,GR5.3,2.000000,Assembly,
6212012000000438961,GeoRipper e/B 400 w/ MAKITA XGT 40V,,USD 3000.00,GeoRipper - Units,,,0.00,0.00,0.00,0.00,true,,goods,2,,,Inactive,EA,GREB400-MAK,,,,,USD 990.32,Georipper - Unit,,Finished Goods,fifo,,,0.00,USD 0.00,M12 Split Lock Washer,GR5.4,2.000000,Assembly,
6212012000000438961,GeoRipper e/B 400 w/ MAKITA XGT 40V,,USD 3000.00,GeoRipper - Units,,,0.00,0.00,0.00,0.00,true,,goods,2,,,Inactive,EA,GREB400-MAK,,,,,USD 990.32,Georipper - Unit,,Finished Goods,fifo,,,0.00,USD 0.00,Dirt Deflector,MT8001,1.000000,Assembly,
6212012000000438961,GeoRipper e/B 400 w/ MAKITA XGT 40V,,USD 3000.00,GeoRipper - Units,,,0.00,0.00,0.00,0.00,true,,goods,2,,,Inactive,EA,GREB400-MAK,,,,,USD 990.32,Georipper - Unit,,Finished Goods,fifo,,,0.00,USD 0.00,Mud Flap A,MT8002,1.000000,Assembly,
6212012000000438961,GeoRipper e/B 400 w/ MAKITA XGT 40V,,USD 3000.00,GeoRipper - Units,,,0.00,0.00,0.00,0.00,true,,goods,2,,,Inactive,EA,GREB400-MAK,,,,,USD 990.32,Georipper - Unit,,Finished Goods,fifo,,,0.00,USD 0.00,Mud Flap B,MT8003,1.000000,Assembly,
6212012000000438961,GeoRipper e/B 400 w/ MAKITA XGT 40V,,USD 3000.00,GeoRipper - Units,,,0.00,0.00,0.00,0.00,true,,goods,2,,,Inactive,EA,GREB400-MAK,,,,,USD 990.32,Georipper - Unit,,Finished Goods,fifo,,,0.00,USD 0.00,M5 X .8 X 16 Phillips Flat Machine Screw Plated,GR5.8,6.000000,Assembly,
6212012000000438961,GeoRipper e/B 400 w/ MAKITA XGT 40V,,USD 3000.00,GeoRipper - Units,,,0.00,0.00,0.00,0.00,true,,goods,2,,,Inactive,EA,GREB400-MAK,,,,,USD 990.32,Georipper - Unit,,Finished Goods,fifo,,,0.00,USD 0.00,M5 x 18mm fender washer,GR5.12,6.000000,Assembly,
6212012000000438961,GeoRipper e/B 400 w/ MAKITA XGT 40V,,USD 3000.00,GeoRipper - Units,,,0.00,0.00,0.00,0.00,true,,goods,2,,,Inactive,EA,GREB400-MAK,,,,,USD 990.32,Georipper - Unit,,Finished Goods,fifo,,,0.00,USD 0.00,M5 Nylock hex nut,GR5.11,6.000000,Assembly,
6212012000000438961,GeoRipper e/B 400 w/ MAKITA XGT 40V,,USD 3000.00,GeoRipper - Units,,,0.00,0.00,0.00,0.00,true,,goods,2,,,Inactive,EA,GREB400-MAK,,,,,USD 990.32,Georipper - Unit,,Finished Goods,fifo,,,0.00,USD 0.00,"Complete 16"" Digging Bar",MT3400,1.000000,Assembly,
6212012000000438961,GeoRipper e/B 400 w/ MAKITA XGT 40V,,USD 3000.00,GeoRipper - Units,,,0.00,0.00,0.00,0.00,true,,goods,2,,,Inactive,EA,GREB400-MAK,,,,,USD 990.32,Georipper - Unit,,Finished Goods,fifo,,,0.00,USD 0.00,EZ Kart - Handle Grip,EZ2001,1.000000,Assembly,
6212012000000438961,GeoRipper e/B 400 w/ MAKITA XGT 40V,,USD 3000.00,GeoRipper - Units,,,0.00,0.00,0.00,0.00,true,,goods,2,,,Inactive,EA,GREB400-MAK,,,,,USD 990.32,Georipper - Unit,,Finished Goods,fifo,,,0.00,USD 0.00,EZ Kart - Upper Handle,EZ1.3,1.000000,Assembly,
6212012000000438961,GeoRipper e/B 400 w/ MAKITA XGT 40V,,USD 3000.00,GeoRipper - Units,,,0.00,0.00,0.00,0.00,true,,goods,2,,,Inactive,EA,GREB400-MAK,,,,,USD 990.32,Georipper - Unit,,Finished Goods,fifo,,,0.00,USD 0.00,Minitrencher Drive Sprocket for GeoRipper and GeoRipper(R)T/A,MT9001,1.000000,Assembly,
6212012000000438961,GeoRipper e/B 400 w/ MAKITA XGT 40V,,USD 3000.00,GeoRipper - Units,,,0.00,0.00,0.00,0.00,true,,goods,2,,,Inactive,EA,GREB400-MAK,,,,,USD 990.32,Georipper - Unit,,Finished Goods,fifo,,,0.00,USD 0.00,Labyrinth for all GeoRipperT/A,MT9003,1.000000,Assembly,
6212012000000438961,GeoRipper e/B 400 w/ MAKITA XGT 40V,,USD 3000.00,GeoRipper - Units,,,0.00,0.00,0.00,0.00,true,,goods,2,,,Inactive,EA,GREB400-MAK,,,,,USD 990.32,Georipper - Unit,,Finished Goods,fifo,,,0.00,USD 0.00,"4mm Hex Key ""L"" tool",MT0004,1.000000,Assembly,
6212012000000438961,GeoRipper e/B 400 w/ MAKITA XGT 40V,,USD 3000.00,GeoRipper - Units,,,0.00,0.00,0.00,0.00,true,,goods,2,,,Inactive,EA,GREB400-MAK,,,,,USD 990.32,Georipper - Unit,,Finished Goods,fifo,,,0.00,USD 0.00,13mm Embossed Wrench,MT0013,1.000000,Assembly,
6212012000000438961,GeoRipper e/B 400 w/ MAKITA XGT 40V,,USD 3000.00,GeoRipper - Units,,,0.00,0.00,0.00,0.00,true,,goods,2,,,Inactive,EA,GREB400-MAK,,,,,USD 990.32,Georipper - Unit,,Finished Goods,fifo,,,0.00,USD 0.00,18mm Embossed Wrench,MT0018,1.000000,Assembly,
6212012000000438961,GeoRipper e/B 400 w/ MAKITA XGT 40V,,USD 3000.00,GeoRipper - Units,,,0.00,0.00,0.00,0.00,true,,goods,2,,,Inactive,EA,GREB400-MAK,,,,,USD 990.32,Georipper - Unit,,Finished Goods,fifo,,,0.00,USD 0.00,M8x1.25x20 Countersunk 5mm Hex Drive Bolt 12.9grade,GR0.3.2,3.000000,Assembly,
6212012000000438961,GeoRipper e/B 400 w/ MAKITA XGT 40V,,USD 3000.00,GeoRipper - Units,,,0.00,0.00,0.00,0.00,true,,goods,2,,,Inactive,EA,GREB400-MAK,,,,,USD 990.32,Georipper - Unit,,Finished Goods,fifo,,,0.00,USD 0.00,Bearing (Sealed) 6002-RS2,GR1.2,1.000000,Assembly,
6212012000000438961,GeoRipper e/B 400 w/ MAKITA XGT 40V,,USD 3000.00,GeoRipper - Units,,,0.00,0.00,0.00,0.00,true,,goods,2,,,Inactive,EA,GREB400-MAK,,,,,USD 990.32,Georipper - Unit,,Finished Goods,fifo,,,0.00,USD 0.00,#50H Heavy Connecting Link Spring Clip,MT4004,1.000000,Assembly,
6212012000000438961,GeoRipper e/B 400 w/ MAKITA XGT 40V,,USD 3000.00,GeoRipper - Units,,,0.00,0.00,0.00,0.00,true,,goods,2,,,Inactive,EA,GREB400-MAK,,,,,USD 990.32,Georipper - Unit,,Finished Goods,fifo,,,0.00,USD 0.00,"16"" Digging Chain (Single Chain)",MT4400,2.000000,Assembly,
6212012000000438961,GeoRipper e/B 400 w/ MAKITA XGT 40V,,USD 3000.00,GeoRipper - Units,,,0.00,0.00,0.00,0.00,true,,goods,2,,,Inactive,EA,GREB400-MAK,,,,,USD 990.32,Georipper - Unit,,Finished Goods,fifo,,,0.00,USD 0.00,GeoRipper Owner's Manual,GR-LIT-OM,1.000000,Assembly,
6212012000000438961,GeoRipper e/B 400 w/ MAKITA XGT 40V,,USD 3000.00,GeoRipper - Units,,,0.00,0.00,0.00,0.00,true,,goods,2,,,Inactive,EA,GREB400-MAK,,,,,USD 990.32,Georipper - Unit,,Finished Goods,fifo,,,0.00,USD 0.00,GeoRipper Warranty Postcard,GR-LIT-WP,1.000000,Assembly,
6212012000000438961,GeoRipper e/B 400 w/ MAKITA XGT 40V,,USD 3000.00,GeoRipper - Units,,,0.00,0.00,0.00,0.00,true,,goods,2,,,Inactive,EA,GREB400-MAK,,,,,USD 990.32,Georipper - Unit,,Finished Goods,fifo,,,0.00,USD 0.00,Green PVC Tool Bag,MT0099,1.000000,Assembly,
6212012000000439028,GeoRipper e/B 400 for Makita 40V XGT Motor - Kit,,USD 1900.00,GeoRipper - Parts,,,0.00,0.00,0.00,0.00,true,,goods,2,,,Inactive,EA,GREB400-MAK-NM,,,,,USD 235.32,GeoRipper - Part,,Finished Goods,fifo,,,0.00,USD 0.00,GeoRipper e/B Electric Adapter,MT5000-MAK,1.000000,Assembly,
6212012000000439028,GeoRipper e/B 400 for Makita 40V XGT Motor - Kit,,USD 1900.00,GeoRipper - Parts,,,0.00,0.00,0.00,0.00,true,,goods,2,,,Inactive,EA,GREB400-MAK-NM,,,,,USD 235.32,GeoRipper - Part,,Finished Goods,fifo,,,0.00,USD 0.00,Axle Adapter for Makita e/B,MT8008,1.000000,Assembly,
6212012000000439028,GeoRipper e/B 400 for Makita 40V XGT Motor - Kit,,USD 1900.00,GeoRipper - Parts,,,0.00,0.00,0.00,0.00,true,,goods,2,,,Inactive,EA,GREB400-MAK-NM,,,,,USD 235.32,GeoRipper - Part,,Finished Goods,fifo,,,0.00,USD 0.00,Bar Clamp Washer - Slotted,GR5.2,1.000000,Assembly,
6212012000000439028,GeoRipper e/B 400 for Makita 40V XGT Motor - Kit,,USD 1900.00,GeoRipper - Parts,,,0.00,0.00,0.00,0.00,true,,goods,2,,,Inactive,EA,GREB400-MAK-NM,,,,,USD 235.32,GeoRipper - Part,,Finished Goods,fifo,,,0.00,USD 0.00,M12 X 1.75 X 30 Bolt 18mm Head,GR5.3,2.000000,Assembly,
6212012000000439028,GeoRipper e/B 400 for Makita 40V XGT Motor - Kit,,USD 1900.00,GeoRipper - Parts,,,0.00,0.00,0.00,0.00,true,,goods,2,,,Inactive,EA,GREB400-MAK-NM,,,,,USD 235.32,GeoRipper - Part,,Finished Goods,fifo,,,0.00,USD 0.00,M12 Split Lock Washer,GR5.4,2.000000,Assembly,
6212012000000439028,GeoRipper e/B 400 for Makita 40V XGT Motor - Kit,,USD 1900.00,GeoRipper - Parts,,,0.00,0.00,0.00,0.00,true,,goods,2,,,Inactive,EA,GREB400-MAK-NM,,,,,USD 235.32,GeoRipper - Part,,Finished Goods,fifo,,,0.00,USD 0.00,Dirt Deflector,MT8001,1.000000,Assembly,
6212012000000439028,GeoRipper e/B 400 for Makita 40V XGT Motor - Kit,,USD 1900.00,GeoRipper - Parts,,,0.00,0.00,0.00,0.00,true,,goods,2,,,Inactive,EA,GREB400-MAK-NM,,,,,USD 235.32,GeoRipper - Part,,Finished Goods,fifo,,,0.00,USD 0.00,Mud Flap A,MT8002,1.000000,Assembly,
6212012000000439028,GeoRipper e/B 400 for Makita 40V XGT Motor - Kit,,USD 1900.00,GeoRipper - Parts,,,0.00,0.00,0.00,0.00,true,,goods,2,,,Inactive,EA,GREB400-MAK-NM,,,,,USD 235.32,GeoRipper - Part,,Finished Goods,fifo,,,0.00,USD 0.00,Mud Flap B,MT8003,1.000000,Assembly,
6212012000000439028,GeoRipper e/B 400 for Makita 40V XGT Motor - Kit,,USD 1900.00,GeoRipper - Parts,,,0.00,0.00,0.00,0.00,true,,goods,2,,,Inactive,EA,GREB400-MAK-NM,,,,,USD 235.32,GeoRipper - Part,,Finished Goods,fifo,,,0.00,USD 0.00,M5 X .8 X 16 Phillips Flat Machine Screw Plated,GR5.8,6.000000,Assembly,
6212012000000439028,GeoRipper e/B 400 for Makita 40V XGT Motor - Kit,,USD 1900.00,GeoRipper - Parts,,,0.00,0.00,0.00,0.00,true,,goods,2,,,Inactive,EA,GREB400-MAK-NM,,,,,USD 235.32,GeoRipper - Part,,Finished Goods,fifo,,,0.00,USD 0.00,M5 x 18mm fender washer,GR5.12,6.000000,Assembly,
6212012000000439028,GeoRipper e/B 400 for Makita 40V XGT Motor - Kit,,USD 1900.00,GeoRipper - Parts,,,0.00,0.00,0.00,0.00,true,,goods,2,,,Inactive,EA,GREB400-MAK-NM,,,,,USD 235.32,GeoRipper - Part,,Finished Goods,fifo,,,0.00,USD 0.00,M5 Nylock hex nut,GR5.11,6.000000,Assembly,
6212012000000439028,GeoRipper e/B 400 for Makita 40V XGT Motor - Kit,,USD 1900.00,GeoRipper - Parts,,,0.00,0.00,0.00,0.00,true,,goods,2,,,Inactive,EA,GREB400-MAK-NM,,,,,USD 235.32,GeoRipper - Part,,Finished Goods,fifo,,,0.00,USD 0.00,"Complete 16"" Digging Bar",MT3400,1.000000,Assembly,
6212012000000439028,GeoRipper e/B 400 for Makita 40V XGT Motor - Kit,,USD 1900.00,GeoRipper - Parts,,,0.00,0.00,0.00,0.00,true,,goods,2,,,Inactive,EA,GREB400-MAK-NM,,,,,USD 235.32,GeoRipper - Part,,Finished Goods,fifo,,,0.00,USD 0.00,EZ Kart - Handle Grip,EZ2001,1.000000,Assembly,
6212012000000439028,GeoRipper e/B 400 for Makita 40V XGT Motor - Kit,,USD 1900.00,GeoRipper - Parts,,,0.00,0.00,0.00,0.00,true,,goods,2,,,Inactive,EA,GREB400-MAK-NM,,,,,USD 235.32,GeoRipper - Part,,Finished Goods,fifo,,,0.00,USD 0.00,EZ Kart - Upper Handle,EZ1.3,1.000000,Assembly,
6212012000000439028,GeoRipper e/B 400 for Makita 40V XGT Motor - Kit,,USD 1900.00,GeoRipper - Parts,,,0.00,0.00,0.00,0.00,true,,goods,2,,,Inactive,EA,GREB400-MAK-NM,,,,,USD 235.32,GeoRipper - Part,,Finished Goods,fifo,,,0.00,USD 0.00,Minitrencher Drive Sprocket for GeoRipper and GeoRipper(R)T/A,MT9001,1.000000,Assembly,
6212012000000439028,GeoRipper e/B 400 for Makita 40V XGT Motor - Kit,,USD 1900.00,GeoRipper - Parts,,,0.00,0.00,0.00,0.00,true,,goods,2,,,Inactive,EA,GREB400-MAK-NM,,,,,USD 235.32,GeoRipper - Part,,Finished Goods,fifo,,,0.00,USD 0.00,Labyrinth for all GeoRipperT/A,MT9003,1.000000,Assembly,
6212012000000439028,GeoRipper e/B 400 for Makita 40V XGT Motor - Kit,,USD 1900.00,GeoRipper - Parts,,,0.00,0.00,0.00,0.00,true,,goods,2,,,Inactive,EA,GREB400-MAK-NM,,,,,USD 235.32,GeoRipper - Part,,Finished Goods,fifo,,,0.00,USD 0.00,"4mm Hex Key ""L"" tool",MT0004,1.000000,Assembly,
6212012000000439028,GeoRipper e/B 400 for Makita 40V XGT Motor - Kit,,USD 1900.00,GeoRipper - Parts,,,0.00,0.00,0.00,0.00,true,,goods,2,,,Inactive,EA,GREB400-MAK-NM,,,,,USD 235.32,GeoRipper - Part,,Finished Goods,fifo,,,0.00,USD 0.00,13mm Embossed Wrench,MT0013,1.000000,Assembly,
6212012000000439028,GeoRipper e/B 400 for Makita 40V XGT Motor - Kit,,USD 1900.00,GeoRipper - Parts,,,0.00,0.00,0.00,0.00,true,,goods,2,,,Inactive,EA,GREB400-MAK-NM,,,,,USD 235.32,GeoRipper - Part,,Finished Goods,fifo,,,0.00,USD 0.00,18mm Embossed Wrench,MT0018,1.000000,Assembly,
6212012000000439028,GeoRipper e/B 400 for Makita 40V XGT Motor - Kit,,USD 1900.00,GeoRipper - Parts,,,0.00,0.00,0.00,0.00,true,,goods,2,,,Inactive,EA,GREB400-MAK-NM,,,,,USD 235.32,GeoRipper - Part,,Finished Goods,fifo,,,0.00,USD 0.00,M8x1.25x20 Countersunk 5mm Hex Drive Bolt 12.9grade,GR0.3.2,3.000000,Assembly,
6212012000000439028,GeoRipper e/B 400 for Makita 40V XGT Motor - Kit,,USD 1900.00,GeoRipper - Parts,,,0.00,0.00,0.00,0.00,true,,goods,2,,,Inactive,EA,GREB400-MAK-NM,,,,,USD 235.32,GeoRipper - Part,,Finished Goods,fifo,,,0.00,USD 0.00,Bearing (Sealed) 6002-RS2,GR1.2,1.000000,Assembly,
6212012000000439028,GeoRipper e/B 400 for Makita 40V XGT Motor - Kit,,USD 1900.00,GeoRipper - Parts,,,0.00,0.00,0.00,0.00,true,,goods,2,,,Inactive,EA,GREB400-MAK-NM,,,,,USD 235.32,GeoRipper - Part,,Finished Goods,fifo,,,0.00,USD 0.00,#50H Heavy Connecting Link Spring Clip,MT4004,1.000000,Assembly,
6212012000000439028,GeoRipper e/B 400 for Makita 40V XGT Motor - Kit,,USD 1900.00,GeoRipper - Parts,,,0.00,0.00,0.00,0.00,true,,goods,2,,,Inactive,EA,GREB400-MAK-NM,,,,,USD 235.32,GeoRipper - Part,,Finished Goods,fifo,,,0.00,USD 0.00,GR Miscellaneous - Becca DO NOT USE,GR MISC,1.000000,Assembly,
6212012000000439028,GeoRipper e/B 400 for Makita 40V XGT Motor - Kit,,USD 1900.00,GeoRipper - Parts,,,0.00,0.00,0.00,0.00,true,,goods,2,,,Inactive,EA,GREB400-MAK-NM,,,,,USD 235.32,GeoRipper - Part,,Finished Goods,fifo,,,0.00,USD 0.00,"16"" Digging Chain (Single Chain)",MT4400,2.000000,Assembly,
6212012000000439089,GeoRipper 616 R.I.P. KIT,,USD 230.00,GeoRipper - Parts,,,0.00,0.00,0.00,0.00,true,,goods,2,,,Active,Kit,MTRIP616,,,,,USD 65.61,GeoRipper - Part,,Finished Goods,fifo,,,0.00,USD 0.00,#50H Heavy Connecting Link Spring Clip,MT4004,1.000000,Assembly,
6212012000000439089,GeoRipper 616 R.I.P. KIT,,USD 230.00,GeoRipper - Parts,,,0.00,0.00,0.00,0.00,true,,goods,2,,,Active,Kit,MTRIP616,,,,,USD 65.61,GeoRipper - Part,,Finished Goods,fifo,,,0.00,USD 0.00,Minitrencher Drive Sprocket for 6 Series Trencher,MT9601,1.000000,Assembly,
6212012000000439089,GeoRipper 616 R.I.P. KIT,,USD 230.00,GeoRipper - Parts,,,0.00,0.00,0.00,0.00,true,,goods,2,,,Active,Kit,MTRIP616,,,,,USD 65.61,GeoRipper - Part,,Finished Goods,fifo,,,0.00,USD 0.00,GeoRipper Minitrencher 6-Tooth Nose Sprocket with Bearing,MT1500,1.000000,Assembly,
6212012000000439089,GeoRipper 616 R.I.P. KIT,,USD 230.00,GeoRipper - Parts,,,0.00,0.00,0.00,0.00,true,,goods,2,,,Active,Kit,MTRIP616,,,,,USD 65.61,GeoRipper - Part,,Finished Goods,fifo,,,0.00,USD 0.00,Belt for Makita EK6101,MTB61-00,1.000000,Assembly,
6212012000000439089,GeoRipper 616 R.I.P. KIT,,USD 230.00,GeoRipper - Parts,,,0.00,0.00,0.00,0.00,true,,goods,2,,,Active,Kit,MTRIP616,,,,,USD 65.61,GeoRipper - Part,,Finished Goods,fifo,,,0.00,USD 0.00,10 x 10 x 5 Uline Box,MT10105,1.000000,Assembly,
6212012000000439089,GeoRipper 616 R.I.P. KIT,,USD 230.00,GeoRipper - Parts,,,0.00,0.00,0.00,0.00,true,,goods,2,,,Active,Kit,MTRIP616,,,,,USD 65.61,GeoRipper - Part,,Finished Goods,fifo,,,0.00,USD 0.00,"16"" Digging Chain (Single Chain)",MT4400,2.000000,Assembly,
6212012000000439114,SB216 to SB215 Conversion Kit,Kit to convert a SiBore SB216 to SB215,USD 1299.99,SiBore Drill - Parts,,,0.00,0.00,0.00,0.00,true,,goods,2,,,Active,Kit,SBCK215,,,,,USD 450.87,SiBore Drill - Part,,Finished Goods,fifo,,,0.00,USD 0.00,"SiBore Drill - 1"" Bore Head",SB1000,2.000000,Assembly,
6212012000000439114,SB216 to SB215 Conversion Kit,Kit to convert a SiBore SB216 to SB215,USD 1299.99,SiBore Drill - Parts,,,0.00,0.00,0.00,0.00,true,,goods,2,,,Active,Kit,SBCK215,,,,,USD 450.87,SiBore Drill - Part,,Finished Goods,fifo,,,0.00,USD 0.00,SiBore Drill - Swivel Cable Puller,SB1500,1.000000,Assembly,
6212012000000439114,SB216 to SB215 Conversion Kit,Kit to convert a SiBore SB216 to SB215,USD 1299.99,SiBore Drill - Parts,,,0.00,0.00,0.00,0.00,true,,goods,2,,,Active,Kit,SBCK215,,,,,USD 450.87,SiBore Drill - Part,,Finished Goods,fifo,,,0.00,USD 0.00,"SiBore Drill - 36"" Drill Rod w/ Coupling Nut",SB3600,8.000000,Assembly,
6212012000000439114,SB216 to SB215 Conversion Kit,Kit to convert a SiBore SB216 to SB215,USD 1299.99,SiBore Drill - Parts,,,0.00,0.00,0.00,0.00,true,,goods,2,,,Active,Kit,SBCK215,,,,,USD 450.87,SiBore Drill - Part,,Finished Goods,fifo,,,0.00,USD 0.00,SiBore Drill - MicroBore Adapter,SB9000,1.000000,Assembly,
6212012000000439114,SB216 to SB215 Conversion Kit,Kit to convert a SiBore SB216 to SB215,USD 1299.99,SiBore Drill - Parts,,,0.00,0.00,0.00,0.00,true,,goods,2,,,Active,Kit,SBCK215,,,,,USD 450.87,SiBore Drill - Part,,Finished Goods,fifo,,,0.00,USD 0.00,SiBore Accessory Bag,SBACCBAG,1.000000,Assembly,
6212012000000439114,SB216 to SB215 Conversion Kit,Kit to convert a SiBore SB216 to SB215,USD 1299.99,SiBore Drill - Parts,,,0.00,0.00,0.00,0.00,true,,goods,2,,,Active,Kit,SBCK215,,,,,USD 450.87,SiBore Drill - Part,,Finished Goods,fifo,,,0.00,USD 0.00,48 x 12 x 6 Uline Box,MT48126,1.000000,Assembly,
6212012000000440296,"20"" Digging Chain Bulk Pack - 25 Box / 50 chains",,USD 13000.00,GeoRipper - Parts,GeoRipper,MiniTrencher,225.00,32.00,15.00,20.00,true,,goods,2,,,Inactive,Case,MT4502-25,810075760453,810075760453,,22A,USD 1255.56,GeoRipper - Part,,Finished Goods,fifo,,,0.00,USD 0.00,GeoRipper 20-Inch Minitrencher Digging Chains (2 Pack),MT4502,25.000000,Assembly,
6212012000000440296,"20"" Digging Chain Bulk Pack - 25 Box / 50 chains",,USD 13000.00,GeoRipper - Parts,GeoRipper,MiniTrencher,225.00,32.00,15.00,20.00,true,,goods,2,,,Inactive,Case,MT4502-25,810075760453,810075760453,,22A,USD 1255.56,GeoRipper - Part,,Finished Goods,fifo,,,0.00,USD 0.00,"Small GeoRipper Box ""A""",BX-4,1.000000,Assembly,
6212012000000440313,GR20-EK7651H-EZ-G,,USD 3850.00,GeoRipper - Units,,,0.00,0.00,0.00,0.00,true,,goods,2,,,Inactive,Box,GR20-EK7651H-EZ,,,,,USD 1413.88,Georipper - Unit,,Finished Goods,fifo,,,0.00,USD 0.00,GeoRipper 700,GR700,1.000000,Assembly,
6212012000000440313,GR20-EK7651H-EZ-G,,USD 3850.00,GeoRipper - Units,,,0.00,0.00,0.00,0.00,true,,goods,2,,,Inactive,Box,GR20-EK7651H-EZ,,,,,USD 1413.88,Georipper - Unit,,Finished Goods,fifo,,,0.00,USD 0.00,GeoRipper Minitrencher Universal EZ Kart,EZ100,1.000000,Assembly,
6212012000000440313,GR20-EK7651H-EZ-G,,USD 3850.00,GeoRipper - Units,,,0.00,0.00,0.00,0.00,true,,goods,2,,,Inactive,Box,GR20-EK7651H-EZ,,,,,USD 1413.88,Georipper - Unit,,Finished Goods,fifo,,,0.00,USD 0.00,"Large GeoRipper Box ""B""",BX-3,1.000000,Assembly,
6212012000000440313,GR20-EK7651H-EZ-G,,USD 3850.00,GeoRipper - Units,,,0.00,0.00,0.00,0.00,true,,goods,2,,,Inactive,Box,GR20-EK7651H-EZ,,,,,USD 1413.88,Georipper - Unit,,Finished Goods,fifo,,,0.00,USD 0.00,"GeoRipper Box ""Stabilizer""",BX-5,3.000000,Assembly,
6212012000000440313,GR20-EK7651H-EZ-G,,USD 3850.00,GeoRipper - Units,,,0.00,0.00,0.00,0.00,true,,goods,2,,,Inactive,Box,GR20-EK7651H-EZ,,,,,USD 1413.88,Georipper - Unit,,Finished Goods,fifo,,,0.00,USD 0.00,GeoRipper Box Tray,BX-6,1.000000,Assembly,
6212012000000440313,GR20-EK7651H-EZ-G,,USD 3850.00,GeoRipper - Units,,,0.00,0.00,0.00,0.00,true,,goods,2,,,Inactive,Box,GR20-EK7651H-EZ,,,,,USD 1413.88,Georipper - Unit,,Finished Goods,fifo,,,0.00,USD 0.00,GeoRipper Minitrencher 20-Inch Digging Bar,MT3500,2.000000,Assembly,
6212012000000440313,GR20-EK7651H-EZ-G,,USD 3850.00,GeoRipper - Units,,,0.00,0.00,0.00,0.00,true,,goods,2,,,Inactive,Box,GR20-EK7651H-EZ,,,,,USD 1413.88,Georipper - Unit,,Finished Goods,fifo,,,0.00,USD 0.00,GeoRipper 20-Inch Minitrencher Digging Chains (2 Pack),MT4502,1.000000,Assembly,
6212012000000440340,GR20-EK7651H-G,,USD 3450.00,GeoRipper - Units,,,0.00,0.00,0.00,0.00,true,,goods,2,,,Inactive,Box,GR20-EK7651H-G,,,,,USD 1233.83,Georipper - Unit,,Finished Goods,fifo,,,0.00,USD 0.00,GeoRipper 700,GR700,1.000000,Assembly,
6212012000000440340,GR20-EK7651H-G,,USD 3450.00,GeoRipper - Units,,,0.00,0.00,0.00,0.00,true,,goods,2,,,Inactive,Box,GR20-EK7651H-G,,,,,USD 1233.83,Georipper - Unit,,Finished Goods,fifo,,,0.00,USD 0.00,"Small GeoRipper Box ""A""",BX-4,1.000000,Assembly,
6212012000000440340,GR20-EK7651H-G,,USD 3450.00,GeoRipper - Units,,,0.00,0.00,0.00,0.00,true,,goods,2,,,Inactive,Box,GR20-EK7651H-G,,,,,USD 1233.83,Georipper - Unit,,Finished Goods,fifo,,,0.00,USD 0.00,"GeoRipper Box ""Stabilizer""",BX-5,2.000000,Assembly,
6212012000000440340,GR20-EK7651H-G,,USD 3450.00,GeoRipper - Units,,,0.00,0.00,0.00,0.00,true,,goods,2,,,Inactive,Box,GR20-EK7651H-G,,,,,USD 1233.83,Georipper - Unit,,Finished Goods,fifo,,,0.00,USD 0.00,GeoRipper Box Tray,BX-6,1.000000,Assembly,
6212012000000440340,GR20-EK7651H-G,,USD 3450.00,GeoRipper - Units,,,0.00,0.00,0.00,0.00,true,,goods,2,,,Inactive,Box,GR20-EK7651H-G,,,,,USD 1233.83,Georipper - Unit,,Finished Goods,fifo,,,0.00,USD 0.00,GeoRipper Minitrencher 20-Inch Digging Bar,MT3500,2.000000,Assembly,
6212012000000440340,GR20-EK7651H-G,,USD 3450.00,GeoRipper - Units,,,0.00,0.00,0.00,0.00,true,,goods,2,,,Inactive,Box,GR20-EK7651H-G,,,,,USD 1233.83,Georipper - Unit,,Finished Goods,fifo,,,0.00,USD 0.00,GeoRipper 20-Inch Minitrencher Digging Chains (2 Pack),MT4502,1.000000,Assembly,
6212012000000440365,Original GeoRipper 620 Trencher,,USD 2991.45,GeoRipper - Units,,,0.00,0.00,0.00,0.00,true,,goods,2,,,Inactive,ea,GR620,,,,,USD 947.89,Georipper - Unit,,Finished Goods,fifo,,,0.00,USD 0.00,"Small GeoRipper Box ""A""",BX-4,1.000000,Assembly,
6212012000000440365,Original GeoRipper 620 Trencher,,USD 2991.45,GeoRipper - Units,,,0.00,0.00,0.00,0.00,true,,goods,2,,,Inactive,ea,GR620,,,,,USD 947.89,Georipper - Unit,,Finished Goods,fifo,,,0.00,USD 0.00,"GeoRipper Box ""Stabilizer""",BX-5,2.000000,Assembly,
6212012000000440365,Original GeoRipper 620 Trencher,,USD 2991.45,GeoRipper - Units,,,0.00,0.00,0.00,0.00,true,,goods,2,,,Inactive,ea,GR620,,,,,USD 947.89,Georipper - Unit,,Finished Goods,fifo,,,0.00,USD 0.00,GeoRipper 600,GR600,1.000000,Assembly,
6212012000000440365,Original GeoRipper 620 Trencher,,USD 2991.45,GeoRipper - Units,,,0.00,0.00,0.00,0.00,true,,goods,2,,,Inactive,ea,GR620,,,,,USD 947.89,Georipper - Unit,,Finished Goods,fifo,,,0.00,USD 0.00,GeoRipper Box Tray,BX-6,1.000000,Assembly,
6212012000000440365,Original GeoRipper 620 Trencher,,USD 2991.45,GeoRipper - Units,,,0.00,0.00,0.00,0.00,true,,goods,2,,,Inactive,ea,GR620,,,,,USD 947.89,Georipper - Unit,,Finished Goods,fifo,,,0.00,USD 0.00,GeoRipper Minitrencher 20-Inch Digging Bar,MT3500,1.000000,Assembly,
6212012000000440365,Original GeoRipper 620 Trencher,,USD 2991.45,GeoRipper - Units,,,0.00,0.00,0.00,0.00,true,,goods,2,,,Inactive,ea,GR620,,,,,USD 947.89,Georipper - Unit,,Finished Goods,fifo,,,0.00,USD 0.00,"20"" Digging Chain (Single Chain)",MT4500,2.000000,Assembly,
6212012000000440390,Original GeoRipper 720 Trencher,,USD 3516.45,GeoRipper - Units,,,0.00,0.00,0.00,0.00,true,,goods,2,,,Active,ea,GR720,,,,,USD 1170.61,Georipper - Unit,,Finished Goods,fifo,,,0.00,USD 0.00,"Small GeoRipper Box ""A""",BX-4,1.000000,Assembly,
6212012000000440390,Original GeoRipper 720 Trencher,,USD 3516.45,GeoRipper - Units,,,0.00,0.00,0.00,0.00,true,,goods,2,,,Active,ea,GR720,,,,,USD 1170.61,Georipper - Unit,,Finished Goods,fifo,,,0.00,USD 0.00,"GeoRipper Box ""Stabilizer""",BX-5,2.000000,Assembly,
6212012000000440390,Original GeoRipper 720 Trencher,,USD 3516.45,GeoRipper - Units,,,0.00,0.00,0.00,0.00,true,,goods,2,,,Active,ea,GR720,,,,,USD 1170.61,Georipper - Unit,,Finished Goods,fifo,,,0.00,USD 0.00,GeoRipper Box Tray,BX-6,1.000000,Assembly,
6212012000000440390,Original GeoRipper 720 Trencher,,USD 3516.45,GeoRipper - Units,,,0.00,0.00,0.00,0.00,true,,goods,2,,,Active,ea,GR720,,,,,USD 1170.61,Georipper - Unit,,Finished Goods,fifo,,,0.00,USD 0.00,GeoRipper 700,GR700,1.000000,Assembly,
6212012000000440390,Original GeoRipper 720 Trencher,,USD 3516.45,GeoRipper - Units,,,0.00,0.00,0.00,0.00,true,,goods,2,,,Active,ea,GR720,,,,,USD 1170.61,Georipper - Unit,,Finished Goods,fifo,,,0.00,USD 0.00,GeoRipper Minitrencher 20-Inch Digging Bar,MT3500,1.000000,Assembly,
6212012000000440390,Original GeoRipper 720 Trencher,,USD 3516.45,GeoRipper - Units,,,0.00,0.00,0.00,0.00,true,,goods,2,,,Active,ea,GR720,,,,,USD 1170.61,Georipper - Unit,,Finished Goods,fifo,,,0.00,USD 0.00,GeoRipper 20-Inch Minitrencher Digging Chains (2 Pack),MT4502,1.000000,Assembly,
6212012000000440415,Original GeoRipper 820 Trencher,,USD 3568.95,GeoRipper - Units,,,0.00,0.00,0.00,0.00,true,,goods,2,,,Inactive,ea,GR820,,,,,USD 1145.86,Georipper - Unit,,Finished Goods,fifo,,,0.00,USD 0.00,"Small GeoRipper Box ""A""",BX-4,1.000000,Assembly,
6212012000000440415,Original GeoRipper 820 Trencher,,USD 3568.95,GeoRipper - Units,,,0.00,0.00,0.00,0.00,true,,goods,2,,,Inactive,ea,GR820,,,,,USD 1145.86,Georipper - Unit,,Finished Goods,fifo,,,0.00,USD 0.00,"GeoRipper Box ""Stabilizer""",BX-5,2.000000,Assembly,
6212012000000440415,Original GeoRipper 820 Trencher,,USD 3568.95,GeoRipper - Units,,,0.00,0.00,0.00,0.00,true,,goods,2,,,Inactive,ea,GR820,,,,,USD 1145.86,Georipper - Unit,,Finished Goods,fifo,,,0.00,USD 0.00,GeoRipper Box Tray,BX-6,1.000000,Assembly,
6212012000000440415,Original GeoRipper 820 Trencher,,USD 3568.95,GeoRipper - Units,,,0.00,0.00,0.00,0.00,true,,goods,2,,,Inactive,ea,GR820,,,,,USD 1145.86,Georipper - Unit,,Finished Goods,fifo,,,0.00,USD 0.00,GeoRipper 800,GR800,1.000000,Assembly,
6212012000000440415,Original GeoRipper 820 Trencher,,USD 3568.95,GeoRipper - Units,,,0.00,0.00,0.00,0.00,true,,goods,2,,,Inactive,ea,GR820,,,,,USD 1145.86,Georipper - Unit,,Finished Goods,fifo,,,0.00,USD 0.00,GeoRipper Minitrencher 20-Inch Digging Bar,MT3500,1.000000,Assembly,
6212012000000440415,Original GeoRipper 820 Trencher,,USD 3568.95,GeoRipper - Units,,,0.00,0.00,0.00,0.00,true,,goods,2,,,Inactive,ea,GR820,,,,,USD 1145.86,Georipper - Unit,,Finished Goods,fifo,,,0.00,USD 0.00,GeoRipper 20-Inch Minitrencher Digging Chains (2 Pack),MT4502,1.000000,Assembly,
6212012000000440440,Original GeoRipper 827 Trencher,,USD 4408.95,GeoRipper - Units,,,0.00,0.00,0.00,0.00,true,,goods,2,,,Inactive,ea,GR827,,,,,USD 1356.22,Georipper - Unit,,Finished Goods,fifo,,,0.00,USD 0.00,"Large GeoRipper Box ""B""",BX-3,1.000000,Assembly,
6212012000000440440,Original GeoRipper 827 Trencher,,USD 4408.95,GeoRipper - Units,,,0.00,0.00,0.00,0.00,true,,goods,2,,,Inactive,ea,GR827,,,,,USD 1356.22,Georipper - Unit,,Finished Goods,fifo,,,0.00,USD 0.00,"GeoRipper Box ""Stabilizer""",BX-5,3.000000,Assembly,
6212012000000440440,Original GeoRipper 827 Trencher,,USD 4408.95,GeoRipper - Units,,,0.00,0.00,0.00,0.00,true,,goods,2,,,Inactive,ea,GR827,,,,,USD 1356.22,Georipper - Unit,,Finished Goods,fifo,,,0.00,USD 0.00,GeoRipper Box Tray,BX-6,1.000000,Assembly,
6212012000000440440,Original GeoRipper 827 Trencher,,USD 4408.95,GeoRipper - Units,,,0.00,0.00,0.00,0.00,true,,goods,2,,,Inactive,ea,GR827,,,,,USD 1356.22,Georipper - Unit,,Finished Goods,fifo,,,0.00,USD 0.00,GeoRipper Minitrencher Universal EZ Kart,EZ100,1.000000,Assembly,
6212012000000440440,Original GeoRipper 827 Trencher,,USD 4408.95,GeoRipper - Units,,,0.00,0.00,0.00,0.00,true,,goods,2,,,Inactive,ea,GR827,,,,,USD 1356.22,Georipper - Unit,,Finished Goods,fifo,,,0.00,USD 0.00,GeoRipper 800,GR800,1.000000,Assembly,
6212012000000440440,Original GeoRipper 827 Trencher,,USD 4408.95,GeoRipper - Units,,,0.00,0.00,0.00,0.00,true,,goods,2,,,Inactive,ea,GR827,,,,,USD 1356.22,Georipper - Unit,,Finished Goods,fifo,,,0.00,USD 0.00,GeoRipper Minitrencher 27-Inch Digging Bar,MT3700,1.000000,Assembly,
6212012000000440440,Original GeoRipper 827 Trencher,,USD 4408.95,GeoRipper - Units,,,0.00,0.00,0.00,0.00,true,,goods,2,,,Inactive,ea,GR827,,,,,USD 1356.22,Georipper - Unit,,Finished Goods,fifo,,,0.00,USD 0.00,GeoRipper 27-Inch Minitrencher Digging Chain (2 Pack),MT4702,1.000000,Assembly,
6212012000000440467,GeoRipper 716,,USD 3148.95,GeoRipper - Units,,,0.00,0.00,0.00,0.00,true,,goods,2,,,Inactive,ea,GR716,,,,,USD 1151.03,Georipper - Unit,,Finished Goods,fifo,,,0.00,USD 0.00,"Complete 16"" Digging Bar",MT3400,1.000000,Assembly,
6212012000000440467,GeoRipper 716,,USD 3148.95,GeoRipper - Units,,,0.00,0.00,0.00,0.00,true,,goods,2,,,Inactive,ea,GR716,,,,,USD 1151.03,Georipper - Unit,,Finished Goods,fifo,,,0.00,USD 0.00,"Small GeoRipper Box ""A""",BX-4,1.000000,Assembly,
6212012000000440467,GeoRipper 716,,USD 3148.95,GeoRipper - Units,,,0.00,0.00,0.00,0.00,true,,goods,2,,,Inactive,ea,GR716,,,,,USD 1151.03,Georipper - Unit,,Finished Goods,fifo,,,0.00,USD 0.00,"GeoRipper Box ""Stabilizer""",BX-5,2.000000,Assembly,
6212012000000440467,GeoRipper 716,,USD 3148.95,GeoRipper - Units,,,0.00,0.00,0.00,0.00,true,,goods,2,,,Inactive,ea,GR716,,,,,USD 1151.03,Georipper - Unit,,Finished Goods,fifo,,,0.00,USD 0.00,GeoRipper Box Tray,BX-6,1.000000,Assembly,
6212012000000440467,GeoRipper 716,,USD 3148.95,GeoRipper - Units,,,0.00,0.00,0.00,0.00,true,,goods,2,,,Inactive,ea,GR716,,,,,USD 1151.03,Georipper - Unit,,Finished Goods,fifo,,,0.00,USD 0.00,GeoRipper 700,GR700,1.000000,Assembly,
6212012000000440467,GeoRipper 716,,USD 3148.95,GeoRipper - Units,,,0.00,0.00,0.00,0.00,true,,goods,2,,,Inactive,ea,GR716,,,,,USD 1151.03,Georipper - Unit,,Finished Goods,fifo,,,0.00,USD 0.00,"16"" Digging Chain (2-Pack)",MT4402,1.000000,Assembly,
6212012000000440492,GeoRipper 816,,USD 3306.45,GeoRipper - Units,,,0.00,0.00,0.00,0.00,true,,goods,2,,,Inactive,ea,GR816,,,,,USD 1217.69,Georipper - Unit,,Finished Goods,fifo,,,0.00,USD 0.00,"Complete 16"" Digging Bar",MT3400,1.000000,Assembly,
6212012000000440492,GeoRipper 816,,USD 3306.45,GeoRipper - Units,,,0.00,0.00,0.00,0.00,true,,goods,2,,,Inactive,ea,GR816,,,,,USD 1217.69,Georipper - Unit,,Finished Goods,fifo,,,0.00,USD 0.00,"Small GeoRipper Box ""A""",BX-4,1.000000,Assembly,
6212012000000440492,GeoRipper 816,,USD 3306.45,GeoRipper - Units,,,0.00,0.00,0.00,0.00,true,,goods,2,,,Inactive,ea,GR816,,,,,USD 1217.69,Georipper - Unit,,Finished Goods,fifo,,,0.00,USD 0.00,"GeoRipper Box ""Stabilizer""",BX-5,2.000000,Assembly,
6212012000000440492,GeoRipper 816,,USD 3306.45,GeoRipper - Units,,,0.00,0.00,0.00,0.00,true,,goods,2,,,Inactive,ea,GR816,,,,,USD 1217.69,Georipper - Unit,,Finished Goods,fifo,,,0.00,USD 0.00,GeoRipper Box Tray,BX-6,1.000000,Assembly,
6212012000000440492,GeoRipper 816,,USD 3306.45,GeoRipper - Units,,,0.00,0.00,0.00,0.00,true,,goods,2,,,Inactive,ea,GR816,,,,,USD 1217.69,Georipper - Unit,,Finished Goods,fifo,,,0.00,USD 0.00,GeoRipper 800,GR800,1.000000,Assembly,
6212012000000440492,GeoRipper 816,,USD 3306.45,GeoRipper - Units,,,0.00,0.00,0.00,0.00,true,,goods,2,,,Inactive,ea,GR816,,,,,USD 1217.69,Georipper - Unit,,Finished Goods,fifo,,,0.00,USD 0.00,"16"" Digging Chain (2-Pack)",MT4402,1.000000,Assembly,
6212012000000440517,GeoRipper(R)T/A H500 with EZ Kart,,USD 1800.00,GeoRipper - Units,GeoRipper,MiniTrencher,46.00,36.00,12.00,12.00,true,,goods,2,,,Inactive,EA,GRTA-H500EZ,810075760378,810075760378,,22A,USD 515.30,Georipper - Unit,,Finished Goods,fifo,,,0.00,USD 0.00,Husqvarna T/A Casting,H1000,1.000000,Assembly,
6212012000000440517,GeoRipper(R)T/A H500 with EZ Kart,,USD 1800.00,GeoRipper - Units,GeoRipper,MiniTrencher,46.00,36.00,12.00,12.00,true,,goods,2,,,Inactive,EA,GRTA-H500EZ,810075760378,810075760378,,22A,USD 515.30,Georipper - Unit,,Finished Goods,fifo,,,0.00,USD 0.00,Bearing - 6203 RS,MT0062,2.000000,Assembly,
6212012000000440517,GeoRipper(R)T/A H500 with EZ Kart,,USD 1800.00,GeoRipper - Units,GeoRipper,MiniTrencher,46.00,36.00,12.00,12.00,true,,goods,2,,,Inactive,EA,GRTA-H500EZ,810075760378,810075760378,,22A,USD 515.30,Georipper - Unit,,Finished Goods,fifo,,,0.00,USD 0.00,R40 Snap Ring,MT0040,1.000000,Assembly,
6212012000000440517,GeoRipper(R)T/A H500 with EZ Kart,,USD 1800.00,GeoRipper - Units,GeoRipper,MiniTrencher,46.00,36.00,12.00,12.00,true,,goods,2,,,Inactive,EA,GRTA-H500EZ,810075760378,810075760378,,22A,USD 515.30,Georipper - Unit,,Finished Goods,fifo,,,0.00,USD 0.00,Drive Axle for all GeoRipperT/A,MT9002,1.000000,Assembly,
6212012000000440517,GeoRipper(R)T/A H500 with EZ Kart,,USD 1800.00,GeoRipper - Units,GeoRipper,MiniTrencher,46.00,36.00,12.00,12.00,true,,goods,2,,,Inactive,EA,GRTA-H500EZ,810075760378,810075760378,,22A,USD 515.30,Georipper - Unit,,Finished Goods,fifo,,,0.00,USD 0.00,Spacer,MT0010,1.000000,Assembly,
6212012000000440517,GeoRipper(R)T/A H500 with EZ Kart,,USD 1800.00,GeoRipper - Units,GeoRipper,MiniTrencher,46.00,36.00,12.00,12.00,true,,goods,2,,,Inactive,EA,GRTA-H500EZ,810075760378,810075760378,,22A,USD 515.30,Georipper - Unit,,Finished Goods,fifo,,,0.00,USD 0.00,Labyrinth for all GeoRipperT/A,MT9003,1.000000,Assembly,
6212012000000440517,GeoRipper(R)T/A H500 with EZ Kart,,USD 1800.00,GeoRipper - Units,GeoRipper,MiniTrencher,46.00,36.00,12.00,12.00,true,,goods,2,,,Inactive,EA,GRTA-H500EZ,810075760378,810075760378,,22A,USD 515.30,Georipper - Unit,,Finished Goods,fifo,,,0.00,USD 0.00,Minitrencher Drive Sprocket for GeoRipper and GeoRipper(R)T/A,MT9001,1.000000,Assembly,
6212012000000440517,GeoRipper(R)T/A H500 with EZ Kart,,USD 1800.00,GeoRipper - Units,GeoRipper,MiniTrencher,46.00,36.00,12.00,12.00,true,,goods,2,,,Inactive,EA,GRTA-H500EZ,810075760378,810075760378,,22A,USD 515.30,Georipper - Unit,,Finished Goods,fifo,,,0.00,USD 0.00,Pulley for Husqvarna K970 GeoRipperT/A,H1002,1.000000,Assembly,
6212012000000440517,GeoRipper(R)T/A H500 with EZ Kart,,USD 1800.00,GeoRipper - Units,GeoRipper,MiniTrencher,46.00,36.00,12.00,12.00,true,,goods,2,,,Inactive,EA,GRTA-H500EZ,810075760378,810075760378,,22A,USD 515.30,Georipper - Unit,,Finished Goods,fifo,,,0.00,USD 0.00,M8 Zinc Plated Washer,MT0800,2.000000,Assembly,
6212012000000440517,GeoRipper(R)T/A H500 with EZ Kart,,USD 1800.00,GeoRipper - Units,GeoRipper,MiniTrencher,46.00,36.00,12.00,12.00,true,,goods,2,,,Inactive,EA,GRTA-H500EZ,810075760378,810075760378,,22A,USD 515.30,Georipper - Unit,,Finished Goods,fifo,,,0.00,USD 0.00,M8 x 1.25 x 50 Hex Bolt,MT0850,2.000000,Assembly,
6212012000000440517,GeoRipper(R)T/A H500 with EZ Kart,,USD 1800.00,GeoRipper - Units,GeoRipper,MiniTrencher,46.00,36.00,12.00,12.00,true,,goods,2,,,Inactive,EA,GRTA-H500EZ,810075760378,810075760378,,22A,USD 515.30,Georipper - Unit,,Finished Goods,fifo,,,0.00,USD 0.00,Dirt Deflector,MT8001,1.000000,Assembly,
6212012000000440517,GeoRipper(R)T/A H500 with EZ Kart,,USD 1800.00,GeoRipper - Units,GeoRipper,MiniTrencher,46.00,36.00,12.00,12.00,true,,goods,2,,,Inactive,EA,GRTA-H500EZ,810075760378,810075760378,,22A,USD 515.30,Georipper - Unit,,Finished Goods,fifo,,,0.00,USD 0.00,Mud Flap A,MT8002,1.000000,Assembly,
6212012000000440517,GeoRipper(R)T/A H500 with EZ Kart,,USD 1800.00,GeoRipper - Units,GeoRipper,MiniTrencher,46.00,36.00,12.00,12.00,true,,goods,2,,,Inactive,EA,GRTA-H500EZ,810075760378,810075760378,,22A,USD 515.30,Georipper - Unit,,Finished Goods,fifo,,,0.00,USD 0.00,Mud Flap B,MT8003,1.000000,Assembly,
6212012000000440517,GeoRipper(R)T/A H500 with EZ Kart,,USD 1800.00,GeoRipper - Units,GeoRipper,MiniTrencher,46.00,36.00,12.00,12.00,true,,goods,2,,,Inactive,EA,GRTA-H500EZ,810075760378,810075760378,,22A,USD 515.30,Georipper - Unit,,Finished Goods,fifo,,,0.00,USD 0.00,M5 X .8 X 16 Phillips Flat Machine Screw Plated,GR5.8,6.000000,Assembly,
6212012000000440517,GeoRipper(R)T/A H500 with EZ Kart,,USD 1800.00,GeoRipper - Units,GeoRipper,MiniTrencher,46.00,36.00,12.00,12.00,true,,goods,2,,,Inactive,EA,GRTA-H500EZ,810075760378,810075760378,,22A,USD 515.30,Georipper - Unit,,Finished Goods,fifo,,,0.00,USD 0.00,M5 x 18mm fender washer,GR5.12,6.000000,Assembly,
6212012000000440517,GeoRipper(R)T/A H500 with EZ Kart,,USD 1800.00,GeoRipper - Units,GeoRipper,MiniTrencher,46.00,36.00,12.00,12.00,true,,goods,2,,,Inactive,EA,GRTA-H500EZ,810075760378,810075760378,,22A,USD 515.30,Georipper - Unit,,Finished Goods,fifo,,,0.00,USD 0.00,M5 Nylock hex nut,GR5.11,6.000000,Assembly,
6212012000000440517,GeoRipper(R)T/A H500 with EZ Kart,,USD 1800.00,GeoRipper - Units,GeoRipper,MiniTrencher,46.00,36.00,12.00,12.00,true,,goods,2,,,Inactive,EA,GRTA-H500EZ,810075760378,810075760378,,22A,USD 515.30,Georipper - Unit,,Finished Goods,fifo,,,0.00,USD 0.00,Bar Clamp Washer - Slotted,GR5.2,1.000000,Assembly,
6212012000000440517,GeoRipper(R)T/A H500 with EZ Kart,,USD 1800.00,GeoRipper - Units,GeoRipper,MiniTrencher,46.00,36.00,12.00,12.00,true,,goods,2,,,Inactive,EA,GRTA-H500EZ,810075760378,810075760378,,22A,USD 515.30,Georipper - Unit,,Finished Goods,fifo,,,0.00,USD 0.00,M12 X 1.75 X 30 Bolt 18mm Head,GR5.3,2.000000,Assembly,
6212012000000440517,GeoRipper(R)T/A H500 with EZ Kart,,USD 1800.00,GeoRipper - Units,GeoRipper,MiniTrencher,46.00,36.00,12.00,12.00,true,,goods,2,,,Inactive,EA,GRTA-H500EZ,810075760378,810075760378,,22A,USD 515.30,Georipper - Unit,,Finished Goods,fifo,,,0.00,USD 0.00,M12 Split Lock Washer,GR5.4,2.000000,Assembly,
6212012000000440517,GeoRipper(R)T/A H500 with EZ Kart,,USD 1800.00,GeoRipper - Units,GeoRipper,MiniTrencher,46.00,36.00,12.00,12.00,true,,goods,2,,,Inactive,EA,GRTA-H500EZ,810075760378,810075760378,,22A,USD 515.30,Georipper - Unit,,Finished Goods,fifo,,,0.00,USD 0.00,Safety Bar - 500 Series GeoRipperT/A,MT7500,1.000000,Assembly,
6212012000000440517,GeoRipper(R)T/A H500 with EZ Kart,,USD 1800.00,GeoRipper - Units,GeoRipper,MiniTrencher,46.00,36.00,12.00,12.00,true,,goods,2,,,Inactive,EA,GRTA-H500EZ,810075760378,810075760378,,22A,USD 515.30,Georipper - Unit,,Finished Goods,fifo,,,0.00,USD 0.00,M8 x 1.25 x 12 Bolt for Safety Bar,MT0812,2.000000,Assembly,
6212012000000440517,GeoRipper(R)T/A H500 with EZ Kart,,USD 1800.00,GeoRipper - Units,GeoRipper,MiniTrencher,46.00,36.00,12.00,12.00,true,,goods,2,,,Inactive,EA,GRTA-H500EZ,810075760378,810075760378,,22A,USD 515.30,Georipper - Unit,,Finished Goods,fifo,,,0.00,USD 0.00,M8 split lock washer zinc plated,MT0804,2.000000,Assembly,
6212012000000440517,GeoRipper(R)T/A H500 with EZ Kart,,USD 1800.00,GeoRipper - Units,GeoRipper,MiniTrencher,46.00,36.00,12.00,12.00,true,,goods,2,,,Inactive,EA,GRTA-H500EZ,810075760378,810075760378,,22A,USD 515.30,Georipper - Unit,,Finished Goods,fifo,,,0.00,USD 0.00,M8 x 1.25 x 65 Zinc-Plated Hex Bolt,MT0865,3.000000,Assembly,
6212012000000440517,GeoRipper(R)T/A H500 with EZ Kart,,USD 1800.00,GeoRipper - Units,GeoRipper,MiniTrencher,46.00,36.00,12.00,12.00,true,,goods,2,,,Inactive,EA,GRTA-H500EZ,810075760378,810075760378,,22A,USD 515.30,Georipper - Unit,,Finished Goods,fifo,,,0.00,USD 0.00,M8 Acorn Nut,MT0801,3.000000,Assembly,
6212012000000440517,GeoRipper(R)T/A H500 with EZ Kart,,USD 1800.00,GeoRipper - Units,GeoRipper,MiniTrencher,46.00,36.00,12.00,12.00,true,,goods,2,,,Inactive,EA,GRTA-H500EZ,810075760378,810075760378,,22A,USD 515.30,Georipper - Unit,,Finished Goods,fifo,,,0.00,USD 0.00,Belt for Husqvarna K970,MTB97-00,1.000000,Assembly,
6212012000000440517,GeoRipper(R)T/A H500 with EZ Kart,,USD 1800.00,GeoRipper - Units,GeoRipper,MiniTrencher,46.00,36.00,12.00,12.00,true,,goods,2,,,Inactive,EA,GRTA-H500EZ,810075760378,810075760378,,22A,USD 515.30,Georipper - Unit,,Finished Goods,fifo,,,0.00,USD 0.00,Pulley for 'The GeoRipper' & Husqvarna K770 GeoRipperT/A,H1001,1.000000,Assembly,
6212012000000440517,GeoRipper(R)T/A H500 with EZ Kart,,USD 1800.00,GeoRipper - Units,GeoRipper,MiniTrencher,46.00,36.00,12.00,12.00,true,,goods,2,,,Inactive,EA,GRTA-H500EZ,810075760378,810075760378,,22A,USD 515.30,Georipper - Unit,,Finished Goods,fifo,,,0.00,USD 0.00,"Belt for 'The GeoRipper', Husqvarna K770 & Echo CSG-7410",MTB77-00,1.000000,Assembly,
6212012000000440517,GeoRipper(R)T/A H500 with EZ Kart,,USD 1800.00,GeoRipper - Units,GeoRipper,MiniTrencher,46.00,36.00,12.00,12.00,true,,goods,2,,,Inactive,EA,GRTA-H500EZ,810075760378,810075760378,,22A,USD 515.30,Georipper - Unit,,Finished Goods,fifo,,,0.00,USD 0.00,Green PVC Tool Bag,MT0099,1.000000,Assembly,
6212012000000440517,GeoRipper(R)T/A H500 with EZ Kart,,USD 1800.00,GeoRipper - Units,GeoRipper,MiniTrencher,46.00,36.00,12.00,12.00,true,,goods,2,,,Inactive,EA,GRTA-H500EZ,810075760378,810075760378,,22A,USD 515.30,Georipper - Unit,,Finished Goods,fifo,,,0.00,USD 0.00,13mm Embossed Wrench,MT0013,1.000000,Assembly,
6212012000000440517,GeoRipper(R)T/A H500 with EZ Kart,,USD 1800.00,GeoRipper - Units,GeoRipper,MiniTrencher,46.00,36.00,12.00,12.00,true,,goods,2,,,Inactive,EA,GRTA-H500EZ,810075760378,810075760378,,22A,USD 515.30,Georipper - Unit,,Finished Goods,fifo,,,0.00,USD 0.00,18mm Embossed Wrench,MT0018,1.000000,Assembly,
6212012000000440517,GeoRipper(R)T/A H500 with EZ Kart,,USD 1800.00,GeoRipper - Units,GeoRipper,MiniTrencher,46.00,36.00,12.00,12.00,true,,goods,2,,,Inactive,EA,GRTA-H500EZ,810075760378,810075760378,,22A,USD 515.30,Georipper - Unit,,Finished Goods,fifo,,,0.00,USD 0.00,Bearing (Sealed) 6002-RS2,GR1.2,1.000000,Assembly,
6212012000000440517,GeoRipper(R)T/A H500 with EZ Kart,,USD 1800.00,GeoRipper - Units,GeoRipper,MiniTrencher,46.00,36.00,12.00,12.00,true,,goods,2,,,Inactive,EA,GRTA-H500EZ,810075760378,810075760378,,22A,USD 515.30,Georipper - Unit,,Finished Goods,fifo,,,0.00,USD 0.00,#50H Heavy Connecting Link Spring Clip,MT4004,1.000000,Assembly,
6212012000000440517,GeoRipper(R)T/A H500 with EZ Kart,,USD 1800.00,GeoRipper - Units,GeoRipper,MiniTrencher,46.00,36.00,12.00,12.00,true,,goods,2,,,Inactive,EA,GRTA-H500EZ,810075760378,810075760378,,22A,USD 515.30,Georipper - Unit,,Finished Goods,fifo,,,0.00,USD 0.00,M8x1.25x20 Countersunk 5mm Hex Drive Bolt 12.9grade,GR0.3.2,3.000000,Assembly,
6212012000000440517,GeoRipper(R)T/A H500 with EZ Kart,,USD 1800.00,GeoRipper - Units,GeoRipper,MiniTrencher,46.00,36.00,12.00,12.00,true,,goods,2,,,Inactive,EA,GRTA-H500EZ,810075760378,810075760378,,22A,USD 515.30,Georipper - Unit,,Finished Goods,fifo,,,0.00,USD 0.00,Box - TASPACER,MT95192,2.000000,Assembly,
6212012000000440517,GeoRipper(R)T/A H500 with EZ Kart,,USD 1800.00,GeoRipper - Units,GeoRipper,MiniTrencher,46.00,36.00,12.00,12.00,true,,goods,2,,,Inactive,EA,GRTA-H500EZ,810075760378,810075760378,,22A,USD 515.30,Georipper - Unit,,Finished Goods,fifo,,,0.00,USD 0.00,Box - TA700,MT95197,1.000000,Assembly,
6212012000000440517,GeoRipper(R)T/A H500 with EZ Kart,,USD 1800.00,GeoRipper - Units,GeoRipper,MiniTrencher,46.00,36.00,12.00,12.00,true,,goods,2,,,Inactive,EA,GRTA-H500EZ,810075760378,810075760378,,22A,USD 515.30,Georipper - Unit,,Finished Goods,fifo,,,0.00,USD 0.00,Foam Insert - GeoRipperT/A Box,MT0091,1.000000,Assembly,
6212012000000440517,GeoRipper(R)T/A H500 with EZ Kart,,USD 1800.00,GeoRipper - Units,GeoRipper,MiniTrencher,46.00,36.00,12.00,12.00,true,,goods,2,,,Inactive,EA,GRTA-H500EZ,810075760378,810075760378,,22A,USD 515.30,Georipper - Unit,,Finished Goods,fifo,,,0.00,USD 0.00,Owners Manual - GeoRipperT/A,GRTA-LIT-OM,1.000000,Assembly,
6212012000000440517,GeoRipper(R)T/A H500 with EZ Kart,,USD 1800.00,GeoRipper - Units,GeoRipper,MiniTrencher,46.00,36.00,12.00,12.00,true,,goods,2,,,Inactive,EA,GRTA-H500EZ,810075760378,810075760378,,22A,USD 515.30,Georipper - Unit,,Finished Goods,fifo,,,0.00,USD 0.00,GeoRipper Warranty Postcard,GR-LIT-WP,1.000000,Assembly,
6212012000000440517,GeoRipper(R)T/A H500 with EZ Kart,,USD 1800.00,GeoRipper - Units,GeoRipper,MiniTrencher,46.00,36.00,12.00,12.00,true,,goods,2,,,Inactive,EA,GRTA-H500EZ,810075760378,810075760378,,22A,USD 515.30,Georipper - Unit,,Finished Goods,fifo,,,0.00,USD 0.00,GeoRipper Minitrencher 20-Inch Digging Bar,MT3500,1.000000,Assembly,
6212012000000440517,GeoRipper(R)T/A H500 with EZ Kart,,USD 1800.00,GeoRipper - Units,GeoRipper,MiniTrencher,46.00,36.00,12.00,12.00,true,,goods,2,,,Inactive,EA,GRTA-H500EZ,810075760378,810075760378,,22A,USD 515.30,Georipper - Unit,,Finished Goods,fifo,,,0.00,USD 0.00,GeoRipper 20-Inch Minitrencher Digging Chains (2 Pack),MT4502,1.000000,Assembly,
6212012000000440517,GeoRipper(R)T/A H500 with EZ Kart,,USD 1800.00,GeoRipper - Units,GeoRipper,MiniTrencher,46.00,36.00,12.00,12.00,true,,goods,2,,,Inactive,EA,GRTA-H500EZ,810075760378,810075760378,,22A,USD 515.30,Georipper - Unit,,Finished Goods,fifo,,,0.00,USD 0.00,GeoRipper Minitrencher Universal EZ Kart,EZ100,1.000000,Assembly,
6212012000000440517,GeoRipper(R)T/A H500 with EZ Kart,,USD 1800.00,GeoRipper - Units,GeoRipper,MiniTrencher,46.00,36.00,12.00,12.00,true,,goods,2,,,Inactive,EA,GRTA-H500EZ,810075760378,810075760378,,22A,USD 515.30,Georipper - Unit,,Finished Goods,fifo,,,0.00,USD 0.00,Sticker - 811 - Call Before You Dig,GRS3,1.000000,Assembly,
6212012000000440517,GeoRipper(R)T/A H500 with EZ Kart,,USD 1800.00,GeoRipper - Units,GeoRipper,MiniTrencher,46.00,36.00,12.00,12.00,true,,goods,2,,,Inactive,EA,GRTA-H500EZ,810075760378,810075760378,,22A,USD 515.30,Georipper - Unit,,Finished Goods,fifo,,,0.00,USD 0.00,Warehouse Hourly Labor,Labor30,1.000000,Assembly,
6212012000000440616,GeoRipper(R)T/A H700 with EZ Kart,,USD 2520.00,GeoRipper - Units,GeoRipper,MiniTrencher,56.00,36.00,12.00,12.00,true,,goods,2,,,Active,EA,GRTA-H700EZ,81007576385,81007576385,,22A,USD 555.72,Georipper - Unit,,Finished Goods,fifo,,,0.00,USD 0.00,Husqvarna T/A Casting,H1000,1.000000,Assembly,
6212012000000440616,GeoRipper(R)T/A H700 with EZ Kart,,USD 2520.00,GeoRipper - Units,GeoRipper,MiniTrencher,56.00,36.00,12.00,12.00,true,,goods,2,,,Active,EA,GRTA-H700EZ,81007576385,81007576385,,22A,USD 555.72,Georipper - Unit,,Finished Goods,fifo,,,0.00,USD 0.00,Bearing - 6203 RS,MT0062,2.000000,Assembly,
6212012000000440616,GeoRipper(R)T/A H700 with EZ Kart,,USD 2520.00,GeoRipper - Units,GeoRipper,MiniTrencher,56.00,36.00,12.00,12.00,true,,goods,2,,,Active,EA,GRTA-H700EZ,81007576385,81007576385,,22A,USD 555.72,Georipper - Unit,,Finished Goods,fifo,,,0.00,USD 0.00,R40 Snap Ring,MT0040,1.000000,Assembly,
6212012000000440616,GeoRipper(R)T/A H700 with EZ Kart,,USD 2520.00,GeoRipper - Units,GeoRipper,MiniTrencher,56.00,36.00,12.00,12.00,true,,goods,2,,,Active,EA,GRTA-H700EZ,81007576385,81007576385,,22A,USD 555.72,Georipper - Unit,,Finished Goods,fifo,,,0.00,USD 0.00,Drive Axle for all GeoRipperT/A,MT9002,1.000000,Assembly,
6212012000000440616,GeoRipper(R)T/A H700 with EZ Kart,,USD 2520.00,GeoRipper - Units,GeoRipper,MiniTrencher,56.00,36.00,12.00,12.00,true,,goods,2,,,Active,EA,GRTA-H700EZ,81007576385,81007576385,,22A,USD 555.72,Georipper - Unit,,Finished Goods,fifo,,,0.00,USD 0.00,Spacer,MT0010,1.000000,Assembly,
6212012000000440616,GeoRipper(R)T/A H700 with EZ Kart,,USD 2520.00,GeoRipper - Units,GeoRipper,MiniTrencher,56.00,36.00,12.00,12.00,true,,goods,2,,,Active,EA,GRTA-H700EZ,81007576385,81007576385,,22A,USD 555.72,Georipper - Unit,,Finished Goods,fifo,,,0.00,USD 0.00,Labyrinth for all GeoRipperT/A,MT9003,1.000000,Assembly,
6212012000000440616,GeoRipper(R)T/A H700 with EZ Kart,,USD 2520.00,GeoRipper - Units,GeoRipper,MiniTrencher,56.00,36.00,12.00,12.00,true,,goods,2,,,Active,EA,GRTA-H700EZ,81007576385,81007576385,,22A,USD 555.72,Georipper - Unit,,Finished Goods,fifo,,,0.00,USD 0.00,Minitrencher Drive Sprocket for GeoRipper and GeoRipper(R)T/A,MT9001,1.000000,Assembly,
6212012000000440616,GeoRipper(R)T/A H700 with EZ Kart,,USD 2520.00,GeoRipper - Units,GeoRipper,MiniTrencher,56.00,36.00,12.00,12.00,true,,goods,2,,,Active,EA,GRTA-H700EZ,81007576385,81007576385,,22A,USD 555.72,Georipper - Unit,,Finished Goods,fifo,,,0.00,USD 0.00,Pulley for Husqvarna K970 GeoRipperT/A,H1002,1.000000,Assembly,
6212012000000440616,GeoRipper(R)T/A H700 with EZ Kart,,USD 2520.00,GeoRipper - Units,GeoRipper,MiniTrencher,56.00,36.00,12.00,12.00,true,,goods,2,,,Active,EA,GRTA-H700EZ,81007576385,81007576385,,22A,USD 555.72,Georipper - Unit,,Finished Goods,fifo,,,0.00,USD 0.00,M8 Zinc Plated Washer,MT0800,2.000000,Assembly,
6212012000000440616,GeoRipper(R)T/A H700 with EZ Kart,,USD 2520.00,GeoRipper - Units,GeoRipper,MiniTrencher,56.00,36.00,12.00,12.00,true,,goods,2,,,Active,EA,GRTA-H700EZ,81007576385,81007576385,,22A,USD 555.72,Georipper - Unit,,Finished Goods,fifo,,,0.00,USD 0.00,M8 x 1.25 x 50 Hex Bolt,MT0850,2.000000,Assembly,
6212012000000440616,GeoRipper(R)T/A H700 with EZ Kart,,USD 2520.00,GeoRipper - Units,GeoRipper,MiniTrencher,56.00,36.00,12.00,12.00,true,,goods,2,,,Active,EA,GRTA-H700EZ,81007576385,81007576385,,22A,USD 555.72,Georipper - Unit,,Finished Goods,fifo,,,0.00,USD 0.00,Dirt Deflector,MT8001,1.000000,Assembly,
6212012000000440616,GeoRipper(R)T/A H700 with EZ Kart,,USD 2520.00,GeoRipper - Units,GeoRipper,MiniTrencher,56.00,36.00,12.00,12.00,true,,goods,2,,,Active,EA,GRTA-H700EZ,81007576385,81007576385,,22A,USD 555.72,Georipper - Unit,,Finished Goods,fifo,,,0.00,USD 0.00,Mud Flap A,MT8002,1.000000,Assembly,
6212012000000440616,GeoRipper(R)T/A H700 with EZ Kart,,USD 2520.00,GeoRipper - Units,GeoRipper,MiniTrencher,56.00,36.00,12.00,12.00,true,,goods,2,,,Active,EA,GRTA-H700EZ,81007576385,81007576385,,22A,USD 555.72,Georipper - Unit,,Finished Goods,fifo,,,0.00,USD 0.00,Mud Flap B,MT8003,1.000000,Assembly,
6212012000000440616,GeoRipper(R)T/A H700 with EZ Kart,,USD 2520.00,GeoRipper - Units,GeoRipper,MiniTrencher,56.00,36.00,12.00,12.00,true,,goods,2,,,Active,EA,GRTA-H700EZ,81007576385,81007576385,,22A,USD 555.72,Georipper - Unit,,Finished Goods,fifo,,,0.00,USD 0.00,M5 X .8 X 16 Phillips Flat Machine Screw Plated,GR5.8,6.000000,Assembly,
6212012000000440616,GeoRipper(R)T/A H700 with EZ Kart,,USD 2520.00,GeoRipper - Units,GeoRipper,MiniTrencher,56.00,36.00,12.00,12.00,true,,goods,2,,,Active,EA,GRTA-H700EZ,81007576385,81007576385,,22A,USD 555.72,Georipper - Unit,,Finished Goods,fifo,,,0.00,USD 0.00,M5 x 18mm fender washer,GR5.12,6.000000,Assembly,
6212012000000440616,GeoRipper(R)T/A H700 with EZ Kart,,USD 2520.00,GeoRipper - Units,GeoRipper,MiniTrencher,56.00,36.00,12.00,12.00,true,,goods,2,,,Active,EA,GRTA-H700EZ,81007576385,81007576385,,22A,USD 555.72,Georipper - Unit,,Finished Goods,fifo,,,0.00,USD 0.00,M5 Nylock hex nut,GR5.11,6.000000,Assembly,
6212012000000440616,GeoRipper(R)T/A H700 with EZ Kart,,USD 2520.00,GeoRipper - Units,GeoRipper,MiniTrencher,56.00,36.00,12.00,12.00,true,,goods,2,,,Active,EA,GRTA-H700EZ,81007576385,81007576385,,22A,USD 555.72,Georipper - Unit,,Finished Goods,fifo,,,0.00,USD 0.00,M8 x 1.25 x 65 Zinc-Plated Hex Bolt,MT0865,3.000000,Assembly,
6212012000000440616,GeoRipper(R)T/A H700 with EZ Kart,,USD 2520.00,GeoRipper - Units,GeoRipper,MiniTrencher,56.00,36.00,12.00,12.00,true,,goods,2,,,Active,EA,GRTA-H700EZ,81007576385,81007576385,,22A,USD 555.72,Georipper - Unit,,Finished Goods,fifo,,,0.00,USD 0.00,M8 Acorn Nut,MT0801,3.000000,Assembly,
6212012000000440616,GeoRipper(R)T/A H700 with EZ Kart,,USD 2520.00,GeoRipper - Units,GeoRipper,MiniTrencher,56.00,36.00,12.00,12.00,true,,goods,2,,,Active,EA,GRTA-H700EZ,81007576385,81007576385,,22A,USD 555.72,Georipper - Unit,,Finished Goods,fifo,,,0.00,USD 0.00,Bar Clamp Washer - Slotted,GR5.2,1.000000,Assembly,
6212012000000440616,GeoRipper(R)T/A H700 with EZ Kart,,USD 2520.00,GeoRipper - Units,GeoRipper,MiniTrencher,56.00,36.00,12.00,12.00,true,,goods,2,,,Active,EA,GRTA-H700EZ,81007576385,81007576385,,22A,USD 555.72,Georipper - Unit,,Finished Goods,fifo,,,0.00,USD 0.00,M12 X 1.75 X 30 Bolt 18mm Head,GR5.3,2.000000,Assembly,
6212012000000440616,GeoRipper(R)T/A H700 with EZ Kart,,USD 2520.00,GeoRipper - Units,GeoRipper,MiniTrencher,56.00,36.00,12.00,12.00,true,,goods,2,,,Active,EA,GRTA-H700EZ,81007576385,81007576385,,22A,USD 555.72,Georipper - Unit,,Finished Goods,fifo,,,0.00,USD 0.00,M12 Split Lock Washer,GR5.4,2.000000,Assembly,
6212012000000440616,GeoRipper(R)T/A H700 with EZ Kart,,USD 2520.00,GeoRipper - Units,GeoRipper,MiniTrencher,56.00,36.00,12.00,12.00,true,,goods,2,,,Active,EA,GRTA-H700EZ,81007576385,81007576385,,22A,USD 555.72,Georipper - Unit,,Finished Goods,fifo,,,0.00,USD 0.00,Safety Bar - 700 Series GeoRipperT/A,MT7700,1.000000,Assembly,
6212012000000440616,GeoRipper(R)T/A H700 with EZ Kart,,USD 2520.00,GeoRipper - Units,GeoRipper,MiniTrencher,56.00,36.00,12.00,12.00,true,,goods,2,,,Active,EA,GRTA-H700EZ,81007576385,81007576385,,22A,USD 555.72,Georipper - Unit,,Finished Goods,fifo,,,0.00,USD 0.00,M8 x 1.25 x 12 Bolt for Safety Bar,MT0812,2.000000,Assembly,
6212012000000440616,GeoRipper(R)T/A H700 with EZ Kart,,USD 2520.00,GeoRipper - Units,GeoRipper,MiniTrencher,56.00,36.00,12.00,12.00,true,,goods,2,,,Active,EA,GRTA-H700EZ,81007576385,81007576385,,22A,USD 555.72,Georipper - Unit,,Finished Goods,fifo,,,0.00,USD 0.00,M8 split lock washer zinc plated,MT0804,2.000000,Assembly,
6212012000000440616,GeoRipper(R)T/A H700 with EZ Kart,,USD 2520.00,GeoRipper - Units,GeoRipper,MiniTrencher,56.00,36.00,12.00,12.00,true,,goods,2,,,Active,EA,GRTA-H700EZ,81007576385,81007576385,,22A,USD 555.72,Georipper - Unit,,Finished Goods,fifo,,,0.00,USD 0.00,Green PVC Tool Bag,MT0099,1.000000,Assembly,
6212012000000440616,GeoRipper(R)T/A H700 with EZ Kart,,USD 2520.00,GeoRipper - Units,GeoRipper,MiniTrencher,56.00,36.00,12.00,12.00,true,,goods,2,,,Active,EA,GRTA-H700EZ,81007576385,81007576385,,22A,USD 555.72,Georipper - Unit,,Finished Goods,fifo,,,0.00,USD 0.00,13mm Embossed Wrench,MT0013,1.000000,Assembly,
6212012000000440616,GeoRipper(R)T/A H700 with EZ Kart,,USD 2520.00,GeoRipper - Units,GeoRipper,MiniTrencher,56.00,36.00,12.00,12.00,true,,goods,2,,,Active,EA,GRTA-H700EZ,81007576385,81007576385,,22A,USD 555.72,Georipper - Unit,,Finished Goods,fifo,,,0.00,USD 0.00,18mm Embossed Wrench,MT0018,1.000000,Assembly,
6212012000000440616,GeoRipper(R)T/A H700 with EZ Kart,,USD 2520.00,GeoRipper - Units,GeoRipper,MiniTrencher,56.00,36.00,12.00,12.00,true,,goods,2,,,Active,EA,GRTA-H700EZ,81007576385,81007576385,,22A,USD 555.72,Georipper - Unit,,Finished Goods,fifo,,,0.00,USD 0.00,Belt for Husqvarna K970,MTB97-00,1.000000,Assembly,
6212012000000440616,GeoRipper(R)T/A H700 with EZ Kart,,USD 2520.00,GeoRipper - Units,GeoRipper,MiniTrencher,56.00,36.00,12.00,12.00,true,,goods,2,,,Active,EA,GRTA-H700EZ,81007576385,81007576385,,22A,USD 555.72,Georipper - Unit,,Finished Goods,fifo,,,0.00,USD 0.00,Bearing (Sealed) 6002-RS2,GR1.2,1.000000,Assembly,
6212012000000440616,GeoRipper(R)T/A H700 with EZ Kart,,USD 2520.00,GeoRipper - Units,GeoRipper,MiniTrencher,56.00,36.00,12.00,12.00,true,,goods,2,,,Active,EA,GRTA-H700EZ,81007576385,81007576385,,22A,USD 555.72,Georipper - Unit,,Finished Goods,fifo,,,0.00,USD 0.00,M8x1.25x20 Countersunk 5mm Hex Drive Bolt 12.9grade,GR0.3.2,3.000000,Assembly,
6212012000000440616,GeoRipper(R)T/A H700 with EZ Kart,,USD 2520.00,GeoRipper - Units,GeoRipper,MiniTrencher,56.00,36.00,12.00,12.00,true,,goods,2,,,Active,EA,GRTA-H700EZ,81007576385,81007576385,,22A,USD 555.72,Georipper - Unit,,Finished Goods,fifo,,,0.00,USD 0.00,#50H Heavy Connecting Link Spring Clip,MT4004,1.000000,Assembly,
6212012000000440616,GeoRipper(R)T/A H700 with EZ Kart,,USD 2520.00,GeoRipper - Units,GeoRipper,MiniTrencher,56.00,36.00,12.00,12.00,true,,goods,2,,,Active,EA,GRTA-H700EZ,81007576385,81007576385,,22A,USD 555.72,Georipper - Unit,,Finished Goods,fifo,,,0.00,USD 0.00,Owners Manual - GeoRipperT/A,GRTA-LIT-OM,1.000000,Assembly,
6212012000000440616,GeoRipper(R)T/A H700 with EZ Kart,,USD 2520.00,GeoRipper - Units,GeoRipper,MiniTrencher,56.00,36.00,12.00,12.00,true,,goods,2,,,Active,EA,GRTA-H700EZ,81007576385,81007576385,,22A,USD 555.72,Georipper - Unit,,Finished Goods,fifo,,,0.00,USD 0.00,GeoRipper Warranty Postcard,GR-LIT-WP,1.000000,Assembly,
6212012000000440616,GeoRipper(R)T/A H700 with EZ Kart,,USD 2520.00,GeoRipper - Units,GeoRipper,MiniTrencher,56.00,36.00,12.00,12.00,true,,goods,2,,,Active,EA,GRTA-H700EZ,81007576385,81007576385,,22A,USD 555.72,Georipper - Unit,,Finished Goods,fifo,,,0.00,USD 0.00,GeoRipper Minitrencher 27-Inch Digging Bar,MT3700,1.000000,Assembly,
6212012000000440616,GeoRipper(R)T/A H700 with EZ Kart,,USD 2520.00,GeoRipper - Units,GeoRipper,MiniTrencher,56.00,36.00,12.00,12.00,true,,goods,2,,,Active,EA,GRTA-H700EZ,81007576385,81007576385,,22A,USD 555.72,Georipper - Unit,,Finished Goods,fifo,,,0.00,USD 0.00,GeoRipper 27-Inch Minitrencher Digging Chain (2 Pack),MT4702,1.000000,Assembly,
6212012000000440616,GeoRipper(R)T/A H700 with EZ Kart,,USD 2520.00,GeoRipper - Units,GeoRipper,MiniTrencher,56.00,36.00,12.00,12.00,true,,goods,2,,,Active,EA,GRTA-H700EZ,81007576385,81007576385,,22A,USD 555.72,Georipper - Unit,,Finished Goods,fifo,,,0.00,USD 0.00,GeoRipper Minitrencher Universal EZ Kart,EZ100,1.000000,Assembly,
6212012000000440616,GeoRipper(R)T/A H700 with EZ Kart,,USD 2520.00,GeoRipper - Units,GeoRipper,MiniTrencher,56.00,36.00,12.00,12.00,true,,goods,2,,,Active,EA,GRTA-H700EZ,81007576385,81007576385,,22A,USD 555.72,Georipper - Unit,,Finished Goods,fifo,,,0.00,USD 0.00,Box - TASPACER,MT95192,2.000000,Assembly,
6212012000000440616,GeoRipper(R)T/A H700 with EZ Kart,,USD 2520.00,GeoRipper - Units,GeoRipper,MiniTrencher,56.00,36.00,12.00,12.00,true,,goods,2,,,Active,EA,GRTA-H700EZ,81007576385,81007576385,,22A,USD 555.72,Georipper - Unit,,Finished Goods,fifo,,,0.00,USD 0.00,Box - TA700,MT95197,1.000000,Assembly,
6212012000000440616,GeoRipper(R)T/A H700 with EZ Kart,,USD 2520.00,GeoRipper - Units,GeoRipper,MiniTrencher,56.00,36.00,12.00,12.00,true,,goods,2,,,Active,EA,GRTA-H700EZ,81007576385,81007576385,,22A,USD 555.72,Georipper - Unit,,Finished Goods,fifo,,,0.00,USD 0.00,Foam Insert - GeoRipperT/A Box,MT0091,1.000000,Assembly,
6212012000000440616,GeoRipper(R)T/A H700 with EZ Kart,,USD 2520.00,GeoRipper - Units,GeoRipper,MiniTrencher,56.00,36.00,12.00,12.00,true,,goods,2,,,Active,EA,GRTA-H700EZ,81007576385,81007576385,,22A,USD 555.72,Georipper - Unit,,Finished Goods,fifo,,,0.00,USD 0.00,Box - Bar 700,MT95016B,1.000000,Assembly,
6212012000000440616,GeoRipper(R)T/A H700 with EZ Kart,,USD 2520.00,GeoRipper - Units,GeoRipper,MiniTrencher,56.00,36.00,12.00,12.00,true,,goods,2,,,Active,EA,GRTA-H700EZ,81007576385,81007576385,,22A,USD 555.72,Georipper - Unit,,Finished Goods,fifo,,,0.00,USD 0.00,Sticker - 811 - Call Before You Dig,GRS3,1.000000,Assembly,
6212012000000440616,GeoRipper(R)T/A H700 with EZ Kart,,USD 2520.00,GeoRipper - Units,GeoRipper,MiniTrencher,56.00,36.00,12.00,12.00,true,,goods,2,,,Active,EA,GRTA-H700EZ,81007576385,81007576385,,22A,USD 555.72,Georipper - Unit,,Finished Goods,fifo,,,0.00,USD 0.00,Warehouse Hourly Labor,Labor30,1.000000,Assembly,
6212012000000440713,GeoRipper(R)T/A M500 with EZ Kart,,USD 2205.00,GeoRipper - Units,GeoRipper,MiniTrencher,48.00,36.00,12.00,12.00,true,,goods,2,,,Inactive,EA,GRTA-M500EZ,810075760361,810075760361,,22A,USD 516.49,Georipper - Unit,,Finished Goods,fifo,,,0.00,USD 0.00,Makita T/A Casting,M1000,1.000000,Assembly,
6212012000000440713,GeoRipper(R)T/A M500 with EZ Kart,,USD 2205.00,GeoRipper - Units,GeoRipper,MiniTrencher,48.00,36.00,12.00,12.00,true,,goods,2,,,Inactive,EA,GRTA-M500EZ,810075760361,810075760361,,22A,USD 516.49,Georipper - Unit,,Finished Goods,fifo,,,0.00,USD 0.00,Bearing - 6203 RS,MT0062,2.000000,Assembly,
6212012000000440713,GeoRipper(R)T/A M500 with EZ Kart,,USD 2205.00,GeoRipper - Units,GeoRipper,MiniTrencher,48.00,36.00,12.00,12.00,true,,goods,2,,,Inactive,EA,GRTA-M500EZ,810075760361,810075760361,,22A,USD 516.49,Georipper - Unit,,Finished Goods,fifo,,,0.00,USD 0.00,R40 Snap Ring,MT0040,1.000000,Assembly,
6212012000000440713,GeoRipper(R)T/A M500 with EZ Kart,,USD 2205.00,GeoRipper - Units,GeoRipper,MiniTrencher,48.00,36.00,12.00,12.00,true,,goods,2,,,Inactive,EA,GRTA-M500EZ,810075760361,810075760361,,22A,USD 516.49,Georipper - Unit,,Finished Goods,fifo,,,0.00,USD 0.00,Drive Axle for all GeoRipperT/A,MT9002,1.000000,Assembly,
6212012000000440713,GeoRipper(R)T/A M500 with EZ Kart,,USD 2205.00,GeoRipper - Units,GeoRipper,MiniTrencher,48.00,36.00,12.00,12.00,true,,goods,2,,,Inactive,EA,GRTA-M500EZ,810075760361,810075760361,,22A,USD 516.49,Georipper - Unit,,Finished Goods,fifo,,,0.00,USD 0.00,Spacer,MT0010,1.000000,Assembly,
6212012000000440713,GeoRipper(R)T/A M500 with EZ Kart,,USD 2205.00,GeoRipper - Units,GeoRipper,MiniTrencher,48.00,36.00,12.00,12.00,true,,goods,2,,,Inactive,EA,GRTA-M500EZ,810075760361,810075760361,,22A,USD 516.49,Georipper - Unit,,Finished Goods,fifo,,,0.00,USD 0.00,Labyrinth for all GeoRipperT/A,MT9003,1.000000,Assembly,
6212012000000440713,GeoRipper(R)T/A M500 with EZ Kart,,USD 2205.00,GeoRipper - Units,GeoRipper,MiniTrencher,48.00,36.00,12.00,12.00,true,,goods,2,,,Inactive,EA,GRTA-M500EZ,810075760361,810075760361,,22A,USD 516.49,Georipper - Unit,,Finished Goods,fifo,,,0.00,USD 0.00,Minitrencher Drive Sprocket for GeoRipper and GeoRipper(R)T/A,MT9001,1.000000,Assembly,
6212012000000440713,GeoRipper(R)T/A M500 with EZ Kart,,USD 2205.00,GeoRipper - Units,GeoRipper,MiniTrencher,48.00,36.00,12.00,12.00,true,,goods,2,,,Inactive,EA,GRTA-M500EZ,810075760361,810075760361,,22A,USD 516.49,Georipper - Unit,,Finished Goods,fifo,,,0.00,USD 0.00,M8 Zinc Plated Washer,MT0800,2.000000,Assembly,
6212012000000440713,GeoRipper(R)T/A M500 with EZ Kart,,USD 2205.00,GeoRipper - Units,GeoRipper,MiniTrencher,48.00,36.00,12.00,12.00,true,,goods,2,,,Inactive,EA,GRTA-M500EZ,810075760361,810075760361,,22A,USD 516.49,Georipper - Unit,,Finished Goods,fifo,,,0.00,USD 0.00,M8 x 1.25 x 50 Hex Bolt,MT0850,2.000000,Assembly,
6212012000000440713,GeoRipper(R)T/A M500 with EZ Kart,,USD 2205.00,GeoRipper - Units,GeoRipper,MiniTrencher,48.00,36.00,12.00,12.00,true,,goods,2,,,Inactive,EA,GRTA-M500EZ,810075760361,810075760361,,22A,USD 516.49,Georipper - Unit,,Finished Goods,fifo,,,0.00,USD 0.00,M8 x 1.25 x 65 Zinc-Plated Hex Bolt,MT0865,2.000000,Assembly,
6212012000000440713,GeoRipper(R)T/A M500 with EZ Kart,,USD 2205.00,GeoRipper - Units,GeoRipper,MiniTrencher,48.00,36.00,12.00,12.00,true,,goods,2,,,Inactive,EA,GRTA-M500EZ,810075760361,810075760361,,22A,USD 516.49,Georipper - Unit,,Finished Goods,fifo,,,0.00,USD 0.00,Pulley for Makita EK7651H/EK8100 GeoRipperT/A,M1001,1.000000,Assembly,
6212012000000440713,GeoRipper(R)T/A M500 with EZ Kart,,USD 2205.00,GeoRipper - Units,GeoRipper,MiniTrencher,48.00,36.00,12.00,12.00,true,,goods,2,,,Inactive,EA,GRTA-M500EZ,810075760361,810075760361,,22A,USD 516.49,Georipper - Unit,,Finished Goods,fifo,,,0.00,USD 0.00,Dirt Deflector,MT8001,1.000000,Assembly,
6212012000000440713,GeoRipper(R)T/A M500 with EZ Kart,,USD 2205.00,GeoRipper - Units,GeoRipper,MiniTrencher,48.00,36.00,12.00,12.00,true,,goods,2,,,Inactive,EA,GRTA-M500EZ,810075760361,810075760361,,22A,USD 516.49,Georipper - Unit,,Finished Goods,fifo,,,0.00,USD 0.00,Mud Flap A,MT8002,1.000000,Assembly,
6212012000000440713,GeoRipper(R)T/A M500 with EZ Kart,,USD 2205.00,GeoRipper - Units,GeoRipper,MiniTrencher,48.00,36.00,12.00,12.00,true,,goods,2,,,Inactive,EA,GRTA-M500EZ,810075760361,810075760361,,22A,USD 516.49,Georipper - Unit,,Finished Goods,fifo,,,0.00,USD 0.00,Mud Flap B,MT8003,1.000000,Assembly,
6212012000000440713,GeoRipper(R)T/A M500 with EZ Kart,,USD 2205.00,GeoRipper - Units,GeoRipper,MiniTrencher,48.00,36.00,12.00,12.00,true,,goods,2,,,Inactive,EA,GRTA-M500EZ,810075760361,810075760361,,22A,USD 516.49,Georipper - Unit,,Finished Goods,fifo,,,0.00,USD 0.00,M5 X .8 X 16 Phillips Flat Machine Screw Plated,GR5.8,6.000000,Assembly,
6212012000000440713,GeoRipper(R)T/A M500 with EZ Kart,,USD 2205.00,GeoRipper - Units,GeoRipper,MiniTrencher,48.00,36.00,12.00,12.00,true,,goods,2,,,Inactive,EA,GRTA-M500EZ,810075760361,810075760361,,22A,USD 516.49,Georipper - Unit,,Finished Goods,fifo,,,0.00,USD 0.00,M5 x 18mm fender washer,GR5.12,6.000000,Assembly,
6212012000000440713,GeoRipper(R)T/A M500 with EZ Kart,,USD 2205.00,GeoRipper - Units,GeoRipper,MiniTrencher,48.00,36.00,12.00,12.00,true,,goods,2,,,Inactive,EA,GRTA-M500EZ,810075760361,810075760361,,22A,USD 516.49,Georipper - Unit,,Finished Goods,fifo,,,0.00,USD 0.00,M5 Nylock hex nut,GR5.11,6.000000,Assembly,
6212012000000440713,GeoRipper(R)T/A M500 with EZ Kart,,USD 2205.00,GeoRipper - Units,GeoRipper,MiniTrencher,48.00,36.00,12.00,12.00,true,,goods,2,,,Inactive,EA,GRTA-M500EZ,810075760361,810075760361,,22A,USD 516.49,Georipper - Unit,,Finished Goods,fifo,,,0.00,USD 0.00,Bar Clamp Washer - Slotted,GR5.2,1.000000,Assembly,
6212012000000440713,GeoRipper(R)T/A M500 with EZ Kart,,USD 2205.00,GeoRipper - Units,GeoRipper,MiniTrencher,48.00,36.00,12.00,12.00,true,,goods,2,,,Inactive,EA,GRTA-M500EZ,810075760361,810075760361,,22A,USD 516.49,Georipper - Unit,,Finished Goods,fifo,,,0.00,USD 0.00,M12 X 1.75 X 30 Bolt 18mm Head,GR5.3,2.000000,Assembly,
6212012000000440713,GeoRipper(R)T/A M500 with EZ Kart,,USD 2205.00,GeoRipper - Units,GeoRipper,MiniTrencher,48.00,36.00,12.00,12.00,true,,goods,2,,,Inactive,EA,GRTA-M500EZ,810075760361,810075760361,,22A,USD 516.49,Georipper - Unit,,Finished Goods,fifo,,,0.00,USD 0.00,M12 Split Lock Washer,GR5.4,2.000000,Assembly,
6212012000000440713,GeoRipper(R)T/A M500 with EZ Kart,,USD 2205.00,GeoRipper - Units,GeoRipper,MiniTrencher,48.00,36.00,12.00,12.00,true,,goods,2,,,Inactive,EA,GRTA-M500EZ,810075760361,810075760361,,22A,USD 516.49,Georipper - Unit,,Finished Goods,fifo,,,0.00,USD 0.00,M8 X 1.25 Flanged Nyloc Nut,GRKM7681.6,2.000000,Assembly,
6212012000000440713,GeoRipper(R)T/A M500 with EZ Kart,,USD 2205.00,GeoRipper - Units,GeoRipper,MiniTrencher,48.00,36.00,12.00,12.00,true,,goods,2,,,Inactive,EA,GRTA-M500EZ,810075760361,810075760361,,22A,USD 516.49,Georipper - Unit,,Finished Goods,fifo,,,0.00,USD 0.00,Safety Bar - 500 Series GeoRipperT/A,MT7500,1.000000,Assembly,
6212012000000440713,GeoRipper(R)T/A M500 with EZ Kart,,USD 2205.00,GeoRipper - Units,GeoRipper,MiniTrencher,48.00,36.00,12.00,12.00,true,,goods,2,,,Inactive,EA,GRTA-M500EZ,810075760361,810075760361,,22A,USD 516.49,Georipper - Unit,,Finished Goods,fifo,,,0.00,USD 0.00,M8 x 1.25 x 12 Bolt for Safety Bar,MT0812,2.000000,Assembly,
6212012000000440713,GeoRipper(R)T/A M500 with EZ Kart,,USD 2205.00,GeoRipper - Units,GeoRipper,MiniTrencher,48.00,36.00,12.00,12.00,true,,goods,2,,,Inactive,EA,GRTA-M500EZ,810075760361,810075760361,,22A,USD 516.49,Georipper - Unit,,Finished Goods,fifo,,,0.00,USD 0.00,M8 split lock washer zinc plated,MT0804,2.000000,Assembly,
6212012000000440713,GeoRipper(R)T/A M500 with EZ Kart,,USD 2205.00,GeoRipper - Units,GeoRipper,MiniTrencher,48.00,36.00,12.00,12.00,true,,goods,2,,,Inactive,EA,GRTA-M500EZ,810075760361,810075760361,,22A,USD 516.49,Georipper - Unit,,Finished Goods,fifo,,,0.00,USD 0.00,Green PVC Tool Bag,MT0099,1.000000,Assembly,
6212012000000440713,GeoRipper(R)T/A M500 with EZ Kart,,USD 2205.00,GeoRipper - Units,GeoRipper,MiniTrencher,48.00,36.00,12.00,12.00,true,,goods,2,,,Inactive,EA,GRTA-M500EZ,810075760361,810075760361,,22A,USD 516.49,Georipper - Unit,,Finished Goods,fifo,,,0.00,USD 0.00,13mm Embossed Wrench,MT0013,1.000000,Assembly,
6212012000000440713,GeoRipper(R)T/A M500 with EZ Kart,,USD 2205.00,GeoRipper - Units,GeoRipper,MiniTrencher,48.00,36.00,12.00,12.00,true,,goods,2,,,Inactive,EA,GRTA-M500EZ,810075760361,810075760361,,22A,USD 516.49,Georipper - Unit,,Finished Goods,fifo,,,0.00,USD 0.00,18mm Embossed Wrench,MT0018,1.000000,Assembly,
6212012000000440713,GeoRipper(R)T/A M500 with EZ Kart,,USD 2205.00,GeoRipper - Units,GeoRipper,MiniTrencher,48.00,36.00,12.00,12.00,true,,goods,2,,,Inactive,EA,GRTA-M500EZ,810075760361,810075760361,,22A,USD 516.49,Georipper - Unit,,Finished Goods,fifo,,,0.00,USD 0.00,Belt for Makita EK7651H & Stihl TS420/TS500i,MTB45-76,1.000000,Assembly,
6212012000000440713,GeoRipper(R)T/A M500 with EZ Kart,,USD 2205.00,GeoRipper - Units,GeoRipper,MiniTrencher,48.00,36.00,12.00,12.00,true,,goods,2,,,Inactive,EA,GRTA-M500EZ,810075760361,810075760361,,22A,USD 516.49,Georipper - Unit,,Finished Goods,fifo,,,0.00,USD 0.00,Belt for Makita EK8100,MTB81-00,1.000000,Assembly,
6212012000000440713,GeoRipper(R)T/A M500 with EZ Kart,,USD 2205.00,GeoRipper - Units,GeoRipper,MiniTrencher,48.00,36.00,12.00,12.00,true,,goods,2,,,Inactive,EA,GRTA-M500EZ,810075760361,810075760361,,22A,USD 516.49,Georipper - Unit,,Finished Goods,fifo,,,0.00,USD 0.00,Bearing (Sealed) 6002-RS2,GR1.2,1.000000,Assembly,
6212012000000440713,GeoRipper(R)T/A M500 with EZ Kart,,USD 2205.00,GeoRipper - Units,GeoRipper,MiniTrencher,48.00,36.00,12.00,12.00,true,,goods,2,,,Inactive,EA,GRTA-M500EZ,810075760361,810075760361,,22A,USD 516.49,Georipper - Unit,,Finished Goods,fifo,,,0.00,USD 0.00,M8x1.25x20 Countersunk 5mm Hex Drive Bolt 12.9grade,GR0.3.2,3.000000,Assembly,
6212012000000440713,GeoRipper(R)T/A M500 with EZ Kart,,USD 2205.00,GeoRipper - Units,GeoRipper,MiniTrencher,48.00,36.00,12.00,12.00,true,,goods,2,,,Inactive,EA,GRTA-M500EZ,810075760361,810075760361,,22A,USD 516.49,Georipper - Unit,,Finished Goods,fifo,,,0.00,USD 0.00,#50H Heavy Connecting Link Spring Clip,MT4004,1.000000,Assembly,
6212012000000440713,GeoRipper(R)T/A M500 with EZ Kart,,USD 2205.00,GeoRipper - Units,GeoRipper,MiniTrencher,48.00,36.00,12.00,12.00,true,,goods,2,,,Inactive,EA,GRTA-M500EZ,810075760361,810075760361,,22A,USD 516.49,Georipper - Unit,,Finished Goods,fifo,,,0.00,USD 0.00,Owners Manual - GeoRipperT/A,GRTA-LIT-OM,1.000000,Assembly,
6212012000000440713,GeoRipper(R)T/A M500 with EZ Kart,,USD 2205.00,GeoRipper - Units,GeoRipper,MiniTrencher,48.00,36.00,12.00,12.00,true,,goods,2,,,Inactive,EA,GRTA-M500EZ,810075760361,810075760361,,22A,USD 516.49,Georipper - Unit,,Finished Goods,fifo,,,0.00,USD 0.00,GeoRipper Warranty Postcard,GR-LIT-WP,1.000000,Assembly,
6212012000000440713,GeoRipper(R)T/A M500 with EZ Kart,,USD 2205.00,GeoRipper - Units,GeoRipper,MiniTrencher,48.00,36.00,12.00,12.00,true,,goods,2,,,Inactive,EA,GRTA-M500EZ,810075760361,810075760361,,22A,USD 516.49,Georipper - Unit,,Finished Goods,fifo,,,0.00,USD 0.00,GeoRipper Minitrencher 20-Inch Digging Bar,MT3500,1.000000,Assembly,
6212012000000440713,GeoRipper(R)T/A M500 with EZ Kart,,USD 2205.00,GeoRipper - Units,GeoRipper,MiniTrencher,48.00,36.00,12.00,12.00,true,,goods,2,,,Inactive,EA,GRTA-M500EZ,810075760361,810075760361,,22A,USD 516.49,Georipper - Unit,,Finished Goods,fifo,,,0.00,USD 0.00,GeoRipper 20-Inch Minitrencher Digging Chains (2 Pack),MT4502,1.000000,Assembly,
6212012000000440713,GeoRipper(R)T/A M500 with EZ Kart,,USD 2205.00,GeoRipper - Units,GeoRipper,MiniTrencher,48.00,36.00,12.00,12.00,true,,goods,2,,,Inactive,EA,GRTA-M500EZ,810075760361,810075760361,,22A,USD 516.49,Georipper - Unit,,Finished Goods,fifo,,,0.00,USD 0.00,GeoRipper Minitrencher Universal EZ Kart,EZ100,1.000000,Assembly,
6212012000000440713,GeoRipper(R)T/A M500 with EZ Kart,,USD 2205.00,GeoRipper - Units,GeoRipper,MiniTrencher,48.00,36.00,12.00,12.00,true,,goods,2,,,Inactive,EA,GRTA-M500EZ,810075760361,810075760361,,22A,USD 516.49,Georipper - Unit,,Finished Goods,fifo,,,0.00,USD 0.00,Box - TASPACER,MT95192,2.000000,Assembly,
6212012000000440713,GeoRipper(R)T/A M500 with EZ Kart,,USD 2205.00,GeoRipper - Units,GeoRipper,MiniTrencher,48.00,36.00,12.00,12.00,true,,goods,2,,,Inactive,EA,GRTA-M500EZ,810075760361,810075760361,,22A,USD 516.49,Georipper - Unit,,Finished Goods,fifo,,,0.00,USD 0.00,Box - TA700,MT95197,1.000000,Assembly,
6212012000000440713,GeoRipper(R)T/A M500 with EZ Kart,,USD 2205.00,GeoRipper - Units,GeoRipper,MiniTrencher,48.00,36.00,12.00,12.00,true,,goods,2,,,Inactive,EA,GRTA-M500EZ,810075760361,810075760361,,22A,USD 516.49,Georipper - Unit,,Finished Goods,fifo,,,0.00,USD 0.00,Foam Insert - GeoRipperT/A Box,MT0091,1.000000,Assembly,
6212012000000440713,GeoRipper(R)T/A M500 with EZ Kart,,USD 2205.00,GeoRipper - Units,GeoRipper,MiniTrencher,48.00,36.00,12.00,12.00,true,,goods,2,,,Inactive,EA,GRTA-M500EZ,810075760361,810075760361,,22A,USD 516.49,Georipper - Unit,,Finished Goods,fifo,,,0.00,USD 0.00,Box - Bar 500,MT95016A,1.000000,Assembly,
6212012000000440713,GeoRipper(R)T/A M500 with EZ Kart,,USD 2205.00,GeoRipper - Units,GeoRipper,MiniTrencher,48.00,36.00,12.00,12.00,true,,goods,2,,,Inactive,EA,GRTA-M500EZ,810075760361,810075760361,,22A,USD 516.49,Georipper - Unit,,Finished Goods,fifo,,,0.00,USD 0.00,Sticker - 811 - Call Before You Dig,GRS3,1.000000,Assembly,
6212012000000440713,GeoRipper(R)T/A M500 with EZ Kart,,USD 2205.00,GeoRipper - Units,GeoRipper,MiniTrencher,48.00,36.00,12.00,12.00,true,,goods,2,,,Inactive,EA,GRTA-M500EZ,810075760361,810075760361,,22A,USD 516.49,Georipper - Unit,,Finished Goods,fifo,,,0.00,USD 0.00,Warehouse Hourly Labor,Labor30,1.000000,Assembly,
6212012000000440812,GeoRipper(R)T/A M700 with EZ Kart,,USD 2520.00,GeoRipper - Units,GeoRipper,MiniTrencher,55.00,36.00,12.00,12.00,true,,goods,2,,,Active,EA,GRTA-M700EZ,810075760408,870075760408,,22A,USD 542.98,Georipper - Unit,,Finished Goods,fifo,,,0.00,USD 0.00,Makita T/A Casting,M1000,1.000000,Assembly,
6212012000000440812,GeoRipper(R)T/A M700 with EZ Kart,,USD 2520.00,GeoRipper - Units,GeoRipper,MiniTrencher,55.00,36.00,12.00,12.00,true,,goods,2,,,Active,EA,GRTA-M700EZ,810075760408,870075760408,,22A,USD 542.98,Georipper - Unit,,Finished Goods,fifo,,,0.00,USD 0.00,Bearing - 6203 RS,MT0062,2.000000,Assembly,
6212012000000440812,GeoRipper(R)T/A M700 with EZ Kart,,USD 2520.00,GeoRipper - Units,GeoRipper,MiniTrencher,55.00,36.00,12.00,12.00,true,,goods,2,,,Active,EA,GRTA-M700EZ,810075760408,870075760408,,22A,USD 542.98,Georipper - Unit,,Finished Goods,fifo,,,0.00,USD 0.00,R40 Snap Ring,MT0040,1.000000,Assembly,
6212012000000440812,GeoRipper(R)T/A M700 with EZ Kart,,USD 2520.00,GeoRipper - Units,GeoRipper,MiniTrencher,55.00,36.00,12.00,12.00,true,,goods,2,,,Active,EA,GRTA-M700EZ,810075760408,870075760408,,22A,USD 542.98,Georipper - Unit,,Finished Goods,fifo,,,0.00,USD 0.00,Drive Axle for all GeoRipperT/A,MT9002,1.000000,Assembly,
6212012000000440812,GeoRipper(R)T/A M700 with EZ Kart,,USD 2520.00,GeoRipper - Units,GeoRipper,MiniTrencher,55.00,36.00,12.00,12.00,true,,goods,2,,,Active,EA,GRTA-M700EZ,810075760408,870075760408,,22A,USD 542.98,Georipper - Unit,,Finished Goods,fifo,,,0.00,USD 0.00,Spacer,MT0010,1.000000,Assembly,
6212012000000440812,GeoRipper(R)T/A M700 with EZ Kart,,USD 2520.00,GeoRipper - Units,GeoRipper,MiniTrencher,55.00,36.00,12.00,12.00,true,,goods,2,,,Active,EA,GRTA-M700EZ,810075760408,870075760408,,22A,USD 542.98,Georipper - Unit,,Finished Goods,fifo,,,0.00,USD 0.00,Labyrinth for all GeoRipperT/A,MT9003,1.000000,Assembly,
6212012000000440812,GeoRipper(R)T/A M700 with EZ Kart,,USD 2520.00,GeoRipper - Units,GeoRipper,MiniTrencher,55.00,36.00,12.00,12.00,true,,goods,2,,,Active,EA,GRTA-M700EZ,810075760408,870075760408,,22A,USD 542.98,Georipper - Unit,,Finished Goods,fifo,,,0.00,USD 0.00,Minitrencher Drive Sprocket for GeoRipper and GeoRipper(R)T/A,MT9001,1.000000,Assembly,
6212012000000440812,GeoRipper(R)T/A M700 with EZ Kart,,USD 2520.00,GeoRipper - Units,GeoRipper,MiniTrencher,55.00,36.00,12.00,12.00,true,,goods,2,,,Active,EA,GRTA-M700EZ,810075760408,870075760408,,22A,USD 542.98,Georipper - Unit,,Finished Goods,fifo,,,0.00,USD 0.00,Pulley for Makita EK7651H/EK8100 GeoRipperT/A,M1001,1.000000,Assembly,
6212012000000440812,GeoRipper(R)T/A M700 with EZ Kart,,USD 2520.00,GeoRipper - Units,GeoRipper,MiniTrencher,55.00,36.00,12.00,12.00,true,,goods,2,,,Active,EA,GRTA-M700EZ,810075760408,870075760408,,22A,USD 542.98,Georipper - Unit,,Finished Goods,fifo,,,0.00,USD 0.00,M8 x 1.25 x 50 Hex Bolt,MT0850,2.000000,Assembly,
6212012000000440812,GeoRipper(R)T/A M700 with EZ Kart,,USD 2520.00,GeoRipper - Units,GeoRipper,MiniTrencher,55.00,36.00,12.00,12.00,true,,goods,2,,,Active,EA,GRTA-M700EZ,810075760408,870075760408,,22A,USD 542.98,Georipper - Unit,,Finished Goods,fifo,,,0.00,USD 0.00,M8 Zinc Plated Washer,MT0800,2.000000,Assembly,
6212012000000440812,GeoRipper(R)T/A M700 with EZ Kart,,USD 2520.00,GeoRipper - Units,GeoRipper,MiniTrencher,55.00,36.00,12.00,12.00,true,,goods,2,,,Active,EA,GRTA-M700EZ,810075760408,870075760408,,22A,USD 542.98,Georipper - Unit,,Finished Goods,fifo,,,0.00,USD 0.00,Dirt Deflector,MT8001,1.000000,Assembly,
6212012000000440812,GeoRipper(R)T/A M700 with EZ Kart,,USD 2520.00,GeoRipper - Units,GeoRipper,MiniTrencher,55.00,36.00,12.00,12.00,true,,goods,2,,,Active,EA,GRTA-M700EZ,810075760408,870075760408,,22A,USD 542.98,Georipper - Unit,,Finished Goods,fifo,,,0.00,USD 0.00,Mud Flap A,MT8002,1.000000,Assembly,
6212012000000440812,GeoRipper(R)T/A M700 with EZ Kart,,USD 2520.00,GeoRipper - Units,GeoRipper,MiniTrencher,55.00,36.00,12.00,12.00,true,,goods,2,,,Active,EA,GRTA-M700EZ,810075760408,870075760408,,22A,USD 542.98,Georipper - Unit,,Finished Goods,fifo,,,0.00,USD 0.00,Mud Flap B,MT8003,1.000000,Assembly,
6212012000000440812,GeoRipper(R)T/A M700 with EZ Kart,,USD 2520.00,GeoRipper - Units,GeoRipper,MiniTrencher,55.00,36.00,12.00,12.00,true,,goods,2,,,Active,EA,GRTA-M700EZ,810075760408,870075760408,,22A,USD 542.98,Georipper - Unit,,Finished Goods,fifo,,,0.00,USD 0.00,M5 X .8 X 16 Phillips Flat Machine Screw Plated,GR5.8,6.000000,Assembly,
6212012000000440812,GeoRipper(R)T/A M700 with EZ Kart,,USD 2520.00,GeoRipper - Units,GeoRipper,MiniTrencher,55.00,36.00,12.00,12.00,true,,goods,2,,,Active,EA,GRTA-M700EZ,810075760408,870075760408,,22A,USD 542.98,Georipper - Unit,,Finished Goods,fifo,,,0.00,USD 0.00,M5 x 18mm fender washer,GR5.12,6.000000,Assembly,
6212012000000440812,GeoRipper(R)T/A M700 with EZ Kart,,USD 2520.00,GeoRipper - Units,GeoRipper,MiniTrencher,55.00,36.00,12.00,12.00,true,,goods,2,,,Active,EA,GRTA-M700EZ,810075760408,870075760408,,22A,USD 542.98,Georipper - Unit,,Finished Goods,fifo,,,0.00,USD 0.00,M5 Nylock hex nut,GR5.11,6.000000,Assembly,
6212012000000440812,GeoRipper(R)T/A M700 with EZ Kart,,USD 2520.00,GeoRipper - Units,GeoRipper,MiniTrencher,55.00,36.00,12.00,12.00,true,,goods,2,,,Active,EA,GRTA-M700EZ,810075760408,870075760408,,22A,USD 542.98,Georipper - Unit,,Finished Goods,fifo,,,0.00,USD 0.00,Bar Clamp Washer - Slotted,GR5.2,1.000000,Assembly,
6212012000000440812,GeoRipper(R)T/A M700 with EZ Kart,,USD 2520.00,GeoRipper - Units,GeoRipper,MiniTrencher,55.00,36.00,12.00,12.00,true,,goods,2,,,Active,EA,GRTA-M700EZ,810075760408,870075760408,,22A,USD 542.98,Georipper - Unit,,Finished Goods,fifo,,,0.00,USD 0.00,M12 X 1.75 X 30 Bolt 18mm Head,GR5.3,2.000000,Assembly,
6212012000000440812,GeoRipper(R)T/A M700 with EZ Kart,,USD 2520.00,GeoRipper - Units,GeoRipper,MiniTrencher,55.00,36.00,12.00,12.00,true,,goods,2,,,Active,EA,GRTA-M700EZ,810075760408,870075760408,,22A,USD 542.98,Georipper - Unit,,Finished Goods,fifo,,,0.00,USD 0.00,M12 Split Lock Washer,GR5.4,2.000000,Assembly,
6212012000000440812,GeoRipper(R)T/A M700 with EZ Kart,,USD 2520.00,GeoRipper - Units,GeoRipper,MiniTrencher,55.00,36.00,12.00,12.00,true,,goods,2,,,Active,EA,GRTA-M700EZ,810075760408,870075760408,,22A,USD 542.98,Georipper - Unit,,Finished Goods,fifo,,,0.00,USD 0.00,Safety Bar - 700 Series GeoRipperT/A,MT7700,1.000000,Assembly,
6212012000000440812,GeoRipper(R)T/A M700 with EZ Kart,,USD 2520.00,GeoRipper - Units,GeoRipper,MiniTrencher,55.00,36.00,12.00,12.00,true,,goods,2,,,Active,EA,GRTA-M700EZ,810075760408,870075760408,,22A,USD 542.98,Georipper - Unit,,Finished Goods,fifo,,,0.00,USD 0.00,M8 x 1.25 x 12 Bolt for Safety Bar,MT0812,2.000000,Assembly,
6212012000000440812,GeoRipper(R)T/A M700 with EZ Kart,,USD 2520.00,GeoRipper - Units,GeoRipper,MiniTrencher,55.00,36.00,12.00,12.00,true,,goods,2,,,Active,EA,GRTA-M700EZ,810075760408,870075760408,,22A,USD 542.98,Georipper - Unit,,Finished Goods,fifo,,,0.00,USD 0.00,M8 split lock washer zinc plated,MT0804,2.000000,Assembly,
6212012000000440812,GeoRipper(R)T/A M700 with EZ Kart,,USD 2520.00,GeoRipper - Units,GeoRipper,MiniTrencher,55.00,36.00,12.00,12.00,true,,goods,2,,,Active,EA,GRTA-M700EZ,810075760408,870075760408,,22A,USD 542.98,Georipper - Unit,,Finished Goods,fifo,,,0.00,USD 0.00,M8 X 1.25 Flanged Nyloc Nut,GRKM7681.6,2.000000,Assembly,
6212012000000440812,GeoRipper(R)T/A M700 with EZ Kart,,USD 2520.00,GeoRipper - Units,GeoRipper,MiniTrencher,55.00,36.00,12.00,12.00,true,,goods,2,,,Active,EA,GRTA-M700EZ,810075760408,870075760408,,22A,USD 542.98,Georipper - Unit,,Finished Goods,fifo,,,0.00,USD 0.00,Green PVC Tool Bag,MT0099,1.000000,Assembly,
6212012000000440812,GeoRipper(R)T/A M700 with EZ Kart,,USD 2520.00,GeoRipper - Units,GeoRipper,MiniTrencher,55.00,36.00,12.00,12.00,true,,goods,2,,,Active,EA,GRTA-M700EZ,810075760408,870075760408,,22A,USD 542.98,Georipper - Unit,,Finished Goods,fifo,,,0.00,USD 0.00,13mm Embossed Wrench,MT0013,1.000000,Assembly,
6212012000000440812,GeoRipper(R)T/A M700 with EZ Kart,,USD 2520.00,GeoRipper - Units,GeoRipper,MiniTrencher,55.00,36.00,12.00,12.00,true,,goods,2,,,Active,EA,GRTA-M700EZ,810075760408,870075760408,,22A,USD 542.98,Georipper - Unit,,Finished Goods,fifo,,,0.00,USD 0.00,18mm Embossed Wrench,MT0018,1.000000,Assembly,
6212012000000440812,GeoRipper(R)T/A M700 with EZ Kart,,USD 2520.00,GeoRipper - Units,GeoRipper,MiniTrencher,55.00,36.00,12.00,12.00,true,,goods,2,,,Active,EA,GRTA-M700EZ,810075760408,870075760408,,22A,USD 542.98,Georipper - Unit,,Finished Goods,fifo,,,0.00,USD 0.00,Bearing (Sealed) 6002-RS2,GR1.2,1.000000,Assembly,
6212012000000440812,GeoRipper(R)T/A M700 with EZ Kart,,USD 2520.00,GeoRipper - Units,GeoRipper,MiniTrencher,55.00,36.00,12.00,12.00,true,,goods,2,,,Active,EA,GRTA-M700EZ,810075760408,870075760408,,22A,USD 542.98,Georipper - Unit,,Finished Goods,fifo,,,0.00,USD 0.00,M8x1.25x20 Countersunk 5mm Hex Drive Bolt 12.9grade,GR0.3.2,3.000000,Assembly,
6212012000000440812,GeoRipper(R)T/A M700 with EZ Kart,,USD 2520.00,GeoRipper - Units,GeoRipper,MiniTrencher,55.00,36.00,12.00,12.00,true,,goods,2,,,Active,EA,GRTA-M700EZ,810075760408,870075760408,,22A,USD 542.98,Georipper - Unit,,Finished Goods,fifo,,,0.00,USD 0.00,#50H Heavy Connecting Link Spring Clip,MT4004,1.000000,Assembly,
6212012000000440812,GeoRipper(R)T/A M700 with EZ Kart,,USD 2520.00,GeoRipper - Units,GeoRipper,MiniTrencher,55.00,36.00,12.00,12.00,true,,goods,2,,,Active,EA,GRTA-M700EZ,810075760408,870075760408,,22A,USD 542.98,Georipper - Unit,,Finished Goods,fifo,,,0.00,USD 0.00,Belt for Makita EK8100,MTB81-00,1.000000,Assembly,
6212012000000440812,GeoRipper(R)T/A M700 with EZ Kart,,USD 2520.00,GeoRipper - Units,GeoRipper,MiniTrencher,55.00,36.00,12.00,12.00,true,,goods,2,,,Active,EA,GRTA-M700EZ,810075760408,870075760408,,22A,USD 542.98,Georipper - Unit,,Finished Goods,fifo,,,0.00,USD 0.00,Owners Manual - GeoRipperT/A,GRTA-LIT-OM,1.000000,Assembly,
6212012000000440812,GeoRipper(R)T/A M700 with EZ Kart,,USD 2520.00,GeoRipper - Units,GeoRipper,MiniTrencher,55.00,36.00,12.00,12.00,true,,goods,2,,,Active,EA,GRTA-M700EZ,810075760408,870075760408,,22A,USD 542.98,Georipper - Unit,,Finished Goods,fifo,,,0.00,USD 0.00,GeoRipper Warranty Postcard,GR-LIT-WP,1.000000,Assembly,
6212012000000440812,GeoRipper(R)T/A M700 with EZ Kart,,USD 2520.00,GeoRipper - Units,GeoRipper,MiniTrencher,55.00,36.00,12.00,12.00,true,,goods,2,,,Active,EA,GRTA-M700EZ,810075760408,870075760408,,22A,USD 542.98,Georipper - Unit,,Finished Goods,fifo,,,0.00,USD 0.00,GeoRipper Minitrencher 27-Inch Digging Bar,MT3700,1.000000,Assembly,
6212012000000440812,GeoRipper(R)T/A M700 with EZ Kart,,USD 2520.00,GeoRipper - Units,GeoRipper,MiniTrencher,55.00,36.00,12.00,12.00,true,,goods,2,,,Active,EA,GRTA-M700EZ,810075760408,870075760408,,22A,USD 542.98,Georipper - Unit,,Finished Goods,fifo,,,0.00,USD 0.00,GeoRipper Minitrencher Universal EZ Kart,EZ100,1.000000,Assembly,
6212012000000440812,GeoRipper(R)T/A M700 with EZ Kart,,USD 2520.00,GeoRipper - Units,GeoRipper,MiniTrencher,55.00,36.00,12.00,12.00,true,,goods,2,,,Active,EA,GRTA-M700EZ,810075760408,870075760408,,22A,USD 542.98,Georipper - Unit,,Finished Goods,fifo,,,0.00,USD 0.00,Box - TASPACER,MT95192,2.000000,Assembly,
6212012000000440812,GeoRipper(R)T/A M700 with EZ Kart,,USD 2520.00,GeoRipper - Units,GeoRipper,MiniTrencher,55.00,36.00,12.00,12.00,true,,goods,2,,,Active,EA,GRTA-M700EZ,810075760408,870075760408,,22A,USD 542.98,Georipper - Unit,,Finished Goods,fifo,,,0.00,USD 0.00,Foam Insert - GeoRipperT/A Box,MT0091,1.000000,Assembly,
6212012000000440812,GeoRipper(R)T/A M700 with EZ Kart,,USD 2520.00,GeoRipper - Units,GeoRipper,MiniTrencher,55.00,36.00,12.00,12.00,true,,goods,2,,,Active,EA,GRTA-M700EZ,810075760408,870075760408,,22A,USD 542.98,Georipper - Unit,,Finished Goods,fifo,,,0.00,USD 0.00,Warehouse Hourly Labor,Labor30,1.000000,Assembly,
6212012000000440812,GeoRipper(R)T/A M700 with EZ Kart,,USD 2520.00,GeoRipper - Units,GeoRipper,MiniTrencher,55.00,36.00,12.00,12.00,true,,goods,2,,,Active,EA,GRTA-M700EZ,810075760408,870075760408,,22A,USD 542.98,Georipper - Unit,,Finished Goods,fifo,,,0.00,USD 0.00,M8-1.25 X 25 UNC HEX HEAD FLANGE BOLT GRADE 10.9,MT0825F,2.000000,Assembly,
6212012000000440812,GeoRipper(R)T/A M700 with EZ Kart,,USD 2520.00,GeoRipper - Units,GeoRipper,MiniTrencher,55.00,36.00,12.00,12.00,true,,goods,2,,,Active,EA,GRTA-M700EZ,810075760408,870075760408,,22A,USD 542.98,Georipper - Unit,,Finished Goods,fifo,,,0.00,USD 0.00,Dirt Deflector Warning Sticker,GRS17,1.000000,Assembly,
6212012000000440812,GeoRipper(R)T/A M700 with EZ Kart,,USD 2520.00,GeoRipper - Units,GeoRipper,MiniTrencher,55.00,36.00,12.00,12.00,true,,goods,2,,,Active,EA,GRTA-M700EZ,810075760408,870075760408,,22A,USD 542.98,Georipper - Unit,,Finished Goods,fifo,,,0.00,USD 0.00,"27"" Digging Chain (Single Chain)",MT4700,2.000000,Assembly,
6212012000000440812,GeoRipper(R)T/A M700 with EZ Kart,,USD 2520.00,GeoRipper - Units,GeoRipper,MiniTrencher,55.00,36.00,12.00,12.00,true,,goods,2,,,Active,EA,GRTA-M700EZ,810075760408,870075760408,,22A,USD 542.98,Georipper - Unit,,Finished Goods,fifo,,,0.00,USD 0.00,Box - TA700EZ,MT95196,1.000000,Assembly,
6212012000000440907,GeoRipper(R)T/A MX500 with EZ Kart,,USD 1900.00,GeoRipper - Units,GeoRipper,MiniTrencher,33.00,30.00,12.00,6.00,true,,goods,2,,,Active,EA,GRTA-MX500EZ,810075760712,810075760712,,23A,USD 568.56,Georipper - Unit,,Finished Goods,fifo,,,0.00,USD 0.00,Bearing - 6203 RS,MT0062,2.000000,Assembly,
6212012000000440907,GeoRipper(R)T/A MX500 with EZ Kart,,USD 1900.00,GeoRipper - Units,GeoRipper,MiniTrencher,33.00,30.00,12.00,6.00,true,,goods,2,,,Active,EA,GRTA-MX500EZ,810075760712,810075760712,,23A,USD 568.56,Georipper - Unit,,Finished Goods,fifo,,,0.00,USD 0.00,R40 Snap Ring,MT0040,1.000000,Assembly,
6212012000000440907,GeoRipper(R)T/A MX500 with EZ Kart,,USD 1900.00,GeoRipper - Units,GeoRipper,MiniTrencher,33.00,30.00,12.00,6.00,true,,goods,2,,,Active,EA,GRTA-MX500EZ,810075760712,810075760712,,23A,USD 568.56,Georipper - Unit,,Finished Goods,fifo,,,0.00,USD 0.00,Drive Axle for all GeoRipperT/A,MT9002,1.000000,Assembly,
6212012000000440907,GeoRipper(R)T/A MX500 with EZ Kart,,USD 1900.00,GeoRipper - Units,GeoRipper,MiniTrencher,33.00,30.00,12.00,6.00,true,,goods,2,,,Active,EA,GRTA-MX500EZ,810075760712,810075760712,,23A,USD 568.56,Georipper - Unit,,Finished Goods,fifo,,,0.00,USD 0.00,Spacer,MT0010,1.000000,Assembly,
6212012000000440907,GeoRipper(R)T/A MX500 with EZ Kart,,USD 1900.00,GeoRipper - Units,GeoRipper,MiniTrencher,33.00,30.00,12.00,6.00,true,,goods,2,,,Active,EA,GRTA-MX500EZ,810075760712,810075760712,,23A,USD 568.56,Georipper - Unit,,Finished Goods,fifo,,,0.00,USD 0.00,Labyrinth for all GeoRipperT/A,MT9003,1.000000,Assembly,
6212012000000440907,GeoRipper(R)T/A MX500 with EZ Kart,,USD 1900.00,GeoRipper - Units,GeoRipper,MiniTrencher,33.00,30.00,12.00,6.00,true,,goods,2,,,Active,EA,GRTA-MX500EZ,810075760712,810075760712,,23A,USD 568.56,Georipper - Unit,,Finished Goods,fifo,,,0.00,USD 0.00,Minitrencher Drive Sprocket for GeoRipper and GeoRipper(R)T/A,MT9001,1.000000,Assembly,
6212012000000440907,GeoRipper(R)T/A MX500 with EZ Kart,,USD 1900.00,GeoRipper - Units,GeoRipper,MiniTrencher,33.00,30.00,12.00,6.00,true,,goods,2,,,Active,EA,GRTA-MX500EZ,810075760712,810075760712,,23A,USD 568.56,Georipper - Unit,,Finished Goods,fifo,,,0.00,USD 0.00,M8 Zinc Plated Washer,MT0800,2.000000,Assembly,
6212012000000440907,GeoRipper(R)T/A MX500 with EZ Kart,,USD 1900.00,GeoRipper - Units,GeoRipper,MiniTrencher,33.00,30.00,12.00,6.00,true,,goods,2,,,Active,EA,GRTA-MX500EZ,810075760712,810075760712,,23A,USD 568.56,Georipper - Unit,,Finished Goods,fifo,,,0.00,USD 0.00,Dirt Deflector,MT8001,1.000000,Assembly,
6212012000000440907,GeoRipper(R)T/A MX500 with EZ Kart,,USD 1900.00,GeoRipper - Units,GeoRipper,MiniTrencher,33.00,30.00,12.00,6.00,true,,goods,2,,,Active,EA,GRTA-MX500EZ,810075760712,810075760712,,23A,USD 568.56,Georipper - Unit,,Finished Goods,fifo,,,0.00,USD 0.00,Mud Flap A,MT8002,1.000000,Assembly,
6212012000000440907,GeoRipper(R)T/A MX500 with EZ Kart,,USD 1900.00,GeoRipper - Units,GeoRipper,MiniTrencher,33.00,30.00,12.00,6.00,true,,goods,2,,,Active,EA,GRTA-MX500EZ,810075760712,810075760712,,23A,USD 568.56,Georipper - Unit,,Finished Goods,fifo,,,0.00,USD 0.00,Mud Flap B,MT8003,1.000000,Assembly,
6212012000000440907,GeoRipper(R)T/A MX500 with EZ Kart,,USD 1900.00,GeoRipper - Units,GeoRipper,MiniTrencher,33.00,30.00,12.00,6.00,true,,goods,2,,,Active,EA,GRTA-MX500EZ,810075760712,810075760712,,23A,USD 568.56,Georipper - Unit,,Finished Goods,fifo,,,0.00,USD 0.00,M5 X .8 X 16 Phillips Flat Machine Screw Plated,GR5.8,6.000000,Assembly,
6212012000000440907,GeoRipper(R)T/A MX500 with EZ Kart,,USD 1900.00,GeoRipper - Units,GeoRipper,MiniTrencher,33.00,30.00,12.00,6.00,true,,goods,2,,,Active,EA,GRTA-MX500EZ,810075760712,810075760712,,23A,USD 568.56,Georipper - Unit,,Finished Goods,fifo,,,0.00,USD 0.00,M5 x 18mm fender washer,GR5.12,6.000000,Assembly,
6212012000000440907,GeoRipper(R)T/A MX500 with EZ Kart,,USD 1900.00,GeoRipper - Units,GeoRipper,MiniTrencher,33.00,30.00,12.00,6.00,true,,goods,2,,,Active,EA,GRTA-MX500EZ,810075760712,810075760712,,23A,USD 568.56,Georipper - Unit,,Finished Goods,fifo,,,0.00,USD 0.00,M5 Nylock hex nut,GR5.11,6.000000,Assembly,
6212012000000440907,GeoRipper(R)T/A MX500 with EZ Kart,,USD 1900.00,GeoRipper - Units,GeoRipper,MiniTrencher,33.00,30.00,12.00,6.00,true,,goods,2,,,Active,EA,GRTA-MX500EZ,810075760712,810075760712,,23A,USD 568.56,Georipper - Unit,,Finished Goods,fifo,,,0.00,USD 0.00,Bar Clamp Washer - Slotted,GR5.2,1.000000,Assembly,
6212012000000440907,GeoRipper(R)T/A MX500 with EZ Kart,,USD 1900.00,GeoRipper - Units,GeoRipper,MiniTrencher,33.00,30.00,12.00,6.00,true,,goods,2,,,Active,EA,GRTA-MX500EZ,810075760712,810075760712,,23A,USD 568.56,Georipper - Unit,,Finished Goods,fifo,,,0.00,USD 0.00,M12 X 1.75 X 30 Bolt 18mm Head,GR5.3,2.000000,Assembly,
6212012000000440907,GeoRipper(R)T/A MX500 with EZ Kart,,USD 1900.00,GeoRipper - Units,GeoRipper,MiniTrencher,33.00,30.00,12.00,6.00,true,,goods,2,,,Active,EA,GRTA-MX500EZ,810075760712,810075760712,,23A,USD 568.56,Georipper - Unit,,Finished Goods,fifo,,,0.00,USD 0.00,M12 Split Lock Washer,GR5.4,2.000000,Assembly,
6212012000000440907,GeoRipper(R)T/A MX500 with EZ Kart,,USD 1900.00,GeoRipper - Units,GeoRipper,MiniTrencher,33.00,30.00,12.00,6.00,true,,goods,2,,,Active,EA,GRTA-MX500EZ,810075760712,810075760712,,23A,USD 568.56,Georipper - Unit,,Finished Goods,fifo,,,0.00,USD 0.00,M8 X 1.25 Flanged Nyloc Nut,GRKM7681.6,3.000000,Assembly,
6212012000000440907,GeoRipper(R)T/A MX500 with EZ Kart,,USD 1900.00,GeoRipper - Units,GeoRipper,MiniTrencher,33.00,30.00,12.00,6.00,true,,goods,2,,,Active,EA,GRTA-MX500EZ,810075760712,810075760712,,23A,USD 568.56,Georipper - Unit,,Finished Goods,fifo,,,0.00,USD 0.00,Safety Bar - 500 Series GeoRipperT/A,MT7500,1.000000,Assembly,
6212012000000440907,GeoRipper(R)T/A MX500 with EZ Kart,,USD 1900.00,GeoRipper - Units,GeoRipper,MiniTrencher,33.00,30.00,12.00,6.00,true,,goods,2,,,Active,EA,GRTA-MX500EZ,810075760712,810075760712,,23A,USD 568.56,Georipper - Unit,,Finished Goods,fifo,,,0.00,USD 0.00,M8 x 1.25 x 12 Bolt for Safety Bar,MT0812,2.000000,Assembly,
6212012000000440907,GeoRipper(R)T/A MX500 with EZ Kart,,USD 1900.00,GeoRipper - Units,GeoRipper,MiniTrencher,33.00,30.00,12.00,6.00,true,,goods,2,,,Active,EA,GRTA-MX500EZ,810075760712,810075760712,,23A,USD 568.56,Georipper - Unit,,Finished Goods,fifo,,,0.00,USD 0.00,M8 split lock washer zinc plated,MT0804,2.000000,Assembly,
6212012000000440907,GeoRipper(R)T/A MX500 with EZ Kart,,USD 1900.00,GeoRipper - Units,GeoRipper,MiniTrencher,33.00,30.00,12.00,6.00,true,,goods,2,,,Active,EA,GRTA-MX500EZ,810075760712,810075760712,,23A,USD 568.56,Georipper - Unit,,Finished Goods,fifo,,,0.00,USD 0.00,Green PVC Tool Bag,MT0099,1.000000,Assembly,
6212012000000440907,GeoRipper(R)T/A MX500 with EZ Kart,,USD 1900.00,GeoRipper - Units,GeoRipper,MiniTrencher,33.00,30.00,12.00,6.00,true,,goods,2,,,Active,EA,GRTA-MX500EZ,810075760712,810075760712,,23A,USD 568.56,Georipper - Unit,,Finished Goods,fifo,,,0.00,USD 0.00,13mm Embossed Wrench,MT0013,1.000000,Assembly,
6212012000000440907,GeoRipper(R)T/A MX500 with EZ Kart,,USD 1900.00,GeoRipper - Units,GeoRipper,MiniTrencher,33.00,30.00,12.00,6.00,true,,goods,2,,,Active,EA,GRTA-MX500EZ,810075760712,810075760712,,23A,USD 568.56,Georipper - Unit,,Finished Goods,fifo,,,0.00,USD 0.00,18mm Embossed Wrench,MT0018,1.000000,Assembly,
6212012000000440907,GeoRipper(R)T/A MX500 with EZ Kart,,USD 1900.00,GeoRipper - Units,GeoRipper,MiniTrencher,33.00,30.00,12.00,6.00,true,,goods,2,,,Active,EA,GRTA-MX500EZ,810075760712,810075760712,,23A,USD 568.56,Georipper - Unit,,Finished Goods,fifo,,,0.00,USD 0.00,Bearing (Sealed) 6002-RS2,GR1.2,1.000000,Assembly,
6212012000000440907,GeoRipper(R)T/A MX500 with EZ Kart,,USD 1900.00,GeoRipper - Units,GeoRipper,MiniTrencher,33.00,30.00,12.00,6.00,true,,goods,2,,,Active,EA,GRTA-MX500EZ,810075760712,810075760712,,23A,USD 568.56,Georipper - Unit,,Finished Goods,fifo,,,0.00,USD 0.00,M8x1.25x20 Countersunk 5mm Hex Drive Bolt 12.9grade,GR0.3.2,3.000000,Assembly,
6212012000000440907,GeoRipper(R)T/A MX500 with EZ Kart,,USD 1900.00,GeoRipper - Units,GeoRipper,MiniTrencher,33.00,30.00,12.00,6.00,true,,goods,2,,,Active,EA,GRTA-MX500EZ,810075760712,810075760712,,23A,USD 568.56,Georipper - Unit,,Finished Goods,fifo,,,0.00,USD 0.00,#50H Heavy Connecting Link Spring Clip,MT4004,1.000000,Assembly,
6212012000000440907,GeoRipper(R)T/A MX500 with EZ Kart,,USD 1900.00,GeoRipper - Units,GeoRipper,MiniTrencher,33.00,30.00,12.00,6.00,true,,goods,2,,,Active,EA,GRTA-MX500EZ,810075760712,810075760712,,23A,USD 568.56,Georipper - Unit,,Finished Goods,fifo,,,0.00,USD 0.00,Owners Manual - GeoRipperT/A,GRTA-LIT-OM,1.000000,Assembly,
6212012000000440907,GeoRipper(R)T/A MX500 with EZ Kart,,USD 1900.00,GeoRipper - Units,GeoRipper,MiniTrencher,33.00,30.00,12.00,6.00,true,,goods,2,,,Active,EA,GRTA-MX500EZ,810075760712,810075760712,,23A,USD 568.56,Georipper - Unit,,Finished Goods,fifo,,,0.00,USD 0.00,GeoRipper Warranty Postcard,GR-LIT-WP,1.000000,Assembly,
6212012000000440907,GeoRipper(R)T/A MX500 with EZ Kart,,USD 1900.00,GeoRipper - Units,GeoRipper,MiniTrencher,33.00,30.00,12.00,6.00,true,,goods,2,,,Active,EA,GRTA-MX500EZ,810075760712,810075760712,,23A,USD 568.56,Georipper - Unit,,Finished Goods,fifo,,,0.00,USD 0.00,GeoRipper Minitrencher 20-Inch Digging Bar,MT3500,1.000000,Assembly,
6212012000000440907,GeoRipper(R)T/A MX500 with EZ Kart,,USD 1900.00,GeoRipper - Units,GeoRipper,MiniTrencher,33.00,30.00,12.00,6.00,true,,goods,2,,,Active,EA,GRTA-MX500EZ,810075760712,810075760712,,23A,USD 568.56,Georipper - Unit,,Finished Goods,fifo,,,0.00,USD 0.00,GeoRipper Minitrencher Universal EZ Kart,EZ100,1.000000,Assembly,
6212012000000440907,GeoRipper(R)T/A MX500 with EZ Kart,,USD 1900.00,GeoRipper - Units,GeoRipper,MiniTrencher,33.00,30.00,12.00,6.00,true,,goods,2,,,Active,EA,GRTA-MX500EZ,810075760712,810075760712,,23A,USD 568.56,Georipper - Unit,,Finished Goods,fifo,,,0.00,USD 0.00,Box - TASPACER,MT95192,2.000000,Assembly,
6212012000000440907,GeoRipper(R)T/A MX500 with EZ Kart,,USD 1900.00,GeoRipper - Units,GeoRipper,MiniTrencher,33.00,30.00,12.00,6.00,true,,goods,2,,,Active,EA,GRTA-MX500EZ,810075760712,810075760712,,23A,USD 568.56,Georipper - Unit,,Finished Goods,fifo,,,0.00,USD 0.00,Box - TA700,MT95197,1.000000,Assembly,
6212012000000440907,GeoRipper(R)T/A MX500 with EZ Kart,,USD 1900.00,GeoRipper - Units,GeoRipper,MiniTrencher,33.00,30.00,12.00,6.00,true,,goods,2,,,Active,EA,GRTA-MX500EZ,810075760712,810075760712,,23A,USD 568.56,Georipper - Unit,,Finished Goods,fifo,,,0.00,USD 0.00,Foam Insert - GeoRipperT/A Box,MT0091,1.000000,Assembly,
6212012000000440907,GeoRipper(R)T/A MX500 with EZ Kart,,USD 1900.00,GeoRipper - Units,GeoRipper,MiniTrencher,33.00,30.00,12.00,6.00,true,,goods,2,,,Active,EA,GRTA-MX500EZ,810075760712,810075760712,,23A,USD 568.56,Georipper - Unit,,Finished Goods,fifo,,,0.00,USD 0.00,Box - Bar 500,MT95016A,1.000000,Assembly,
6212012000000440907,GeoRipper(R)T/A MX500 with EZ Kart,,USD 1900.00,GeoRipper - Units,GeoRipper,MiniTrencher,33.00,30.00,12.00,6.00,true,,goods,2,,,Active,EA,GRTA-MX500EZ,810075760712,810075760712,,23A,USD 568.56,Georipper - Unit,,Finished Goods,fifo,,,0.00,USD 0.00,Sticker - 811 - Call Before You Dig,GRS3,1.000000,Assembly,
6212012000000440907,GeoRipper(R)T/A MX500 with EZ Kart,,USD 1900.00,GeoRipper - Units,GeoRipper,MiniTrencher,33.00,30.00,12.00,6.00,true,,goods,2,,,Active,EA,GRTA-MX500EZ,810075760712,810075760712,,23A,USD 568.56,Georipper - Unit,,Finished Goods,fifo,,,0.00,USD 0.00,GeoRipper T/A Casting for Milwaukee MX314,MX1000,1.000000,Assembly,
6212012000000440907,GeoRipper(R)T/A MX500 with EZ Kart,,USD 1900.00,GeoRipper - Units,GeoRipper,MiniTrencher,33.00,30.00,12.00,6.00,true,,goods,2,,,Active,EA,GRTA-MX500EZ,810075760712,810075760712,,23A,USD 568.56,Georipper - Unit,,Finished Goods,fifo,,,0.00,USD 0.00,Large Pulley - MX,MX1001,2.000000,Assembly,
6212012000000440907,GeoRipper(R)T/A MX500 with EZ Kart,,USD 1900.00,GeoRipper - Units,GeoRipper,MiniTrencher,33.00,30.00,12.00,6.00,true,,goods,2,,,Active,EA,GRTA-MX500EZ,810075760712,810075760712,,23A,USD 568.56,Georipper - Unit,,Finished Goods,fifo,,,0.00,USD 0.00,Bushing - MX,MX1002,1.000000,Assembly,
6212012000000440907,GeoRipper(R)T/A MX500 with EZ Kart,,USD 1900.00,GeoRipper - Units,GeoRipper,MiniTrencher,33.00,30.00,12.00,6.00,true,,goods,2,,,Active,EA,GRTA-MX500EZ,810075760712,810075760712,,23A,USD 568.56,Georipper - Unit,,Finished Goods,fifo,,,0.00,USD 0.00,Small Pulley - MX,MX1003,1.000000,Assembly,
6212012000000440907,GeoRipper(R)T/A MX500 with EZ Kart,,USD 1900.00,GeoRipper - Units,GeoRipper,MiniTrencher,33.00,30.00,12.00,6.00,true,,goods,2,,,Active,EA,GRTA-MX500EZ,810075760712,810075760712,,23A,USD 568.56,Georipper - Unit,,Finished Goods,fifo,,,0.00,USD 0.00,Warehouse Hourly Labor,Labor30,1.000000,Assembly,
6212012000000440907,GeoRipper(R)T/A MX500 with EZ Kart,,USD 1900.00,GeoRipper - Units,GeoRipper,MiniTrencher,33.00,30.00,12.00,6.00,true,,goods,2,,,Active,EA,GRTA-MX500EZ,810075760712,810075760712,,23A,USD 568.56,Georipper - Unit,,Finished Goods,fifo,,,0.00,USD 0.00,Belt for Adapted Milwaukee MX314,MTB31-00,1.000000,Assembly,
6212012000000440907,GeoRipper(R)T/A MX500 with EZ Kart,,USD 1900.00,GeoRipper - Units,GeoRipper,MiniTrencher,33.00,30.00,12.00,6.00,true,,goods,2,,,Active,EA,GRTA-MX500EZ,810075760712,810075760712,,23A,USD 568.56,Georipper - Unit,,Finished Goods,fifo,,,0.00,USD 0.00,M8 x 1.25 x 65 Zinc-Plated Hex Bolt,MT0865,3.000000,Assembly,
6212012000000440907,GeoRipper(R)T/A MX500 with EZ Kart,,USD 1900.00,GeoRipper - Units,GeoRipper,MiniTrencher,33.00,30.00,12.00,6.00,true,,goods,2,,,Active,EA,GRTA-MX500EZ,810075760712,810075760712,,23A,USD 568.56,Georipper - Unit,,Finished Goods,fifo,,,0.00,USD 0.00,"20"" Digging Chain (Single Chain)",MT4500,2.000000,Assembly,
6212012000000441006,GeoRipper(R)T/A S700 W/EZ,,USD 2200.00,GeoRipper - Units,GeoRipper,MiniTrencher,42.00,36.00,12.00,6.00,true,,goods,2,,,Active,EA,GRTA-S700,810075760705,81075760705,,22A,USD 532.51,Georipper - Unit,,Finished Goods,fifo,,,0.00,USD 0.00,Stihl T/A Casting,S1000,1.000000,Assembly,
6212012000000441006,GeoRipper(R)T/A S700 W/EZ,,USD 2200.00,GeoRipper - Units,GeoRipper,MiniTrencher,42.00,36.00,12.00,6.00,true,,goods,2,,,Active,EA,GRTA-S700,810075760705,81075760705,,22A,USD 532.51,Georipper - Unit,,Finished Goods,fifo,,,0.00,USD 0.00,Minitrencher Drive Sprocket for GeoRipper and GeoRipper(R)T/A,MT9001,1.000000,Assembly,
6212012000000441006,GeoRipper(R)T/A S700 W/EZ,,USD 2200.00,GeoRipper - Units,GeoRipper,MiniTrencher,42.00,36.00,12.00,6.00,true,,goods,2,,,Active,EA,GRTA-S700,810075760705,81075760705,,22A,USD 532.51,Georipper - Unit,,Finished Goods,fifo,,,0.00,USD 0.00,Labyrinth for all GeoRipperT/A,MT9003,1.000000,Assembly,
6212012000000441006,GeoRipper(R)T/A S700 W/EZ,,USD 2200.00,GeoRipper - Units,GeoRipper,MiniTrencher,42.00,36.00,12.00,6.00,true,,goods,2,,,Active,EA,GRTA-S700,810075760705,81075760705,,22A,USD 532.51,Georipper - Unit,,Finished Goods,fifo,,,0.00,USD 0.00,Drive Axle for all GeoRipperT/A,MT9002,1.000000,Assembly,
6212012000000441006,GeoRipper(R)T/A S700 W/EZ,,USD 2200.00,GeoRipper - Units,GeoRipper,MiniTrencher,42.00,36.00,12.00,6.00,true,,goods,2,,,Active,EA,GRTA-S700,810075760705,81075760705,,22A,USD 532.51,Georipper - Unit,,Finished Goods,fifo,,,0.00,USD 0.00,R40 Snap Ring,MT0040,1.000000,Assembly,
6212012000000441006,GeoRipper(R)T/A S700 W/EZ,,USD 2200.00,GeoRipper - Units,GeoRipper,MiniTrencher,42.00,36.00,12.00,6.00,true,,goods,2,,,Active,EA,GRTA-S700,810075760705,81075760705,,22A,USD 532.51,Georipper - Unit,,Finished Goods,fifo,,,0.00,USD 0.00,Bearing - 6203 RS,MT0062,2.000000,Assembly,
6212012000000441006,GeoRipper(R)T/A S700 W/EZ,,USD 2200.00,GeoRipper - Units,GeoRipper,MiniTrencher,42.00,36.00,12.00,6.00,true,,goods,2,,,Active,EA,GRTA-S700,810075760705,81075760705,,22A,USD 532.51,Georipper - Unit,,Finished Goods,fifo,,,0.00,USD 0.00,Spacer,MT0010,1.000000,Assembly,
6212012000000441006,GeoRipper(R)T/A S700 W/EZ,,USD 2200.00,GeoRipper - Units,GeoRipper,MiniTrencher,42.00,36.00,12.00,6.00,true,,goods,2,,,Active,EA,GRTA-S700,810075760705,81075760705,,22A,USD 532.51,Georipper - Unit,,Finished Goods,fifo,,,0.00,USD 0.00,M8 Zinc Plated Washer,MT0800,2.000000,Assembly,
6212012000000441006,GeoRipper(R)T/A S700 W/EZ,,USD 2200.00,GeoRipper - Units,GeoRipper,MiniTrencher,42.00,36.00,12.00,6.00,true,,goods,2,,,Active,EA,GRTA-S700,810075760705,81075760705,,22A,USD 532.51,Georipper - Unit,,Finished Goods,fifo,,,0.00,USD 0.00,Box - TASPACER,MT95192,2.000000,Assembly,
6212012000000441006,GeoRipper(R)T/A S700 W/EZ,,USD 2200.00,GeoRipper - Units,GeoRipper,MiniTrencher,42.00,36.00,12.00,6.00,true,,goods,2,,,Active,EA,GRTA-S700,810075760705,81075760705,,22A,USD 532.51,Georipper - Unit,,Finished Goods,fifo,,,0.00,USD 0.00,Foam Insert - GeoRipperT/A Box,MT0091,1.000000,Assembly,
6212012000000441006,GeoRipper(R)T/A S700 W/EZ,,USD 2200.00,GeoRipper - Units,GeoRipper,MiniTrencher,42.00,36.00,12.00,6.00,true,,goods,2,,,Active,EA,GRTA-S700,810075760705,81075760705,,22A,USD 532.51,Georipper - Unit,,Finished Goods,fifo,,,0.00,USD 0.00,13mm Embossed Wrench,MT0013,1.000000,Assembly,
6212012000000441006,GeoRipper(R)T/A S700 W/EZ,,USD 2200.00,GeoRipper - Units,GeoRipper,MiniTrencher,42.00,36.00,12.00,6.00,true,,goods,2,,,Active,EA,GRTA-S700,810075760705,81075760705,,22A,USD 532.51,Georipper - Unit,,Finished Goods,fifo,,,0.00,USD 0.00,18mm Embossed Wrench,MT0018,1.000000,Assembly,
6212012000000441006,GeoRipper(R)T/A S700 W/EZ,,USD 2200.00,GeoRipper - Units,GeoRipper,MiniTrencher,42.00,36.00,12.00,6.00,true,,goods,2,,,Active,EA,GRTA-S700,810075760705,81075760705,,22A,USD 532.51,Georipper - Unit,,Finished Goods,fifo,,,0.00,USD 0.00,Pulley for Stihl TS420/TS500i GeoRipperT/A,S1001,1.000000,Assembly,
6212012000000441006,GeoRipper(R)T/A S700 W/EZ,,USD 2200.00,GeoRipper - Units,GeoRipper,MiniTrencher,42.00,36.00,12.00,6.00,true,,goods,2,,,Active,EA,GRTA-S700,810075760705,81075760705,,22A,USD 532.51,Georipper - Unit,,Finished Goods,fifo,,,0.00,USD 0.00,Belt for Makita EK7651H & Stihl TS420/TS500i,MTB45-76,1.000000,Assembly,
6212012000000441006,GeoRipper(R)T/A S700 W/EZ,,USD 2200.00,GeoRipper - Units,GeoRipper,MiniTrencher,42.00,36.00,12.00,6.00,true,,goods,2,,,Active,EA,GRTA-S700,810075760705,81075760705,,22A,USD 532.51,Georipper - Unit,,Finished Goods,fifo,,,0.00,USD 0.00,Owners Manual - GeoRipperT/A,GRTA-LIT-OM,1.000000,Assembly,
6212012000000441006,GeoRipper(R)T/A S700 W/EZ,,USD 2200.00,GeoRipper - Units,GeoRipper,MiniTrencher,42.00,36.00,12.00,6.00,true,,goods,2,,,Active,EA,GRTA-S700,810075760705,81075760705,,22A,USD 532.51,Georipper - Unit,,Finished Goods,fifo,,,0.00,USD 0.00,Green PVC Tool Bag,MT0099,1.000000,Assembly,
6212012000000441006,GeoRipper(R)T/A S700 W/EZ,,USD 2200.00,GeoRipper - Units,GeoRipper,MiniTrencher,42.00,36.00,12.00,6.00,true,,goods,2,,,Active,EA,GRTA-S700,810075760705,81075760705,,22A,USD 532.51,Georipper - Unit,,Finished Goods,fifo,,,0.00,USD 0.00,Safety Bar - 700 Series GeoRipperT/A,MT7700,1.000000,Assembly,
6212012000000441006,GeoRipper(R)T/A S700 W/EZ,,USD 2200.00,GeoRipper - Units,GeoRipper,MiniTrencher,42.00,36.00,12.00,6.00,true,,goods,2,,,Active,EA,GRTA-S700,810075760705,81075760705,,22A,USD 532.51,Georipper - Unit,,Finished Goods,fifo,,,0.00,USD 0.00,GeoRipper Minitrencher 27-Inch Digging Bar,MT3700,1.000000,Assembly,
6212012000000441006,GeoRipper(R)T/A S700 W/EZ,,USD 2200.00,GeoRipper - Units,GeoRipper,MiniTrencher,42.00,36.00,12.00,6.00,true,,goods,2,,,Active,EA,GRTA-S700,810075760705,81075760705,,22A,USD 532.51,Georipper - Unit,,Finished Goods,fifo,,,0.00,USD 0.00,Warehouse Hourly Labor,Labor30,1.000000,Assembly,
6212012000000441006,GeoRipper(R)T/A S700 W/EZ,,USD 2200.00,GeoRipper - Units,GeoRipper,MiniTrencher,42.00,36.00,12.00,6.00,true,,goods,2,,,Active,EA,GRTA-S700,810075760705,81075760705,,22A,USD 532.51,Georipper - Unit,,Finished Goods,fifo,,,0.00,USD 0.00,Dirt Deflector,MT8001,1.000000,Assembly,
6212012000000441006,GeoRipper(R)T/A S700 W/EZ,,USD 2200.00,GeoRipper - Units,GeoRipper,MiniTrencher,42.00,36.00,12.00,6.00,true,,goods,2,,,Active,EA,GRTA-S700,810075760705,81075760705,,22A,USD 532.51,Georipper - Unit,,Finished Goods,fifo,,,0.00,USD 0.00,Mud Flap A,MT8002,1.000000,Assembly,
6212012000000441006,GeoRipper(R)T/A S700 W/EZ,,USD 2200.00,GeoRipper - Units,GeoRipper,MiniTrencher,42.00,36.00,12.00,6.00,true,,goods,2,,,Active,EA,GRTA-S700,810075760705,81075760705,,22A,USD 532.51,Georipper - Unit,,Finished Goods,fifo,,,0.00,USD 0.00,Mud Flap B,MT8003,1.000000,Assembly,
6212012000000441006,GeoRipper(R)T/A S700 W/EZ,,USD 2200.00,GeoRipper - Units,GeoRipper,MiniTrencher,42.00,36.00,12.00,6.00,true,,goods,2,,,Active,EA,GRTA-S700,810075760705,81075760705,,22A,USD 532.51,Georipper - Unit,,Finished Goods,fifo,,,0.00,USD 0.00,M5 X .8 X 16 Phillips Flat Machine Screw Plated,GR5.8,6.000000,Assembly,
6212012000000441006,GeoRipper(R)T/A S700 W/EZ,,USD 2200.00,GeoRipper - Units,GeoRipper,MiniTrencher,42.00,36.00,12.00,6.00,true,,goods,2,,,Active,EA,GRTA-S700,810075760705,81075760705,,22A,USD 532.51,Georipper - Unit,,Finished Goods,fifo,,,0.00,USD 0.00,M5 Nylock hex nut,GR5.11,6.000000,Assembly,
6212012000000441006,GeoRipper(R)T/A S700 W/EZ,,USD 2200.00,GeoRipper - Units,GeoRipper,MiniTrencher,42.00,36.00,12.00,6.00,true,,goods,2,,,Active,EA,GRTA-S700,810075760705,81075760705,,22A,USD 532.51,Georipper - Unit,,Finished Goods,fifo,,,0.00,USD 0.00,M5 x 18mm fender washer,GR5.12,8.000000,Assembly,
6212012000000441006,GeoRipper(R)T/A S700 W/EZ,,USD 2200.00,GeoRipper - Units,GeoRipper,MiniTrencher,42.00,36.00,12.00,6.00,true,,goods,2,,,Active,EA,GRTA-S700,810075760705,81075760705,,22A,USD 532.51,Georipper - Unit,,Finished Goods,fifo,,,0.00,USD 0.00,Bar Clamp Washer - Slotted,GR5.2,1.000000,Assembly,
6212012000000441006,GeoRipper(R)T/A S700 W/EZ,,USD 2200.00,GeoRipper - Units,GeoRipper,MiniTrencher,42.00,36.00,12.00,6.00,true,,goods,2,,,Active,EA,GRTA-S700,810075760705,81075760705,,22A,USD 532.51,Georipper - Unit,,Finished Goods,fifo,,,0.00,USD 0.00,M12 X 1.75 X 30 Bolt 18mm Head,GR5.3,2.000000,Assembly,
6212012000000441006,GeoRipper(R)T/A S700 W/EZ,,USD 2200.00,GeoRipper - Units,GeoRipper,MiniTrencher,42.00,36.00,12.00,6.00,true,,goods,2,,,Active,EA,GRTA-S700,810075760705,81075760705,,22A,USD 532.51,Georipper - Unit,,Finished Goods,fifo,,,0.00,USD 0.00,M12 Split Lock Washer,GR5.4,2.000000,Assembly,
6212012000000441006,GeoRipper(R)T/A S700 W/EZ,,USD 2200.00,GeoRipper - Units,GeoRipper,MiniTrencher,42.00,36.00,12.00,6.00,true,,goods,2,,,Active,EA,GRTA-S700,810075760705,81075760705,,22A,USD 532.51,Georipper - Unit,,Finished Goods,fifo,,,0.00,USD 0.00,S1000 belt tension bolt,MT0870,1.000000,Assembly,
6212012000000441006,GeoRipper(R)T/A S700 W/EZ,,USD 2200.00,GeoRipper - Units,GeoRipper,MiniTrencher,42.00,36.00,12.00,6.00,true,,goods,2,,,Active,EA,GRTA-S700,810075760705,81075760705,,22A,USD 532.51,Georipper - Unit,,Finished Goods,fifo,,,0.00,USD 0.00,M8 x 1.25 Square Nut,MT0803,1.000000,Assembly,
6212012000000441006,GeoRipper(R)T/A S700 W/EZ,,USD 2200.00,GeoRipper - Units,GeoRipper,MiniTrencher,42.00,36.00,12.00,6.00,true,,goods,2,,,Active,EA,GRTA-S700,810075760705,81075760705,,22A,USD 532.51,Georipper - Unit,,Finished Goods,fifo,,,0.00,USD 0.00,S1000 TENSION NUT RETAINING SCREWS,MT0822,2.000000,Assembly,
6212012000000441006,GeoRipper(R)T/A S700 W/EZ,,USD 2200.00,GeoRipper - Units,GeoRipper,MiniTrencher,42.00,36.00,12.00,6.00,true,,goods,2,,,Active,EA,GRTA-S700,810075760705,81075760705,,22A,USD 532.51,Georipper - Unit,,Finished Goods,fifo,,,0.00,USD 0.00,M8 x 1.25 Hex Nut,MT0802,1.000000,Assembly,
6212012000000441006,GeoRipper(R)T/A S700 W/EZ,,USD 2200.00,GeoRipper - Units,GeoRipper,MiniTrencher,42.00,36.00,12.00,6.00,true,,goods,2,,,Active,EA,GRTA-S700,810075760705,81075760705,,22A,USD 532.51,Georipper - Unit,,Finished Goods,fifo,,,0.00,USD 0.00,Belt tensioner cap Stihl T/A,MT0014,1.000000,Assembly,
6212012000000441006,GeoRipper(R)T/A S700 W/EZ,,USD 2200.00,GeoRipper - Units,GeoRipper,MiniTrencher,42.00,36.00,12.00,6.00,true,,goods,2,,,Active,EA,GRTA-S700,810075760705,81075760705,,22A,USD 532.51,Georipper - Unit,,Finished Goods,fifo,,,0.00,USD 0.00,M8 x 1.25 x 12 Bolt for Safety Bar,MT0812,2.000000,Assembly,
6212012000000441006,GeoRipper(R)T/A S700 W/EZ,,USD 2200.00,GeoRipper - Units,GeoRipper,MiniTrencher,42.00,36.00,12.00,6.00,true,,goods,2,,,Active,EA,GRTA-S700,810075760705,81075760705,,22A,USD 532.51,Georipper - Unit,,Finished Goods,fifo,,,0.00,USD 0.00,M8 split lock washer zinc plated,MT0804,2.000000,Assembly,
6212012000000441006,GeoRipper(R)T/A S700 W/EZ,,USD 2200.00,GeoRipper - Units,GeoRipper,MiniTrencher,42.00,36.00,12.00,6.00,true,,goods,2,,,Active,EA,GRTA-S700,810075760705,81075760705,,22A,USD 532.51,Georipper - Unit,,Finished Goods,fifo,,,0.00,USD 0.00,Wire retainer Stihl 500i,MT0011,1.000000,Assembly,
6212012000000441006,GeoRipper(R)T/A S700 W/EZ,,USD 2200.00,GeoRipper - Units,GeoRipper,MiniTrencher,42.00,36.00,12.00,6.00,true,,goods,2,,,Active,EA,GRTA-S700,810075760705,81075760705,,22A,USD 532.51,Georipper - Unit,,Finished Goods,fifo,,,0.00,USD 0.00,Belt cover plug Stihl T/A,MT0012,1.000000,Assembly,
6212012000000441006,GeoRipper(R)T/A S700 W/EZ,,USD 2200.00,GeoRipper - Units,GeoRipper,MiniTrencher,42.00,36.00,12.00,6.00,true,,goods,2,,,Active,EA,GRTA-S700,810075760705,81075760705,,22A,USD 532.51,Georipper - Unit,,Finished Goods,fifo,,,0.00,USD 0.00,M8 X 1.25 Flanged Nyloc Nut,GRKM7681.6,3.000000,Assembly,
6212012000000441006,GeoRipper(R)T/A S700 W/EZ,,USD 2200.00,GeoRipper - Units,GeoRipper,MiniTrencher,42.00,36.00,12.00,6.00,true,,goods,2,,,Active,EA,GRTA-S700,810075760705,81075760705,,22A,USD 532.51,Georipper - Unit,,Finished Goods,fifo,,,0.00,USD 0.00,Bearing (Sealed) 6002-RS2,GR1.2,1.000000,Assembly,
6212012000000441006,GeoRipper(R)T/A S700 W/EZ,,USD 2200.00,GeoRipper - Units,GeoRipper,MiniTrencher,42.00,36.00,12.00,6.00,true,,goods,2,,,Active,EA,GRTA-S700,810075760705,81075760705,,22A,USD 532.51,Georipper - Unit,,Finished Goods,fifo,,,0.00,USD 0.00,#50H Heavy Connecting Link Spring Clip,MT4004,1.000000,Assembly,
6212012000000441006,GeoRipper(R)T/A S700 W/EZ,,USD 2200.00,GeoRipper - Units,GeoRipper,MiniTrencher,42.00,36.00,12.00,6.00,true,,goods,2,,,Active,EA,GRTA-S700,810075760705,81075760705,,22A,USD 532.51,Georipper - Unit,,Finished Goods,fifo,,,0.00,USD 0.00,M8x1.25x20 Countersunk 5mm Hex Drive Bolt 12.9grade,GR0.3.2,3.000000,Assembly,
6212012000000441006,GeoRipper(R)T/A S700 W/EZ,,USD 2200.00,GeoRipper - Units,GeoRipper,MiniTrencher,42.00,36.00,12.00,6.00,true,,goods,2,,,Active,EA,GRTA-S700,810075760705,81075760705,,22A,USD 532.51,Georipper - Unit,,Finished Goods,fifo,,,0.00,USD 0.00,GeoRipper Warranty Postcard,GR-LIT-WP,1.000000,Assembly,
6212012000000441006,GeoRipper(R)T/A S700 W/EZ,,USD 2200.00,GeoRipper - Units,GeoRipper,MiniTrencher,42.00,36.00,12.00,6.00,true,,goods,2,,,Active,EA,GRTA-S700,810075760705,81075760705,,22A,USD 532.51,Georipper - Unit,,Finished Goods,fifo,,,0.00,USD 0.00,GeoRipper Minitrencher Universal EZ Kart,EZ100,1.000000,Assembly,
6212012000000441006,GeoRipper(R)T/A S700 W/EZ,,USD 2200.00,GeoRipper - Units,GeoRipper,MiniTrencher,42.00,36.00,12.00,6.00,true,,goods,2,,,Active,EA,GRTA-S700,810075760705,81075760705,,22A,USD 532.51,Georipper - Unit,,Finished Goods,fifo,,,0.00,USD 0.00,"27"" Digging Chain (Single Chain)",MT4700,2.000000,Assembly,
6212012000000441006,GeoRipper(R)T/A S700 W/EZ,,USD 2200.00,GeoRipper - Units,GeoRipper,MiniTrencher,42.00,36.00,12.00,6.00,true,,goods,2,,,Active,EA,GRTA-S700,810075760705,81075760705,,22A,USD 532.51,Georipper - Unit,,Finished Goods,fifo,,,0.00,USD 0.00,M8-1.25 X 25 UNC HEX HEAD FLANGE BOLT GRADE 10.9,MT0825F,2.000000,Assembly,
6212012000000441006,GeoRipper(R)T/A S700 W/EZ,,USD 2200.00,GeoRipper - Units,GeoRipper,MiniTrencher,42.00,36.00,12.00,6.00,true,,goods,2,,,Active,EA,GRTA-S700,810075760705,81075760705,,22A,USD 532.51,Georipper - Unit,,Finished Goods,fifo,,,0.00,USD 0.00,Dirt Deflector Warning Sticker,GRS17,1.000000,Assembly,
6212012000000441006,GeoRipper(R)T/A S700 W/EZ,,USD 2200.00,GeoRipper - Units,GeoRipper,MiniTrencher,42.00,36.00,12.00,6.00,true,,goods,2,,,Active,EA,GRTA-S700,810075760705,81075760705,,22A,USD 532.51,Georipper - Unit,,Finished Goods,fifo,,,0.00,USD 0.00,Box - TA700EZ,MT95196,1.000000,Assembly,
6212012000000441006,GeoRipper(R)T/A S700 W/EZ,,USD 2200.00,GeoRipper - Units,GeoRipper,MiniTrencher,42.00,36.00,12.00,6.00,true,,goods,2,,,Active,EA,GRTA-S700,810075760705,81075760705,,22A,USD 532.51,Georipper - Unit,,Finished Goods,fifo,,,0.00,USD 0.00,Sticker - Hand Entanglement/Chain Drive,GRS11,1.000000,Assembly,
6212012000000441111,GeoRipper(R)T/A S700 with EZ Kart,,USD 2625.00,GeoRipper - Units,GeoRipper,MiniTrencher,56.00,36.00,12.00,12.00,true,,goods,2,,,Active,EA,GRTA-S700EZ,810075760385,810075760385,,22A,USD 553.92,Georipper - Unit,,Finished Goods,fifo,,,0.00,USD 0.00,Stihl T/A Casting,S1000,1.000000,Assembly,
6212012000000441111,GeoRipper(R)T/A S700 with EZ Kart,,USD 2625.00,GeoRipper - Units,GeoRipper,MiniTrencher,56.00,36.00,12.00,12.00,true,,goods,2,,,Active,EA,GRTA-S700EZ,810075760385,810075760385,,22A,USD 553.92,Georipper - Unit,,Finished Goods,fifo,,,0.00,USD 0.00,Bearing - 6203 RS,MT0062,2.000000,Assembly,
6212012000000441111,GeoRipper(R)T/A S700 with EZ Kart,,USD 2625.00,GeoRipper - Units,GeoRipper,MiniTrencher,56.00,36.00,12.00,12.00,true,,goods,2,,,Active,EA,GRTA-S700EZ,810075760385,810075760385,,22A,USD 553.92,Georipper - Unit,,Finished Goods,fifo,,,0.00,USD 0.00,R40 Snap Ring,MT0040,1.000000,Assembly,
6212012000000441111,GeoRipper(R)T/A S700 with EZ Kart,,USD 2625.00,GeoRipper - Units,GeoRipper,MiniTrencher,56.00,36.00,12.00,12.00,true,,goods,2,,,Active,EA,GRTA-S700EZ,810075760385,810075760385,,22A,USD 553.92,Georipper - Unit,,Finished Goods,fifo,,,0.00,USD 0.00,Drive Axle for all GeoRipperT/A,MT9002,1.000000,Assembly,
6212012000000441111,GeoRipper(R)T/A S700 with EZ Kart,,USD 2625.00,GeoRipper - Units,GeoRipper,MiniTrencher,56.00,36.00,12.00,12.00,true,,goods,2,,,Active,EA,GRTA-S700EZ,810075760385,810075760385,,22A,USD 553.92,Georipper - Unit,,Finished Goods,fifo,,,0.00,USD 0.00,Spacer,MT0010,1.000000,Assembly,
6212012000000441111,GeoRipper(R)T/A S700 with EZ Kart,,USD 2625.00,GeoRipper - Units,GeoRipper,MiniTrencher,56.00,36.00,12.00,12.00,true,,goods,2,,,Active,EA,GRTA-S700EZ,810075760385,810075760385,,22A,USD 553.92,Georipper - Unit,,Finished Goods,fifo,,,0.00,USD 0.00,Labyrinth for all GeoRipperT/A,MT9003,1.000000,Assembly,
6212012000000441111,GeoRipper(R)T/A S700 with EZ Kart,,USD 2625.00,GeoRipper - Units,GeoRipper,MiniTrencher,56.00,36.00,12.00,12.00,true,,goods,2,,,Active,EA,GRTA-S700EZ,810075760385,810075760385,,22A,USD 553.92,Georipper - Unit,,Finished Goods,fifo,,,0.00,USD 0.00,Minitrencher Drive Sprocket for GeoRipper and GeoRipper(R)T/A,MT9001,1.000000,Assembly,
6212012000000441111,GeoRipper(R)T/A S700 with EZ Kart,,USD 2625.00,GeoRipper - Units,GeoRipper,MiniTrencher,56.00,36.00,12.00,12.00,true,,goods,2,,,Active,EA,GRTA-S700EZ,810075760385,810075760385,,22A,USD 553.92,Georipper - Unit,,Finished Goods,fifo,,,0.00,USD 0.00,M8 Zinc Plated Washer,MT0800,2.000000,Assembly,
6212012000000441111,GeoRipper(R)T/A S700 with EZ Kart,,USD 2625.00,GeoRipper - Units,GeoRipper,MiniTrencher,56.00,36.00,12.00,12.00,true,,goods,2,,,Active,EA,GRTA-S700EZ,810075760385,810075760385,,22A,USD 553.92,Georipper - Unit,,Finished Goods,fifo,,,0.00,USD 0.00,Pulley for Stihl TS420/TS500i GeoRipperT/A,S1001,1.000000,Assembly,
6212012000000441111,GeoRipper(R)T/A S700 with EZ Kart,,USD 2625.00,GeoRipper - Units,GeoRipper,MiniTrencher,56.00,36.00,12.00,12.00,true,,goods,2,,,Active,EA,GRTA-S700EZ,810075760385,810075760385,,22A,USD 553.92,Georipper - Unit,,Finished Goods,fifo,,,0.00,USD 0.00,Dirt Deflector,MT8001,1.000000,Assembly,
6212012000000441111,GeoRipper(R)T/A S700 with EZ Kart,,USD 2625.00,GeoRipper - Units,GeoRipper,MiniTrencher,56.00,36.00,12.00,12.00,true,,goods,2,,,Active,EA,GRTA-S700EZ,810075760385,810075760385,,22A,USD 553.92,Georipper - Unit,,Finished Goods,fifo,,,0.00,USD 0.00,Mud Flap A,MT8002,1.000000,Assembly,
6212012000000441111,GeoRipper(R)T/A S700 with EZ Kart,,USD 2625.00,GeoRipper - Units,GeoRipper,MiniTrencher,56.00,36.00,12.00,12.00,true,,goods,2,,,Active,EA,GRTA-S700EZ,810075760385,810075760385,,22A,USD 553.92,Georipper - Unit,,Finished Goods,fifo,,,0.00,USD 0.00,Mud Flap B,MT8003,1.000000,Assembly,
6212012000000441111,GeoRipper(R)T/A S700 with EZ Kart,,USD 2625.00,GeoRipper - Units,GeoRipper,MiniTrencher,56.00,36.00,12.00,12.00,true,,goods,2,,,Active,EA,GRTA-S700EZ,810075760385,810075760385,,22A,USD 553.92,Georipper - Unit,,Finished Goods,fifo,,,0.00,USD 0.00,M5 X .8 X 16 Phillips Flat Machine Screw Plated,GR5.8,6.000000,Assembly,
6212012000000441111,GeoRipper(R)T/A S700 with EZ Kart,,USD 2625.00,GeoRipper - Units,GeoRipper,MiniTrencher,56.00,36.00,12.00,12.00,true,,goods,2,,,Active,EA,GRTA-S700EZ,810075760385,810075760385,,22A,USD 553.92,Georipper - Unit,,Finished Goods,fifo,,,0.00,USD 0.00,M5 Nylock hex nut,GR5.11,6.000000,Assembly,
6212012000000441111,GeoRipper(R)T/A S700 with EZ Kart,,USD 2625.00,GeoRipper - Units,GeoRipper,MiniTrencher,56.00,36.00,12.00,12.00,true,,goods,2,,,Active,EA,GRTA-S700EZ,810075760385,810075760385,,22A,USD 553.92,Georipper - Unit,,Finished Goods,fifo,,,0.00,USD 0.00,M5 x 18mm fender washer,GR5.12,6.000000,Assembly,
6212012000000441111,GeoRipper(R)T/A S700 with EZ Kart,,USD 2625.00,GeoRipper - Units,GeoRipper,MiniTrencher,56.00,36.00,12.00,12.00,true,,goods,2,,,Active,EA,GRTA-S700EZ,810075760385,810075760385,,22A,USD 553.92,Georipper - Unit,,Finished Goods,fifo,,,0.00,USD 0.00,Bar Clamp Washer - Slotted,GR5.2,1.000000,Assembly,
6212012000000441111,GeoRipper(R)T/A S700 with EZ Kart,,USD 2625.00,GeoRipper - Units,GeoRipper,MiniTrencher,56.00,36.00,12.00,12.00,true,,goods,2,,,Active,EA,GRTA-S700EZ,810075760385,810075760385,,22A,USD 553.92,Georipper - Unit,,Finished Goods,fifo,,,0.00,USD 0.00,M12 X 1.75 X 30 Bolt 18mm Head,GR5.3,2.000000,Assembly,
6212012000000441111,GeoRipper(R)T/A S700 with EZ Kart,,USD 2625.00,GeoRipper - Units,GeoRipper,MiniTrencher,56.00,36.00,12.00,12.00,true,,goods,2,,,Active,EA,GRTA-S700EZ,810075760385,810075760385,,22A,USD 553.92,Georipper - Unit,,Finished Goods,fifo,,,0.00,USD 0.00,M12 Split Lock Washer,GR5.4,2.000000,Assembly,
6212012000000441111,GeoRipper(R)T/A S700 with EZ Kart,,USD 2625.00,GeoRipper - Units,GeoRipper,MiniTrencher,56.00,36.00,12.00,12.00,true,,goods,2,,,Active,EA,GRTA-S700EZ,810075760385,810075760385,,22A,USD 553.92,Georipper - Unit,,Finished Goods,fifo,,,0.00,USD 0.00,S1000 belt tension bolt,MT0870,1.000000,Assembly,
6212012000000441111,GeoRipper(R)T/A S700 with EZ Kart,,USD 2625.00,GeoRipper - Units,GeoRipper,MiniTrencher,56.00,36.00,12.00,12.00,true,,goods,2,,,Active,EA,GRTA-S700EZ,810075760385,810075760385,,22A,USD 553.92,Georipper - Unit,,Finished Goods,fifo,,,0.00,USD 0.00,M8 x 1.25 Square Nut,MT0803,1.000000,Assembly,
6212012000000441111,GeoRipper(R)T/A S700 with EZ Kart,,USD 2625.00,GeoRipper - Units,GeoRipper,MiniTrencher,56.00,36.00,12.00,12.00,true,,goods,2,,,Active,EA,GRTA-S700EZ,810075760385,810075760385,,22A,USD 553.92,Georipper - Unit,,Finished Goods,fifo,,,0.00,USD 0.00,S1000 TENSION NUT RETAINING SCREWS,MT0822,2.000000,Assembly,
6212012000000441111,GeoRipper(R)T/A S700 with EZ Kart,,USD 2625.00,GeoRipper - Units,GeoRipper,MiniTrencher,56.00,36.00,12.00,12.00,true,,goods,2,,,Active,EA,GRTA-S700EZ,810075760385,810075760385,,22A,USD 553.92,Georipper - Unit,,Finished Goods,fifo,,,0.00,USD 0.00,M8 x 1.25 Hex Nut,MT0802,1.000000,Assembly,
6212012000000441111,GeoRipper(R)T/A S700 with EZ Kart,,USD 2625.00,GeoRipper - Units,GeoRipper,MiniTrencher,56.00,36.00,12.00,12.00,true,,goods,2,,,Active,EA,GRTA-S700EZ,810075760385,810075760385,,22A,USD 553.92,Georipper - Unit,,Finished Goods,fifo,,,0.00,USD 0.00,Belt tensioner cap Stihl T/A,MT0014,1.000000,Assembly,
6212012000000441111,GeoRipper(R)T/A S700 with EZ Kart,,USD 2625.00,GeoRipper - Units,GeoRipper,MiniTrencher,56.00,36.00,12.00,12.00,true,,goods,2,,,Active,EA,GRTA-S700EZ,810075760385,810075760385,,22A,USD 553.92,Georipper - Unit,,Finished Goods,fifo,,,0.00,USD 0.00,Safety Bar - 700 Series GeoRipperT/A,MT7700,1.000000,Assembly,
6212012000000441111,GeoRipper(R)T/A S700 with EZ Kart,,USD 2625.00,GeoRipper - Units,GeoRipper,MiniTrencher,56.00,36.00,12.00,12.00,true,,goods,2,,,Active,EA,GRTA-S700EZ,810075760385,810075760385,,22A,USD 553.92,Georipper - Unit,,Finished Goods,fifo,,,0.00,USD 0.00,M8 x 1.25 x 12 Bolt for Safety Bar,MT0812,2.000000,Assembly,
6212012000000441111,GeoRipper(R)T/A S700 with EZ Kart,,USD 2625.00,GeoRipper - Units,GeoRipper,MiniTrencher,56.00,36.00,12.00,12.00,true,,goods,2,,,Active,EA,GRTA-S700EZ,810075760385,810075760385,,22A,USD 553.92,Georipper - Unit,,Finished Goods,fifo,,,0.00,USD 0.00,M8 split lock washer zinc plated,MT0804,2.000000,Assembly,
6212012000000441111,GeoRipper(R)T/A S700 with EZ Kart,,USD 2625.00,GeoRipper - Units,GeoRipper,MiniTrencher,56.00,36.00,12.00,12.00,true,,goods,2,,,Active,EA,GRTA-S700EZ,810075760385,810075760385,,22A,USD 553.92,Georipper - Unit,,Finished Goods,fifo,,,0.00,USD 0.00,Green PVC Tool Bag,MT0099,1.000000,Assembly,
6212012000000441111,GeoRipper(R)T/A S700 with EZ Kart,,USD 2625.00,GeoRipper - Units,GeoRipper,MiniTrencher,56.00,36.00,12.00,12.00,true,,goods,2,,,Active,EA,GRTA-S700EZ,810075760385,810075760385,,22A,USD 553.92,Georipper - Unit,,Finished Goods,fifo,,,0.00,USD 0.00,Wire retainer Stihl 500i,MT0011,1.000000,Assembly,
6212012000000441111,GeoRipper(R)T/A S700 with EZ Kart,,USD 2625.00,GeoRipper - Units,GeoRipper,MiniTrencher,56.00,36.00,12.00,12.00,true,,goods,2,,,Active,EA,GRTA-S700EZ,810075760385,810075760385,,22A,USD 553.92,Georipper - Unit,,Finished Goods,fifo,,,0.00,USD 0.00,Belt cover plug Stihl T/A,MT0012,1.000000,Assembly,
6212012000000441111,GeoRipper(R)T/A S700 with EZ Kart,,USD 2625.00,GeoRipper - Units,GeoRipper,MiniTrencher,56.00,36.00,12.00,12.00,true,,goods,2,,,Active,EA,GRTA-S700EZ,810075760385,810075760385,,22A,USD 553.92,Georipper - Unit,,Finished Goods,fifo,,,0.00,USD 0.00,M8 X 1.25 Flanged Nyloc Nut,GRKM7681.6,3.000000,Assembly,
6212012000000441111,GeoRipper(R)T/A S700 with EZ Kart,,USD 2625.00,GeoRipper - Units,GeoRipper,MiniTrencher,56.00,36.00,12.00,12.00,true,,goods,2,,,Active,EA,GRTA-S700EZ,810075760385,810075760385,,22A,USD 553.92,Georipper - Unit,,Finished Goods,fifo,,,0.00,USD 0.00,13mm Embossed Wrench,MT0013,1.000000,Assembly,
6212012000000441111,GeoRipper(R)T/A S700 with EZ Kart,,USD 2625.00,GeoRipper - Units,GeoRipper,MiniTrencher,56.00,36.00,12.00,12.00,true,,goods,2,,,Active,EA,GRTA-S700EZ,810075760385,810075760385,,22A,USD 553.92,Georipper - Unit,,Finished Goods,fifo,,,0.00,USD 0.00,18mm Embossed Wrench,MT0018,1.000000,Assembly,
6212012000000441111,GeoRipper(R)T/A S700 with EZ Kart,,USD 2625.00,GeoRipper - Units,GeoRipper,MiniTrencher,56.00,36.00,12.00,12.00,true,,goods,2,,,Active,EA,GRTA-S700EZ,810075760385,810075760385,,22A,USD 553.92,Georipper - Unit,,Finished Goods,fifo,,,0.00,USD 0.00,Belt for Makita EK7651H & Stihl TS420/TS500i,MTB45-76,1.000000,Assembly,
6212012000000441111,GeoRipper(R)T/A S700 with EZ Kart,,USD 2625.00,GeoRipper - Units,GeoRipper,MiniTrencher,56.00,36.00,12.00,12.00,true,,goods,2,,,Active,EA,GRTA-S700EZ,810075760385,810075760385,,22A,USD 553.92,Georipper - Unit,,Finished Goods,fifo,,,0.00,USD 0.00,Bearing (Sealed) 6002-RS2,GR1.2,1.000000,Assembly,
6212012000000441111,GeoRipper(R)T/A S700 with EZ Kart,,USD 2625.00,GeoRipper - Units,GeoRipper,MiniTrencher,56.00,36.00,12.00,12.00,true,,goods,2,,,Active,EA,GRTA-S700EZ,810075760385,810075760385,,22A,USD 553.92,Georipper - Unit,,Finished Goods,fifo,,,0.00,USD 0.00,#50H Heavy Connecting Link Spring Clip,MT4004,1.000000,Assembly,
6212012000000441111,GeoRipper(R)T/A S700 with EZ Kart,,USD 2625.00,GeoRipper - Units,GeoRipper,MiniTrencher,56.00,36.00,12.00,12.00,true,,goods,2,,,Active,EA,GRTA-S700EZ,810075760385,810075760385,,22A,USD 553.92,Georipper - Unit,,Finished Goods,fifo,,,0.00,USD 0.00,M8x1.25x20 Countersunk 5mm Hex Drive Bolt 12.9grade,GR0.3.2,3.000000,Assembly,
6212012000000441111,GeoRipper(R)T/A S700 with EZ Kart,,USD 2625.00,GeoRipper - Units,GeoRipper,MiniTrencher,56.00,36.00,12.00,12.00,true,,goods,2,,,Active,EA,GRTA-S700EZ,810075760385,810075760385,,22A,USD 553.92,Georipper - Unit,,Finished Goods,fifo,,,0.00,USD 0.00,Owners Manual - GeoRipperT/A,GRTA-LIT-OM,1.000000,Assembly,
6212012000000441111,GeoRipper(R)T/A S700 with EZ Kart,,USD 2625.00,GeoRipper - Units,GeoRipper,MiniTrencher,56.00,36.00,12.00,12.00,true,,goods,2,,,Active,EA,GRTA-S700EZ,810075760385,810075760385,,22A,USD 553.92,Georipper - Unit,,Finished Goods,fifo,,,0.00,USD 0.00,GeoRipper Warranty Postcard,GR-LIT-WP,1.000000,Assembly,
6212012000000441111,GeoRipper(R)T/A S700 with EZ Kart,,USD 2625.00,GeoRipper - Units,GeoRipper,MiniTrencher,56.00,36.00,12.00,12.00,true,,goods,2,,,Active,EA,GRTA-S700EZ,810075760385,810075760385,,22A,USD 553.92,Georipper - Unit,,Finished Goods,fifo,,,0.00,USD 0.00,GeoRipper Minitrencher 27-Inch Digging Bar,MT3700,1.000000,Assembly,
6212012000000441111,GeoRipper(R)T/A S700 with EZ Kart,,USD 2625.00,GeoRipper - Units,GeoRipper,MiniTrencher,56.00,36.00,12.00,12.00,true,,goods,2,,,Active,EA,GRTA-S700EZ,810075760385,810075760385,,22A,USD 553.92,Georipper - Unit,,Finished Goods,fifo,,,0.00,USD 0.00,GeoRipper Minitrencher Universal EZ Kart,EZ100,1.000000,Assembly,
6212012000000441111,GeoRipper(R)T/A S700 with EZ Kart,,USD 2625.00,GeoRipper - Units,GeoRipper,MiniTrencher,56.00,36.00,12.00,12.00,true,,goods,2,,,Active,EA,GRTA-S700EZ,810075760385,810075760385,,22A,USD 553.92,Georipper - Unit,,Finished Goods,fifo,,,0.00,USD 0.00,Box - TASPACER,MT95192,2.000000,Assembly,
6212012000000441111,GeoRipper(R)T/A S700 with EZ Kart,,USD 2625.00,GeoRipper - Units,GeoRipper,MiniTrencher,56.00,36.00,12.00,12.00,true,,goods,2,,,Active,EA,GRTA-S700EZ,810075760385,810075760385,,22A,USD 553.92,Georipper - Unit,,Finished Goods,fifo,,,0.00,USD 0.00,Box - TA700,MT95197,1.000000,Assembly,
6212012000000441111,GeoRipper(R)T/A S700 with EZ Kart,,USD 2625.00,GeoRipper - Units,GeoRipper,MiniTrencher,56.00,36.00,12.00,12.00,true,,goods,2,,,Active,EA,GRTA-S700EZ,810075760385,810075760385,,22A,USD 553.92,Georipper - Unit,,Finished Goods,fifo,,,0.00,USD 0.00,Foam Insert - GeoRipperT/A Box,MT0091,1.000000,Assembly,
6212012000000441111,GeoRipper(R)T/A S700 with EZ Kart,,USD 2625.00,GeoRipper - Units,GeoRipper,MiniTrencher,56.00,36.00,12.00,12.00,true,,goods,2,,,Active,EA,GRTA-S700EZ,810075760385,810075760385,,22A,USD 553.92,Georipper - Unit,,Finished Goods,fifo,,,0.00,USD 0.00,Sticker - 811 - Call Before You Dig,GRS3,1.000000,Assembly,
6212012000000441111,GeoRipper(R)T/A S700 with EZ Kart,,USD 2625.00,GeoRipper - Units,GeoRipper,MiniTrencher,56.00,36.00,12.00,12.00,true,,goods,2,,,Active,EA,GRTA-S700EZ,810075760385,810075760385,,22A,USD 553.92,Georipper - Unit,,Finished Goods,fifo,,,0.00,USD 0.00,Warehouse Hourly Labor,Labor30,1.000000,Assembly,
6212012000000441111,GeoRipper(R)T/A S700 with EZ Kart,,USD 2625.00,GeoRipper - Units,GeoRipper,MiniTrencher,56.00,36.00,12.00,12.00,true,,goods,2,,,Active,EA,GRTA-S700EZ,810075760385,810075760385,,22A,USD 553.92,Georipper - Unit,,Finished Goods,fifo,,,0.00,USD 0.00,"(2) 27""[700mm] Max Digging Depth Chain",MT4700-2,1.000000,Assembly,
6212012000000441216,"27"" Digging Chain Bulk Pack - 25 Box / 50 chains",,USD 14893.56,GeoRipper - Parts,GeoRipper,MiniTrencher,325.00,32.00,15.00,20.00,true,,goods,2,,,Inactive,Case,MT4702-25,810075760484,810075760484,,22A,USD 1752.56,GeoRipper - Part,,Finished Goods,fifo,,,0.00,USD 0.00,GeoRipper 27-Inch Minitrencher Digging Chain (2 Pack),MT4702,25.000000,Assembly,
6212012000000441216,"27"" Digging Chain Bulk Pack - 25 Box / 50 chains",,USD 14893.56,GeoRipper - Parts,GeoRipper,MiniTrencher,325.00,32.00,15.00,20.00,true,,goods,2,,,Inactive,Case,MT4702-25,810075760484,810075760484,,22A,USD 1752.56,GeoRipper - Part,,Finished Goods,fifo,,,0.00,USD 0.00,"Small GeoRipper Box ""A""",BX-4,1.000000,Assembly,
6212012000000441233,GeoRipper(R)T/A E700 with EZ Kart,,USD 2625.00,GeoRipper - Units,GeoRipper,MiniTrencher,56.00,36.00,12.00,12.00,true,,goods,2,,,Active,EA,GRTA-E700EZ,810075760385,810075760385,,22A,USD 546.42,Georipper - Unit,,Finished Goods,fifo,,,0.00,USD 0.00,GeoRipper(r)T/A Casting fits Echo CSG-7410,E1000,1.000000,Assembly,
6212012000000441233,GeoRipper(R)T/A E700 with EZ Kart,,USD 2625.00,GeoRipper - Units,GeoRipper,MiniTrencher,56.00,36.00,12.00,12.00,true,,goods,2,,,Active,EA,GRTA-E700EZ,810075760385,810075760385,,22A,USD 546.42,Georipper - Unit,,Finished Goods,fifo,,,0.00,USD 0.00,Bearing - 6203 RS,MT0062,2.000000,Assembly,
6212012000000441233,GeoRipper(R)T/A E700 with EZ Kart,,USD 2625.00,GeoRipper - Units,GeoRipper,MiniTrencher,56.00,36.00,12.00,12.00,true,,goods,2,,,Active,EA,GRTA-E700EZ,810075760385,810075760385,,22A,USD 546.42,Georipper - Unit,,Finished Goods,fifo,,,0.00,USD 0.00,R40 Snap Ring,MT0040,1.000000,Assembly,
6212012000000441233,GeoRipper(R)T/A E700 with EZ Kart,,USD 2625.00,GeoRipper - Units,GeoRipper,MiniTrencher,56.00,36.00,12.00,12.00,true,,goods,2,,,Active,EA,GRTA-E700EZ,810075760385,810075760385,,22A,USD 546.42,Georipper - Unit,,Finished Goods,fifo,,,0.00,USD 0.00,Drive Axle for all GeoRipperT/A,MT9002,1.000000,Assembly,
6212012000000441233,GeoRipper(R)T/A E700 with EZ Kart,,USD 2625.00,GeoRipper - Units,GeoRipper,MiniTrencher,56.00,36.00,12.00,12.00,true,,goods,2,,,Active,EA,GRTA-E700EZ,810075760385,810075760385,,22A,USD 546.42,Georipper - Unit,,Finished Goods,fifo,,,0.00,USD 0.00,Spacer,MT0010,1.000000,Assembly,
6212012000000441233,GeoRipper(R)T/A E700 with EZ Kart,,USD 2625.00,GeoRipper - Units,GeoRipper,MiniTrencher,56.00,36.00,12.00,12.00,true,,goods,2,,,Active,EA,GRTA-E700EZ,810075760385,810075760385,,22A,USD 546.42,Georipper - Unit,,Finished Goods,fifo,,,0.00,USD 0.00,Labyrinth for all GeoRipperT/A,MT9003,1.000000,Assembly,
6212012000000441233,GeoRipper(R)T/A E700 with EZ Kart,,USD 2625.00,GeoRipper - Units,GeoRipper,MiniTrencher,56.00,36.00,12.00,12.00,true,,goods,2,,,Active,EA,GRTA-E700EZ,810075760385,810075760385,,22A,USD 546.42,Georipper - Unit,,Finished Goods,fifo,,,0.00,USD 0.00,Minitrencher Drive Sprocket for GeoRipper and GeoRipper(R)T/A,MT9001,1.000000,Assembly,
6212012000000441233,GeoRipper(R)T/A E700 with EZ Kart,,USD 2625.00,GeoRipper - Units,GeoRipper,MiniTrencher,56.00,36.00,12.00,12.00,true,,goods,2,,,Active,EA,GRTA-E700EZ,810075760385,810075760385,,22A,USD 546.42,Georipper - Unit,,Finished Goods,fifo,,,0.00,USD 0.00,M8 Zinc Plated Washer,MT0800,2.000000,Assembly,
6212012000000441233,GeoRipper(R)T/A E700 with EZ Kart,,USD 2625.00,GeoRipper - Units,GeoRipper,MiniTrencher,56.00,36.00,12.00,12.00,true,,goods,2,,,Active,EA,GRTA-E700EZ,810075760385,810075760385,,22A,USD 546.42,Georipper - Unit,,Finished Goods,fifo,,,0.00,USD 0.00,Dirt Deflector,MT8001,1.000000,Assembly,
6212012000000441233,GeoRipper(R)T/A E700 with EZ Kart,,USD 2625.00,GeoRipper - Units,GeoRipper,MiniTrencher,56.00,36.00,12.00,12.00,true,,goods,2,,,Active,EA,GRTA-E700EZ,810075760385,810075760385,,22A,USD 546.42,Georipper - Unit,,Finished Goods,fifo,,,0.00,USD 0.00,Mud Flap A,MT8002,1.000000,Assembly,
6212012000000441233,GeoRipper(R)T/A E700 with EZ Kart,,USD 2625.00,GeoRipper - Units,GeoRipper,MiniTrencher,56.00,36.00,12.00,12.00,true,,goods,2,,,Active,EA,GRTA-E700EZ,810075760385,810075760385,,22A,USD 546.42,Georipper - Unit,,Finished Goods,fifo,,,0.00,USD 0.00,Mud Flap B,MT8003,1.000000,Assembly,
6212012000000441233,GeoRipper(R)T/A E700 with EZ Kart,,USD 2625.00,GeoRipper - Units,GeoRipper,MiniTrencher,56.00,36.00,12.00,12.00,true,,goods,2,,,Active,EA,GRTA-E700EZ,810075760385,810075760385,,22A,USD 546.42,Georipper - Unit,,Finished Goods,fifo,,,0.00,USD 0.00,M5 X .8 X 16 Phillips Flat Machine Screw Plated,GR5.8,6.000000,Assembly,
6212012000000441233,GeoRipper(R)T/A E700 with EZ Kart,,USD 2625.00,GeoRipper - Units,GeoRipper,MiniTrencher,56.00,36.00,12.00,12.00,true,,goods,2,,,Active,EA,GRTA-E700EZ,810075760385,810075760385,,22A,USD 546.42,Georipper - Unit,,Finished Goods,fifo,,,0.00,USD 0.00,M5 Nylock hex nut,GR5.11,6.000000,Assembly,
6212012000000441233,GeoRipper(R)T/A E700 with EZ Kart,,USD 2625.00,GeoRipper - Units,GeoRipper,MiniTrencher,56.00,36.00,12.00,12.00,true,,goods,2,,,Active,EA,GRTA-E700EZ,810075760385,810075760385,,22A,USD 546.42,Georipper - Unit,,Finished Goods,fifo,,,0.00,USD 0.00,M5 x 18mm fender washer,GR5.12,6.000000,Assembly,
6212012000000441233,GeoRipper(R)T/A E700 with EZ Kart,,USD 2625.00,GeoRipper - Units,GeoRipper,MiniTrencher,56.00,36.00,12.00,12.00,true,,goods,2,,,Active,EA,GRTA-E700EZ,810075760385,810075760385,,22A,USD 546.42,Georipper - Unit,,Finished Goods,fifo,,,0.00,USD 0.00,Bar Clamp Washer - Slotted,GR5.2,1.000000,Assembly,
6212012000000441233,GeoRipper(R)T/A E700 with EZ Kart,,USD 2625.00,GeoRipper - Units,GeoRipper,MiniTrencher,56.00,36.00,12.00,12.00,true,,goods,2,,,Active,EA,GRTA-E700EZ,810075760385,810075760385,,22A,USD 546.42,Georipper - Unit,,Finished Goods,fifo,,,0.00,USD 0.00,M12 X 1.75 X 30 Bolt 18mm Head,GR5.3,2.000000,Assembly,
6212012000000441233,GeoRipper(R)T/A E700 with EZ Kart,,USD 2625.00,GeoRipper - Units,GeoRipper,MiniTrencher,56.00,36.00,12.00,12.00,true,,goods,2,,,Active,EA,GRTA-E700EZ,810075760385,810075760385,,22A,USD 546.42,Georipper - Unit,,Finished Goods,fifo,,,0.00,USD 0.00,M12 Split Lock Washer,GR5.4,2.000000,Assembly,
6212012000000441233,GeoRipper(R)T/A E700 with EZ Kart,,USD 2625.00,GeoRipper - Units,GeoRipper,MiniTrencher,56.00,36.00,12.00,12.00,true,,goods,2,,,Active,EA,GRTA-E700EZ,810075760385,810075760385,,22A,USD 546.42,Georipper - Unit,,Finished Goods,fifo,,,0.00,USD 0.00,S1000 belt tension bolt,MT0870,1.000000,Assembly,
6212012000000441233,GeoRipper(R)T/A E700 with EZ Kart,,USD 2625.00,GeoRipper - Units,GeoRipper,MiniTrencher,56.00,36.00,12.00,12.00,true,,goods,2,,,Active,EA,GRTA-E700EZ,810075760385,810075760385,,22A,USD 546.42,Georipper - Unit,,Finished Goods,fifo,,,0.00,USD 0.00,M8 x 1.25 Square Nut,MT0803,1.000000,Assembly,
6212012000000441233,GeoRipper(R)T/A E700 with EZ Kart,,USD 2625.00,GeoRipper - Units,GeoRipper,MiniTrencher,56.00,36.00,12.00,12.00,true,,goods,2,,,Active,EA,GRTA-E700EZ,810075760385,810075760385,,22A,USD 546.42,Georipper - Unit,,Finished Goods,fifo,,,0.00,USD 0.00,S1000 TENSION NUT RETAINING SCREWS,MT0822,2.000000,Assembly,
6212012000000441233,GeoRipper(R)T/A E700 with EZ Kart,,USD 2625.00,GeoRipper - Units,GeoRipper,MiniTrencher,56.00,36.00,12.00,12.00,true,,goods,2,,,Active,EA,GRTA-E700EZ,810075760385,810075760385,,22A,USD 546.42,Georipper - Unit,,Finished Goods,fifo,,,0.00,USD 0.00,M8 x 1.25 Hex Nut,MT0802,1.000000,Assembly,
6212012000000441233,GeoRipper(R)T/A E700 with EZ Kart,,USD 2625.00,GeoRipper - Units,GeoRipper,MiniTrencher,56.00,36.00,12.00,12.00,true,,goods,2,,,Active,EA,GRTA-E700EZ,810075760385,810075760385,,22A,USD 546.42,Georipper - Unit,,Finished Goods,fifo,,,0.00,USD 0.00,Belt tensioner cap Stihl T/A,MT0014,1.000000,Assembly,
6212012000000441233,GeoRipper(R)T/A E700 with EZ Kart,,USD 2625.00,GeoRipper - Units,GeoRipper,MiniTrencher,56.00,36.00,12.00,12.00,true,,goods,2,,,Active,EA,GRTA-E700EZ,810075760385,810075760385,,22A,USD 546.42,Georipper - Unit,,Finished Goods,fifo,,,0.00,USD 0.00,Safety Bar - 700 Series GeoRipperT/A,MT7700,1.000000,Assembly,
6212012000000441233,GeoRipper(R)T/A E700 with EZ Kart,,USD 2625.00,GeoRipper - Units,GeoRipper,MiniTrencher,56.00,36.00,12.00,12.00,true,,goods,2,,,Active,EA,GRTA-E700EZ,810075760385,810075760385,,22A,USD 546.42,Georipper - Unit,,Finished Goods,fifo,,,0.00,USD 0.00,M8 x 1.25 x 12 Bolt for Safety Bar,MT0812,2.000000,Assembly,
6212012000000441233,GeoRipper(R)T/A E700 with EZ Kart,,USD 2625.00,GeoRipper - Units,GeoRipper,MiniTrencher,56.00,36.00,12.00,12.00,true,,goods,2,,,Active,EA,GRTA-E700EZ,810075760385,810075760385,,22A,USD 546.42,Georipper - Unit,,Finished Goods,fifo,,,0.00,USD 0.00,M8 split lock washer zinc plated,MT0804,2.000000,Assembly,
6212012000000441233,GeoRipper(R)T/A E700 with EZ Kart,,USD 2625.00,GeoRipper - Units,GeoRipper,MiniTrencher,56.00,36.00,12.00,12.00,true,,goods,2,,,Active,EA,GRTA-E700EZ,810075760385,810075760385,,22A,USD 546.42,Georipper - Unit,,Finished Goods,fifo,,,0.00,USD 0.00,Green PVC Tool Bag,MT0099,1.000000,Assembly,
6212012000000441233,GeoRipper(R)T/A E700 with EZ Kart,,USD 2625.00,GeoRipper - Units,GeoRipper,MiniTrencher,56.00,36.00,12.00,12.00,true,,goods,2,,,Active,EA,GRTA-E700EZ,810075760385,810075760385,,22A,USD 546.42,Georipper - Unit,,Finished Goods,fifo,,,0.00,USD 0.00,M8 X 1.25 Flanged Nyloc Nut,GRKM7681.6,3.000000,Assembly,
6212012000000441233,GeoRipper(R)T/A E700 with EZ Kart,,USD 2625.00,GeoRipper - Units,GeoRipper,MiniTrencher,56.00,36.00,12.00,12.00,true,,goods,2,,,Active,EA,GRTA-E700EZ,810075760385,810075760385,,22A,USD 546.42,Georipper - Unit,,Finished Goods,fifo,,,0.00,USD 0.00,13mm Embossed Wrench,MT0013,1.000000,Assembly,
6212012000000441233,GeoRipper(R)T/A E700 with EZ Kart,,USD 2625.00,GeoRipper - Units,GeoRipper,MiniTrencher,56.00,36.00,12.00,12.00,true,,goods,2,,,Active,EA,GRTA-E700EZ,810075760385,810075760385,,22A,USD 546.42,Georipper - Unit,,Finished Goods,fifo,,,0.00,USD 0.00,18mm Embossed Wrench,MT0018,1.000000,Assembly,
6212012000000441233,GeoRipper(R)T/A E700 with EZ Kart,,USD 2625.00,GeoRipper - Units,GeoRipper,MiniTrencher,56.00,36.00,12.00,12.00,true,,goods,2,,,Active,EA,GRTA-E700EZ,810075760385,810075760385,,22A,USD 546.42,Georipper - Unit,,Finished Goods,fifo,,,0.00,USD 0.00,"Belt for 'The GeoRipper', Husqvarna K770 & Echo CSG-7410",MTB77-00,1.000000,Assembly,
6212012000000441233,GeoRipper(R)T/A E700 with EZ Kart,,USD 2625.00,GeoRipper - Units,GeoRipper,MiniTrencher,56.00,36.00,12.00,12.00,true,,goods,2,,,Active,EA,GRTA-E700EZ,810075760385,810075760385,,22A,USD 546.42,Georipper - Unit,,Finished Goods,fifo,,,0.00,USD 0.00,Bearing (Sealed) 6002-RS2,GR1.2,1.000000,Assembly,
6212012000000441233,GeoRipper(R)T/A E700 with EZ Kart,,USD 2625.00,GeoRipper - Units,GeoRipper,MiniTrencher,56.00,36.00,12.00,12.00,true,,goods,2,,,Active,EA,GRTA-E700EZ,810075760385,810075760385,,22A,USD 546.42,Georipper - Unit,,Finished Goods,fifo,,,0.00,USD 0.00,#50H Heavy Connecting Link Spring Clip,MT4004,1.000000,Assembly,
6212012000000441233,GeoRipper(R)T/A E700 with EZ Kart,,USD 2625.00,GeoRipper - Units,GeoRipper,MiniTrencher,56.00,36.00,12.00,12.00,true,,goods,2,,,Active,EA,GRTA-E700EZ,810075760385,810075760385,,22A,USD 546.42,Georipper - Unit,,Finished Goods,fifo,,,0.00,USD 0.00,M8x1.25x20 Countersunk 5mm Hex Drive Bolt 12.9grade,GR0.3.2,3.000000,Assembly,
6212012000000441233,GeoRipper(R)T/A E700 with EZ Kart,,USD 2625.00,GeoRipper - Units,GeoRipper,MiniTrencher,56.00,36.00,12.00,12.00,true,,goods,2,,,Active,EA,GRTA-E700EZ,810075760385,810075760385,,22A,USD 546.42,Georipper - Unit,,Finished Goods,fifo,,,0.00,USD 0.00,Owners Manual - GeoRipperT/A,GRTA-LIT-OM,1.000000,Assembly,
6212012000000441233,GeoRipper(R)T/A E700 with EZ Kart,,USD 2625.00,GeoRipper - Units,GeoRipper,MiniTrencher,56.00,36.00,12.00,12.00,true,,goods,2,,,Active,EA,GRTA-E700EZ,810075760385,810075760385,,22A,USD 546.42,Georipper - Unit,,Finished Goods,fifo,,,0.00,USD 0.00,GeoRipper Warranty Postcard,GR-LIT-WP,1.000000,Assembly,
6212012000000441233,GeoRipper(R)T/A E700 with EZ Kart,,USD 2625.00,GeoRipper - Units,GeoRipper,MiniTrencher,56.00,36.00,12.00,12.00,true,,goods,2,,,Active,EA,GRTA-E700EZ,810075760385,810075760385,,22A,USD 546.42,Georipper - Unit,,Finished Goods,fifo,,,0.00,USD 0.00,GeoRipper Minitrencher 27-Inch Digging Bar,MT3700,1.000000,Assembly,
6212012000000441233,GeoRipper(R)T/A E700 with EZ Kart,,USD 2625.00,GeoRipper - Units,GeoRipper,MiniTrencher,56.00,36.00,12.00,12.00,true,,goods,2,,,Active,EA,GRTA-E700EZ,810075760385,810075760385,,22A,USD 546.42,Georipper - Unit,,Finished Goods,fifo,,,0.00,USD 0.00,GeoRipper 27-Inch Minitrencher Digging Chain (2 Pack),MT4702,1.000000,Assembly,
6212012000000441233,GeoRipper(R)T/A E700 with EZ Kart,,USD 2625.00,GeoRipper - Units,GeoRipper,MiniTrencher,56.00,36.00,12.00,12.00,true,,goods,2,,,Active,EA,GRTA-E700EZ,810075760385,810075760385,,22A,USD 546.42,Georipper - Unit,,Finished Goods,fifo,,,0.00,USD 0.00,GeoRipper Minitrencher Universal EZ Kart,EZ100,1.000000,Assembly,
6212012000000441233,GeoRipper(R)T/A E700 with EZ Kart,,USD 2625.00,GeoRipper - Units,GeoRipper,MiniTrencher,56.00,36.00,12.00,12.00,true,,goods,2,,,Active,EA,GRTA-E700EZ,810075760385,810075760385,,22A,USD 546.42,Georipper - Unit,,Finished Goods,fifo,,,0.00,USD 0.00,Box - TASPACER,MT95192,2.000000,Assembly,
6212012000000441233,GeoRipper(R)T/A E700 with EZ Kart,,USD 2625.00,GeoRipper - Units,GeoRipper,MiniTrencher,56.00,36.00,12.00,12.00,true,,goods,2,,,Active,EA,GRTA-E700EZ,810075760385,810075760385,,22A,USD 546.42,Georipper - Unit,,Finished Goods,fifo,,,0.00,USD 0.00,Box - TA700,MT95197,1.000000,Assembly,
6212012000000441233,GeoRipper(R)T/A E700 with EZ Kart,,USD 2625.00,GeoRipper - Units,GeoRipper,MiniTrencher,56.00,36.00,12.00,12.00,true,,goods,2,,,Active,EA,GRTA-E700EZ,810075760385,810075760385,,22A,USD 546.42,Georipper - Unit,,Finished Goods,fifo,,,0.00,USD 0.00,Foam Insert - GeoRipperT/A Box,MT0091,1.000000,Assembly,
6212012000000441233,GeoRipper(R)T/A E700 with EZ Kart,,USD 2625.00,GeoRipper - Units,GeoRipper,MiniTrencher,56.00,36.00,12.00,12.00,true,,goods,2,,,Active,EA,GRTA-E700EZ,810075760385,810075760385,,22A,USD 546.42,Georipper - Unit,,Finished Goods,fifo,,,0.00,USD 0.00,Sticker - 811 - Call Before You Dig,GRS3,1.000000,Assembly,
6212012000000441233,GeoRipper(R)T/A E700 with EZ Kart,,USD 2625.00,GeoRipper - Units,GeoRipper,MiniTrencher,56.00,36.00,12.00,12.00,true,,goods,2,,,Active,EA,GRTA-E700EZ,810075760385,810075760385,,22A,USD 546.42,Georipper - Unit,,Finished Goods,fifo,,,0.00,USD 0.00,Pulley for 'The GeoRipper' & Husqvarna K770 GeoRipperT/A,H1001,1.000000,Assembly,
6212012000000441233,GeoRipper(R)T/A E700 with EZ Kart,,USD 2625.00,GeoRipper - Units,GeoRipper,MiniTrencher,56.00,36.00,12.00,12.00,true,,goods,2,,,Active,EA,GRTA-E700EZ,810075760385,810075760385,,22A,USD 546.42,Georipper - Unit,,Finished Goods,fifo,,,0.00,USD 0.00,Warehouse Hourly Labor,Labor30,1.000000,Assembly,
6212012000000441334,"SiBore / GeoRipper e/B Combo Kit w/ Makita 40V XGT Motor 16""/216e",,USD 4800.00,SiBore Drill - Units,,,0.00,0.00,0.00,0.00,true,,goods,2,,,Inactive,EA,SBGR-4216e,,,,,USD 1735.29,SiBore Drill - Unit,,Finished Goods,fifo,,,0.00,USD 0.00,Makita 40V max XGT BL Earth Auger Kit,GGD01M1,1.000000,Assembly,
6212012000000441334,"SiBore / GeoRipper e/B Combo Kit w/ Makita 40V XGT Motor 16""/216e",,USD 4800.00,SiBore Drill - Units,,,0.00,0.00,0.00,0.00,true,,goods,2,,,Inactive,EA,SBGR-4216e,,,,,USD 1735.29,SiBore Drill - Unit,,Finished Goods,fifo,,,0.00,USD 0.00,SiBore Drill - Lower Unit,SB0250,1.000000,Assembly,
6212012000000441334,"SiBore / GeoRipper e/B Combo Kit w/ Makita 40V XGT Motor 16""/216e",,USD 4800.00,SiBore Drill - Units,,,0.00,0.00,0.00,0.00,true,,goods,2,,,Inactive,EA,SBGR-4216e,,,,,USD 1735.29,SiBore Drill - Unit,,Finished Goods,fifo,,,0.00,USD 0.00,SiBore Drill - Shipping Box,SBBOX1,1.000000,Assembly,
6212012000000441334,"SiBore / GeoRipper e/B Combo Kit w/ Makita 40V XGT Motor 16""/216e",,USD 4800.00,SiBore Drill - Units,,,0.00,0.00,0.00,0.00,true,,goods,2,,,Inactive,EA,SBGR-4216e,,,,,USD 1735.29,SiBore Drill - Unit,,Finished Goods,fifo,,,0.00,USD 0.00,SiBore Drill - Makita Adapter Plate,SB9100,1.000000,Assembly,
6212012000000441334,"SiBore / GeoRipper e/B Combo Kit w/ Makita 40V XGT Motor 16""/216e",,USD 4800.00,SiBore Drill - Units,,,0.00,0.00,0.00,0.00,true,,goods,2,,,Inactive,EA,SBGR-4216e,,,,,USD 1735.29,SiBore Drill - Unit,,Finished Goods,fifo,,,0.00,USD 0.00,SiBore Drill - Makita Drive Adapter,SB9200,1.000000,Assembly,
6212012000000441334,"SiBore / GeoRipper e/B Combo Kit w/ Makita 40V XGT Motor 16""/216e",,USD 4800.00,SiBore Drill - Units,,,0.00,0.00,0.00,0.00,true,,goods,2,,,Inactive,EA,SBGR-4216e,,,,,USD 1735.29,SiBore Drill - Unit,,Finished Goods,fifo,,,0.00,USD 0.00,Axle Adapter for Makita e/B,MT8008,1.000000,Assembly,
6212012000000441334,"SiBore / GeoRipper e/B Combo Kit w/ Makita 40V XGT Motor 16""/216e",,USD 4800.00,SiBore Drill - Units,,,0.00,0.00,0.00,0.00,true,,goods,2,,,Inactive,EA,SBGR-4216e,,,,,USD 1735.29,SiBore Drill - Unit,,Finished Goods,fifo,,,0.00,USD 0.00,"SiBore Drill - 32"" Extension",SB3200,3.000000,Assembly,
6212012000000441334,"SiBore / GeoRipper e/B Combo Kit w/ Makita 40V XGT Motor 16""/216e",,USD 4800.00,SiBore Drill - Units,,,0.00,0.00,0.00,0.00,true,,goods,2,,,Inactive,EA,SBGR-4216e,,,,,USD 1735.29,SiBore Drill - Unit,,Finished Goods,fifo,,,0.00,USD 0.00,"SiBore Drill - 2"" Auger Bit",SB2000,1.000000,Assembly,
6212012000000441334,"SiBore / GeoRipper e/B Combo Kit w/ Makita 40V XGT Motor 16""/216e",,USD 4800.00,SiBore Drill - Units,,,0.00,0.00,0.00,0.00,true,,goods,2,,,Inactive,EA,SBGR-4216e,,,,,USD 1735.29,SiBore Drill - Unit,,Finished Goods,fifo,,,0.00,USD 0.00,"SiBore Drill - 4"" Auger Bit",SB4000,1.000000,Assembly,
6212012000000441334,"SiBore / GeoRipper e/B Combo Kit w/ Makita 40V XGT Motor 16""/216e",,USD 4800.00,SiBore Drill - Units,,,0.00,0.00,0.00,0.00,true,,goods,2,,,Inactive,EA,SBGR-4216e,,,,,USD 1735.29,SiBore Drill - Unit,,Finished Goods,fifo,,,0.00,USD 0.00,SiBore Accessory Bag,SBACCBAG,1.000000,Assembly,
6212012000000441334,"SiBore / GeoRipper e/B Combo Kit w/ Makita 40V XGT Motor 16""/216e",,USD 4800.00,SiBore Drill - Units,,,0.00,0.00,0.00,0.00,true,,goods,2,,,Inactive,EA,SBGR-4216e,,,,,USD 1735.29,SiBore Drill - Unit,,Finished Goods,fifo,,,0.00,USD 0.00,GeoRipper e/B 400 for Makita 40V XGT Motor - Kit,GREB400-MAK-NM,1.000000,Assembly,
6212012000000441334,"SiBore / GeoRipper e/B Combo Kit w/ Makita 40V XGT Motor 16""/216e",,USD 4800.00,SiBore Drill - Units,,,0.00,0.00,0.00,0.00,true,,goods,2,,,Inactive,EA,SBGR-4216e,,,,,USD 1735.29,SiBore Drill - Unit,,Finished Goods,fifo,,,0.00,USD 0.00,Warehouse Hourly Labor,Labor30,1.000000,Assembly,
6212012000000441371,"SiBore / GeoRipper e/B Combo Kit w/ Makita 40V XGT Motor 16""/431e",,USD 5700.00,SiBore Drill - Units,,,0.00,0.00,0.00,0.00,true,,goods,2,,,Inactive,EA,SBGR-4431e,,,,,USD 2180.16,SiBore Drill - Unit,,Finished Goods,fifo,,,0.00,USD 0.00,Makita 40V max XGT BL Earth Auger Kit,GGD01M1,1.000000,Assembly,
6212012000000441371,"SiBore / GeoRipper e/B Combo Kit w/ Makita 40V XGT Motor 16""/431e",,USD 5700.00,SiBore Drill - Units,,,0.00,0.00,0.00,0.00,true,,goods,2,,,Inactive,EA,SBGR-4431e,,,,,USD 2180.16,SiBore Drill - Unit,,Finished Goods,fifo,,,0.00,USD 0.00,SiBore Drill - Lower Unit,SB0250,1.000000,Assembly,
6212012000000441371,"SiBore / GeoRipper e/B Combo Kit w/ Makita 40V XGT Motor 16""/431e",,USD 5700.00,SiBore Drill - Units,,,0.00,0.00,0.00,0.00,true,,goods,2,,,Inactive,EA,SBGR-4431e,,,,,USD 2180.16,SiBore Drill - Unit,,Finished Goods,fifo,,,0.00,USD 0.00,SiBore Drill - Shipping Box,SBBOX1,1.000000,Assembly,
6212012000000441371,"SiBore / GeoRipper e/B Combo Kit w/ Makita 40V XGT Motor 16""/431e",,USD 5700.00,SiBore Drill - Units,,,0.00,0.00,0.00,0.00,true,,goods,2,,,Inactive,EA,SBGR-4431e,,,,,USD 2180.16,SiBore Drill - Unit,,Finished Goods,fifo,,,0.00,USD 0.00,SiBore Drill - Makita Adapter Plate,SB9100,1.000000,Assembly,
6212012000000441371,"SiBore / GeoRipper e/B Combo Kit w/ Makita 40V XGT Motor 16""/431e",,USD 5700.00,SiBore Drill - Units,,,0.00,0.00,0.00,0.00,true,,goods,2,,,Inactive,EA,SBGR-4431e,,,,,USD 2180.16,SiBore Drill - Unit,,Finished Goods,fifo,,,0.00,USD 0.00,SiBore Drill - Makita Drive Adapter,SB9200,1.000000,Assembly,
6212012000000441371,"SiBore / GeoRipper e/B Combo Kit w/ Makita 40V XGT Motor 16""/431e",,USD 5700.00,SiBore Drill - Units,,,0.00,0.00,0.00,0.00,true,,goods,2,,,Inactive,EA,SBGR-4431e,,,,,USD 2180.16,SiBore Drill - Unit,,Finished Goods,fifo,,,0.00,USD 0.00,Axle Adapter for Makita e/B,MT8008,1.000000,Assembly,
6212012000000441371,"SiBore / GeoRipper e/B Combo Kit w/ Makita 40V XGT Motor 16""/431e",,USD 5700.00,SiBore Drill - Units,,,0.00,0.00,0.00,0.00,true,,goods,2,,,Inactive,EA,SBGR-4431e,,,,,USD 2180.16,SiBore Drill - Unit,,Finished Goods,fifo,,,0.00,USD 0.00,"SiBore Drill - 32"" Extension",SB3200,3.000000,Assembly,
6212012000000441371,"SiBore / GeoRipper e/B Combo Kit w/ Makita 40V XGT Motor 16""/431e",,USD 5700.00,SiBore Drill - Units,,,0.00,0.00,0.00,0.00,true,,goods,2,,,Inactive,EA,SBGR-4431e,,,,,USD 2180.16,SiBore Drill - Unit,,Finished Goods,fifo,,,0.00,USD 0.00,"SiBore Drill - 2"" Auger Bit",SB2000,1.000000,Assembly,
6212012000000441371,"SiBore / GeoRipper e/B Combo Kit w/ Makita 40V XGT Motor 16""/431e",,USD 5700.00,SiBore Drill - Units,,,0.00,0.00,0.00,0.00,true,,goods,2,,,Inactive,EA,SBGR-4431e,,,,,USD 2180.16,SiBore Drill - Unit,,Finished Goods,fifo,,,0.00,USD 0.00,"SiBore Drill - 4"" Auger Bit",SB4000,1.000000,Assembly,
6212012000000441371,"SiBore / GeoRipper e/B Combo Kit w/ Makita 40V XGT Motor 16""/431e",,USD 5700.00,SiBore Drill - Units,,,0.00,0.00,0.00,0.00,true,,goods,2,,,Inactive,EA,SBGR-4431e,,,,,USD 2180.16,SiBore Drill - Unit,,Finished Goods,fifo,,,0.00,USD 0.00,"SiBore Drill - 1"" Bore Head",SB1000,2.000000,Assembly,
6212012000000441371,"SiBore / GeoRipper e/B Combo Kit w/ Makita 40V XGT Motor 16""/431e",,USD 5700.00,SiBore Drill - Units,,,0.00,0.00,0.00,0.00,true,,goods,2,,,Inactive,EA,SBGR-4431e,,,,,USD 2180.16,SiBore Drill - Unit,,Finished Goods,fifo,,,0.00,USD 0.00,SiBore Drill - Swivel Cable Puller,SB1500,1.000000,Assembly,
6212012000000441371,"SiBore / GeoRipper e/B Combo Kit w/ Makita 40V XGT Motor 16""/431e",,USD 5700.00,SiBore Drill - Units,,,0.00,0.00,0.00,0.00,true,,goods,2,,,Inactive,EA,SBGR-4431e,,,,,USD 2180.16,SiBore Drill - Unit,,Finished Goods,fifo,,,0.00,USD 0.00,"SiBore Drill - 36"" Drill Rod w/ Coupling Nut",SB3600,8.000000,Assembly,
6212012000000441371,"SiBore / GeoRipper e/B Combo Kit w/ Makita 40V XGT Motor 16""/431e",,USD 5700.00,SiBore Drill - Units,,,0.00,0.00,0.00,0.00,true,,goods,2,,,Inactive,EA,SBGR-4431e,,,,,USD 2180.16,SiBore Drill - Unit,,Finished Goods,fifo,,,0.00,USD 0.00,SiBore Drill - MicroBore Adapter,SB9000,1.000000,Assembly,
6212012000000441371,"SiBore / GeoRipper e/B Combo Kit w/ Makita 40V XGT Motor 16""/431e",,USD 5700.00,SiBore Drill - Units,,,0.00,0.00,0.00,0.00,true,,goods,2,,,Inactive,EA,SBGR-4431e,,,,,USD 2180.16,SiBore Drill - Unit,,Finished Goods,fifo,,,0.00,USD 0.00,SiBore Accessory Bag,SBACCBAG,1.000000,Assembly,
6212012000000441371,"SiBore / GeoRipper e/B Combo Kit w/ Makita 40V XGT Motor 16""/431e",,USD 5700.00,SiBore Drill - Units,,,0.00,0.00,0.00,0.00,true,,goods,2,,,Inactive,EA,SBGR-4431e,,,,,USD 2180.16,SiBore Drill - Unit,,Finished Goods,fifo,,,0.00,USD 0.00,GeoRipper e/B 400 for Makita 40V XGT Motor - Kit,GREB400-MAK-NM,1.000000,Assembly,
6212012000000441371,"SiBore / GeoRipper e/B Combo Kit w/ Makita 40V XGT Motor 16""/431e",,USD 5700.00,SiBore Drill - Units,,,0.00,0.00,0.00,0.00,true,,goods,2,,,Inactive,EA,SBGR-4431e,,,,,USD 2180.16,SiBore Drill - Unit,,Finished Goods,fifo,,,0.00,USD 0.00,Warehouse Hourly Labor,Labor30,1.500000,Assembly,
6212012000000441416,"SiBore / GeoRipper e/B Combo Kit w/ Makita 40V XGT Motor 16""/215e",,USD 5000.00,SiBore Drill - Units,,,0.00,0.00,0.00,0.00,true,,goods,2,,,Inactive,EA,SBGR-4215e,,,,,USD 1801.57,SiBore Drill - Unit,,Finished Goods,fifo,,,0.00,USD 0.00,Makita 40V max XGT BL Earth Auger Kit,GGD01M1,1.000000,Assembly,
6212012000000441416,"SiBore / GeoRipper e/B Combo Kit w/ Makita 40V XGT Motor 16""/215e",,USD 5000.00,SiBore Drill - Units,,,0.00,0.00,0.00,0.00,true,,goods,2,,,Inactive,EA,SBGR-4215e,,,,,USD 1801.57,SiBore Drill - Unit,,Finished Goods,fifo,,,0.00,USD 0.00,SiBore Drill - Lower Unit,SB0250,1.000000,Assembly,
6212012000000441416,"SiBore / GeoRipper e/B Combo Kit w/ Makita 40V XGT Motor 16""/215e",,USD 5000.00,SiBore Drill - Units,,,0.00,0.00,0.00,0.00,true,,goods,2,,,Inactive,EA,SBGR-4215e,,,,,USD 1801.57,SiBore Drill - Unit,,Finished Goods,fifo,,,0.00,USD 0.00,SiBore Accessory Bag,SBACCBAG,1.000000,Assembly,
6212012000000441416,"SiBore / GeoRipper e/B Combo Kit w/ Makita 40V XGT Motor 16""/215e",,USD 5000.00,SiBore Drill - Units,,,0.00,0.00,0.00,0.00,true,,goods,2,,,Inactive,EA,SBGR-4215e,,,,,USD 1801.57,SiBore Drill - Unit,,Finished Goods,fifo,,,0.00,USD 0.00,SiBore Drill - Shipping Box,SBBOX1,1.000000,Assembly,
6212012000000441416,"SiBore / GeoRipper e/B Combo Kit w/ Makita 40V XGT Motor 16""/215e",,USD 5000.00,SiBore Drill - Units,,,0.00,0.00,0.00,0.00,true,,goods,2,,,Inactive,EA,SBGR-4215e,,,,,USD 1801.57,SiBore Drill - Unit,,Finished Goods,fifo,,,0.00,USD 0.00,"SiBore Drill - 1"" Bore Head",SB1000,2.000000,Assembly,
6212012000000441416,"SiBore / GeoRipper e/B Combo Kit w/ Makita 40V XGT Motor 16""/215e",,USD 5000.00,SiBore Drill - Units,,,0.00,0.00,0.00,0.00,true,,goods,2,,,Inactive,EA,SBGR-4215e,,,,,USD 1801.57,SiBore Drill - Unit,,Finished Goods,fifo,,,0.00,USD 0.00,SiBore Drill - Swivel Cable Puller,SB1500,1.000000,Assembly,
6212012000000441416,"SiBore / GeoRipper e/B Combo Kit w/ Makita 40V XGT Motor 16""/215e",,USD 5000.00,SiBore Drill - Units,,,0.00,0.00,0.00,0.00,true,,goods,2,,,Inactive,EA,SBGR-4215e,,,,,USD 1801.57,SiBore Drill - Unit,,Finished Goods,fifo,,,0.00,USD 0.00,SiBore Drill - Makita Adapter Plate,SB9100,1.000000,Assembly,
6212012000000441416,"SiBore / GeoRipper e/B Combo Kit w/ Makita 40V XGT Motor 16""/215e",,USD 5000.00,SiBore Drill - Units,,,0.00,0.00,0.00,0.00,true,,goods,2,,,Inactive,EA,SBGR-4215e,,,,,USD 1801.57,SiBore Drill - Unit,,Finished Goods,fifo,,,0.00,USD 0.00,SiBore Drill - Makita Drive Adapter,SB9200,1.000000,Assembly,
6212012000000441416,"SiBore / GeoRipper e/B Combo Kit w/ Makita 40V XGT Motor 16""/215e",,USD 5000.00,SiBore Drill - Units,,,0.00,0.00,0.00,0.00,true,,goods,2,,,Inactive,EA,SBGR-4215e,,,,,USD 1801.57,SiBore Drill - Unit,,Finished Goods,fifo,,,0.00,USD 0.00,"SiBore Drill - 36"" Drill Rod w/ Coupling Nut",SB3600,8.000000,Assembly,
6212012000000441416,"SiBore / GeoRipper e/B Combo Kit w/ Makita 40V XGT Motor 16""/215e",,USD 5000.00,SiBore Drill - Units,,,0.00,0.00,0.00,0.00,true,,goods,2,,,Inactive,EA,SBGR-4215e,,,,,USD 1801.57,SiBore Drill - Unit,,Finished Goods,fifo,,,0.00,USD 0.00,SiBore Drill - MicroBore Adapter,SB9000,1.000000,Assembly,
6212012000000441416,"SiBore / GeoRipper e/B Combo Kit w/ Makita 40V XGT Motor 16""/215e",,USD 5000.00,SiBore Drill - Units,,,0.00,0.00,0.00,0.00,true,,goods,2,,,Inactive,EA,SBGR-4215e,,,,,USD 1801.57,SiBore Drill - Unit,,Finished Goods,fifo,,,0.00,USD 0.00,GeoRipper e/B 400 for Makita 40V XGT Motor - Kit,GREB400-MAK-NM,1.000000,Assembly,
6212012000000441416,"SiBore / GeoRipper e/B Combo Kit w/ Makita 40V XGT Motor 16""/215e",,USD 5000.00,SiBore Drill - Units,,,0.00,0.00,0.00,0.00,true,,goods,2,,,Inactive,EA,SBGR-4215e,,,,,USD 1801.57,SiBore Drill - Unit,,Finished Goods,fifo,,,0.00,USD 0.00,Warehouse Hourly Labor,Labor30,1.000000,Assembly,
6212012000000441554,GeoRipper(R)T/A E500 with EZ Kart,,USD 1800.00,GeoRipper - Units,GeoRipper,MiniTrencher,48.00,36.00,12.00,12.00,true,,goods,2,,,Active,EA,GRTA-E500EZ,810075760729,810075760729,,23A,USD 507.59,Georipper - Unit,,Finished Goods,fifo,,,0.00,USD 0.00,GeoRipper(r)T/A Casting fits Echo CSG-7410,E1000,1.000000,Assembly,
6212012000000441554,GeoRipper(R)T/A E500 with EZ Kart,,USD 1800.00,GeoRipper - Units,GeoRipper,MiniTrencher,48.00,36.00,12.00,12.00,true,,goods,2,,,Active,EA,GRTA-E500EZ,810075760729,810075760729,,23A,USD 507.59,Georipper - Unit,,Finished Goods,fifo,,,0.00,USD 0.00,Bearing - 6203 RS,MT0062,2.000000,Assembly,
6212012000000441554,GeoRipper(R)T/A E500 with EZ Kart,,USD 1800.00,GeoRipper - Units,GeoRipper,MiniTrencher,48.00,36.00,12.00,12.00,true,,goods,2,,,Active,EA,GRTA-E500EZ,810075760729,810075760729,,23A,USD 507.59,Georipper - Unit,,Finished Goods,fifo,,,0.00,USD 0.00,R40 Snap Ring,MT0040,1.000000,Assembly,
6212012000000441554,GeoRipper(R)T/A E500 with EZ Kart,,USD 1800.00,GeoRipper - Units,GeoRipper,MiniTrencher,48.00,36.00,12.00,12.00,true,,goods,2,,,Active,EA,GRTA-E500EZ,810075760729,810075760729,,23A,USD 507.59,Georipper - Unit,,Finished Goods,fifo,,,0.00,USD 0.00,Drive Axle for all GeoRipperT/A,MT9002,1.000000,Assembly,
6212012000000441554,GeoRipper(R)T/A E500 with EZ Kart,,USD 1800.00,GeoRipper - Units,GeoRipper,MiniTrencher,48.00,36.00,12.00,12.00,true,,goods,2,,,Active,EA,GRTA-E500EZ,810075760729,810075760729,,23A,USD 507.59,Georipper - Unit,,Finished Goods,fifo,,,0.00,USD 0.00,Spacer,MT0010,1.000000,Assembly,
6212012000000441554,GeoRipper(R)T/A E500 with EZ Kart,,USD 1800.00,GeoRipper - Units,GeoRipper,MiniTrencher,48.00,36.00,12.00,12.00,true,,goods,2,,,Active,EA,GRTA-E500EZ,810075760729,810075760729,,23A,USD 507.59,Georipper - Unit,,Finished Goods,fifo,,,0.00,USD 0.00,Labyrinth for all GeoRipperT/A,MT9003,1.000000,Assembly,
6212012000000441554,GeoRipper(R)T/A E500 with EZ Kart,,USD 1800.00,GeoRipper - Units,GeoRipper,MiniTrencher,48.00,36.00,12.00,12.00,true,,goods,2,,,Active,EA,GRTA-E500EZ,810075760729,810075760729,,23A,USD 507.59,Georipper - Unit,,Finished Goods,fifo,,,0.00,USD 0.00,Minitrencher Drive Sprocket for GeoRipper and GeoRipper(R)T/A,MT9001,1.000000,Assembly,
6212012000000441554,GeoRipper(R)T/A E500 with EZ Kart,,USD 1800.00,GeoRipper - Units,GeoRipper,MiniTrencher,48.00,36.00,12.00,12.00,true,,goods,2,,,Active,EA,GRTA-E500EZ,810075760729,810075760729,,23A,USD 507.59,Georipper - Unit,,Finished Goods,fifo,,,0.00,USD 0.00,M8 Zinc Plated Washer,MT0800,2.000000,Assembly,
6212012000000441554,GeoRipper(R)T/A E500 with EZ Kart,,USD 1800.00,GeoRipper - Units,GeoRipper,MiniTrencher,48.00,36.00,12.00,12.00,true,,goods,2,,,Active,EA,GRTA-E500EZ,810075760729,810075760729,,23A,USD 507.59,Georipper - Unit,,Finished Goods,fifo,,,0.00,USD 0.00,M8 x 1.25 x 50 Hex Bolt,MT0850,2.000000,Assembly,
6212012000000441554,GeoRipper(R)T/A E500 with EZ Kart,,USD 1800.00,GeoRipper - Units,GeoRipper,MiniTrencher,48.00,36.00,12.00,12.00,true,,goods,2,,,Active,EA,GRTA-E500EZ,810075760729,810075760729,,23A,USD 507.59,Georipper - Unit,,Finished Goods,fifo,,,0.00,USD 0.00,Dirt Deflector,MT8001,1.000000,Assembly,
6212012000000441554,GeoRipper(R)T/A E500 with EZ Kart,,USD 1800.00,GeoRipper - Units,GeoRipper,MiniTrencher,48.00,36.00,12.00,12.00,true,,goods,2,,,Active,EA,GRTA-E500EZ,810075760729,810075760729,,23A,USD 507.59,Georipper - Unit,,Finished Goods,fifo,,,0.00,USD 0.00,Mud Flap A,MT8002,1.000000,Assembly,
6212012000000441554,GeoRipper(R)T/A E500 with EZ Kart,,USD 1800.00,GeoRipper - Units,GeoRipper,MiniTrencher,48.00,36.00,12.00,12.00,true,,goods,2,,,Active,EA,GRTA-E500EZ,810075760729,810075760729,,23A,USD 507.59,Georipper - Unit,,Finished Goods,fifo,,,0.00,USD 0.00,Mud Flap B,MT8003,1.000000,Assembly,
6212012000000441554,GeoRipper(R)T/A E500 with EZ Kart,,USD 1800.00,GeoRipper - Units,GeoRipper,MiniTrencher,48.00,36.00,12.00,12.00,true,,goods,2,,,Active,EA,GRTA-E500EZ,810075760729,810075760729,,23A,USD 507.59,Georipper - Unit,,Finished Goods,fifo,,,0.00,USD 0.00,M5 X .8 X 16 Phillips Flat Machine Screw Plated,GR5.8,6.000000,Assembly,
6212012000000441554,GeoRipper(R)T/A E500 with EZ Kart,,USD 1800.00,GeoRipper - Units,GeoRipper,MiniTrencher,48.00,36.00,12.00,12.00,true,,goods,2,,,Active,EA,GRTA-E500EZ,810075760729,810075760729,,23A,USD 507.59,Georipper - Unit,,Finished Goods,fifo,,,0.00,USD 0.00,M5 x 18mm fender washer,GR5.12,6.000000,Assembly,
6212012000000441554,GeoRipper(R)T/A E500 with EZ Kart,,USD 1800.00,GeoRipper - Units,GeoRipper,MiniTrencher,48.00,36.00,12.00,12.00,true,,goods,2,,,Active,EA,GRTA-E500EZ,810075760729,810075760729,,23A,USD 507.59,Georipper - Unit,,Finished Goods,fifo,,,0.00,USD 0.00,M5 Nylock hex nut,GR5.11,6.000000,Assembly,
6212012000000441554,GeoRipper(R)T/A E500 with EZ Kart,,USD 1800.00,GeoRipper - Units,GeoRipper,MiniTrencher,48.00,36.00,12.00,12.00,true,,goods,2,,,Active,EA,GRTA-E500EZ,810075760729,810075760729,,23A,USD 507.59,Georipper - Unit,,Finished Goods,fifo,,,0.00,USD 0.00,Bar Clamp Washer - Slotted,GR5.2,1.000000,Assembly,
6212012000000441554,GeoRipper(R)T/A E500 with EZ Kart,,USD 1800.00,GeoRipper - Units,GeoRipper,MiniTrencher,48.00,36.00,12.00,12.00,true,,goods,2,,,Active,EA,GRTA-E500EZ,810075760729,810075760729,,23A,USD 507.59,Georipper - Unit,,Finished Goods,fifo,,,0.00,USD 0.00,M12 X 1.75 X 30 Bolt 18mm Head,GR5.3,2.000000,Assembly,
6212012000000441554,GeoRipper(R)T/A E500 with EZ Kart,,USD 1800.00,GeoRipper - Units,GeoRipper,MiniTrencher,48.00,36.00,12.00,12.00,true,,goods,2,,,Active,EA,GRTA-E500EZ,810075760729,810075760729,,23A,USD 507.59,Georipper - Unit,,Finished Goods,fifo,,,0.00,USD 0.00,M12 Split Lock Washer,GR5.4,2.000000,Assembly,
6212012000000441554,GeoRipper(R)T/A E500 with EZ Kart,,USD 1800.00,GeoRipper - Units,GeoRipper,MiniTrencher,48.00,36.00,12.00,12.00,true,,goods,2,,,Active,EA,GRTA-E500EZ,810075760729,810075760729,,23A,USD 507.59,Georipper - Unit,,Finished Goods,fifo,,,0.00,USD 0.00,M8 X 1.25 Flanged Nyloc Nut,GRKM7681.6,2.000000,Assembly,
6212012000000441554,GeoRipper(R)T/A E500 with EZ Kart,,USD 1800.00,GeoRipper - Units,GeoRipper,MiniTrencher,48.00,36.00,12.00,12.00,true,,goods,2,,,Active,EA,GRTA-E500EZ,810075760729,810075760729,,23A,USD 507.59,Georipper - Unit,,Finished Goods,fifo,,,0.00,USD 0.00,Safety Bar - 500 Series GeoRipperT/A,MT7500,1.000000,Assembly,
6212012000000441554,GeoRipper(R)T/A E500 with EZ Kart,,USD 1800.00,GeoRipper - Units,GeoRipper,MiniTrencher,48.00,36.00,12.00,12.00,true,,goods,2,,,Active,EA,GRTA-E500EZ,810075760729,810075760729,,23A,USD 507.59,Georipper - Unit,,Finished Goods,fifo,,,0.00,USD 0.00,M8 x 1.25 x 12 Bolt for Safety Bar,MT0812,2.000000,Assembly,
6212012000000441554,GeoRipper(R)T/A E500 with EZ Kart,,USD 1800.00,GeoRipper - Units,GeoRipper,MiniTrencher,48.00,36.00,12.00,12.00,true,,goods,2,,,Active,EA,GRTA-E500EZ,810075760729,810075760729,,23A,USD 507.59,Georipper - Unit,,Finished Goods,fifo,,,0.00,USD 0.00,M8 split lock washer zinc plated,MT0804,2.000000,Assembly,
6212012000000441554,GeoRipper(R)T/A E500 with EZ Kart,,USD 1800.00,GeoRipper - Units,GeoRipper,MiniTrencher,48.00,36.00,12.00,12.00,true,,goods,2,,,Active,EA,GRTA-E500EZ,810075760729,810075760729,,23A,USD 507.59,Georipper - Unit,,Finished Goods,fifo,,,0.00,USD 0.00,Green PVC Tool Bag,MT0099,1.000000,Assembly,
6212012000000441554,GeoRipper(R)T/A E500 with EZ Kart,,USD 1800.00,GeoRipper - Units,GeoRipper,MiniTrencher,48.00,36.00,12.00,12.00,true,,goods,2,,,Active,EA,GRTA-E500EZ,810075760729,810075760729,,23A,USD 507.59,Georipper - Unit,,Finished Goods,fifo,,,0.00,USD 0.00,13mm Embossed Wrench,MT0013,1.000000,Assembly,
6212012000000441554,GeoRipper(R)T/A E500 with EZ Kart,,USD 1800.00,GeoRipper - Units,GeoRipper,MiniTrencher,48.00,36.00,12.00,12.00,true,,goods,2,,,Active,EA,GRTA-E500EZ,810075760729,810075760729,,23A,USD 507.59,Georipper - Unit,,Finished Goods,fifo,,,0.00,USD 0.00,18mm Embossed Wrench,MT0018,1.000000,Assembly,
6212012000000441554,GeoRipper(R)T/A E500 with EZ Kart,,USD 1800.00,GeoRipper - Units,GeoRipper,MiniTrencher,48.00,36.00,12.00,12.00,true,,goods,2,,,Active,EA,GRTA-E500EZ,810075760729,810075760729,,23A,USD 507.59,Georipper - Unit,,Finished Goods,fifo,,,0.00,USD 0.00,"Belt for 'The GeoRipper', Husqvarna K770 & Echo CSG-7410",MTB77-00,1.000000,Assembly,
6212012000000441554,GeoRipper(R)T/A E500 with EZ Kart,,USD 1800.00,GeoRipper - Units,GeoRipper,MiniTrencher,48.00,36.00,12.00,12.00,true,,goods,2,,,Active,EA,GRTA-E500EZ,810075760729,810075760729,,23A,USD 507.59,Georipper - Unit,,Finished Goods,fifo,,,0.00,USD 0.00,Pulley for 'The GeoRipper' & Husqvarna K770 GeoRipperT/A,H1001,1.000000,Assembly,
6212012000000441554,GeoRipper(R)T/A E500 with EZ Kart,,USD 1800.00,GeoRipper - Units,GeoRipper,MiniTrencher,48.00,36.00,12.00,12.00,true,,goods,2,,,Active,EA,GRTA-E500EZ,810075760729,810075760729,,23A,USD 507.59,Georipper - Unit,,Finished Goods,fifo,,,0.00,USD 0.00,Bearing (Sealed) 6002-RS2,GR1.2,1.000000,Assembly,
6212012000000441554,GeoRipper(R)T/A E500 with EZ Kart,,USD 1800.00,GeoRipper - Units,GeoRipper,MiniTrencher,48.00,36.00,12.00,12.00,true,,goods,2,,,Active,EA,GRTA-E500EZ,810075760729,810075760729,,23A,USD 507.59,Georipper - Unit,,Finished Goods,fifo,,,0.00,USD 0.00,M8x1.25x20 Countersunk 5mm Hex Drive Bolt 12.9grade,GR0.3.2,3.000000,Assembly,
6212012000000441554,GeoRipper(R)T/A E500 with EZ Kart,,USD 1800.00,GeoRipper - Units,GeoRipper,MiniTrencher,48.00,36.00,12.00,12.00,true,,goods,2,,,Active,EA,GRTA-E500EZ,810075760729,810075760729,,23A,USD 507.59,Georipper - Unit,,Finished Goods,fifo,,,0.00,USD 0.00,#50H Heavy Connecting Link Spring Clip,MT4004,1.000000,Assembly,
6212012000000441554,GeoRipper(R)T/A E500 with EZ Kart,,USD 1800.00,GeoRipper - Units,GeoRipper,MiniTrencher,48.00,36.00,12.00,12.00,true,,goods,2,,,Active,EA,GRTA-E500EZ,810075760729,810075760729,,23A,USD 507.59,Georipper - Unit,,Finished Goods,fifo,,,0.00,USD 0.00,Owners Manual - GeoRipperT/A,GRTA-LIT-OM,1.000000,Assembly,
6212012000000441554,GeoRipper(R)T/A E500 with EZ Kart,,USD 1800.00,GeoRipper - Units,GeoRipper,MiniTrencher,48.00,36.00,12.00,12.00,true,,goods,2,,,Active,EA,GRTA-E500EZ,810075760729,810075760729,,23A,USD 507.59,Georipper - Unit,,Finished Goods,fifo,,,0.00,USD 0.00,GeoRipper Warranty Postcard,GR-LIT-WP,1.000000,Assembly,
6212012000000441554,GeoRipper(R)T/A E500 with EZ Kart,,USD 1800.00,GeoRipper - Units,GeoRipper,MiniTrencher,48.00,36.00,12.00,12.00,true,,goods,2,,,Active,EA,GRTA-E500EZ,810075760729,810075760729,,23A,USD 507.59,Georipper - Unit,,Finished Goods,fifo,,,0.00,USD 0.00,GeoRipper Minitrencher 20-Inch Digging Bar,MT3500,1.000000,Assembly,
6212012000000441554,GeoRipper(R)T/A E500 with EZ Kart,,USD 1800.00,GeoRipper - Units,GeoRipper,MiniTrencher,48.00,36.00,12.00,12.00,true,,goods,2,,,Active,EA,GRTA-E500EZ,810075760729,810075760729,,23A,USD 507.59,Georipper - Unit,,Finished Goods,fifo,,,0.00,USD 0.00,GeoRipper Minitrencher Universal EZ Kart,EZ100,1.000000,Assembly,
6212012000000441554,GeoRipper(R)T/A E500 with EZ Kart,,USD 1800.00,GeoRipper - Units,GeoRipper,MiniTrencher,48.00,36.00,12.00,12.00,true,,goods,2,,,Active,EA,GRTA-E500EZ,810075760729,810075760729,,23A,USD 507.59,Georipper - Unit,,Finished Goods,fifo,,,0.00,USD 0.00,Box - TASPACER,MT95192,2.000000,Assembly,
6212012000000441554,GeoRipper(R)T/A E500 with EZ Kart,,USD 1800.00,GeoRipper - Units,GeoRipper,MiniTrencher,48.00,36.00,12.00,12.00,true,,goods,2,,,Active,EA,GRTA-E500EZ,810075760729,810075760729,,23A,USD 507.59,Georipper - Unit,,Finished Goods,fifo,,,0.00,USD 0.00,Box - TA700,MT95197,1.000000,Assembly,
6212012000000441554,GeoRipper(R)T/A E500 with EZ Kart,,USD 1800.00,GeoRipper - Units,GeoRipper,MiniTrencher,48.00,36.00,12.00,12.00,true,,goods,2,,,Active,EA,GRTA-E500EZ,810075760729,810075760729,,23A,USD 507.59,Georipper - Unit,,Finished Goods,fifo,,,0.00,USD 0.00,Foam Insert - GeoRipperT/A Box,MT0091,1.000000,Assembly,
6212012000000441554,GeoRipper(R)T/A E500 with EZ Kart,,USD 1800.00,GeoRipper - Units,GeoRipper,MiniTrencher,48.00,36.00,12.00,12.00,true,,goods,2,,,Active,EA,GRTA-E500EZ,810075760729,810075760729,,23A,USD 507.59,Georipper - Unit,,Finished Goods,fifo,,,0.00,USD 0.00,Box - Bar 500,MT95016A,1.000000,Assembly,
6212012000000441554,GeoRipper(R)T/A E500 with EZ Kart,,USD 1800.00,GeoRipper - Units,GeoRipper,MiniTrencher,48.00,36.00,12.00,12.00,true,,goods,2,,,Active,EA,GRTA-E500EZ,810075760729,810075760729,,23A,USD 507.59,Georipper - Unit,,Finished Goods,fifo,,,0.00,USD 0.00,Sticker - 811 - Call Before You Dig,GRS3,1.000000,Assembly,
6212012000000441554,GeoRipper(R)T/A E500 with EZ Kart,,USD 1800.00,GeoRipper - Units,GeoRipper,MiniTrencher,48.00,36.00,12.00,12.00,true,,goods,2,,,Active,EA,GRTA-E500EZ,810075760729,810075760729,,23A,USD 507.59,Georipper - Unit,,Finished Goods,fifo,,,0.00,USD 0.00,Warehouse Hourly Labor,Labor30,1.000000,Assembly,
6212012000000441554,GeoRipper(R)T/A E500 with EZ Kart,,USD 1800.00,GeoRipper - Units,GeoRipper,MiniTrencher,48.00,36.00,12.00,12.00,true,,goods,2,,,Active,EA,GRTA-E500EZ,810075760729,810075760729,,23A,USD 507.59,Georipper - Unit,,Finished Goods,fifo,,,0.00,USD 0.00,M8 x 1.25 x 25 Hex Cap Screw,MT0825,2.000000,Assembly,
6212012000000441554,GeoRipper(R)T/A E500 with EZ Kart,,USD 1800.00,GeoRipper - Units,GeoRipper,MiniTrencher,48.00,36.00,12.00,12.00,true,,goods,2,,,Active,EA,GRTA-E500EZ,810075760729,810075760729,,23A,USD 507.59,Georipper - Unit,,Finished Goods,fifo,,,0.00,USD 0.00,"20"" Digging Chain (Single Chain)",MT4500,2.000000,Assembly,
6212012000000441554,GeoRipper(R)T/A E500 with EZ Kart,,USD 1800.00,GeoRipper - Units,GeoRipper,MiniTrencher,48.00,36.00,12.00,12.00,true,,goods,2,,,Active,EA,GRTA-E500EZ,810075760729,810075760729,,23A,USD 507.59,Georipper - Unit,,Finished Goods,fifo,,,0.00,USD 0.00,Sticker - Hand Entanglement/Chain Drive,GRS11,1.000000,Assembly,
6212012000000444526,GeoRipper 616,,USD 2791.45,GeoRipper - Units,,,0.00,0.00,0.00,0.00,true,,goods,2,,,Inactive,ea,GR616,,,,,USD 936.67,Georipper - Unit,,Finished Goods,fifo,,,0.00,USD 0.00,"Complete 16"" Digging Bar",MT3400,1.000000,Assembly,
6212012000000444526,GeoRipper 616,,USD 2791.45,GeoRipper - Units,,,0.00,0.00,0.00,0.00,true,,goods,2,,,Inactive,ea,GR616,,,,,USD 936.67,Georipper - Unit,,Finished Goods,fifo,,,0.00,USD 0.00,"Small GeoRipper Box ""A""",BX-4,1.000000,Assembly,
6212012000000444526,GeoRipper 616,,USD 2791.45,GeoRipper - Units,,,0.00,0.00,0.00,0.00,true,,goods,2,,,Inactive,ea,GR616,,,,,USD 936.67,Georipper - Unit,,Finished Goods,fifo,,,0.00,USD 0.00,"GeoRipper Box ""Stabilizer""",BX-5,2.000000,Assembly,
6212012000000444526,GeoRipper 616,,USD 2791.45,GeoRipper - Units,,,0.00,0.00,0.00,0.00,true,,goods,2,,,Inactive,ea,GR616,,,,,USD 936.67,Georipper - Unit,,Finished Goods,fifo,,,0.00,USD 0.00,GeoRipper Box Tray,BX-6,1.000000,Assembly,
6212012000000444526,GeoRipper 616,,USD 2791.45,GeoRipper - Units,,,0.00,0.00,0.00,0.00,true,,goods,2,,,Inactive,ea,GR616,,,,,USD 936.67,Georipper - Unit,,Finished Goods,fifo,,,0.00,USD 0.00,GeoRipper 600,GR600,1.000000,Assembly,
6212012000000444526,GeoRipper 616,,USD 2791.45,GeoRipper - Units,,,0.00,0.00,0.00,0.00,true,,goods,2,,,Inactive,ea,GR616,,,,,USD 936.67,Georipper - Unit,,Finished Goods,fifo,,,0.00,USD 0.00,"16"" Digging Chain (Single Chain)",MT4400,2.000000,Assembly,
6212012000000444551,GeoRipper(R)T/A H500 W/EZ,,USD 1800.00,GeoRipper - Units,GeoRipper,MiniTrencher,32.00,30.00,12.00,6.00,true,,goods,2,,,Active,EA,GRTA-H500,810076760668,810076750668,,22A,USD 480.39,Georipper - Unit,,Finished Goods,fifo,,,0.00,USD 0.00,Husqvarna T/A Casting,H1000,1.000000,Assembly,
6212012000000444551,GeoRipper(R)T/A H500 W/EZ,,USD 1800.00,GeoRipper - Units,GeoRipper,MiniTrencher,32.00,30.00,12.00,6.00,true,,goods,2,,,Active,EA,GRTA-H500,810076760668,810076750668,,22A,USD 480.39,Georipper - Unit,,Finished Goods,fifo,,,0.00,USD 0.00,Pulley for 'The GeoRipper' & Husqvarna K770 GeoRipperT/A,H1001,1.000000,Assembly,
6212012000000444551,GeoRipper(R)T/A H500 W/EZ,,USD 1800.00,GeoRipper - Units,GeoRipper,MiniTrencher,32.00,30.00,12.00,6.00,true,,goods,2,,,Active,EA,GRTA-H500,810076760668,810076750668,,22A,USD 480.39,Georipper - Unit,,Finished Goods,fifo,,,0.00,USD 0.00,Pulley for Husqvarna K970 GeoRipperT/A,H1002,1.000000,Assembly,
6212012000000444551,GeoRipper(R)T/A H500 W/EZ,,USD 1800.00,GeoRipper - Units,GeoRipper,MiniTrencher,32.00,30.00,12.00,6.00,true,,goods,2,,,Active,EA,GRTA-H500,810076760668,810076750668,,22A,USD 480.39,Georipper - Unit,,Finished Goods,fifo,,,0.00,USD 0.00,Belt for Husqvarna K970,MTB97-00,1.000000,Assembly,
6212012000000444551,GeoRipper(R)T/A H500 W/EZ,,USD 1800.00,GeoRipper - Units,GeoRipper,MiniTrencher,32.00,30.00,12.00,6.00,true,,goods,2,,,Active,EA,GRTA-H500,810076760668,810076750668,,22A,USD 480.39,Georipper - Unit,,Finished Goods,fifo,,,0.00,USD 0.00,Spacer,MT0010,1.000000,Assembly,
6212012000000444551,GeoRipper(R)T/A H500 W/EZ,,USD 1800.00,GeoRipper - Units,GeoRipper,MiniTrencher,32.00,30.00,12.00,6.00,true,,goods,2,,,Active,EA,GRTA-H500,810076760668,810076750668,,22A,USD 480.39,Georipper - Unit,,Finished Goods,fifo,,,0.00,USD 0.00,M8 Zinc Plated Washer,MT0800,2.000000,Assembly,
6212012000000444551,GeoRipper(R)T/A H500 W/EZ,,USD 1800.00,GeoRipper - Units,GeoRipper,MiniTrencher,32.00,30.00,12.00,6.00,true,,goods,2,,,Active,EA,GRTA-H500,810076760668,810076750668,,22A,USD 480.39,Georipper - Unit,,Finished Goods,fifo,,,0.00,USD 0.00,M8 Acorn Nut,MT0801,3.000000,Assembly,
6212012000000444551,GeoRipper(R)T/A H500 W/EZ,,USD 1800.00,GeoRipper - Units,GeoRipper,MiniTrencher,32.00,30.00,12.00,6.00,true,,goods,2,,,Active,EA,GRTA-H500,810076760668,810076750668,,22A,USD 480.39,Georipper - Unit,,Finished Goods,fifo,,,0.00,USD 0.00,Bearing - 6203 RS,MT0062,2.000000,Assembly,
6212012000000444551,GeoRipper(R)T/A H500 W/EZ,,USD 1800.00,GeoRipper - Units,GeoRipper,MiniTrencher,32.00,30.00,12.00,6.00,true,,goods,2,,,Active,EA,GRTA-H500,810076760668,810076750668,,22A,USD 480.39,Georipper - Unit,,Finished Goods,fifo,,,0.00,USD 0.00,R40 Snap Ring,MT0040,1.000000,Assembly,
6212012000000444551,GeoRipper(R)T/A H500 W/EZ,,USD 1800.00,GeoRipper - Units,GeoRipper,MiniTrencher,32.00,30.00,12.00,6.00,true,,goods,2,,,Active,EA,GRTA-H500,810076760668,810076750668,,22A,USD 480.39,Georipper - Unit,,Finished Goods,fifo,,,0.00,USD 0.00,Foam Insert - GeoRipperT/A Box,MT0091,1.000000,Assembly,
6212012000000444551,GeoRipper(R)T/A H500 W/EZ,,USD 1800.00,GeoRipper - Units,GeoRipper,MiniTrencher,32.00,30.00,12.00,6.00,true,,goods,2,,,Active,EA,GRTA-H500,810076760668,810076750668,,22A,USD 480.39,Georipper - Unit,,Finished Goods,fifo,,,0.00,USD 0.00,Drive Axle for all GeoRipperT/A,MT9002,1.000000,Assembly,
6212012000000444551,GeoRipper(R)T/A H500 W/EZ,,USD 1800.00,GeoRipper - Units,GeoRipper,MiniTrencher,32.00,30.00,12.00,6.00,true,,goods,2,,,Active,EA,GRTA-H500,810076760668,810076750668,,22A,USD 480.39,Georipper - Unit,,Finished Goods,fifo,,,0.00,USD 0.00,Labyrinth for all GeoRipperT/A,MT9003,1.000000,Assembly,
6212012000000444551,GeoRipper(R)T/A H500 W/EZ,,USD 1800.00,GeoRipper - Units,GeoRipper,MiniTrencher,32.00,30.00,12.00,6.00,true,,goods,2,,,Active,EA,GRTA-H500,810076760668,810076750668,,22A,USD 480.39,Georipper - Unit,,Finished Goods,fifo,,,0.00,USD 0.00,Minitrencher Drive Sprocket for GeoRipper and GeoRipper(R)T/A,MT9001,1.000000,Assembly,
6212012000000444551,GeoRipper(R)T/A H500 W/EZ,,USD 1800.00,GeoRipper - Units,GeoRipper,MiniTrencher,32.00,30.00,12.00,6.00,true,,goods,2,,,Active,EA,GRTA-H500,810076760668,810076750668,,22A,USD 480.39,Georipper - Unit,,Finished Goods,fifo,,,0.00,USD 0.00,M8-1.25 X 25 UNC HEX HEAD FLANGE BOLT GRADE 10.9,MT0825F,2.000000,Assembly,
6212012000000444551,GeoRipper(R)T/A H500 W/EZ,,USD 1800.00,GeoRipper - Units,GeoRipper,MiniTrencher,32.00,30.00,12.00,6.00,true,,goods,2,,,Active,EA,GRTA-H500,810076760668,810076750668,,22A,USD 480.39,Georipper - Unit,,Finished Goods,fifo,,,0.00,USD 0.00,Bar Clamp Washer - Slotted,GR5.2,1.000000,Assembly,
6212012000000444551,GeoRipper(R)T/A H500 W/EZ,,USD 1800.00,GeoRipper - Units,GeoRipper,MiniTrencher,32.00,30.00,12.00,6.00,true,,goods,2,,,Active,EA,GRTA-H500,810076760668,810076750668,,22A,USD 480.39,Georipper - Unit,,Finished Goods,fifo,,,0.00,USD 0.00,M12 X 1.75 X 30 Bolt 18mm Head,GR5.3,2.000000,Assembly,
6212012000000444551,GeoRipper(R)T/A H500 W/EZ,,USD 1800.00,GeoRipper - Units,GeoRipper,MiniTrencher,32.00,30.00,12.00,6.00,true,,goods,2,,,Active,EA,GRTA-H500,810076760668,810076750668,,22A,USD 480.39,Georipper - Unit,,Finished Goods,fifo,,,0.00,USD 0.00,M12 Split Lock Washer,GR5.4,2.000000,Assembly,
6212012000000444551,GeoRipper(R)T/A H500 W/EZ,,USD 1800.00,GeoRipper - Units,GeoRipper,MiniTrencher,32.00,30.00,12.00,6.00,true,,goods,2,,,Active,EA,GRTA-H500,810076760668,810076750668,,22A,USD 480.39,Georipper - Unit,,Finished Goods,fifo,,,0.00,USD 0.00,M8 x 1.25 x 12 Bolt for Safety Bar,MT0812,2.000000,Assembly,
6212012000000444551,GeoRipper(R)T/A H500 W/EZ,,USD 1800.00,GeoRipper - Units,GeoRipper,MiniTrencher,32.00,30.00,12.00,6.00,true,,goods,2,,,Active,EA,GRTA-H500,810076760668,810076750668,,22A,USD 480.39,Georipper - Unit,,Finished Goods,fifo,,,0.00,USD 0.00,M8 split lock washer zinc plated,MT0804,2.000000,Assembly,
6212012000000444551,GeoRipper(R)T/A H500 W/EZ,,USD 1800.00,GeoRipper - Units,GeoRipper,MiniTrencher,32.00,30.00,12.00,6.00,true,,goods,2,,,Active,EA,GRTA-H500,810076760668,810076750668,,22A,USD 480.39,Georipper - Unit,,Finished Goods,fifo,,,0.00,USD 0.00,Dirt Deflector,MT8001,1.000000,Assembly,
6212012000000444551,GeoRipper(R)T/A H500 W/EZ,,USD 1800.00,GeoRipper - Units,GeoRipper,MiniTrencher,32.00,30.00,12.00,6.00,true,,goods,2,,,Active,EA,GRTA-H500,810076760668,810076750668,,22A,USD 480.39,Georipper - Unit,,Finished Goods,fifo,,,0.00,USD 0.00,Dirt Deflector Sticker - CE Warning,GS17,1.000000,Assembly,
6212012000000444551,GeoRipper(R)T/A H500 W/EZ,,USD 1800.00,GeoRipper - Units,GeoRipper,MiniTrencher,32.00,30.00,12.00,6.00,true,,goods,2,,,Active,EA,GRTA-H500,810076760668,810076750668,,22A,USD 480.39,Georipper - Unit,,Finished Goods,fifo,,,0.00,USD 0.00,Mud Flap A,MT8002,1.000000,Assembly,
6212012000000444551,GeoRipper(R)T/A H500 W/EZ,,USD 1800.00,GeoRipper - Units,GeoRipper,MiniTrencher,32.00,30.00,12.00,6.00,true,,goods,2,,,Active,EA,GRTA-H500,810076760668,810076750668,,22A,USD 480.39,Georipper - Unit,,Finished Goods,fifo,,,0.00,USD 0.00,Mud Flap B,MT8003,1.000000,Assembly,
6212012000000444551,GeoRipper(R)T/A H500 W/EZ,,USD 1800.00,GeoRipper - Units,GeoRipper,MiniTrencher,32.00,30.00,12.00,6.00,true,,goods,2,,,Active,EA,GRTA-H500,810076760668,810076750668,,22A,USD 480.39,Georipper - Unit,,Finished Goods,fifo,,,0.00,USD 0.00,M5 X .8 X 16 Phillips Flat Machine Screw Plated,GR5.8,6.000000,Assembly,
6212012000000444551,GeoRipper(R)T/A H500 W/EZ,,USD 1800.00,GeoRipper - Units,GeoRipper,MiniTrencher,32.00,30.00,12.00,6.00,true,,goods,2,,,Active,EA,GRTA-H500,810076760668,810076750668,,22A,USD 480.39,Georipper - Unit,,Finished Goods,fifo,,,0.00,USD 0.00,M5 x 18mm fender washer,GR5.12,6.000000,Assembly,
6212012000000444551,GeoRipper(R)T/A H500 W/EZ,,USD 1800.00,GeoRipper - Units,GeoRipper,MiniTrencher,32.00,30.00,12.00,6.00,true,,goods,2,,,Active,EA,GRTA-H500,810076760668,810076750668,,22A,USD 480.39,Georipper - Unit,,Finished Goods,fifo,,,0.00,USD 0.00,M5 Nylock hex nut,GR5.11,6.000000,Assembly,
6212012000000444551,GeoRipper(R)T/A H500 W/EZ,,USD 1800.00,GeoRipper - Units,GeoRipper,MiniTrencher,32.00,30.00,12.00,6.00,true,,goods,2,,,Active,EA,GRTA-H500,810076760668,810076750668,,22A,USD 480.39,Georipper - Unit,,Finished Goods,fifo,,,0.00,USD 0.00,Green PVC Tool Bag,MT0099,1.000000,Assembly,
6212012000000444551,GeoRipper(R)T/A H500 W/EZ,,USD 1800.00,GeoRipper - Units,GeoRipper,MiniTrencher,32.00,30.00,12.00,6.00,true,,goods,2,,,Active,EA,GRTA-H500,810076760668,810076750668,,22A,USD 480.39,Georipper - Unit,,Finished Goods,fifo,,,0.00,USD 0.00,13mm Embossed Wrench,MT0013,1.000000,Assembly,
6212012000000444551,GeoRipper(R)T/A H500 W/EZ,,USD 1800.00,GeoRipper - Units,GeoRipper,MiniTrencher,32.00,30.00,12.00,6.00,true,,goods,2,,,Active,EA,GRTA-H500,810076760668,810076750668,,22A,USD 480.39,Georipper - Unit,,Finished Goods,fifo,,,0.00,USD 0.00,18mm Embossed Wrench,MT0018,1.000000,Assembly,
6212012000000444551,GeoRipper(R)T/A H500 W/EZ,,USD 1800.00,GeoRipper - Units,GeoRipper,MiniTrencher,32.00,30.00,12.00,6.00,true,,goods,2,,,Active,EA,GRTA-H500,810076760668,810076750668,,22A,USD 480.39,Georipper - Unit,,Finished Goods,fifo,,,0.00,USD 0.00,Bearing (Sealed) 6002-RS2,GR1.2,1.000000,Assembly,
6212012000000444551,GeoRipper(R)T/A H500 W/EZ,,USD 1800.00,GeoRipper - Units,GeoRipper,MiniTrencher,32.00,30.00,12.00,6.00,true,,goods,2,,,Active,EA,GRTA-H500,810076760668,810076750668,,22A,USD 480.39,Georipper - Unit,,Finished Goods,fifo,,,0.00,USD 0.00,M8x1.25x20 Countersunk 5mm Hex Drive Bolt 12.9grade,GR0.3.2,3.000000,Assembly,
6212012000000444551,GeoRipper(R)T/A H500 W/EZ,,USD 1800.00,GeoRipper - Units,GeoRipper,MiniTrencher,32.00,30.00,12.00,6.00,true,,goods,2,,,Active,EA,GRTA-H500,810076760668,810076750668,,22A,USD 480.39,Georipper - Unit,,Finished Goods,fifo,,,0.00,USD 0.00,#50H Heavy Connecting Link Spring Clip,MT4004,1.000000,Assembly,
6212012000000444551,GeoRipper(R)T/A H500 W/EZ,,USD 1800.00,GeoRipper - Units,GeoRipper,MiniTrencher,32.00,30.00,12.00,6.00,true,,goods,2,,,Active,EA,GRTA-H500,810076760668,810076750668,,22A,USD 480.39,Georipper - Unit,,Finished Goods,fifo,,,0.00,USD 0.00,"Belt for 'The GeoRipper', Husqvarna K770 & Echo CSG-7410",MTB77-00,1.000000,Assembly,
6212012000000444551,GeoRipper(R)T/A H500 W/EZ,,USD 1800.00,GeoRipper - Units,GeoRipper,MiniTrencher,32.00,30.00,12.00,6.00,true,,goods,2,,,Active,EA,GRTA-H500,810076760668,810076750668,,22A,USD 480.39,Georipper - Unit,,Finished Goods,fifo,,,0.00,USD 0.00,M8 x 1.25 x 65 Zinc-Plated Hex Bolt,MT0865,3.000000,Assembly,
6212012000000444551,GeoRipper(R)T/A H500 W/EZ,,USD 1800.00,GeoRipper - Units,GeoRipper,MiniTrencher,32.00,30.00,12.00,6.00,true,,goods,2,,,Active,EA,GRTA-H500,810076760668,810076750668,,22A,USD 480.39,Georipper - Unit,,Finished Goods,fifo,,,0.00,USD 0.00,M8 X 1.25 Flanged Nyloc Nut,GRKM7681.6,3.000000,Assembly,
6212012000000444551,GeoRipper(R)T/A H500 W/EZ,,USD 1800.00,GeoRipper - Units,GeoRipper,MiniTrencher,32.00,30.00,12.00,6.00,true,,goods,2,,,Active,EA,GRTA-H500,810076760668,810076750668,,22A,USD 480.39,Georipper - Unit,,Finished Goods,fifo,,,0.00,USD 0.00,Belt cover Orange K770 K970,MT7208-100-H,1.000000,Assembly,
6212012000000444551,GeoRipper(R)T/A H500 W/EZ,,USD 1800.00,GeoRipper - Units,GeoRipper,MiniTrencher,32.00,30.00,12.00,6.00,true,,goods,2,,,Active,EA,GRTA-H500,810076760668,810076750668,,22A,USD 480.39,Georipper - Unit,,Finished Goods,fifo,,,0.00,USD 0.00,GeoRipper Warranty Postcard,GR-LIT-WP,1.000000,Assembly,
6212012000000444551,GeoRipper(R)T/A H500 W/EZ,,USD 1800.00,GeoRipper - Units,GeoRipper,MiniTrencher,32.00,30.00,12.00,6.00,true,,goods,2,,,Active,EA,GRTA-H500,810076760668,810076750668,,22A,USD 480.39,Georipper - Unit,,Finished Goods,fifo,,,0.00,USD 0.00,GeoRipper Minitrencher 20-Inch Digging Bar,MT3500,1.000000,Assembly,
6212012000000444551,GeoRipper(R)T/A H500 W/EZ,,USD 1800.00,GeoRipper - Units,GeoRipper,MiniTrencher,32.00,30.00,12.00,6.00,true,,goods,2,,,Active,EA,GRTA-H500,810076760668,810076750668,,22A,USD 480.39,Georipper - Unit,,Finished Goods,fifo,,,0.00,USD 0.00,Safety Bar - 500 Series GeoRipperT/A,MT7500,1.000000,Assembly,
6212012000000444551,GeoRipper(R)T/A H500 W/EZ,,USD 1800.00,GeoRipper - Units,GeoRipper,MiniTrencher,32.00,30.00,12.00,6.00,true,,goods,2,,,Active,EA,GRTA-H500,810076760668,810076750668,,22A,USD 480.39,Georipper - Unit,,Finished Goods,fifo,,,0.00,USD 0.00,"20"" Digging Chain (Single Chain)",MT4500,2.000000,Assembly,
6212012000000444551,GeoRipper(R)T/A H500 W/EZ,,USD 1800.00,GeoRipper - Units,GeoRipper,MiniTrencher,32.00,30.00,12.00,6.00,true,,goods,2,,,Active,EA,GRTA-H500,810076760668,810076750668,,22A,USD 480.39,Georipper - Unit,,Finished Goods,fifo,,,0.00,USD 0.00,GeoRipper Minitrencher Universal EZ Kart,EZ100,1.000000,Assembly,
6212012000000444551,GeoRipper(R)T/A H500 W/EZ,,USD 1800.00,GeoRipper - Units,GeoRipper,MiniTrencher,32.00,30.00,12.00,6.00,true,,goods,2,,,Active,EA,GRTA-H500,810076760668,810076750668,,22A,USD 480.39,Georipper - Unit,,Finished Goods,fifo,,,0.00,USD 0.00,Box - TA700EZ,MT95196,1.000000,Assembly,
6212012000000444551,GeoRipper(R)T/A H500 W/EZ,,USD 1800.00,GeoRipper - Units,GeoRipper,MiniTrencher,32.00,30.00,12.00,6.00,true,,goods,2,,,Active,EA,GRTA-H500,810076760668,810076750668,,22A,USD 480.39,Georipper - Unit,,Finished Goods,fifo,,,0.00,USD 0.00,Box - TASPACER,MT95192,2.000000,Assembly,
6212012000000444551,GeoRipper(R)T/A H500 W/EZ,,USD 1800.00,GeoRipper - Units,GeoRipper,MiniTrencher,32.00,30.00,12.00,6.00,true,,goods,2,,,Active,EA,GRTA-H500,810076760668,810076750668,,22A,USD 480.39,Georipper - Unit,,Finished Goods,fifo,,,0.00,USD 0.00,Sticker - Hand Entanglement/Chain Drive,GRS11,1.000000,Assembly,
6212012000000444551,GeoRipper(R)T/A H500 W/EZ,,USD 1800.00,GeoRipper - Units,GeoRipper,MiniTrencher,32.00,30.00,12.00,6.00,true,,goods,2,,,Active,EA,GRTA-H500,810076760668,810076750668,,22A,USD 480.39,Georipper - Unit,,Finished Goods,fifo,,,0.00,USD 0.00,Owners Manual - GeoRipperT/A,GRTA-LIT-OM,1.000000,Assembly,
6212012000000444592,GeoRipper(R)T/A H700 W/EZ,,USD 2100.00,GeoRipper - Units,GeoRipper,MiniTrencher,38.00,36.00,12.00,6.00,true,,goods,2,,,Active,EA,GRTA-H700,810075760699,810075760699,,22A,USD 530.99,Georipper - Unit,,Finished Goods,fifo,,,0.00,USD 0.00,Husqvarna T/A Casting,H1000,1.000000,Assembly,
6212012000000444592,GeoRipper(R)T/A H700 W/EZ,,USD 2100.00,GeoRipper - Units,GeoRipper,MiniTrencher,38.00,36.00,12.00,6.00,true,,goods,2,,,Active,EA,GRTA-H700,810075760699,810075760699,,22A,USD 530.99,Georipper - Unit,,Finished Goods,fifo,,,0.00,USD 0.00,Minitrencher Drive Sprocket for GeoRipper and GeoRipper(R)T/A,MT9001,1.000000,Assembly,
6212012000000444592,GeoRipper(R)T/A H700 W/EZ,,USD 2100.00,GeoRipper - Units,GeoRipper,MiniTrencher,38.00,36.00,12.00,6.00,true,,goods,2,,,Active,EA,GRTA-H700,810075760699,810075760699,,22A,USD 530.99,Georipper - Unit,,Finished Goods,fifo,,,0.00,USD 0.00,Labyrinth for all GeoRipperT/A,MT9003,1.000000,Assembly,
6212012000000444592,GeoRipper(R)T/A H700 W/EZ,,USD 2100.00,GeoRipper - Units,GeoRipper,MiniTrencher,38.00,36.00,12.00,6.00,true,,goods,2,,,Active,EA,GRTA-H700,810075760699,810075760699,,22A,USD 530.99,Georipper - Unit,,Finished Goods,fifo,,,0.00,USD 0.00,Drive Axle for all GeoRipperT/A,MT9002,1.000000,Assembly,
6212012000000444592,GeoRipper(R)T/A H700 W/EZ,,USD 2100.00,GeoRipper - Units,GeoRipper,MiniTrencher,38.00,36.00,12.00,6.00,true,,goods,2,,,Active,EA,GRTA-H700,810075760699,810075760699,,22A,USD 530.99,Georipper - Unit,,Finished Goods,fifo,,,0.00,USD 0.00,Pulley for Husqvarna K970 GeoRipperT/A,H1002,1.000000,Assembly,
6212012000000444592,GeoRipper(R)T/A H700 W/EZ,,USD 2100.00,GeoRipper - Units,GeoRipper,MiniTrencher,38.00,36.00,12.00,6.00,true,,goods,2,,,Active,EA,GRTA-H700,810075760699,810075760699,,22A,USD 530.99,Georipper - Unit,,Finished Goods,fifo,,,0.00,USD 0.00,R40 Snap Ring,MT0040,1.000000,Assembly,
6212012000000444592,GeoRipper(R)T/A H700 W/EZ,,USD 2100.00,GeoRipper - Units,GeoRipper,MiniTrencher,38.00,36.00,12.00,6.00,true,,goods,2,,,Active,EA,GRTA-H700,810075760699,810075760699,,22A,USD 530.99,Georipper - Unit,,Finished Goods,fifo,,,0.00,USD 0.00,Bearing - 6203 RS,MT0062,2.000000,Assembly,
6212012000000444592,GeoRipper(R)T/A H700 W/EZ,,USD 2100.00,GeoRipper - Units,GeoRipper,MiniTrencher,38.00,36.00,12.00,6.00,true,,goods,2,,,Active,EA,GRTA-H700,810075760699,810075760699,,22A,USD 530.99,Georipper - Unit,,Finished Goods,fifo,,,0.00,USD 0.00,Spacer,MT0010,1.000000,Assembly,
6212012000000444592,GeoRipper(R)T/A H700 W/EZ,,USD 2100.00,GeoRipper - Units,GeoRipper,MiniTrencher,38.00,36.00,12.00,6.00,true,,goods,2,,,Active,EA,GRTA-H700,810075760699,810075760699,,22A,USD 530.99,Georipper - Unit,,Finished Goods,fifo,,,0.00,USD 0.00,M8 Zinc Plated Washer,MT0800,2.000000,Assembly,
6212012000000444592,GeoRipper(R)T/A H700 W/EZ,,USD 2100.00,GeoRipper - Units,GeoRipper,MiniTrencher,38.00,36.00,12.00,6.00,true,,goods,2,,,Active,EA,GRTA-H700,810075760699,810075760699,,22A,USD 530.99,Georipper - Unit,,Finished Goods,fifo,,,0.00,USD 0.00,M8 x 1.25 x 65 Zinc-Plated Hex Bolt,MT0865,3.000000,Assembly,
6212012000000444592,GeoRipper(R)T/A H700 W/EZ,,USD 2100.00,GeoRipper - Units,GeoRipper,MiniTrencher,38.00,36.00,12.00,6.00,true,,goods,2,,,Active,EA,GRTA-H700,810075760699,810075760699,,22A,USD 530.99,Georipper - Unit,,Finished Goods,fifo,,,0.00,USD 0.00,M8 Acorn Nut,MT0801,3.000000,Assembly,
6212012000000444592,GeoRipper(R)T/A H700 W/EZ,,USD 2100.00,GeoRipper - Units,GeoRipper,MiniTrencher,38.00,36.00,12.00,6.00,true,,goods,2,,,Active,EA,GRTA-H700,810075760699,810075760699,,22A,USD 530.99,Georipper - Unit,,Finished Goods,fifo,,,0.00,USD 0.00,Box - TASPACER,MT95192,2.000000,Assembly,
6212012000000444592,GeoRipper(R)T/A H700 W/EZ,,USD 2100.00,GeoRipper - Units,GeoRipper,MiniTrencher,38.00,36.00,12.00,6.00,true,,goods,2,,,Active,EA,GRTA-H700,810075760699,810075760699,,22A,USD 530.99,Georipper - Unit,,Finished Goods,fifo,,,0.00,USD 0.00,Foam Insert - GeoRipperT/A Box,MT0091,1.000000,Assembly,
6212012000000444592,GeoRipper(R)T/A H700 W/EZ,,USD 2100.00,GeoRipper - Units,GeoRipper,MiniTrencher,38.00,36.00,12.00,6.00,true,,goods,2,,,Active,EA,GRTA-H700,810075760699,810075760699,,22A,USD 530.99,Georipper - Unit,,Finished Goods,fifo,,,0.00,USD 0.00,13mm Embossed Wrench,MT0013,1.000000,Assembly,
6212012000000444592,GeoRipper(R)T/A H700 W/EZ,,USD 2100.00,GeoRipper - Units,GeoRipper,MiniTrencher,38.00,36.00,12.00,6.00,true,,goods,2,,,Active,EA,GRTA-H700,810075760699,810075760699,,22A,USD 530.99,Georipper - Unit,,Finished Goods,fifo,,,0.00,USD 0.00,18mm Embossed Wrench,MT0018,1.000000,Assembly,
6212012000000444592,GeoRipper(R)T/A H700 W/EZ,,USD 2100.00,GeoRipper - Units,GeoRipper,MiniTrencher,38.00,36.00,12.00,6.00,true,,goods,2,,,Active,EA,GRTA-H700,810075760699,810075760699,,22A,USD 530.99,Georipper - Unit,,Finished Goods,fifo,,,0.00,USD 0.00,Belt for Husqvarna K970,MTB97-00,1.000000,Assembly,
6212012000000444592,GeoRipper(R)T/A H700 W/EZ,,USD 2100.00,GeoRipper - Units,GeoRipper,MiniTrencher,38.00,36.00,12.00,6.00,true,,goods,2,,,Active,EA,GRTA-H700,810075760699,810075760699,,22A,USD 530.99,Georipper - Unit,,Finished Goods,fifo,,,0.00,USD 0.00,Owners Manual - GeoRipperT/A,GRTA-LIT-OM,1.000000,Assembly,
6212012000000444592,GeoRipper(R)T/A H700 W/EZ,,USD 2100.00,GeoRipper - Units,GeoRipper,MiniTrencher,38.00,36.00,12.00,6.00,true,,goods,2,,,Active,EA,GRTA-H700,810075760699,810075760699,,22A,USD 530.99,Georipper - Unit,,Finished Goods,fifo,,,0.00,USD 0.00,Green PVC Tool Bag,MT0099,1.000000,Assembly,
6212012000000444592,GeoRipper(R)T/A H700 W/EZ,,USD 2100.00,GeoRipper - Units,GeoRipper,MiniTrencher,38.00,36.00,12.00,6.00,true,,goods,2,,,Active,EA,GRTA-H700,810075760699,810075760699,,22A,USD 530.99,Georipper - Unit,,Finished Goods,fifo,,,0.00,USD 0.00,GeoRipper Minitrencher 27-Inch Digging Bar,MT3700,1.000000,Assembly,
6212012000000444592,GeoRipper(R)T/A H700 W/EZ,,USD 2100.00,GeoRipper - Units,GeoRipper,MiniTrencher,38.00,36.00,12.00,6.00,true,,goods,2,,,Active,EA,GRTA-H700,810075760699,810075760699,,22A,USD 530.99,Georipper - Unit,,Finished Goods,fifo,,,0.00,USD 0.00,Warehouse Hourly Labor,Labor30,1.000000,Assembly,
6212012000000444592,GeoRipper(R)T/A H700 W/EZ,,USD 2100.00,GeoRipper - Units,GeoRipper,MiniTrencher,38.00,36.00,12.00,6.00,true,,goods,2,,,Active,EA,GRTA-H700,810075760699,810075760699,,22A,USD 530.99,Georipper - Unit,,Finished Goods,fifo,,,0.00,USD 0.00,Safety Bar - 700 Series GeoRipperT/A,MT7700,1.000000,Assembly,
6212012000000444592,GeoRipper(R)T/A H700 W/EZ,,USD 2100.00,GeoRipper - Units,GeoRipper,MiniTrencher,38.00,36.00,12.00,6.00,true,,goods,2,,,Active,EA,GRTA-H700,810075760699,810075760699,,22A,USD 530.99,Georipper - Unit,,Finished Goods,fifo,,,0.00,USD 0.00,M8 x 1.25 x 12 Bolt for Safety Bar,MT0812,2.000000,Assembly,
6212012000000444592,GeoRipper(R)T/A H700 W/EZ,,USD 2100.00,GeoRipper - Units,GeoRipper,MiniTrencher,38.00,36.00,12.00,6.00,true,,goods,2,,,Active,EA,GRTA-H700,810075760699,810075760699,,22A,USD 530.99,Georipper - Unit,,Finished Goods,fifo,,,0.00,USD 0.00,Dirt Deflector,MT8001,1.000000,Assembly,
6212012000000444592,GeoRipper(R)T/A H700 W/EZ,,USD 2100.00,GeoRipper - Units,GeoRipper,MiniTrencher,38.00,36.00,12.00,6.00,true,,goods,2,,,Active,EA,GRTA-H700,810075760699,810075760699,,22A,USD 530.99,Georipper - Unit,,Finished Goods,fifo,,,0.00,USD 0.00,Mud Flap A,MT8002,1.000000,Assembly,
6212012000000444592,GeoRipper(R)T/A H700 W/EZ,,USD 2100.00,GeoRipper - Units,GeoRipper,MiniTrencher,38.00,36.00,12.00,6.00,true,,goods,2,,,Active,EA,GRTA-H700,810075760699,810075760699,,22A,USD 530.99,Georipper - Unit,,Finished Goods,fifo,,,0.00,USD 0.00,Mud Flap B,MT8003,1.000000,Assembly,
6212012000000444592,GeoRipper(R)T/A H700 W/EZ,,USD 2100.00,GeoRipper - Units,GeoRipper,MiniTrencher,38.00,36.00,12.00,6.00,true,,goods,2,,,Active,EA,GRTA-H700,810075760699,810075760699,,22A,USD 530.99,Georipper - Unit,,Finished Goods,fifo,,,0.00,USD 0.00,M5 X .8 X 16 Phillips Flat Machine Screw Plated,GR5.8,6.000000,Assembly,
6212012000000444592,GeoRipper(R)T/A H700 W/EZ,,USD 2100.00,GeoRipper - Units,GeoRipper,MiniTrencher,38.00,36.00,12.00,6.00,true,,goods,2,,,Active,EA,GRTA-H700,810075760699,810075760699,,22A,USD 530.99,Georipper - Unit,,Finished Goods,fifo,,,0.00,USD 0.00,M5 x 18mm fender washer,GR5.12,6.000000,Assembly,
6212012000000444592,GeoRipper(R)T/A H700 W/EZ,,USD 2100.00,GeoRipper - Units,GeoRipper,MiniTrencher,38.00,36.00,12.00,6.00,true,,goods,2,,,Active,EA,GRTA-H700,810075760699,810075760699,,22A,USD 530.99,Georipper - Unit,,Finished Goods,fifo,,,0.00,USD 0.00,M5 Nylock hex nut,GR5.11,6.000000,Assembly,
6212012000000444592,GeoRipper(R)T/A H700 W/EZ,,USD 2100.00,GeoRipper - Units,GeoRipper,MiniTrencher,38.00,36.00,12.00,6.00,true,,goods,2,,,Active,EA,GRTA-H700,810075760699,810075760699,,22A,USD 530.99,Georipper - Unit,,Finished Goods,fifo,,,0.00,USD 0.00,Bar Clamp Washer - Slotted,GR5.2,1.000000,Assembly,
6212012000000444592,GeoRipper(R)T/A H700 W/EZ,,USD 2100.00,GeoRipper - Units,GeoRipper,MiniTrencher,38.00,36.00,12.00,6.00,true,,goods,2,,,Active,EA,GRTA-H700,810075760699,810075760699,,22A,USD 530.99,Georipper - Unit,,Finished Goods,fifo,,,0.00,USD 0.00,M12 X 1.75 X 30 Bolt 18mm Head,GR5.3,2.000000,Assembly,
6212012000000444592,GeoRipper(R)T/A H700 W/EZ,,USD 2100.00,GeoRipper - Units,GeoRipper,MiniTrencher,38.00,36.00,12.00,6.00,true,,goods,2,,,Active,EA,GRTA-H700,810075760699,810075760699,,22A,USD 530.99,Georipper - Unit,,Finished Goods,fifo,,,0.00,USD 0.00,M12 Split Lock Washer,GR5.4,2.000000,Assembly,
6212012000000444592,GeoRipper(R)T/A H700 W/EZ,,USD 2100.00,GeoRipper - Units,GeoRipper,MiniTrencher,38.00,36.00,12.00,6.00,true,,goods,2,,,Active,EA,GRTA-H700,810075760699,810075760699,,22A,USD 530.99,Georipper - Unit,,Finished Goods,fifo,,,0.00,USD 0.00,Bearing (Sealed) 6002-RS2,GR1.2,1.000000,Assembly,
6212012000000444592,GeoRipper(R)T/A H700 W/EZ,,USD 2100.00,GeoRipper - Units,GeoRipper,MiniTrencher,38.00,36.00,12.00,6.00,true,,goods,2,,,Active,EA,GRTA-H700,810075760699,810075760699,,22A,USD 530.99,Georipper - Unit,,Finished Goods,fifo,,,0.00,USD 0.00,M8x1.25x20 Countersunk 5mm Hex Drive Bolt 12.9grade,GR0.3.2,3.000000,Assembly,
6212012000000444592,GeoRipper(R)T/A H700 W/EZ,,USD 2100.00,GeoRipper - Units,GeoRipper,MiniTrencher,38.00,36.00,12.00,6.00,true,,goods,2,,,Active,EA,GRTA-H700,810075760699,810075760699,,22A,USD 530.99,Georipper - Unit,,Finished Goods,fifo,,,0.00,USD 0.00,#50H Heavy Connecting Link Spring Clip,MT4004,1.000000,Assembly,
6212012000000444592,GeoRipper(R)T/A H700 W/EZ,,USD 2100.00,GeoRipper - Units,GeoRipper,MiniTrencher,38.00,36.00,12.00,6.00,true,,goods,2,,,Active,EA,GRTA-H700,810075760699,810075760699,,22A,USD 530.99,Georipper - Unit,,Finished Goods,fifo,,,0.00,USD 0.00,GeoRipper Warranty Postcard,GR-LIT-WP,1.000000,Assembly,
6212012000000444592,GeoRipper(R)T/A H700 W/EZ,,USD 2100.00,GeoRipper - Units,GeoRipper,MiniTrencher,38.00,36.00,12.00,6.00,true,,goods,2,,,Active,EA,GRTA-H700,810075760699,810075760699,,22A,USD 530.99,Georipper - Unit,,Finished Goods,fifo,,,0.00,USD 0.00,GeoRipper Minitrencher Universal EZ Kart,EZ100,1.000000,Assembly,
6212012000000444592,GeoRipper(R)T/A H700 W/EZ,,USD 2100.00,GeoRipper - Units,GeoRipper,MiniTrencher,38.00,36.00,12.00,6.00,true,,goods,2,,,Active,EA,GRTA-H700,810075760699,810075760699,,22A,USD 530.99,Georipper - Unit,,Finished Goods,fifo,,,0.00,USD 0.00,Belt cover Orange K770 K970,MT7208-100-H,1.000000,Assembly,
6212012000000444592,GeoRipper(R)T/A H700 W/EZ,,USD 2100.00,GeoRipper - Units,GeoRipper,MiniTrencher,38.00,36.00,12.00,6.00,true,,goods,2,,,Active,EA,GRTA-H700,810075760699,810075760699,,22A,USD 530.99,Georipper - Unit,,Finished Goods,fifo,,,0.00,USD 0.00,M8-1.25 X 25 UNC HEX HEAD FLANGE BOLT GRADE 10.9,MT0825F,2.000000,Assembly,
6212012000000444592,GeoRipper(R)T/A H700 W/EZ,,USD 2100.00,GeoRipper - Units,GeoRipper,MiniTrencher,38.00,36.00,12.00,6.00,true,,goods,2,,,Active,EA,GRTA-H700,810075760699,810075760699,,22A,USD 530.99,Georipper - Unit,,Finished Goods,fifo,,,0.00,USD 0.00,M8 split lock washer zinc plated,MT0804,2.000000,Assembly,
6212012000000444592,GeoRipper(R)T/A H700 W/EZ,,USD 2100.00,GeoRipper - Units,GeoRipper,MiniTrencher,38.00,36.00,12.00,6.00,true,,goods,2,,,Active,EA,GRTA-H700,810075760699,810075760699,,22A,USD 530.99,Georipper - Unit,,Finished Goods,fifo,,,0.00,USD 0.00,"27"" Digging Chain (Single Chain)",MT4700,2.000000,Assembly,
6212012000000444592,GeoRipper(R)T/A H700 W/EZ,,USD 2100.00,GeoRipper - Units,GeoRipper,MiniTrencher,38.00,36.00,12.00,6.00,true,,goods,2,,,Active,EA,GRTA-H700,810075760699,810075760699,,22A,USD 530.99,Georipper - Unit,,Finished Goods,fifo,,,0.00,USD 0.00,Dirt Deflector Warning Sticker,GRS17,1.000000,Assembly,
6212012000000444592,GeoRipper(R)T/A H700 W/EZ,,USD 2100.00,GeoRipper - Units,GeoRipper,MiniTrencher,38.00,36.00,12.00,6.00,true,,goods,2,,,Active,EA,GRTA-H700,810075760699,810075760699,,22A,USD 530.99,Georipper - Unit,,Finished Goods,fifo,,,0.00,USD 0.00,M8 X 1.25 Flanged Nyloc Nut,GRKM7681.6,3.000000,Assembly,
6212012000000444592,GeoRipper(R)T/A H700 W/EZ,,USD 2100.00,GeoRipper - Units,GeoRipper,MiniTrencher,38.00,36.00,12.00,6.00,true,,goods,2,,,Active,EA,GRTA-H700,810075760699,810075760699,,22A,USD 530.99,Georipper - Unit,,Finished Goods,fifo,,,0.00,USD 0.00,Box - TA700EZ,MT95196,1.000000,Assembly,
6212012000000444592,GeoRipper(R)T/A H700 W/EZ,,USD 2100.00,GeoRipper - Units,GeoRipper,MiniTrencher,38.00,36.00,12.00,6.00,true,,goods,2,,,Active,EA,GRTA-H700,810075760699,810075760699,,22A,USD 530.99,Georipper - Unit,,Finished Goods,fifo,,,0.00,USD 0.00,Sticker - Hand Entanglement/Chain Drive,GRS11,1.000000,Assembly,
6212012000000444691,GeoRipper(R)T/A M500 W/EZ,,USD 2100.00,GeoRipper - Units,GeoRipper,MiniTrencher,34.00,30.00,12.00,6.00,true,,goods,2,,,Inactive,EA,GRTA-M500,810075760651,810075760651,,22A,USD 493.59,Georipper - Unit,,Finished Goods,fifo,,,0.00,USD 0.00,Makita T/A Casting,M1000,1.000000,Assembly,
6212012000000444691,GeoRipper(R)T/A M500 W/EZ,,USD 2100.00,GeoRipper - Units,GeoRipper,MiniTrencher,34.00,30.00,12.00,6.00,true,,goods,2,,,Inactive,EA,GRTA-M500,810075760651,810075760651,,22A,USD 493.59,Georipper - Unit,,Finished Goods,fifo,,,0.00,USD 0.00,Minitrencher Drive Sprocket for GeoRipper and GeoRipper(R)T/A,MT9001,1.000000,Assembly,
6212012000000444691,GeoRipper(R)T/A M500 W/EZ,,USD 2100.00,GeoRipper - Units,GeoRipper,MiniTrencher,34.00,30.00,12.00,6.00,true,,goods,2,,,Inactive,EA,GRTA-M500,810075760651,810075760651,,22A,USD 493.59,Georipper - Unit,,Finished Goods,fifo,,,0.00,USD 0.00,Labyrinth for all GeoRipperT/A,MT9003,1.000000,Assembly,
6212012000000444691,GeoRipper(R)T/A M500 W/EZ,,USD 2100.00,GeoRipper - Units,GeoRipper,MiniTrencher,34.00,30.00,12.00,6.00,true,,goods,2,,,Inactive,EA,GRTA-M500,810075760651,810075760651,,22A,USD 493.59,Georipper - Unit,,Finished Goods,fifo,,,0.00,USD 0.00,Drive Axle for all GeoRipperT/A,MT9002,1.000000,Assembly,
6212012000000444691,GeoRipper(R)T/A M500 W/EZ,,USD 2100.00,GeoRipper - Units,GeoRipper,MiniTrencher,34.00,30.00,12.00,6.00,true,,goods,2,,,Inactive,EA,GRTA-M500,810075760651,810075760651,,22A,USD 493.59,Georipper - Unit,,Finished Goods,fifo,,,0.00,USD 0.00,R40 Snap Ring,MT0040,1.000000,Assembly,
6212012000000444691,GeoRipper(R)T/A M500 W/EZ,,USD 2100.00,GeoRipper - Units,GeoRipper,MiniTrencher,34.00,30.00,12.00,6.00,true,,goods,2,,,Inactive,EA,GRTA-M500,810075760651,810075760651,,22A,USD 493.59,Georipper - Unit,,Finished Goods,fifo,,,0.00,USD 0.00,Bearing - 6203 RS,MT0062,2.000000,Assembly,
6212012000000444691,GeoRipper(R)T/A M500 W/EZ,,USD 2100.00,GeoRipper - Units,GeoRipper,MiniTrencher,34.00,30.00,12.00,6.00,true,,goods,2,,,Inactive,EA,GRTA-M500,810075760651,810075760651,,22A,USD 493.59,Georipper - Unit,,Finished Goods,fifo,,,0.00,USD 0.00,Spacer,MT0010,1.000000,Assembly,
6212012000000444691,GeoRipper(R)T/A M500 W/EZ,,USD 2100.00,GeoRipper - Units,GeoRipper,MiniTrencher,34.00,30.00,12.00,6.00,true,,goods,2,,,Inactive,EA,GRTA-M500,810075760651,810075760651,,22A,USD 493.59,Georipper - Unit,,Finished Goods,fifo,,,0.00,USD 0.00,M8 Zinc Plated Washer,MT0800,2.000000,Assembly,
6212012000000444691,GeoRipper(R)T/A M500 W/EZ,,USD 2100.00,GeoRipper - Units,GeoRipper,MiniTrencher,34.00,30.00,12.00,6.00,true,,goods,2,,,Inactive,EA,GRTA-M500,810075760651,810075760651,,22A,USD 493.59,Georipper - Unit,,Finished Goods,fifo,,,0.00,USD 0.00,M8 x 1.25 x 50 Hex Bolt,MT0850,2.000000,Assembly,
6212012000000444691,GeoRipper(R)T/A M500 W/EZ,,USD 2100.00,GeoRipper - Units,GeoRipper,MiniTrencher,34.00,30.00,12.00,6.00,true,,goods,2,,,Inactive,EA,GRTA-M500,810075760651,810075760651,,22A,USD 493.59,Georipper - Unit,,Finished Goods,fifo,,,0.00,USD 0.00,Foam Insert - GeoRipperT/A Box,MT0091,1.000000,Assembly,
6212012000000444691,GeoRipper(R)T/A M500 W/EZ,,USD 2100.00,GeoRipper - Units,GeoRipper,MiniTrencher,34.00,30.00,12.00,6.00,true,,goods,2,,,Inactive,EA,GRTA-M500,810075760651,810075760651,,22A,USD 493.59,Georipper - Unit,,Finished Goods,fifo,,,0.00,USD 0.00,13mm Embossed Wrench,MT0013,1.000000,Assembly,
6212012000000444691,GeoRipper(R)T/A M500 W/EZ,,USD 2100.00,GeoRipper - Units,GeoRipper,MiniTrencher,34.00,30.00,12.00,6.00,true,,goods,2,,,Inactive,EA,GRTA-M500,810075760651,810075760651,,22A,USD 493.59,Georipper - Unit,,Finished Goods,fifo,,,0.00,USD 0.00,18mm Embossed Wrench,MT0018,1.000000,Assembly,
6212012000000444691,GeoRipper(R)T/A M500 W/EZ,,USD 2100.00,GeoRipper - Units,GeoRipper,MiniTrencher,34.00,30.00,12.00,6.00,true,,goods,2,,,Inactive,EA,GRTA-M500,810075760651,810075760651,,22A,USD 493.59,Georipper - Unit,,Finished Goods,fifo,,,0.00,USD 0.00,Owners Manual - GeoRipperT/A,GRTA-LIT-OM,1.000000,Assembly,
6212012000000444691,GeoRipper(R)T/A M500 W/EZ,,USD 2100.00,GeoRipper - Units,GeoRipper,MiniTrencher,34.00,30.00,12.00,6.00,true,,goods,2,,,Inactive,EA,GRTA-M500,810075760651,810075760651,,22A,USD 493.59,Georipper - Unit,,Finished Goods,fifo,,,0.00,USD 0.00,Green PVC Tool Bag,MT0099,1.000000,Assembly,
6212012000000444691,GeoRipper(R)T/A M500 W/EZ,,USD 2100.00,GeoRipper - Units,GeoRipper,MiniTrencher,34.00,30.00,12.00,6.00,true,,goods,2,,,Inactive,EA,GRTA-M500,810075760651,810075760651,,22A,USD 493.59,Georipper - Unit,,Finished Goods,fifo,,,0.00,USD 0.00,GeoRipper Minitrencher 20-Inch Digging Bar,MT3500,1.000000,Assembly,
6212012000000444691,GeoRipper(R)T/A M500 W/EZ,,USD 2100.00,GeoRipper - Units,GeoRipper,MiniTrencher,34.00,30.00,12.00,6.00,true,,goods,2,,,Inactive,EA,GRTA-M500,810075760651,810075760651,,22A,USD 493.59,Georipper - Unit,,Finished Goods,fifo,,,0.00,USD 0.00,Safety Bar - 500 Series GeoRipperT/A,MT7500,1.000000,Assembly,
6212012000000444691,GeoRipper(R)T/A M500 W/EZ,,USD 2100.00,GeoRipper - Units,GeoRipper,MiniTrencher,34.00,30.00,12.00,6.00,true,,goods,2,,,Inactive,EA,GRTA-M500,810075760651,810075760651,,22A,USD 493.59,Georipper - Unit,,Finished Goods,fifo,,,0.00,USD 0.00,Warehouse Hourly Labor,Labor30,1.000000,Assembly,
6212012000000444691,GeoRipper(R)T/A M500 W/EZ,,USD 2100.00,GeoRipper - Units,GeoRipper,MiniTrencher,34.00,30.00,12.00,6.00,true,,goods,2,,,Inactive,EA,GRTA-M500,810075760651,810075760651,,22A,USD 493.59,Georipper - Unit,,Finished Goods,fifo,,,0.00,USD 0.00,Pulley for Makita EK7651H/EK8100 GeoRipperT/A,M1001,1.000000,Assembly,
6212012000000444691,GeoRipper(R)T/A M500 W/EZ,,USD 2100.00,GeoRipper - Units,GeoRipper,MiniTrencher,34.00,30.00,12.00,6.00,true,,goods,2,,,Inactive,EA,GRTA-M500,810075760651,810075760651,,22A,USD 493.59,Georipper - Unit,,Finished Goods,fifo,,,0.00,USD 0.00,Belt for Makita EK7651H & Stihl TS420/TS500i,MTB45-76,1.000000,Assembly,
6212012000000444691,GeoRipper(R)T/A M500 W/EZ,,USD 2100.00,GeoRipper - Units,GeoRipper,MiniTrencher,34.00,30.00,12.00,6.00,true,,goods,2,,,Inactive,EA,GRTA-M500,810075760651,810075760651,,22A,USD 493.59,Georipper - Unit,,Finished Goods,fifo,,,0.00,USD 0.00,Belt for Makita EK8100,MTB81-00,1.000000,Assembly,
6212012000000444691,GeoRipper(R)T/A M500 W/EZ,,USD 2100.00,GeoRipper - Units,GeoRipper,MiniTrencher,34.00,30.00,12.00,6.00,true,,goods,2,,,Inactive,EA,GRTA-M500,810075760651,810075760651,,22A,USD 493.59,Georipper - Unit,,Finished Goods,fifo,,,0.00,USD 0.00,Bar Clamp Washer - Slotted,GR5.2,1.000000,Assembly,
6212012000000444691,GeoRipper(R)T/A M500 W/EZ,,USD 2100.00,GeoRipper - Units,GeoRipper,MiniTrencher,34.00,30.00,12.00,6.00,true,,goods,2,,,Inactive,EA,GRTA-M500,810075760651,810075760651,,22A,USD 493.59,Georipper - Unit,,Finished Goods,fifo,,,0.00,USD 0.00,M12 X 1.75 X 30 Bolt 18mm Head,GR5.3,2.000000,Assembly,
6212012000000444691,GeoRipper(R)T/A M500 W/EZ,,USD 2100.00,GeoRipper - Units,GeoRipper,MiniTrencher,34.00,30.00,12.00,6.00,true,,goods,2,,,Inactive,EA,GRTA-M500,810075760651,810075760651,,22A,USD 493.59,Georipper - Unit,,Finished Goods,fifo,,,0.00,USD 0.00,M12 Split Lock Washer,GR5.4,2.000000,Assembly,
6212012000000444691,GeoRipper(R)T/A M500 W/EZ,,USD 2100.00,GeoRipper - Units,GeoRipper,MiniTrencher,34.00,30.00,12.00,6.00,true,,goods,2,,,Inactive,EA,GRTA-M500,810075760651,810075760651,,22A,USD 493.59,Georipper - Unit,,Finished Goods,fifo,,,0.00,USD 0.00,Dirt Deflector,MT8001,1.000000,Assembly,
6212012000000444691,GeoRipper(R)T/A M500 W/EZ,,USD 2100.00,GeoRipper - Units,GeoRipper,MiniTrencher,34.00,30.00,12.00,6.00,true,,goods,2,,,Inactive,EA,GRTA-M500,810075760651,810075760651,,22A,USD 493.59,Georipper - Unit,,Finished Goods,fifo,,,0.00,USD 0.00,M5 X .8 X 16 Phillips Flat Machine Screw Plated,GR5.8,6.000000,Assembly,
6212012000000444691,GeoRipper(R)T/A M500 W/EZ,,USD 2100.00,GeoRipper - Units,GeoRipper,MiniTrencher,34.00,30.00,12.00,6.00,true,,goods,2,,,Inactive,EA,GRTA-M500,810075760651,810075760651,,22A,USD 493.59,Georipper - Unit,,Finished Goods,fifo,,,0.00,USD 0.00,M5 x 18mm fender washer,GR5.12,6.000000,Assembly,
6212012000000444691,GeoRipper(R)T/A M500 W/EZ,,USD 2100.00,GeoRipper - Units,GeoRipper,MiniTrencher,34.00,30.00,12.00,6.00,true,,goods,2,,,Inactive,EA,GRTA-M500,810075760651,810075760651,,22A,USD 493.59,Georipper - Unit,,Finished Goods,fifo,,,0.00,USD 0.00,M5 Nylock hex nut,GR5.11,6.000000,Assembly,
6212012000000444691,GeoRipper(R)T/A M500 W/EZ,,USD 2100.00,GeoRipper - Units,GeoRipper,MiniTrencher,34.00,30.00,12.00,6.00,true,,goods,2,,,Inactive,EA,GRTA-M500,810075760651,810075760651,,22A,USD 493.59,Georipper - Unit,,Finished Goods,fifo,,,0.00,USD 0.00,Mud Flap A,MT8002,1.000000,Assembly,
6212012000000444691,GeoRipper(R)T/A M500 W/EZ,,USD 2100.00,GeoRipper - Units,GeoRipper,MiniTrencher,34.00,30.00,12.00,6.00,true,,goods,2,,,Inactive,EA,GRTA-M500,810075760651,810075760651,,22A,USD 493.59,Georipper - Unit,,Finished Goods,fifo,,,0.00,USD 0.00,Mud Flap B,MT8003,1.000000,Assembly,
6212012000000444691,GeoRipper(R)T/A M500 W/EZ,,USD 2100.00,GeoRipper - Units,GeoRipper,MiniTrencher,34.00,30.00,12.00,6.00,true,,goods,2,,,Inactive,EA,GRTA-M500,810075760651,810075760651,,22A,USD 493.59,Georipper - Unit,,Finished Goods,fifo,,,0.00,USD 0.00,M8 x 1.25 x 12 Bolt for Safety Bar,MT0812,2.000000,Assembly,
6212012000000444691,GeoRipper(R)T/A M500 W/EZ,,USD 2100.00,GeoRipper - Units,GeoRipper,MiniTrencher,34.00,30.00,12.00,6.00,true,,goods,2,,,Inactive,EA,GRTA-M500,810075760651,810075760651,,22A,USD 493.59,Georipper - Unit,,Finished Goods,fifo,,,0.00,USD 0.00,M8 split lock washer zinc plated,MT0804,2.000000,Assembly,
6212012000000444691,GeoRipper(R)T/A M500 W/EZ,,USD 2100.00,GeoRipper - Units,GeoRipper,MiniTrencher,34.00,30.00,12.00,6.00,true,,goods,2,,,Inactive,EA,GRTA-M500,810075760651,810075760651,,22A,USD 493.59,Georipper - Unit,,Finished Goods,fifo,,,0.00,USD 0.00,Bearing (Sealed) 6002-RS2,GR1.2,1.000000,Assembly,
6212012000000444691,GeoRipper(R)T/A M500 W/EZ,,USD 2100.00,GeoRipper - Units,GeoRipper,MiniTrencher,34.00,30.00,12.00,6.00,true,,goods,2,,,Inactive,EA,GRTA-M500,810075760651,810075760651,,22A,USD 493.59,Georipper - Unit,,Finished Goods,fifo,,,0.00,USD 0.00,M8x1.25x20 Countersunk 5mm Hex Drive Bolt 12.9grade,GR0.3.2,3.000000,Assembly,
6212012000000444691,GeoRipper(R)T/A M500 W/EZ,,USD 2100.00,GeoRipper - Units,GeoRipper,MiniTrencher,34.00,30.00,12.00,6.00,true,,goods,2,,,Inactive,EA,GRTA-M500,810075760651,810075760651,,22A,USD 493.59,Georipper - Unit,,Finished Goods,fifo,,,0.00,USD 0.00,#50H Heavy Connecting Link Spring Clip,MT4004,1.000000,Assembly,
6212012000000444691,GeoRipper(R)T/A M500 W/EZ,,USD 2100.00,GeoRipper - Units,GeoRipper,MiniTrencher,34.00,30.00,12.00,6.00,true,,goods,2,,,Inactive,EA,GRTA-M500,810075760651,810075760651,,22A,USD 493.59,Georipper - Unit,,Finished Goods,fifo,,,0.00,USD 0.00,M8 X 1.25 Flanged Nyloc Nut,GRKM7681.6,2.000000,Assembly,
6212012000000444691,GeoRipper(R)T/A M500 W/EZ,,USD 2100.00,GeoRipper - Units,GeoRipper,MiniTrencher,34.00,30.00,12.00,6.00,true,,goods,2,,,Inactive,EA,GRTA-M500,810075760651,810075760651,,22A,USD 493.59,Georipper - Unit,,Finished Goods,fifo,,,0.00,USD 0.00,GeoRipper Warranty Postcard,GR-LIT-WP,1.000000,Assembly,
6212012000000444691,GeoRipper(R)T/A M500 W/EZ,,USD 2100.00,GeoRipper - Units,GeoRipper,MiniTrencher,34.00,30.00,12.00,6.00,true,,goods,2,,,Inactive,EA,GRTA-M500,810075760651,810075760651,,22A,USD 493.59,Georipper - Unit,,Finished Goods,fifo,,,0.00,USD 0.00,GeoRipper Minitrencher Universal EZ Kart,EZ100,1.000000,Assembly,
6212012000000444691,GeoRipper(R)T/A M500 W/EZ,,USD 2100.00,GeoRipper - Units,GeoRipper,MiniTrencher,34.00,30.00,12.00,6.00,true,,goods,2,,,Inactive,EA,GRTA-M500,810075760651,810075760651,,22A,USD 493.59,Georipper - Unit,,Finished Goods,fifo,,,0.00,USD 0.00,Box - TA700EZ,MT95196,1.000000,Assembly,
6212012000000444691,GeoRipper(R)T/A M500 W/EZ,,USD 2100.00,GeoRipper - Units,GeoRipper,MiniTrencher,34.00,30.00,12.00,6.00,true,,goods,2,,,Inactive,EA,GRTA-M500,810075760651,810075760651,,22A,USD 493.59,Georipper - Unit,,Finished Goods,fifo,,,0.00,USD 0.00,"20"" Digging Chain (Single Chain)",MT4500,2.000000,Assembly,
6212012000000444691,GeoRipper(R)T/A M500 W/EZ,,USD 2100.00,GeoRipper - Units,GeoRipper,MiniTrencher,34.00,30.00,12.00,6.00,true,,goods,2,,,Inactive,EA,GRTA-M500,810075760651,810075760651,,22A,USD 493.59,Georipper - Unit,,Finished Goods,fifo,,,0.00,USD 0.00,M8-1.25 X 25 UNC HEX HEAD FLANGE BOLT GRADE 10.9,MT0825F,2.000000,Assembly,
6212012000000444691,GeoRipper(R)T/A M500 W/EZ,,USD 2100.00,GeoRipper - Units,GeoRipper,MiniTrencher,34.00,30.00,12.00,6.00,true,,goods,2,,,Inactive,EA,GRTA-M500,810075760651,810075760651,,22A,USD 493.59,Georipper - Unit,,Finished Goods,fifo,,,0.00,USD 0.00,Dirt Deflector Warning Sticker,GRS17,1.000000,Assembly,
6212012000000444691,GeoRipper(R)T/A M500 W/EZ,,USD 2100.00,GeoRipper - Units,GeoRipper,MiniTrencher,34.00,30.00,12.00,6.00,true,,goods,2,,,Inactive,EA,GRTA-M500,810075760651,810075760651,,22A,USD 493.59,Georipper - Unit,,Finished Goods,fifo,,,0.00,USD 0.00,Box - TASPACER,MT95192,2.000000,Assembly,
6212012000000444691,GeoRipper(R)T/A M500 W/EZ,,USD 2100.00,GeoRipper - Units,GeoRipper,MiniTrencher,34.00,30.00,12.00,6.00,true,,goods,2,,,Inactive,EA,GRTA-M500,810075760651,810075760651,,22A,USD 493.59,Georipper - Unit,,Finished Goods,fifo,,,0.00,USD 0.00,Sticker - Hand Entanglement/Chain Drive,GRS11,1.000000,Assembly,
6212012000000444788,GeoRipper(R)T/A M700 W/EZ,,USD 2100.00,GeoRipper - Units,GeoRipper,MiniTrencher,41.00,36.00,12.00,6.00,true,,goods,2,,,Inactive,EA,GRTA-M700,810075760682,810075760682,,22A,USD 352.78,Georipper - Unit,,Finished Goods,fifo,,,0.00,USD 0.00,Makita T/A Casting,M1000,1.000000,Assembly,
6212012000000444788,GeoRipper(R)T/A M700 W/EZ,,USD 2100.00,GeoRipper - Units,GeoRipper,MiniTrencher,41.00,36.00,12.00,6.00,true,,goods,2,,,Inactive,EA,GRTA-M700,810075760682,810075760682,,22A,USD 352.78,Georipper - Unit,,Finished Goods,fifo,,,0.00,USD 0.00,Minitrencher Drive Sprocket for GeoRipper and GeoRipper(R)T/A,MT9001,1.000000,Assembly,
6212012000000444788,GeoRipper(R)T/A M700 W/EZ,,USD 2100.00,GeoRipper - Units,GeoRipper,MiniTrencher,41.00,36.00,12.00,6.00,true,,goods,2,,,Inactive,EA,GRTA-M700,810075760682,810075760682,,22A,USD 352.78,Georipper - Unit,,Finished Goods,fifo,,,0.00,USD 0.00,Labyrinth for all GeoRipperT/A,MT9003,1.000000,Assembly,
6212012000000444788,GeoRipper(R)T/A M700 W/EZ,,USD 2100.00,GeoRipper - Units,GeoRipper,MiniTrencher,41.00,36.00,12.00,6.00,true,,goods,2,,,Inactive,EA,GRTA-M700,810075760682,810075760682,,22A,USD 352.78,Georipper - Unit,,Finished Goods,fifo,,,0.00,USD 0.00,Drive Axle for all GeoRipperT/A,MT9002,1.000000,Assembly,
6212012000000444788,GeoRipper(R)T/A M700 W/EZ,,USD 2100.00,GeoRipper - Units,GeoRipper,MiniTrencher,41.00,36.00,12.00,6.00,true,,goods,2,,,Inactive,EA,GRTA-M700,810075760682,810075760682,,22A,USD 352.78,Georipper - Unit,,Finished Goods,fifo,,,0.00,USD 0.00,R40 Snap Ring,MT0040,1.000000,Assembly,
6212012000000444788,GeoRipper(R)T/A M700 W/EZ,,USD 2100.00,GeoRipper - Units,GeoRipper,MiniTrencher,41.00,36.00,12.00,6.00,true,,goods,2,,,Inactive,EA,GRTA-M700,810075760682,810075760682,,22A,USD 352.78,Georipper - Unit,,Finished Goods,fifo,,,0.00,USD 0.00,Bearing - 6203 RS,MT0062,2.000000,Assembly,
6212012000000444788,GeoRipper(R)T/A M700 W/EZ,,USD 2100.00,GeoRipper - Units,GeoRipper,MiniTrencher,41.00,36.00,12.00,6.00,true,,goods,2,,,Inactive,EA,GRTA-M700,810075760682,810075760682,,22A,USD 352.78,Georipper - Unit,,Finished Goods,fifo,,,0.00,USD 0.00,Spacer,MT0010,1.000000,Assembly,
6212012000000444788,GeoRipper(R)T/A M700 W/EZ,,USD 2100.00,GeoRipper - Units,GeoRipper,MiniTrencher,41.00,36.00,12.00,6.00,true,,goods,2,,,Inactive,EA,GRTA-M700,810075760682,810075760682,,22A,USD 352.78,Georipper - Unit,,Finished Goods,fifo,,,0.00,USD 0.00,M8 Zinc Plated Washer,MT0800,2.000000,Assembly,
6212012000000444788,GeoRipper(R)T/A M700 W/EZ,,USD 2100.00,GeoRipper - Units,GeoRipper,MiniTrencher,41.00,36.00,12.00,6.00,true,,goods,2,,,Inactive,EA,GRTA-M700,810075760682,810075760682,,22A,USD 352.78,Georipper - Unit,,Finished Goods,fifo,,,0.00,USD 0.00,M8 x 1.25 x 50 Hex Bolt,MT0850,2.000000,Assembly,
6212012000000444788,GeoRipper(R)T/A M700 W/EZ,,USD 2100.00,GeoRipper - Units,GeoRipper,MiniTrencher,41.00,36.00,12.00,6.00,true,,goods,2,,,Inactive,EA,GRTA-M700,810075760682,810075760682,,22A,USD 352.78,Georipper - Unit,,Finished Goods,fifo,,,0.00,USD 0.00,Box - TASPACER,MT95192,1.000000,Assembly,
6212012000000444788,GeoRipper(R)T/A M700 W/EZ,,USD 2100.00,GeoRipper - Units,GeoRipper,MiniTrencher,41.00,36.00,12.00,6.00,true,,goods,2,,,Inactive,EA,GRTA-M700,810075760682,810075760682,,22A,USD 352.78,Georipper - Unit,,Finished Goods,fifo,,,0.00,USD 0.00,Box - TA700,MT95197,1.000000,Assembly,
6212012000000444788,GeoRipper(R)T/A M700 W/EZ,,USD 2100.00,GeoRipper - Units,GeoRipper,MiniTrencher,41.00,36.00,12.00,6.00,true,,goods,2,,,Inactive,EA,GRTA-M700,810075760682,810075760682,,22A,USD 352.78,Georipper - Unit,,Finished Goods,fifo,,,0.00,USD 0.00,Foam Insert - GeoRipperT/A Box,MT0091,1.000000,Assembly,
6212012000000444788,GeoRipper(R)T/A M700 W/EZ,,USD 2100.00,GeoRipper - Units,GeoRipper,MiniTrencher,41.00,36.00,12.00,6.00,true,,goods,2,,,Inactive,EA,GRTA-M700,810075760682,810075760682,,22A,USD 352.78,Georipper - Unit,,Finished Goods,fifo,,,0.00,USD 0.00,13mm Embossed Wrench,MT0013,1.000000,Assembly,
6212012000000444788,GeoRipper(R)T/A M700 W/EZ,,USD 2100.00,GeoRipper - Units,GeoRipper,MiniTrencher,41.00,36.00,12.00,6.00,true,,goods,2,,,Inactive,EA,GRTA-M700,810075760682,810075760682,,22A,USD 352.78,Georipper - Unit,,Finished Goods,fifo,,,0.00,USD 0.00,18mm Embossed Wrench,MT0018,1.000000,Assembly,
6212012000000444788,GeoRipper(R)T/A M700 W/EZ,,USD 2100.00,GeoRipper - Units,GeoRipper,MiniTrencher,41.00,36.00,12.00,6.00,true,,goods,2,,,Inactive,EA,GRTA-M700,810075760682,810075760682,,22A,USD 352.78,Georipper - Unit,,Finished Goods,fifo,,,0.00,USD 0.00,Pulley for Makita EK7651H/EK8100 GeoRipperT/A,M1001,1.000000,Assembly,
6212012000000444788,GeoRipper(R)T/A M700 W/EZ,,USD 2100.00,GeoRipper - Units,GeoRipper,MiniTrencher,41.00,36.00,12.00,6.00,true,,goods,2,,,Inactive,EA,GRTA-M700,810075760682,810075760682,,22A,USD 352.78,Georipper - Unit,,Finished Goods,fifo,,,0.00,USD 0.00,Belt for Makita EK8100,MTB81-00,1.000000,Assembly,
6212012000000444788,GeoRipper(R)T/A M700 W/EZ,,USD 2100.00,GeoRipper - Units,GeoRipper,MiniTrencher,41.00,36.00,12.00,6.00,true,,goods,2,,,Inactive,EA,GRTA-M700,810075760682,810075760682,,22A,USD 352.78,Georipper - Unit,,Finished Goods,fifo,,,0.00,USD 0.00,Owners Manual - GeoRipperT/A,GRTA-LIT-OM,1.000000,Assembly,
6212012000000444788,GeoRipper(R)T/A M700 W/EZ,,USD 2100.00,GeoRipper - Units,GeoRipper,MiniTrencher,41.00,36.00,12.00,6.00,true,,goods,2,,,Inactive,EA,GRTA-M700,810075760682,810075760682,,22A,USD 352.78,Georipper - Unit,,Finished Goods,fifo,,,0.00,USD 0.00,Green PVC Tool Bag,MT0099,1.000000,Assembly,
6212012000000444788,GeoRipper(R)T/A M700 W/EZ,,USD 2100.00,GeoRipper - Units,GeoRipper,MiniTrencher,41.00,36.00,12.00,6.00,true,,goods,2,,,Inactive,EA,GRTA-M700,810075760682,810075760682,,22A,USD 352.78,Georipper - Unit,,Finished Goods,fifo,,,0.00,USD 0.00,GeoRipper Minitrencher 27-Inch Digging Bar,MT3700,1.000000,Assembly,
6212012000000444788,GeoRipper(R)T/A M700 W/EZ,,USD 2100.00,GeoRipper - Units,GeoRipper,MiniTrencher,41.00,36.00,12.00,6.00,true,,goods,2,,,Inactive,EA,GRTA-M700,810075760682,810075760682,,22A,USD 352.78,Georipper - Unit,,Finished Goods,fifo,,,0.00,USD 0.00,Warehouse Hourly Labor,Labor30,1.000000,Assembly,
6212012000000444788,GeoRipper(R)T/A M700 W/EZ,,USD 2100.00,GeoRipper - Units,GeoRipper,MiniTrencher,41.00,36.00,12.00,6.00,true,,goods,2,,,Inactive,EA,GRTA-M700,810075760682,810075760682,,22A,USD 352.78,Georipper - Unit,,Finished Goods,fifo,,,0.00,USD 0.00,Dirt Deflector,MT8001,1.000000,Assembly,
6212012000000444788,GeoRipper(R)T/A M700 W/EZ,,USD 2100.00,GeoRipper - Units,GeoRipper,MiniTrencher,41.00,36.00,12.00,6.00,true,,goods,2,,,Inactive,EA,GRTA-M700,810075760682,810075760682,,22A,USD 352.78,Georipper - Unit,,Finished Goods,fifo,,,0.00,USD 0.00,Mud Flap A,MT8002,1.000000,Assembly,
6212012000000444788,GeoRipper(R)T/A M700 W/EZ,,USD 2100.00,GeoRipper - Units,GeoRipper,MiniTrencher,41.00,36.00,12.00,6.00,true,,goods,2,,,Inactive,EA,GRTA-M700,810075760682,810075760682,,22A,USD 352.78,Georipper - Unit,,Finished Goods,fifo,,,0.00,USD 0.00,Mud Flap B,MT8003,1.000000,Assembly,
6212012000000444788,GeoRipper(R)T/A M700 W/EZ,,USD 2100.00,GeoRipper - Units,GeoRipper,MiniTrencher,41.00,36.00,12.00,6.00,true,,goods,2,,,Inactive,EA,GRTA-M700,810075760682,810075760682,,22A,USD 352.78,Georipper - Unit,,Finished Goods,fifo,,,0.00,USD 0.00,M5 X .8 X 16 Phillips Flat Machine Screw Plated,GR5.8,6.000000,Assembly,
6212012000000444788,GeoRipper(R)T/A M700 W/EZ,,USD 2100.00,GeoRipper - Units,GeoRipper,MiniTrencher,41.00,36.00,12.00,6.00,true,,goods,2,,,Inactive,EA,GRTA-M700,810075760682,810075760682,,22A,USD 352.78,Georipper - Unit,,Finished Goods,fifo,,,0.00,USD 0.00,M5 x 18mm fender washer,GR5.12,6.000000,Assembly,
6212012000000444788,GeoRipper(R)T/A M700 W/EZ,,USD 2100.00,GeoRipper - Units,GeoRipper,MiniTrencher,41.00,36.00,12.00,6.00,true,,goods,2,,,Inactive,EA,GRTA-M700,810075760682,810075760682,,22A,USD 352.78,Georipper - Unit,,Finished Goods,fifo,,,0.00,USD 0.00,M5 Nylock hex nut,GR5.11,6.000000,Assembly,
6212012000000444788,GeoRipper(R)T/A M700 W/EZ,,USD 2100.00,GeoRipper - Units,GeoRipper,MiniTrencher,41.00,36.00,12.00,6.00,true,,goods,2,,,Inactive,EA,GRTA-M700,810075760682,810075760682,,22A,USD 352.78,Georipper - Unit,,Finished Goods,fifo,,,0.00,USD 0.00,Bar Clamp Washer - Slotted,GR5.2,1.000000,Assembly,
6212012000000444788,GeoRipper(R)T/A M700 W/EZ,,USD 2100.00,GeoRipper - Units,GeoRipper,MiniTrencher,41.00,36.00,12.00,6.00,true,,goods,2,,,Inactive,EA,GRTA-M700,810075760682,810075760682,,22A,USD 352.78,Georipper - Unit,,Finished Goods,fifo,,,0.00,USD 0.00,M12 X 1.75 X 30 Bolt 18mm Head,GR5.3,2.000000,Assembly,
6212012000000444788,GeoRipper(R)T/A M700 W/EZ,,USD 2100.00,GeoRipper - Units,GeoRipper,MiniTrencher,41.00,36.00,12.00,6.00,true,,goods,2,,,Inactive,EA,GRTA-M700,810075760682,810075760682,,22A,USD 352.78,Georipper - Unit,,Finished Goods,fifo,,,0.00,USD 0.00,M12 Split Lock Washer,GR5.4,2.000000,Assembly,
6212012000000444788,GeoRipper(R)T/A M700 W/EZ,,USD 2100.00,GeoRipper - Units,GeoRipper,MiniTrencher,41.00,36.00,12.00,6.00,true,,goods,2,,,Inactive,EA,GRTA-M700,810075760682,810075760682,,22A,USD 352.78,Georipper - Unit,,Finished Goods,fifo,,,0.00,USD 0.00,Safety Bar - 700 Series GeoRipperT/A,MT7700,1.000000,Assembly,
6212012000000444788,GeoRipper(R)T/A M700 W/EZ,,USD 2100.00,GeoRipper - Units,GeoRipper,MiniTrencher,41.00,36.00,12.00,6.00,true,,goods,2,,,Inactive,EA,GRTA-M700,810075760682,810075760682,,22A,USD 352.78,Georipper - Unit,,Finished Goods,fifo,,,0.00,USD 0.00,M8 x 1.25 x 12 Bolt for Safety Bar,MT0812,2.000000,Assembly,
6212012000000444788,GeoRipper(R)T/A M700 W/EZ,,USD 2100.00,GeoRipper - Units,GeoRipper,MiniTrencher,41.00,36.00,12.00,6.00,true,,goods,2,,,Inactive,EA,GRTA-M700,810075760682,810075760682,,22A,USD 352.78,Georipper - Unit,,Finished Goods,fifo,,,0.00,USD 0.00,M8 split lock washer zinc plated,MT0804,2.000000,Assembly,
6212012000000444788,GeoRipper(R)T/A M700 W/EZ,,USD 2100.00,GeoRipper - Units,GeoRipper,MiniTrencher,41.00,36.00,12.00,6.00,true,,goods,2,,,Inactive,EA,GRTA-M700,810075760682,810075760682,,22A,USD 352.78,Georipper - Unit,,Finished Goods,fifo,,,0.00,USD 0.00,M8 X 1.25 Flanged Nyloc Nut,GRKM7681.6,2.000000,Assembly,
6212012000000444788,GeoRipper(R)T/A M700 W/EZ,,USD 2100.00,GeoRipper - Units,GeoRipper,MiniTrencher,41.00,36.00,12.00,6.00,true,,goods,2,,,Inactive,EA,GRTA-M700,810075760682,810075760682,,22A,USD 352.78,Georipper - Unit,,Finished Goods,fifo,,,0.00,USD 0.00,Bearing (Sealed) 6002-RS2,GR1.2,1.000000,Assembly,
6212012000000444788,GeoRipper(R)T/A M700 W/EZ,,USD 2100.00,GeoRipper - Units,GeoRipper,MiniTrencher,41.00,36.00,12.00,6.00,true,,goods,2,,,Inactive,EA,GRTA-M700,810075760682,810075760682,,22A,USD 352.78,Georipper - Unit,,Finished Goods,fifo,,,0.00,USD 0.00,M8x1.25x20 Countersunk 5mm Hex Drive Bolt 12.9grade,GR0.3.2,3.000000,Assembly,
6212012000000444788,GeoRipper(R)T/A M700 W/EZ,,USD 2100.00,GeoRipper - Units,GeoRipper,MiniTrencher,41.00,36.00,12.00,6.00,true,,goods,2,,,Inactive,EA,GRTA-M700,810075760682,810075760682,,22A,USD 352.78,Georipper - Unit,,Finished Goods,fifo,,,0.00,USD 0.00,#50H Heavy Connecting Link Spring Clip,MT4004,1.000000,Assembly,
6212012000000444788,GeoRipper(R)T/A M700 W/EZ,,USD 2100.00,GeoRipper - Units,GeoRipper,MiniTrencher,41.00,36.00,12.00,6.00,true,,goods,2,,,Inactive,EA,GRTA-M700,810075760682,810075760682,,22A,USD 352.78,Georipper - Unit,,Finished Goods,fifo,,,0.00,USD 0.00,Sticker - 811 - Call Before You Dig,GRS3,1.000000,Assembly,
6212012000000444788,GeoRipper(R)T/A M700 W/EZ,,USD 2100.00,GeoRipper - Units,GeoRipper,MiniTrencher,41.00,36.00,12.00,6.00,true,,goods,2,,,Inactive,EA,GRTA-M700,810075760682,810075760682,,22A,USD 352.78,Georipper - Unit,,Finished Goods,fifo,,,0.00,USD 0.00,GeoRipper Warranty Postcard,GR-LIT-WP,1.000000,Assembly,
6212012000000444788,GeoRipper(R)T/A M700 W/EZ,,USD 2100.00,GeoRipper - Units,GeoRipper,MiniTrencher,41.00,36.00,12.00,6.00,true,,goods,2,,,Inactive,EA,GRTA-M700,810075760682,810075760682,,22A,USD 352.78,Georipper - Unit,,Finished Goods,fifo,,,0.00,USD 0.00,"(2) 27""[700mm] Max Digging Depth Chain",MT4700-2,1.000000,Assembly,
6212012000000444788,GeoRipper(R)T/A M700 W/EZ,,USD 2100.00,GeoRipper - Units,GeoRipper,MiniTrencher,41.00,36.00,12.00,6.00,true,,goods,2,,,Inactive,EA,GRTA-M700,810075760682,810075760682,,22A,USD 352.78,Georipper - Unit,,Finished Goods,fifo,,,0.00,USD 0.00,GeoRipper Minitrencher Universal EZ Kart,EZ100,1.000000,Assembly,
6212012000000444881,The GeoRipper 16,,USD 1999.99,GeoRipper - Units,,MiniTrencher,65.00,32.00,15.00,20.00,true,,goods,2,,,Active,Kit,GR416,,,,,USD 556.45,Georipper - Unit,,Finished Goods,fifo,,,0.00,USD 0.00,"Complete 16"" Digging Bar",MT3400,1.000000,Assembly,
6212012000000444881,The GeoRipper 16,,USD 1999.99,GeoRipper - Units,,MiniTrencher,65.00,32.00,15.00,20.00,true,,goods,2,,,Active,Kit,GR416,,,,,USD 556.45,Georipper - Unit,,Finished Goods,fifo,,,0.00,USD 0.00,"Small GeoRipper Box ""A""",BX-4,1.000000,Assembly,
6212012000000444881,The GeoRipper 16,,USD 1999.99,GeoRipper - Units,,MiniTrencher,65.00,32.00,15.00,20.00,true,,goods,2,,,Active,Kit,GR416,,,,,USD 556.45,Georipper - Unit,,Finished Goods,fifo,,,0.00,USD 0.00,"GeoRipper Box ""Stabilizer""",BX-5,2.000000,Assembly,
6212012000000444881,The GeoRipper 16,,USD 1999.99,GeoRipper - Units,,MiniTrencher,65.00,32.00,15.00,20.00,true,,goods,2,,,Active,Kit,GR416,,,,,USD 556.45,Georipper - Unit,,Finished Goods,fifo,,,0.00,USD 0.00,GeoRipper Box Tray,BX-6,1.000000,Assembly,
6212012000000444881,The GeoRipper 16,,USD 1999.99,GeoRipper - Units,,MiniTrencher,65.00,32.00,15.00,20.00,true,,goods,2,,,Active,Kit,GR416,,,,,USD 556.45,Georipper - Unit,,Finished Goods,fifo,,,0.00,USD 0.00,Warehouse Hourly Labor,Labor30,1.000000,Assembly,
6212012000000444881,The GeoRipper 16,,USD 1999.99,GeoRipper - Units,,MiniTrencher,65.00,32.00,15.00,20.00,true,,goods,2,,,Active,Kit,GR416,,,,,USD 556.45,Georipper - Unit,,Finished Goods,fifo,,,0.00,USD 0.00,The GeoRipper Engine,GR457,1.000000,Assembly,
6212012000000444881,The GeoRipper 16,,USD 1999.99,GeoRipper - Units,,MiniTrencher,65.00,32.00,15.00,20.00,true,,goods,2,,,Active,Kit,GR416,,,,,USD 556.45,Georipper - Unit,,Finished Goods,fifo,,,0.00,USD 0.00,"16"" Digging Chain (Single Chain)",MT4400,2.000000,Assembly,
6212012000000444881,The GeoRipper 16,,USD 1999.99,GeoRipper - Units,,MiniTrencher,65.00,32.00,15.00,20.00,true,,goods,2,,,Active,Kit,GR416,,,,,USD 556.45,Georipper - Unit,,Finished Goods,fifo,,,0.00,USD 0.00,Safety Bar - 400 Series GeoRipperT/A,MT7400,1.000000,Assembly,
6212012000000444881,The GeoRipper 16,,USD 1999.99,GeoRipper - Units,,MiniTrencher,65.00,32.00,15.00,20.00,true,,goods,2,,,Active,Kit,GR416,,,,,USD 556.45,Georipper - Unit,,Finished Goods,fifo,,,0.00,USD 0.00,Sticker - Hand Entanglement/Chain Drive,GRS11,1.000000,Assembly,
6212012000000444914,"(2) 16""[400mm] Max Digging Depth Chain","DO NOT USE THIS SKU
A pack of (2) chains",USD 180.00,GeoRipper - Parts,,,0.00,0.00,0.00,0.00,true,,goods,2,,,Inactive,Box,MT4400-2,,,,,USD 43.08,GeoRipper - Part,,Finished Goods,fifo,,,0.00,USD 0.00,"16"" Digging Chain (Single Chain)",MT4400,2.000000,Assembly,
6212012000000444914,"(2) 16""[400mm] Max Digging Depth Chain","DO NOT USE THIS SKU
A pack of (2) chains",USD 180.00,GeoRipper - Parts,,,0.00,0.00,0.00,0.00,true,,goods,2,,,Inactive,Box,MT4400-2,,,,,USD 43.08,GeoRipper - Part,,Finished Goods,fifo,,,0.00,USD 0.00,10 x 10 x 5 Uline Box,MT10105,1.000000,Assembly,
6212012000000444931,"(2) 20""[500mm] Max Digging Depth Chain","DO NOT USE THIS SKU
A pack of (2) chains",USD 225.00,GeoRipper - Parts,,,0.00,0.00,0.00,0.00,true,,goods,2,,,Inactive,Box,MT4500-2,,,,,USD 48.52,GeoRipper - Part,,Finished Goods,fifo,,,0.00,USD 0.00,"20"" Digging Chain (Single Chain)",MT4500,2.000000,Assembly,
6212012000000444931,"(2) 20""[500mm] Max Digging Depth Chain","DO NOT USE THIS SKU
A pack of (2) chains",USD 225.00,GeoRipper - Parts,,,0.00,0.00,0.00,0.00,true,,goods,2,,,Inactive,Box,MT4500-2,,,,,USD 48.52,GeoRipper - Part,,Finished Goods,fifo,,,0.00,USD 0.00,10 x 10 x 5 Uline Box,MT10105,1.000000,Assembly,
6212012000000444948,"(6) 16""[400mm] Max Digging Depth Chain","DO NOT USE THIS SKU
A pack of (6) chains",USD 480.00,GeoRipper - Parts,,,0.00,0.00,0.00,0.00,true,,goods,2,,,Inactive,Box,MT4400-6,,,,,USD 129.24,GeoRipper - Part,,Finished Goods,fifo,,,0.00,USD 0.00,"16"" Digging Chain (Single Chain)",MT4400,6.000000,Assembly,
6212012000000444948,"(6) 16""[400mm] Max Digging Depth Chain","DO NOT USE THIS SKU
A pack of (6) chains",USD 480.00,GeoRipper - Parts,,,0.00,0.00,0.00,0.00,true,,goods,2,,,Inactive,Box,MT4400-6,,,,,USD 129.24,GeoRipper - Part,,Finished Goods,fifo,,,0.00,USD 0.00,12 x 9 x 9 Uline Box,MT1299,1.000000,Assembly,
6212012000000444965,"(6) 20""[500mm] Max Digging Depth Chain","DO NOT USE THIS SKU
A pack of (6) chains",USD 600.00,GeoRipper - Parts,,,0.00,0.00,0.00,0.00,true,,goods,2,,,Inactive,Box,MT4500-6,,,,,USD 145.56,GeoRipper - Part,,Finished Goods,fifo,,,0.00,USD 0.00,"20"" Digging Chain (Single Chain)",MT4500,6.000000,Assembly,
6212012000000444965,"(6) 20""[500mm] Max Digging Depth Chain","DO NOT USE THIS SKU
A pack of (6) chains",USD 600.00,GeoRipper - Parts,,,0.00,0.00,0.00,0.00,true,,goods,2,,,Inactive,Box,MT4500-6,,,,,USD 145.56,GeoRipper - Part,,Finished Goods,fifo,,,0.00,USD 0.00,12 x 9 x 9 Uline Box,MT1299,1.000000,Assembly,
6212012000000444982,"(6) 27""[700mm] Max Digging Depth Chain","DO NOT USE THIS SKU
A pack of (6) chains",USD 720.00,GeoRipper - Parts,,,0.00,0.00,0.00,0.00,true,,goods,2,,,Inactive,Box,MT4700-6,,,,,USD 193.80,GeoRipper - Part,,Finished Goods,fifo,,,0.00,USD 0.00,"27"" Digging Chain (Single Chain)",MT4700,6.000000,Assembly,
6212012000000444982,"(6) 27""[700mm] Max Digging Depth Chain","DO NOT USE THIS SKU
A pack of (6) chains",USD 720.00,GeoRipper - Parts,,,0.00,0.00,0.00,0.00,true,,goods,2,,,Inactive,Box,MT4700-6,,,,,USD 193.80,GeoRipper - Part,,Finished Goods,fifo,,,0.00,USD 0.00,12 x 9 x 9 Uline Box,MT1299,1.000000,Assembly,
6212012000000444999,"(24) 16""[400mm] Max Digging Depth Chain","DO NOT USE THIS SKU
A pack of (24) chains",USD 1800.00,GeoRipper - Parts,,,0.00,0.00,0.00,0.00,true,,goods,2,,,Inactive,Box,MT4400-24,,,,,USD 516.96,GeoRipper - Part,,Finished Goods,fifo,,,0.00,USD 0.00,"16"" Digging Chain (Single Chain)",MT4400,24.000000,Assembly,
6212012000000445014,"(24) 20""[500mm] Max Digging Depth Chain","DO NOT USE THIS SKU
A pack of (24) chains",USD 2250.00,GeoRipper - Parts,,,0.00,0.00,0.00,0.00,true,,goods,2,,,Inactive,Box,MT4500-24,,,,,USD 582.24,GeoRipper - Part,,Finished Goods,fifo,,,0.00,USD 0.00,"20"" Digging Chain (Single Chain)",MT4500,24.000000,Assembly,
6212012000000445029,"(24) 27""[700mm] Max Digging Depth Chain","DO NOT USE THIS SKU
A pack of (24) chains",USD 2700.00,GeoRipper - Parts,,,0.00,0.00,0.00,0.00,true,,goods,2,,,Inactive,Box,MT4700-24,,,,,USD 775.20,GeoRipper - Part,,Finished Goods,fifo,,,0.00,USD 0.00,"27"" Digging Chain (Single Chain)",MT4700,24.000000,Assembly,
6212012000000445044,GeoRipper(R)T/A H500 W/O EZ Kart,,USD 1500.00,GeoRipper - Units,GeoRipper,MiniTrencher,32.00,30.00,12.00,6.00,true,,goods,2,,,Active,EA,GRTA-H500-NOEZ,810075760378,810075760378,,22A,USD 319.28,Georipper - Unit,,Finished Goods,fifo,,,0.00,USD 0.00,Husqvarna T/A Casting,H1000,1.000000,Assembly,
6212012000000445044,GeoRipper(R)T/A H500 W/O EZ Kart,,USD 1500.00,GeoRipper - Units,GeoRipper,MiniTrencher,32.00,30.00,12.00,6.00,true,,goods,2,,,Active,EA,GRTA-H500-NOEZ,810075760378,810075760378,,22A,USD 319.28,Georipper - Unit,,Finished Goods,fifo,,,0.00,USD 0.00,Pulley for 'The GeoRipper' & Husqvarna K770 GeoRipperT/A,H1001,1.000000,Assembly,
6212012000000445044,GeoRipper(R)T/A H500 W/O EZ Kart,,USD 1500.00,GeoRipper - Units,GeoRipper,MiniTrencher,32.00,30.00,12.00,6.00,true,,goods,2,,,Active,EA,GRTA-H500-NOEZ,810075760378,810075760378,,22A,USD 319.28,Georipper - Unit,,Finished Goods,fifo,,,0.00,USD 0.00,Pulley for Husqvarna K970 GeoRipperT/A,H1002,1.000000,Assembly,
6212012000000445044,GeoRipper(R)T/A H500 W/O EZ Kart,,USD 1500.00,GeoRipper - Units,GeoRipper,MiniTrencher,32.00,30.00,12.00,6.00,true,,goods,2,,,Active,EA,GRTA-H500-NOEZ,810075760378,810075760378,,22A,USD 319.28,Georipper - Unit,,Finished Goods,fifo,,,0.00,USD 0.00,Belt for Husqvarna K970,MTB97-00,1.000000,Assembly,
6212012000000445044,GeoRipper(R)T/A H500 W/O EZ Kart,,USD 1500.00,GeoRipper - Units,GeoRipper,MiniTrencher,32.00,30.00,12.00,6.00,true,,goods,2,,,Active,EA,GRTA-H500-NOEZ,810075760378,810075760378,,22A,USD 319.28,Georipper - Unit,,Finished Goods,fifo,,,0.00,USD 0.00,Spacer,MT0010,1.000000,Assembly,
6212012000000445044,GeoRipper(R)T/A H500 W/O EZ Kart,,USD 1500.00,GeoRipper - Units,GeoRipper,MiniTrencher,32.00,30.00,12.00,6.00,true,,goods,2,,,Active,EA,GRTA-H500-NOEZ,810075760378,810075760378,,22A,USD 319.28,Georipper - Unit,,Finished Goods,fifo,,,0.00,USD 0.00,M8 Zinc Plated Washer,MT0800,2.000000,Assembly,
6212012000000445044,GeoRipper(R)T/A H500 W/O EZ Kart,,USD 1500.00,GeoRipper - Units,GeoRipper,MiniTrencher,32.00,30.00,12.00,6.00,true,,goods,2,,,Active,EA,GRTA-H500-NOEZ,810075760378,810075760378,,22A,USD 319.28,Georipper - Unit,,Finished Goods,fifo,,,0.00,USD 0.00,M8 x 1.25 x 65 Zinc-Plated Hex Bolt,MT0865,3.000000,Assembly,
6212012000000445044,GeoRipper(R)T/A H500 W/O EZ Kart,,USD 1500.00,GeoRipper - Units,GeoRipper,MiniTrencher,32.00,30.00,12.00,6.00,true,,goods,2,,,Active,EA,GRTA-H500-NOEZ,810075760378,810075760378,,22A,USD 319.28,Georipper - Unit,,Finished Goods,fifo,,,0.00,USD 0.00,M8 Acorn Nut,MT0801,3.000000,Assembly,
6212012000000445044,GeoRipper(R)T/A H500 W/O EZ Kart,,USD 1500.00,GeoRipper - Units,GeoRipper,MiniTrencher,32.00,30.00,12.00,6.00,true,,goods,2,,,Active,EA,GRTA-H500-NOEZ,810075760378,810075760378,,22A,USD 319.28,Georipper - Unit,,Finished Goods,fifo,,,0.00,USD 0.00,Bearing - 6203 RS,MT0062,2.000000,Assembly,
6212012000000445044,GeoRipper(R)T/A H500 W/O EZ Kart,,USD 1500.00,GeoRipper - Units,GeoRipper,MiniTrencher,32.00,30.00,12.00,6.00,true,,goods,2,,,Active,EA,GRTA-H500-NOEZ,810075760378,810075760378,,22A,USD 319.28,Georipper - Unit,,Finished Goods,fifo,,,0.00,USD 0.00,R40 Snap Ring,MT0040,1.000000,Assembly,
6212012000000445044,GeoRipper(R)T/A H500 W/O EZ Kart,,USD 1500.00,GeoRipper - Units,GeoRipper,MiniTrencher,32.00,30.00,12.00,6.00,true,,goods,2,,,Active,EA,GRTA-H500-NOEZ,810075760378,810075760378,,22A,USD 319.28,Georipper - Unit,,Finished Goods,fifo,,,0.00,USD 0.00,Box - TA500,MT95195,1.000000,Assembly,
6212012000000445044,GeoRipper(R)T/A H500 W/O EZ Kart,,USD 1500.00,GeoRipper - Units,GeoRipper,MiniTrencher,32.00,30.00,12.00,6.00,true,,goods,2,,,Active,EA,GRTA-H500-NOEZ,810075760378,810075760378,,22A,USD 319.28,Georipper - Unit,,Finished Goods,fifo,,,0.00,USD 0.00,Foam Insert - GeoRipperT/A Box,MT0091,1.000000,Assembly,
6212012000000445044,GeoRipper(R)T/A H500 W/O EZ Kart,,USD 1500.00,GeoRipper - Units,GeoRipper,MiniTrencher,32.00,30.00,12.00,6.00,true,,goods,2,,,Active,EA,GRTA-H500-NOEZ,810075760378,810075760378,,22A,USD 319.28,Georipper - Unit,,Finished Goods,fifo,,,0.00,USD 0.00,13mm Embossed Wrench,MT0013,1.000000,Assembly,
6212012000000445044,GeoRipper(R)T/A H500 W/O EZ Kart,,USD 1500.00,GeoRipper - Units,GeoRipper,MiniTrencher,32.00,30.00,12.00,6.00,true,,goods,2,,,Active,EA,GRTA-H500-NOEZ,810075760378,810075760378,,22A,USD 319.28,Georipper - Unit,,Finished Goods,fifo,,,0.00,USD 0.00,18mm Embossed Wrench,MT0018,1.000000,Assembly,
6212012000000445044,GeoRipper(R)T/A H500 W/O EZ Kart,,USD 1500.00,GeoRipper - Units,GeoRipper,MiniTrencher,32.00,30.00,12.00,6.00,true,,goods,2,,,Active,EA,GRTA-H500-NOEZ,810075760378,810075760378,,22A,USD 319.28,Georipper - Unit,,Finished Goods,fifo,,,0.00,USD 0.00,Green PVC Tool Bag,MT0099,1.000000,Assembly,
6212012000000445044,GeoRipper(R)T/A H500 W/O EZ Kart,,USD 1500.00,GeoRipper - Units,GeoRipper,MiniTrencher,32.00,30.00,12.00,6.00,true,,goods,2,,,Active,EA,GRTA-H500-NOEZ,810075760378,810075760378,,22A,USD 319.28,Georipper - Unit,,Finished Goods,fifo,,,0.00,USD 0.00,GeoRipper Minitrencher 20-Inch Digging Bar,MT3500,1.000000,Assembly,
6212012000000445044,GeoRipper(R)T/A H500 W/O EZ Kart,,USD 1500.00,GeoRipper - Units,GeoRipper,MiniTrencher,32.00,30.00,12.00,6.00,true,,goods,2,,,Active,EA,GRTA-H500-NOEZ,810075760378,810075760378,,22A,USD 319.28,Georipper - Unit,,Finished Goods,fifo,,,0.00,USD 0.00,Drive Axle for all GeoRipperT/A,MT9002,1.000000,Assembly,
6212012000000445044,GeoRipper(R)T/A H500 W/O EZ Kart,,USD 1500.00,GeoRipper - Units,GeoRipper,MiniTrencher,32.00,30.00,12.00,6.00,true,,goods,2,,,Active,EA,GRTA-H500-NOEZ,810075760378,810075760378,,22A,USD 319.28,Georipper - Unit,,Finished Goods,fifo,,,0.00,USD 0.00,Minitrencher Drive Sprocket for GeoRipper and GeoRipper(R)T/A,MT9001,1.000000,Assembly,
6212012000000445044,GeoRipper(R)T/A H500 W/O EZ Kart,,USD 1500.00,GeoRipper - Units,GeoRipper,MiniTrencher,32.00,30.00,12.00,6.00,true,,goods,2,,,Active,EA,GRTA-H500-NOEZ,810075760378,810075760378,,22A,USD 319.28,Georipper - Unit,,Finished Goods,fifo,,,0.00,USD 0.00,Labyrinth for all GeoRipperT/A,MT9003,1.000000,Assembly,
6212012000000445044,GeoRipper(R)T/A H500 W/O EZ Kart,,USD 1500.00,GeoRipper - Units,GeoRipper,MiniTrencher,32.00,30.00,12.00,6.00,true,,goods,2,,,Active,EA,GRTA-H500-NOEZ,810075760378,810075760378,,22A,USD 319.28,Georipper - Unit,,Finished Goods,fifo,,,0.00,USD 0.00,Owners Manual - GeoRipperT/A,GRTA-LIT-OM,1.000000,Assembly,
6212012000000445044,GeoRipper(R)T/A H500 W/O EZ Kart,,USD 1500.00,GeoRipper - Units,GeoRipper,MiniTrencher,32.00,30.00,12.00,6.00,true,,goods,2,,,Active,EA,GRTA-H500-NOEZ,810075760378,810075760378,,22A,USD 319.28,Georipper - Unit,,Finished Goods,fifo,,,0.00,USD 0.00,Safety Bar - 500 Series GeoRipperT/A,MT7500,1.000000,Assembly,
6212012000000445044,GeoRipper(R)T/A H500 W/O EZ Kart,,USD 1500.00,GeoRipper - Units,GeoRipper,MiniTrencher,32.00,30.00,12.00,6.00,true,,goods,2,,,Active,EA,GRTA-H500-NOEZ,810075760378,810075760378,,22A,USD 319.28,Georipper - Unit,,Finished Goods,fifo,,,0.00,USD 0.00,M8 x 1.25 x 12 Bolt for Safety Bar,MT0812,2.000000,Assembly,
6212012000000445044,GeoRipper(R)T/A H500 W/O EZ Kart,,USD 1500.00,GeoRipper - Units,GeoRipper,MiniTrencher,32.00,30.00,12.00,6.00,true,,goods,2,,,Active,EA,GRTA-H500-NOEZ,810075760378,810075760378,,22A,USD 319.28,Georipper - Unit,,Finished Goods,fifo,,,0.00,USD 0.00,Dirt Deflector,MT8001,1.000000,Assembly,
6212012000000445044,GeoRipper(R)T/A H500 W/O EZ Kart,,USD 1500.00,GeoRipper - Units,GeoRipper,MiniTrencher,32.00,30.00,12.00,6.00,true,,goods,2,,,Active,EA,GRTA-H500-NOEZ,810075760378,810075760378,,22A,USD 319.28,Georipper - Unit,,Finished Goods,fifo,,,0.00,USD 0.00,Mud Flap A,MT8002,1.000000,Assembly,
6212012000000445044,GeoRipper(R)T/A H500 W/O EZ Kart,,USD 1500.00,GeoRipper - Units,GeoRipper,MiniTrencher,32.00,30.00,12.00,6.00,true,,goods,2,,,Active,EA,GRTA-H500-NOEZ,810075760378,810075760378,,22A,USD 319.28,Georipper - Unit,,Finished Goods,fifo,,,0.00,USD 0.00,Mud Flap B,MT8003,1.000000,Assembly,
6212012000000445044,GeoRipper(R)T/A H500 W/O EZ Kart,,USD 1500.00,GeoRipper - Units,GeoRipper,MiniTrencher,32.00,30.00,12.00,6.00,true,,goods,2,,,Active,EA,GRTA-H500-NOEZ,810075760378,810075760378,,22A,USD 319.28,Georipper - Unit,,Finished Goods,fifo,,,0.00,USD 0.00,M5 X .8 X 16 Phillips Flat Machine Screw Plated,GR5.8,6.000000,Assembly,
6212012000000445044,GeoRipper(R)T/A H500 W/O EZ Kart,,USD 1500.00,GeoRipper - Units,GeoRipper,MiniTrencher,32.00,30.00,12.00,6.00,true,,goods,2,,,Active,EA,GRTA-H500-NOEZ,810075760378,810075760378,,22A,USD 319.28,Georipper - Unit,,Finished Goods,fifo,,,0.00,USD 0.00,M5 x 18mm fender washer,GR5.12,6.000000,Assembly,
6212012000000445044,GeoRipper(R)T/A H500 W/O EZ Kart,,USD 1500.00,GeoRipper - Units,GeoRipper,MiniTrencher,32.00,30.00,12.00,6.00,true,,goods,2,,,Active,EA,GRTA-H500-NOEZ,810075760378,810075760378,,22A,USD 319.28,Georipper - Unit,,Finished Goods,fifo,,,0.00,USD 0.00,M5 Nylock hex nut,GR5.11,6.000000,Assembly,
6212012000000445044,GeoRipper(R)T/A H500 W/O EZ Kart,,USD 1500.00,GeoRipper - Units,GeoRipper,MiniTrencher,32.00,30.00,12.00,6.00,true,,goods,2,,,Active,EA,GRTA-H500-NOEZ,810075760378,810075760378,,22A,USD 319.28,Georipper - Unit,,Finished Goods,fifo,,,0.00,USD 0.00,Bar Clamp Washer - Slotted,GR5.2,1.000000,Assembly,
6212012000000445044,GeoRipper(R)T/A H500 W/O EZ Kart,,USD 1500.00,GeoRipper - Units,GeoRipper,MiniTrencher,32.00,30.00,12.00,6.00,true,,goods,2,,,Active,EA,GRTA-H500-NOEZ,810075760378,810075760378,,22A,USD 319.28,Georipper - Unit,,Finished Goods,fifo,,,0.00,USD 0.00,M12 X 1.75 X 30 Bolt 18mm Head,GR5.3,2.000000,Assembly,
6212012000000445044,GeoRipper(R)T/A H500 W/O EZ Kart,,USD 1500.00,GeoRipper - Units,GeoRipper,MiniTrencher,32.00,30.00,12.00,6.00,true,,goods,2,,,Active,EA,GRTA-H500-NOEZ,810075760378,810075760378,,22A,USD 319.28,Georipper - Unit,,Finished Goods,fifo,,,0.00,USD 0.00,M12 Split Lock Washer,GR5.4,2.000000,Assembly,
6212012000000445044,GeoRipper(R)T/A H500 W/O EZ Kart,,USD 1500.00,GeoRipper - Units,GeoRipper,MiniTrencher,32.00,30.00,12.00,6.00,true,,goods,2,,,Active,EA,GRTA-H500-NOEZ,810075760378,810075760378,,22A,USD 319.28,Georipper - Unit,,Finished Goods,fifo,,,0.00,USD 0.00,M8 split lock washer zinc plated,MT0804,2.000000,Assembly,
6212012000000445044,GeoRipper(R)T/A H500 W/O EZ Kart,,USD 1500.00,GeoRipper - Units,GeoRipper,MiniTrencher,32.00,30.00,12.00,6.00,true,,goods,2,,,Active,EA,GRTA-H500-NOEZ,810075760378,810075760378,,22A,USD 319.28,Georipper - Unit,,Finished Goods,fifo,,,0.00,USD 0.00,Bearing (Sealed) 6002-RS2,GR1.2,1.000000,Assembly,
6212012000000445044,GeoRipper(R)T/A H500 W/O EZ Kart,,USD 1500.00,GeoRipper - Units,GeoRipper,MiniTrencher,32.00,30.00,12.00,6.00,true,,goods,2,,,Active,EA,GRTA-H500-NOEZ,810075760378,810075760378,,22A,USD 319.28,Georipper - Unit,,Finished Goods,fifo,,,0.00,USD 0.00,M8x1.25x20 Countersunk 5mm Hex Drive Bolt 12.9grade,GR0.3.2,3.000000,Assembly,
6212012000000445044,GeoRipper(R)T/A H500 W/O EZ Kart,,USD 1500.00,GeoRipper - Units,GeoRipper,MiniTrencher,32.00,30.00,12.00,6.00,true,,goods,2,,,Active,EA,GRTA-H500-NOEZ,810075760378,810075760378,,22A,USD 319.28,Georipper - Unit,,Finished Goods,fifo,,,0.00,USD 0.00,GeoRipper Warranty Postcard,GR-LIT-WP,1.000000,Assembly,
6212012000000445044,GeoRipper(R)T/A H500 W/O EZ Kart,,USD 1500.00,GeoRipper - Units,GeoRipper,MiniTrencher,32.00,30.00,12.00,6.00,true,,goods,2,,,Active,EA,GRTA-H500-NOEZ,810075760378,810075760378,,22A,USD 319.28,Georipper - Unit,,Finished Goods,fifo,,,0.00,USD 0.00,Warehouse Hourly Labor,Labor30,1.000000,Assembly,
6212012000000445044,GeoRipper(R)T/A H500 W/O EZ Kart,,USD 1500.00,GeoRipper - Units,GeoRipper,MiniTrencher,32.00,30.00,12.00,6.00,true,,goods,2,,,Active,EA,GRTA-H500-NOEZ,810075760378,810075760378,,22A,USD 319.28,Georipper - Unit,,Finished Goods,fifo,,,0.00,USD 0.00,Belt cover Orange K770 K970,MT7208-100-H,1.000000,Assembly,
6212012000000445044,GeoRipper(R)T/A H500 W/O EZ Kart,,USD 1500.00,GeoRipper - Units,GeoRipper,MiniTrencher,32.00,30.00,12.00,6.00,true,,goods,2,,,Active,EA,GRTA-H500-NOEZ,810075760378,810075760378,,22A,USD 319.28,Georipper - Unit,,Finished Goods,fifo,,,0.00,USD 0.00,M8-1.25 X 25 UNC HEX HEAD FLANGE BOLT GRADE 10.9,MT0825F,2.000000,Assembly,
6212012000000445044,GeoRipper(R)T/A H500 W/O EZ Kart,,USD 1500.00,GeoRipper - Units,GeoRipper,MiniTrencher,32.00,30.00,12.00,6.00,true,,goods,2,,,Active,EA,GRTA-H500-NOEZ,810075760378,810075760378,,22A,USD 319.28,Georipper - Unit,,Finished Goods,fifo,,,0.00,USD 0.00,"20"" Digging Chain (Single Chain)",MT4500,2.000000,Assembly,
6212012000000445044,GeoRipper(R)T/A H500 W/O EZ Kart,,USD 1500.00,GeoRipper - Units,GeoRipper,MiniTrencher,32.00,30.00,12.00,6.00,true,,goods,2,,,Active,EA,GRTA-H500-NOEZ,810075760378,810075760378,,22A,USD 319.28,Georipper - Unit,,Finished Goods,fifo,,,0.00,USD 0.00,Dirt Deflector Warning Sticker,GRS17,1.000000,Assembly,
6212012000000445044,GeoRipper(R)T/A H500 W/O EZ Kart,,USD 1500.00,GeoRipper - Units,GeoRipper,MiniTrencher,32.00,30.00,12.00,6.00,true,,goods,2,,,Active,EA,GRTA-H500-NOEZ,810075760378,810075760378,,22A,USD 319.28,Georipper - Unit,,Finished Goods,fifo,,,0.00,USD 0.00,#50H Heavy Connecting Link Spring Clip,MT4004,1.000000,Assembly,
6212012000000445044,GeoRipper(R)T/A H500 W/O EZ Kart,,USD 1500.00,GeoRipper - Units,GeoRipper,MiniTrencher,32.00,30.00,12.00,6.00,true,,goods,2,,,Active,EA,GRTA-H500-NOEZ,810075760378,810075760378,,22A,USD 319.28,Georipper - Unit,,Finished Goods,fifo,,,0.00,USD 0.00,"Belt for 'The GeoRipper', Husqvarna K770 & Echo CSG-7410",MTB77-00,1.000000,Assembly,
6212012000000445044,GeoRipper(R)T/A H500 W/O EZ Kart,,USD 1500.00,GeoRipper - Units,GeoRipper,MiniTrencher,32.00,30.00,12.00,6.00,true,,goods,2,,,Active,EA,GRTA-H500-NOEZ,810075760378,810075760378,,22A,USD 319.28,Georipper - Unit,,Finished Goods,fifo,,,0.00,USD 0.00,M8 X 1.25 Flanged Nyloc Nut,GRKM7681.6,3.000000,Assembly,
6212012000000445044,GeoRipper(R)T/A H500 W/O EZ Kart,,USD 1500.00,GeoRipper - Units,GeoRipper,MiniTrencher,32.00,30.00,12.00,6.00,true,,goods,2,,,Active,EA,GRTA-H500-NOEZ,810075760378,810075760378,,22A,USD 319.28,Georipper - Unit,,Finished Goods,fifo,,,0.00,USD 0.00,Sticker - Hand Entanglement/Chain Drive,GRS11,1.000000,Assembly,
6212012000000445143,GeoRipper(R)T/A H700 W/O EZ Kart,,USD 1800.00,GeoRipper - Units,GeoRipper,MiniTrencher,38.00,36.00,12.00,6.00,true,,goods,2,,,Active,EA,GRTA-H700-NOEZ,810075760392,810075760392,,22A,USD 337.60,Georipper - Unit,,Finished Goods,fifo,,,0.00,USD 0.00,Husqvarna T/A Casting,H1000,1.000000,Assembly,
6212012000000445143,GeoRipper(R)T/A H700 W/O EZ Kart,,USD 1800.00,GeoRipper - Units,GeoRipper,MiniTrencher,38.00,36.00,12.00,6.00,true,,goods,2,,,Active,EA,GRTA-H700-NOEZ,810075760392,810075760392,,22A,USD 337.60,Georipper - Unit,,Finished Goods,fifo,,,0.00,USD 0.00,Minitrencher Drive Sprocket for GeoRipper and GeoRipper(R)T/A,MT9001,1.000000,Assembly,
6212012000000445143,GeoRipper(R)T/A H700 W/O EZ Kart,,USD 1800.00,GeoRipper - Units,GeoRipper,MiniTrencher,38.00,36.00,12.00,6.00,true,,goods,2,,,Active,EA,GRTA-H700-NOEZ,810075760392,810075760392,,22A,USD 337.60,Georipper - Unit,,Finished Goods,fifo,,,0.00,USD 0.00,Labyrinth for all GeoRipperT/A,MT9003,1.000000,Assembly,
6212012000000445143,GeoRipper(R)T/A H700 W/O EZ Kart,,USD 1800.00,GeoRipper - Units,GeoRipper,MiniTrencher,38.00,36.00,12.00,6.00,true,,goods,2,,,Active,EA,GRTA-H700-NOEZ,810075760392,810075760392,,22A,USD 337.60,Georipper - Unit,,Finished Goods,fifo,,,0.00,USD 0.00,Drive Axle for all GeoRipperT/A,MT9002,1.000000,Assembly,
6212012000000445143,GeoRipper(R)T/A H700 W/O EZ Kart,,USD 1800.00,GeoRipper - Units,GeoRipper,MiniTrencher,38.00,36.00,12.00,6.00,true,,goods,2,,,Active,EA,GRTA-H700-NOEZ,810075760392,810075760392,,22A,USD 337.60,Georipper - Unit,,Finished Goods,fifo,,,0.00,USD 0.00,Pulley for Husqvarna K970 GeoRipperT/A,H1002,1.000000,Assembly,
6212012000000445143,GeoRipper(R)T/A H700 W/O EZ Kart,,USD 1800.00,GeoRipper - Units,GeoRipper,MiniTrencher,38.00,36.00,12.00,6.00,true,,goods,2,,,Active,EA,GRTA-H700-NOEZ,810075760392,810075760392,,22A,USD 337.60,Georipper - Unit,,Finished Goods,fifo,,,0.00,USD 0.00,R40 Snap Ring,MT0040,1.000000,Assembly,
6212012000000445143,GeoRipper(R)T/A H700 W/O EZ Kart,,USD 1800.00,GeoRipper - Units,GeoRipper,MiniTrencher,38.00,36.00,12.00,6.00,true,,goods,2,,,Active,EA,GRTA-H700-NOEZ,810075760392,810075760392,,22A,USD 337.60,Georipper - Unit,,Finished Goods,fifo,,,0.00,USD 0.00,Bearing - 6203 RS,MT0062,2.000000,Assembly,
6212012000000445143,GeoRipper(R)T/A H700 W/O EZ Kart,,USD 1800.00,GeoRipper - Units,GeoRipper,MiniTrencher,38.00,36.00,12.00,6.00,true,,goods,2,,,Active,EA,GRTA-H700-NOEZ,810075760392,810075760392,,22A,USD 337.60,Georipper - Unit,,Finished Goods,fifo,,,0.00,USD 0.00,Spacer,MT0010,1.000000,Assembly,
6212012000000445143,GeoRipper(R)T/A H700 W/O EZ Kart,,USD 1800.00,GeoRipper - Units,GeoRipper,MiniTrencher,38.00,36.00,12.00,6.00,true,,goods,2,,,Active,EA,GRTA-H700-NOEZ,810075760392,810075760392,,22A,USD 337.60,Georipper - Unit,,Finished Goods,fifo,,,0.00,USD 0.00,M8 Zinc Plated Washer,MT0800,2.000000,Assembly,
6212012000000445143,GeoRipper(R)T/A H700 W/O EZ Kart,,USD 1800.00,GeoRipper - Units,GeoRipper,MiniTrencher,38.00,36.00,12.00,6.00,true,,goods,2,,,Active,EA,GRTA-H700-NOEZ,810075760392,810075760392,,22A,USD 337.60,Georipper - Unit,,Finished Goods,fifo,,,0.00,USD 0.00,M8 x 1.25 x 65 Zinc-Plated Hex Bolt,MT0865,3.000000,Assembly,
6212012000000445143,GeoRipper(R)T/A H700 W/O EZ Kart,,USD 1800.00,GeoRipper - Units,GeoRipper,MiniTrencher,38.00,36.00,12.00,6.00,true,,goods,2,,,Active,EA,GRTA-H700-NOEZ,810075760392,810075760392,,22A,USD 337.60,Georipper - Unit,,Finished Goods,fifo,,,0.00,USD 0.00,M8 Acorn Nut,MT0801,3.000000,Assembly,
6212012000000445143,GeoRipper(R)T/A H700 W/O EZ Kart,,USD 1800.00,GeoRipper - Units,GeoRipper,MiniTrencher,38.00,36.00,12.00,6.00,true,,goods,2,,,Active,EA,GRTA-H700-NOEZ,810075760392,810075760392,,22A,USD 337.60,Georipper - Unit,,Finished Goods,fifo,,,0.00,USD 0.00,Box - TASPACER,MT95192,1.000000,Assembly,
6212012000000445143,GeoRipper(R)T/A H700 W/O EZ Kart,,USD 1800.00,GeoRipper - Units,GeoRipper,MiniTrencher,38.00,36.00,12.00,6.00,true,,goods,2,,,Active,EA,GRTA-H700-NOEZ,810075760392,810075760392,,22A,USD 337.60,Georipper - Unit,,Finished Goods,fifo,,,0.00,USD 0.00,Box - TA700,MT95197,1.000000,Assembly,
6212012000000445143,GeoRipper(R)T/A H700 W/O EZ Kart,,USD 1800.00,GeoRipper - Units,GeoRipper,MiniTrencher,38.00,36.00,12.00,6.00,true,,goods,2,,,Active,EA,GRTA-H700-NOEZ,810075760392,810075760392,,22A,USD 337.60,Georipper - Unit,,Finished Goods,fifo,,,0.00,USD 0.00,Foam Insert - GeoRipperT/A Box,MT0091,1.000000,Assembly,
6212012000000445143,GeoRipper(R)T/A H700 W/O EZ Kart,,USD 1800.00,GeoRipper - Units,GeoRipper,MiniTrencher,38.00,36.00,12.00,6.00,true,,goods,2,,,Active,EA,GRTA-H700-NOEZ,810075760392,810075760392,,22A,USD 337.60,Georipper - Unit,,Finished Goods,fifo,,,0.00,USD 0.00,13mm Embossed Wrench,MT0013,1.000000,Assembly,
6212012000000445143,GeoRipper(R)T/A H700 W/O EZ Kart,,USD 1800.00,GeoRipper - Units,GeoRipper,MiniTrencher,38.00,36.00,12.00,6.00,true,,goods,2,,,Active,EA,GRTA-H700-NOEZ,810075760392,810075760392,,22A,USD 337.60,Georipper - Unit,,Finished Goods,fifo,,,0.00,USD 0.00,18mm Embossed Wrench,MT0018,1.000000,Assembly,
6212012000000445143,GeoRipper(R)T/A H700 W/O EZ Kart,,USD 1800.00,GeoRipper - Units,GeoRipper,MiniTrencher,38.00,36.00,12.00,6.00,true,,goods,2,,,Active,EA,GRTA-H700-NOEZ,810075760392,810075760392,,22A,USD 337.60,Georipper - Unit,,Finished Goods,fifo,,,0.00,USD 0.00,Belt for Husqvarna K970,MTB97-00,1.000000,Assembly,
6212012000000445143,GeoRipper(R)T/A H700 W/O EZ Kart,,USD 1800.00,GeoRipper - Units,GeoRipper,MiniTrencher,38.00,36.00,12.00,6.00,true,,goods,2,,,Active,EA,GRTA-H700-NOEZ,810075760392,810075760392,,22A,USD 337.60,Georipper - Unit,,Finished Goods,fifo,,,0.00,USD 0.00,Owners Manual - GeoRipperT/A,GRTA-LIT-OM,1.000000,Assembly,
6212012000000445143,GeoRipper(R)T/A H700 W/O EZ Kart,,USD 1800.00,GeoRipper - Units,GeoRipper,MiniTrencher,38.00,36.00,12.00,6.00,true,,goods,2,,,Active,EA,GRTA-H700-NOEZ,810075760392,810075760392,,22A,USD 337.60,Georipper - Unit,,Finished Goods,fifo,,,0.00,USD 0.00,Green PVC Tool Bag,MT0099,1.000000,Assembly,
6212012000000445143,GeoRipper(R)T/A H700 W/O EZ Kart,,USD 1800.00,GeoRipper - Units,GeoRipper,MiniTrencher,38.00,36.00,12.00,6.00,true,,goods,2,,,Active,EA,GRTA-H700-NOEZ,810075760392,810075760392,,22A,USD 337.60,Georipper - Unit,,Finished Goods,fifo,,,0.00,USD 0.00,GeoRipper Minitrencher 27-Inch Digging Bar,MT3700,1.000000,Assembly,
6212012000000445143,GeoRipper(R)T/A H700 W/O EZ Kart,,USD 1800.00,GeoRipper - Units,GeoRipper,MiniTrencher,38.00,36.00,12.00,6.00,true,,goods,2,,,Active,EA,GRTA-H700-NOEZ,810075760392,810075760392,,22A,USD 337.60,Georipper - Unit,,Finished Goods,fifo,,,0.00,USD 0.00,Safety Bar - 700 Series GeoRipperT/A,MT7700,1.000000,Assembly,
6212012000000445143,GeoRipper(R)T/A H700 W/O EZ Kart,,USD 1800.00,GeoRipper - Units,GeoRipper,MiniTrencher,38.00,36.00,12.00,6.00,true,,goods,2,,,Active,EA,GRTA-H700-NOEZ,810075760392,810075760392,,22A,USD 337.60,Georipper - Unit,,Finished Goods,fifo,,,0.00,USD 0.00,M8 x 1.25 x 12 Bolt for Safety Bar,MT0812,2.000000,Assembly,
6212012000000445143,GeoRipper(R)T/A H700 W/O EZ Kart,,USD 1800.00,GeoRipper - Units,GeoRipper,MiniTrencher,38.00,36.00,12.00,6.00,true,,goods,2,,,Active,EA,GRTA-H700-NOEZ,810075760392,810075760392,,22A,USD 337.60,Georipper - Unit,,Finished Goods,fifo,,,0.00,USD 0.00,Dirt Deflector,MT8001,1.000000,Assembly,
6212012000000445143,GeoRipper(R)T/A H700 W/O EZ Kart,,USD 1800.00,GeoRipper - Units,GeoRipper,MiniTrencher,38.00,36.00,12.00,6.00,true,,goods,2,,,Active,EA,GRTA-H700-NOEZ,810075760392,810075760392,,22A,USD 337.60,Georipper - Unit,,Finished Goods,fifo,,,0.00,USD 0.00,Mud Flap A,MT8002,1.000000,Assembly,
6212012000000445143,GeoRipper(R)T/A H700 W/O EZ Kart,,USD 1800.00,GeoRipper - Units,GeoRipper,MiniTrencher,38.00,36.00,12.00,6.00,true,,goods,2,,,Active,EA,GRTA-H700-NOEZ,810075760392,810075760392,,22A,USD 337.60,Georipper - Unit,,Finished Goods,fifo,,,0.00,USD 0.00,Mud Flap B,MT8003,1.000000,Assembly,
6212012000000445143,GeoRipper(R)T/A H700 W/O EZ Kart,,USD 1800.00,GeoRipper - Units,GeoRipper,MiniTrencher,38.00,36.00,12.00,6.00,true,,goods,2,,,Active,EA,GRTA-H700-NOEZ,810075760392,810075760392,,22A,USD 337.60,Georipper - Unit,,Finished Goods,fifo,,,0.00,USD 0.00,M5 X .8 X 16 Phillips Flat Machine Screw Plated,GR5.8,6.000000,Assembly,
6212012000000445143,GeoRipper(R)T/A H700 W/O EZ Kart,,USD 1800.00,GeoRipper - Units,GeoRipper,MiniTrencher,38.00,36.00,12.00,6.00,true,,goods,2,,,Active,EA,GRTA-H700-NOEZ,810075760392,810075760392,,22A,USD 337.60,Georipper - Unit,,Finished Goods,fifo,,,0.00,USD 0.00,M5 x 18mm fender washer,GR5.12,6.000000,Assembly,
6212012000000445143,GeoRipper(R)T/A H700 W/O EZ Kart,,USD 1800.00,GeoRipper - Units,GeoRipper,MiniTrencher,38.00,36.00,12.00,6.00,true,,goods,2,,,Active,EA,GRTA-H700-NOEZ,810075760392,810075760392,,22A,USD 337.60,Georipper - Unit,,Finished Goods,fifo,,,0.00,USD 0.00,M5 Nylock hex nut,GR5.11,6.000000,Assembly,
6212012000000445143,GeoRipper(R)T/A H700 W/O EZ Kart,,USD 1800.00,GeoRipper - Units,GeoRipper,MiniTrencher,38.00,36.00,12.00,6.00,true,,goods,2,,,Active,EA,GRTA-H700-NOEZ,810075760392,810075760392,,22A,USD 337.60,Georipper - Unit,,Finished Goods,fifo,,,0.00,USD 0.00,Bar Clamp Washer - Slotted,GR5.2,1.000000,Assembly,
6212012000000445143,GeoRipper(R)T/A H700 W/O EZ Kart,,USD 1800.00,GeoRipper - Units,GeoRipper,MiniTrencher,38.00,36.00,12.00,6.00,true,,goods,2,,,Active,EA,GRTA-H700-NOEZ,810075760392,810075760392,,22A,USD 337.60,Georipper - Unit,,Finished Goods,fifo,,,0.00,USD 0.00,M12 X 1.75 X 30 Bolt 18mm Head,GR5.3,2.000000,Assembly,
6212012000000445143,GeoRipper(R)T/A H700 W/O EZ Kart,,USD 1800.00,GeoRipper - Units,GeoRipper,MiniTrencher,38.00,36.00,12.00,6.00,true,,goods,2,,,Active,EA,GRTA-H700-NOEZ,810075760392,810075760392,,22A,USD 337.60,Georipper - Unit,,Finished Goods,fifo,,,0.00,USD 0.00,M12 Split Lock Washer,GR5.4,2.000000,Assembly,
6212012000000445143,GeoRipper(R)T/A H700 W/O EZ Kart,,USD 1800.00,GeoRipper - Units,GeoRipper,MiniTrencher,38.00,36.00,12.00,6.00,true,,goods,2,,,Active,EA,GRTA-H700-NOEZ,810075760392,810075760392,,22A,USD 337.60,Georipper - Unit,,Finished Goods,fifo,,,0.00,USD 0.00,M8 split lock washer zinc plated,MT0804,2.000000,Assembly,
6212012000000445143,GeoRipper(R)T/A H700 W/O EZ Kart,,USD 1800.00,GeoRipper - Units,GeoRipper,MiniTrencher,38.00,36.00,12.00,6.00,true,,goods,2,,,Active,EA,GRTA-H700-NOEZ,810075760392,810075760392,,22A,USD 337.60,Georipper - Unit,,Finished Goods,fifo,,,0.00,USD 0.00,Bearing (Sealed) 6002-RS2,GR1.2,1.000000,Assembly,
6212012000000445143,GeoRipper(R)T/A H700 W/O EZ Kart,,USD 1800.00,GeoRipper - Units,GeoRipper,MiniTrencher,38.00,36.00,12.00,6.00,true,,goods,2,,,Active,EA,GRTA-H700-NOEZ,810075760392,810075760392,,22A,USD 337.60,Georipper - Unit,,Finished Goods,fifo,,,0.00,USD 0.00,M8x1.25x20 Countersunk 5mm Hex Drive Bolt 12.9grade,GR0.3.2,3.000000,Assembly,
6212012000000445143,GeoRipper(R)T/A H700 W/O EZ Kart,,USD 1800.00,GeoRipper - Units,GeoRipper,MiniTrencher,38.00,36.00,12.00,6.00,true,,goods,2,,,Active,EA,GRTA-H700-NOEZ,810075760392,810075760392,,22A,USD 337.60,Georipper - Unit,,Finished Goods,fifo,,,0.00,USD 0.00,#50H Heavy Connecting Link Spring Clip,MT4004,1.000000,Assembly,
6212012000000445143,GeoRipper(R)T/A H700 W/O EZ Kart,,USD 1800.00,GeoRipper - Units,GeoRipper,MiniTrencher,38.00,36.00,12.00,6.00,true,,goods,2,,,Active,EA,GRTA-H700-NOEZ,810075760392,810075760392,,22A,USD 337.60,Georipper - Unit,,Finished Goods,fifo,,,0.00,USD 0.00,GeoRipper Warranty Postcard,GR-LIT-WP,1.000000,Assembly,
6212012000000445143,GeoRipper(R)T/A H700 W/O EZ Kart,,USD 1800.00,GeoRipper - Units,GeoRipper,MiniTrencher,38.00,36.00,12.00,6.00,true,,goods,2,,,Active,EA,GRTA-H700-NOEZ,810075760392,810075760392,,22A,USD 337.60,Georipper - Unit,,Finished Goods,fifo,,,0.00,USD 0.00,Warehouse Hourly Labor,Labor30,1.000000,Assembly,
6212012000000445143,GeoRipper(R)T/A H700 W/O EZ Kart,,USD 1800.00,GeoRipper - Units,GeoRipper,MiniTrencher,38.00,36.00,12.00,6.00,true,,goods,2,,,Active,EA,GRTA-H700-NOEZ,810075760392,810075760392,,22A,USD 337.60,Georipper - Unit,,Finished Goods,fifo,,,0.00,USD 0.00,Belt cover Orange K770 K970,MT7208-100-H,1.000000,Assembly,
6212012000000445143,GeoRipper(R)T/A H700 W/O EZ Kart,,USD 1800.00,GeoRipper - Units,GeoRipper,MiniTrencher,38.00,36.00,12.00,6.00,true,,goods,2,,,Active,EA,GRTA-H700-NOEZ,810075760392,810075760392,,22A,USD 337.60,Georipper - Unit,,Finished Goods,fifo,,,0.00,USD 0.00,M8-1.25 X 25 UNC HEX HEAD FLANGE BOLT GRADE 10.9,MT0825F,2.000000,Assembly,
6212012000000445143,GeoRipper(R)T/A H700 W/O EZ Kart,,USD 1800.00,GeoRipper - Units,GeoRipper,MiniTrencher,38.00,36.00,12.00,6.00,true,,goods,2,,,Active,EA,GRTA-H700-NOEZ,810075760392,810075760392,,22A,USD 337.60,Georipper - Unit,,Finished Goods,fifo,,,0.00,USD 0.00,Dirt Deflector Warning Sticker,GRS17,1.000000,Assembly,
6212012000000445143,GeoRipper(R)T/A H700 W/O EZ Kart,,USD 1800.00,GeoRipper - Units,GeoRipper,MiniTrencher,38.00,36.00,12.00,6.00,true,,goods,2,,,Active,EA,GRTA-H700-NOEZ,810075760392,810075760392,,22A,USD 337.60,Georipper - Unit,,Finished Goods,fifo,,,0.00,USD 0.00,M8 X 1.25 Flanged Nyloc Nut,GRKM7681.6,3.000000,Assembly,
6212012000000445143,GeoRipper(R)T/A H700 W/O EZ Kart,,USD 1800.00,GeoRipper - Units,GeoRipper,MiniTrencher,38.00,36.00,12.00,6.00,true,,goods,2,,,Active,EA,GRTA-H700-NOEZ,810075760392,810075760392,,22A,USD 337.60,Georipper - Unit,,Finished Goods,fifo,,,0.00,USD 0.00,"27"" Digging Chain (Single Chain)",MT4700,2.000000,Assembly,
6212012000000445143,GeoRipper(R)T/A H700 W/O EZ Kart,,USD 1800.00,GeoRipper - Units,GeoRipper,MiniTrencher,38.00,36.00,12.00,6.00,true,,goods,2,,,Active,EA,GRTA-H700-NOEZ,810075760392,810075760392,,22A,USD 337.60,Georipper - Unit,,Finished Goods,fifo,,,0.00,USD 0.00,Sticker - Hand Entanglement/Chain Drive,GRS11,1.000000,Assembly,
6212012000000445238,GeoRipper(R)T/A E400 W/O EZ Kart,,USD 1400.00,GeoRipper - Units,GeoRipper,MiniTrencher,48.00,36.00,12.00,12.00,true,,goods,2,,,Active,EA,GRTA-E400-NOEZ,810075761276,810075761276,,23A,USD 293.85,Georipper - Unit,,Finished Goods,fifo,,,0.00,USD 0.00,GeoRipper(r)T/A Casting fits Echo CSG-7410,E1000,1.000000,Assembly,
6212012000000445238,GeoRipper(R)T/A E400 W/O EZ Kart,,USD 1400.00,GeoRipper - Units,GeoRipper,MiniTrencher,48.00,36.00,12.00,12.00,true,,goods,2,,,Active,EA,GRTA-E400-NOEZ,810075761276,810075761276,,23A,USD 293.85,Georipper - Unit,,Finished Goods,fifo,,,0.00,USD 0.00,Bearing - 6203 RS,MT0062,2.000000,Assembly,
6212012000000445238,GeoRipper(R)T/A E400 W/O EZ Kart,,USD 1400.00,GeoRipper - Units,GeoRipper,MiniTrencher,48.00,36.00,12.00,12.00,true,,goods,2,,,Active,EA,GRTA-E400-NOEZ,810075761276,810075761276,,23A,USD 293.85,Georipper - Unit,,Finished Goods,fifo,,,0.00,USD 0.00,R40 Snap Ring,MT0040,1.000000,Assembly,
6212012000000445238,GeoRipper(R)T/A E400 W/O EZ Kart,,USD 1400.00,GeoRipper - Units,GeoRipper,MiniTrencher,48.00,36.00,12.00,12.00,true,,goods,2,,,Active,EA,GRTA-E400-NOEZ,810075761276,810075761276,,23A,USD 293.85,Georipper - Unit,,Finished Goods,fifo,,,0.00,USD 0.00,Drive Axle for all GeoRipperT/A,MT9002,1.000000,Assembly,
6212012000000445238,GeoRipper(R)T/A E400 W/O EZ Kart,,USD 1400.00,GeoRipper - Units,GeoRipper,MiniTrencher,48.00,36.00,12.00,12.00,true,,goods,2,,,Active,EA,GRTA-E400-NOEZ,810075761276,810075761276,,23A,USD 293.85,Georipper - Unit,,Finished Goods,fifo,,,0.00,USD 0.00,Spacer,MT0010,1.000000,Assembly,
6212012000000445238,GeoRipper(R)T/A E400 W/O EZ Kart,,USD 1400.00,GeoRipper - Units,GeoRipper,MiniTrencher,48.00,36.00,12.00,12.00,true,,goods,2,,,Active,EA,GRTA-E400-NOEZ,810075761276,810075761276,,23A,USD 293.85,Georipper - Unit,,Finished Goods,fifo,,,0.00,USD 0.00,Labyrinth for all GeoRipperT/A,MT9003,1.000000,Assembly,
6212012000000445238,GeoRipper(R)T/A E400 W/O EZ Kart,,USD 1400.00,GeoRipper - Units,GeoRipper,MiniTrencher,48.00,36.00,12.00,12.00,true,,goods,2,,,Active,EA,GRTA-E400-NOEZ,810075761276,810075761276,,23A,USD 293.85,Georipper - Unit,,Finished Goods,fifo,,,0.00,USD 0.00,Minitrencher Drive Sprocket for GeoRipper and GeoRipper(R)T/A,MT9001,1.000000,Assembly,
6212012000000445238,GeoRipper(R)T/A E400 W/O EZ Kart,,USD 1400.00,GeoRipper - Units,GeoRipper,MiniTrencher,48.00,36.00,12.00,12.00,true,,goods,2,,,Active,EA,GRTA-E400-NOEZ,810075761276,810075761276,,23A,USD 293.85,Georipper - Unit,,Finished Goods,fifo,,,0.00,USD 0.00,M8 Zinc Plated Washer,MT0800,2.000000,Assembly,
6212012000000445238,GeoRipper(R)T/A E400 W/O EZ Kart,,USD 1400.00,GeoRipper - Units,GeoRipper,MiniTrencher,48.00,36.00,12.00,12.00,true,,goods,2,,,Active,EA,GRTA-E400-NOEZ,810075761276,810075761276,,23A,USD 293.85,Georipper - Unit,,Finished Goods,fifo,,,0.00,USD 0.00,M8 x 1.25 x 50 Hex Bolt,MT0850,2.000000,Assembly,
6212012000000445238,GeoRipper(R)T/A E400 W/O EZ Kart,,USD 1400.00,GeoRipper - Units,GeoRipper,MiniTrencher,48.00,36.00,12.00,12.00,true,,goods,2,,,Active,EA,GRTA-E400-NOEZ,810075761276,810075761276,,23A,USD 293.85,Georipper - Unit,,Finished Goods,fifo,,,0.00,USD 0.00,Dirt Deflector,MT8001,1.000000,Assembly,
6212012000000445238,GeoRipper(R)T/A E400 W/O EZ Kart,,USD 1400.00,GeoRipper - Units,GeoRipper,MiniTrencher,48.00,36.00,12.00,12.00,true,,goods,2,,,Active,EA,GRTA-E400-NOEZ,810075761276,810075761276,,23A,USD 293.85,Georipper - Unit,,Finished Goods,fifo,,,0.00,USD 0.00,Mud Flap A,MT8002,1.000000,Assembly,
6212012000000445238,GeoRipper(R)T/A E400 W/O EZ Kart,,USD 1400.00,GeoRipper - Units,GeoRipper,MiniTrencher,48.00,36.00,12.00,12.00,true,,goods,2,,,Active,EA,GRTA-E400-NOEZ,810075761276,810075761276,,23A,USD 293.85,Georipper - Unit,,Finished Goods,fifo,,,0.00,USD 0.00,Mud Flap B,MT8003,1.000000,Assembly,
6212012000000445238,GeoRipper(R)T/A E400 W/O EZ Kart,,USD 1400.00,GeoRipper - Units,GeoRipper,MiniTrencher,48.00,36.00,12.00,12.00,true,,goods,2,,,Active,EA,GRTA-E400-NOEZ,810075761276,810075761276,,23A,USD 293.85,Georipper - Unit,,Finished Goods,fifo,,,0.00,USD 0.00,M5 X .8 X 16 Phillips Flat Machine Screw Plated,GR5.8,6.000000,Assembly,
6212012000000445238,GeoRipper(R)T/A E400 W/O EZ Kart,,USD 1400.00,GeoRipper - Units,GeoRipper,MiniTrencher,48.00,36.00,12.00,12.00,true,,goods,2,,,Active,EA,GRTA-E400-NOEZ,810075761276,810075761276,,23A,USD 293.85,Georipper - Unit,,Finished Goods,fifo,,,0.00,USD 0.00,M5 x 18mm fender washer,GR5.12,6.000000,Assembly,
6212012000000445238,GeoRipper(R)T/A E400 W/O EZ Kart,,USD 1400.00,GeoRipper - Units,GeoRipper,MiniTrencher,48.00,36.00,12.00,12.00,true,,goods,2,,,Active,EA,GRTA-E400-NOEZ,810075761276,810075761276,,23A,USD 293.85,Georipper - Unit,,Finished Goods,fifo,,,0.00,USD 0.00,M5 Nylock hex nut,GR5.11,6.000000,Assembly,
6212012000000445238,GeoRipper(R)T/A E400 W/O EZ Kart,,USD 1400.00,GeoRipper - Units,GeoRipper,MiniTrencher,48.00,36.00,12.00,12.00,true,,goods,2,,,Active,EA,GRTA-E400-NOEZ,810075761276,810075761276,,23A,USD 293.85,Georipper - Unit,,Finished Goods,fifo,,,0.00,USD 0.00,Bar Clamp Washer - Slotted,GR5.2,1.000000,Assembly,
6212012000000445238,GeoRipper(R)T/A E400 W/O EZ Kart,,USD 1400.00,GeoRipper - Units,GeoRipper,MiniTrencher,48.00,36.00,12.00,12.00,true,,goods,2,,,Active,EA,GRTA-E400-NOEZ,810075761276,810075761276,,23A,USD 293.85,Georipper - Unit,,Finished Goods,fifo,,,0.00,USD 0.00,M12 X 1.75 X 30 Bolt 18mm Head,GR5.3,2.000000,Assembly,
6212012000000445238,GeoRipper(R)T/A E400 W/O EZ Kart,,USD 1400.00,GeoRipper - Units,GeoRipper,MiniTrencher,48.00,36.00,12.00,12.00,true,,goods,2,,,Active,EA,GRTA-E400-NOEZ,810075761276,810075761276,,23A,USD 293.85,Georipper - Unit,,Finished Goods,fifo,,,0.00,USD 0.00,M12 Split Lock Washer,GR5.4,2.000000,Assembly,
6212012000000445238,GeoRipper(R)T/A E400 W/O EZ Kart,,USD 1400.00,GeoRipper - Units,GeoRipper,MiniTrencher,48.00,36.00,12.00,12.00,true,,goods,2,,,Active,EA,GRTA-E400-NOEZ,810075761276,810075761276,,23A,USD 293.85,Georipper - Unit,,Finished Goods,fifo,,,0.00,USD 0.00,M8 X 1.25 Flanged Nyloc Nut,GRKM7681.6,2.000000,Assembly,
6212012000000445238,GeoRipper(R)T/A E400 W/O EZ Kart,,USD 1400.00,GeoRipper - Units,GeoRipper,MiniTrencher,48.00,36.00,12.00,12.00,true,,goods,2,,,Active,EA,GRTA-E400-NOEZ,810075761276,810075761276,,23A,USD 293.85,Georipper - Unit,,Finished Goods,fifo,,,0.00,USD 0.00,M8 x 1.25 x 12 Bolt for Safety Bar,MT0812,2.000000,Assembly,
6212012000000445238,GeoRipper(R)T/A E400 W/O EZ Kart,,USD 1400.00,GeoRipper - Units,GeoRipper,MiniTrencher,48.00,36.00,12.00,12.00,true,,goods,2,,,Active,EA,GRTA-E400-NOEZ,810075761276,810075761276,,23A,USD 293.85,Georipper - Unit,,Finished Goods,fifo,,,0.00,USD 0.00,M8 split lock washer zinc plated,MT0804,2.000000,Assembly,
6212012000000445238,GeoRipper(R)T/A E400 W/O EZ Kart,,USD 1400.00,GeoRipper - Units,GeoRipper,MiniTrencher,48.00,36.00,12.00,12.00,true,,goods,2,,,Active,EA,GRTA-E400-NOEZ,810075761276,810075761276,,23A,USD 293.85,Georipper - Unit,,Finished Goods,fifo,,,0.00,USD 0.00,Green PVC Tool Bag,MT0099,1.000000,Assembly,
6212012000000445238,GeoRipper(R)T/A E400 W/O EZ Kart,,USD 1400.00,GeoRipper - Units,GeoRipper,MiniTrencher,48.00,36.00,12.00,12.00,true,,goods,2,,,Active,EA,GRTA-E400-NOEZ,810075761276,810075761276,,23A,USD 293.85,Georipper - Unit,,Finished Goods,fifo,,,0.00,USD 0.00,13mm Embossed Wrench,MT0013,1.000000,Assembly,
6212012000000445238,GeoRipper(R)T/A E400 W/O EZ Kart,,USD 1400.00,GeoRipper - Units,GeoRipper,MiniTrencher,48.00,36.00,12.00,12.00,true,,goods,2,,,Active,EA,GRTA-E400-NOEZ,810075761276,810075761276,,23A,USD 293.85,Georipper - Unit,,Finished Goods,fifo,,,0.00,USD 0.00,18mm Embossed Wrench,MT0018,1.000000,Assembly,
6212012000000445238,GeoRipper(R)T/A E400 W/O EZ Kart,,USD 1400.00,GeoRipper - Units,GeoRipper,MiniTrencher,48.00,36.00,12.00,12.00,true,,goods,2,,,Active,EA,GRTA-E400-NOEZ,810075761276,810075761276,,23A,USD 293.85,Georipper - Unit,,Finished Goods,fifo,,,0.00,USD 0.00,"Belt for 'The GeoRipper', Husqvarna K770 & Echo CSG-7410",MTB77-00,1.000000,Assembly,
6212012000000445238,GeoRipper(R)T/A E400 W/O EZ Kart,,USD 1400.00,GeoRipper - Units,GeoRipper,MiniTrencher,48.00,36.00,12.00,12.00,true,,goods,2,,,Active,EA,GRTA-E400-NOEZ,810075761276,810075761276,,23A,USD 293.85,Georipper - Unit,,Finished Goods,fifo,,,0.00,USD 0.00,Pulley for 'The GeoRipper' & Husqvarna K770 GeoRipperT/A,H1001,1.000000,Assembly,
6212012000000445238,GeoRipper(R)T/A E400 W/O EZ Kart,,USD 1400.00,GeoRipper - Units,GeoRipper,MiniTrencher,48.00,36.00,12.00,12.00,true,,goods,2,,,Active,EA,GRTA-E400-NOEZ,810075761276,810075761276,,23A,USD 293.85,Georipper - Unit,,Finished Goods,fifo,,,0.00,USD 0.00,Bearing (Sealed) 6002-RS2,GR1.2,1.000000,Assembly,
6212012000000445238,GeoRipper(R)T/A E400 W/O EZ Kart,,USD 1400.00,GeoRipper - Units,GeoRipper,MiniTrencher,48.00,36.00,12.00,12.00,true,,goods,2,,,Active,EA,GRTA-E400-NOEZ,810075761276,810075761276,,23A,USD 293.85,Georipper - Unit,,Finished Goods,fifo,,,0.00,USD 0.00,M8x1.25x20 Countersunk 5mm Hex Drive Bolt 12.9grade,GR0.3.2,3.000000,Assembly,
6212012000000445238,GeoRipper(R)T/A E400 W/O EZ Kart,,USD 1400.00,GeoRipper - Units,GeoRipper,MiniTrencher,48.00,36.00,12.00,12.00,true,,goods,2,,,Active,EA,GRTA-E400-NOEZ,810075761276,810075761276,,23A,USD 293.85,Georipper - Unit,,Finished Goods,fifo,,,0.00,USD 0.00,#50H Heavy Connecting Link Spring Clip,MT4004,1.000000,Assembly,
6212012000000445238,GeoRipper(R)T/A E400 W/O EZ Kart,,USD 1400.00,GeoRipper - Units,GeoRipper,MiniTrencher,48.00,36.00,12.00,12.00,true,,goods,2,,,Active,EA,GRTA-E400-NOEZ,810075761276,810075761276,,23A,USD 293.85,Georipper - Unit,,Finished Goods,fifo,,,0.00,USD 0.00,Owners Manual - GeoRipperT/A,GRTA-LIT-OM,1.000000,Assembly,
6212012000000445238,GeoRipper(R)T/A E400 W/O EZ Kart,,USD 1400.00,GeoRipper - Units,GeoRipper,MiniTrencher,48.00,36.00,12.00,12.00,true,,goods,2,,,Active,EA,GRTA-E400-NOEZ,810075761276,810075761276,,23A,USD 293.85,Georipper - Unit,,Finished Goods,fifo,,,0.00,USD 0.00,GeoRipper Warranty Postcard,GR-LIT-WP,1.000000,Assembly,
6212012000000445238,GeoRipper(R)T/A E400 W/O EZ Kart,,USD 1400.00,GeoRipper - Units,GeoRipper,MiniTrencher,48.00,36.00,12.00,12.00,true,,goods,2,,,Active,EA,GRTA-E400-NOEZ,810075761276,810075761276,,23A,USD 293.85,Georipper - Unit,,Finished Goods,fifo,,,0.00,USD 0.00,"Complete 16"" Digging Bar",MT3400,1.000000,Assembly,
6212012000000445238,GeoRipper(R)T/A E400 W/O EZ Kart,,USD 1400.00,GeoRipper - Units,GeoRipper,MiniTrencher,48.00,36.00,12.00,12.00,true,,goods,2,,,Active,EA,GRTA-E400-NOEZ,810075761276,810075761276,,23A,USD 293.85,Georipper - Unit,,Finished Goods,fifo,,,0.00,USD 0.00,Foam Insert - GeoRipperT/A Box,MT0091,1.000000,Assembly,
6212012000000445238,GeoRipper(R)T/A E400 W/O EZ Kart,,USD 1400.00,GeoRipper - Units,GeoRipper,MiniTrencher,48.00,36.00,12.00,12.00,true,,goods,2,,,Active,EA,GRTA-E400-NOEZ,810075761276,810075761276,,23A,USD 293.85,Georipper - Unit,,Finished Goods,fifo,,,0.00,USD 0.00,Warehouse Hourly Labor,Labor30,1.000000,Assembly,
6212012000000445238,GeoRipper(R)T/A E400 W/O EZ Kart,,USD 1400.00,GeoRipper - Units,GeoRipper,MiniTrencher,48.00,36.00,12.00,12.00,true,,goods,2,,,Active,EA,GRTA-E400-NOEZ,810075761276,810075761276,,23A,USD 293.85,Georipper - Unit,,Finished Goods,fifo,,,0.00,USD 0.00,Safety Bar - 400 Series GeoRipperT/A,MT7400,1.000000,Assembly,
6212012000000445238,GeoRipper(R)T/A E400 W/O EZ Kart,,USD 1400.00,GeoRipper - Units,GeoRipper,MiniTrencher,48.00,36.00,12.00,12.00,true,,goods,2,,,Active,EA,GRTA-E400-NOEZ,810075761276,810075761276,,23A,USD 293.85,Georipper - Unit,,Finished Goods,fifo,,,0.00,USD 0.00,Box - TA500,MT95195,1.000000,Assembly,
6212012000000445238,GeoRipper(R)T/A E400 W/O EZ Kart,,USD 1400.00,GeoRipper - Units,GeoRipper,MiniTrencher,48.00,36.00,12.00,12.00,true,,goods,2,,,Active,EA,GRTA-E400-NOEZ,810075761276,810075761276,,23A,USD 293.85,Georipper - Unit,,Finished Goods,fifo,,,0.00,USD 0.00,"16"" Digging Chain (Single Chain)",MT4400,2.000000,Assembly,
6212012000000445238,GeoRipper(R)T/A E400 W/O EZ Kart,,USD 1400.00,GeoRipper - Units,GeoRipper,MiniTrencher,48.00,36.00,12.00,12.00,true,,goods,2,,,Active,EA,GRTA-E400-NOEZ,810075761276,810075761276,,23A,USD 293.85,Georipper - Unit,,Finished Goods,fifo,,,0.00,USD 0.00,M8-1.25 X 25 UNC HEX HEAD FLANGE BOLT GRADE 10.9,MT0825F,2.000000,Assembly,
6212012000000445238,GeoRipper(R)T/A E400 W/O EZ Kart,,USD 1400.00,GeoRipper - Units,GeoRipper,MiniTrencher,48.00,36.00,12.00,12.00,true,,goods,2,,,Active,EA,GRTA-E400-NOEZ,810075761276,810075761276,,23A,USD 293.85,Georipper - Unit,,Finished Goods,fifo,,,0.00,USD 0.00,Dirt Deflector Warning Sticker,GRS17,1.000000,Assembly,
6212012000000445238,GeoRipper(R)T/A E400 W/O EZ Kart,,USD 1400.00,GeoRipper - Units,GeoRipper,MiniTrencher,48.00,36.00,12.00,12.00,true,,goods,2,,,Active,EA,GRTA-E400-NOEZ,810075761276,810075761276,,23A,USD 293.85,Georipper - Unit,,Finished Goods,fifo,,,0.00,USD 0.00,Sticker - Hand Entanglement/Chain Drive,GRS11,1.000000,Assembly,
6212012000000445329,GeoRipper(R)T/A E700 W/O EZ Kart,,USD 1800.00,GeoRipper - Units,GeoRipper,MiniTrencher,56.00,36.00,12.00,12.00,true,,goods,2,,,Active,EA,GRTA-E700-NOEZ,810075760736,810075760736,,22A,USD 333.81,Georipper - Unit,,Finished Goods,fifo,,,0.00,USD 0.00,GeoRipper(r)T/A Casting fits Echo CSG-7410,E1000,1.000000,Assembly,
6212012000000445329,GeoRipper(R)T/A E700 W/O EZ Kart,,USD 1800.00,GeoRipper - Units,GeoRipper,MiniTrencher,56.00,36.00,12.00,12.00,true,,goods,2,,,Active,EA,GRTA-E700-NOEZ,810075760736,810075760736,,22A,USD 333.81,Georipper - Unit,,Finished Goods,fifo,,,0.00,USD 0.00,Bearing - 6203 RS,MT0062,2.000000,Assembly,
6212012000000445329,GeoRipper(R)T/A E700 W/O EZ Kart,,USD 1800.00,GeoRipper - Units,GeoRipper,MiniTrencher,56.00,36.00,12.00,12.00,true,,goods,2,,,Active,EA,GRTA-E700-NOEZ,810075760736,810075760736,,22A,USD 333.81,Georipper - Unit,,Finished Goods,fifo,,,0.00,USD 0.00,R40 Snap Ring,MT0040,1.000000,Assembly,
6212012000000445329,GeoRipper(R)T/A E700 W/O EZ Kart,,USD 1800.00,GeoRipper - Units,GeoRipper,MiniTrencher,56.00,36.00,12.00,12.00,true,,goods,2,,,Active,EA,GRTA-E700-NOEZ,810075760736,810075760736,,22A,USD 333.81,Georipper - Unit,,Finished Goods,fifo,,,0.00,USD 0.00,Drive Axle for all GeoRipperT/A,MT9002,1.000000,Assembly,
6212012000000445329,GeoRipper(R)T/A E700 W/O EZ Kart,,USD 1800.00,GeoRipper - Units,GeoRipper,MiniTrencher,56.00,36.00,12.00,12.00,true,,goods,2,,,Active,EA,GRTA-E700-NOEZ,810075760736,810075760736,,22A,USD 333.81,Georipper - Unit,,Finished Goods,fifo,,,0.00,USD 0.00,Spacer,MT0010,1.000000,Assembly,
6212012000000445329,GeoRipper(R)T/A E700 W/O EZ Kart,,USD 1800.00,GeoRipper - Units,GeoRipper,MiniTrencher,56.00,36.00,12.00,12.00,true,,goods,2,,,Active,EA,GRTA-E700-NOEZ,810075760736,810075760736,,22A,USD 333.81,Georipper - Unit,,Finished Goods,fifo,,,0.00,USD 0.00,Labyrinth for all GeoRipperT/A,MT9003,1.000000,Assembly,
6212012000000445329,GeoRipper(R)T/A E700 W/O EZ Kart,,USD 1800.00,GeoRipper - Units,GeoRipper,MiniTrencher,56.00,36.00,12.00,12.00,true,,goods,2,,,Active,EA,GRTA-E700-NOEZ,810075760736,810075760736,,22A,USD 333.81,Georipper - Unit,,Finished Goods,fifo,,,0.00,USD 0.00,Minitrencher Drive Sprocket for GeoRipper and GeoRipper(R)T/A,MT9001,1.000000,Assembly,
6212012000000445329,GeoRipper(R)T/A E700 W/O EZ Kart,,USD 1800.00,GeoRipper - Units,GeoRipper,MiniTrencher,56.00,36.00,12.00,12.00,true,,goods,2,,,Active,EA,GRTA-E700-NOEZ,810075760736,810075760736,,22A,USD 333.81,Georipper - Unit,,Finished Goods,fifo,,,0.00,USD 0.00,M8 Zinc Plated Washer,MT0800,2.000000,Assembly,
6212012000000445329,GeoRipper(R)T/A E700 W/O EZ Kart,,USD 1800.00,GeoRipper - Units,GeoRipper,MiniTrencher,56.00,36.00,12.00,12.00,true,,goods,2,,,Active,EA,GRTA-E700-NOEZ,810075760736,810075760736,,22A,USD 333.81,Georipper - Unit,,Finished Goods,fifo,,,0.00,USD 0.00,Dirt Deflector,MT8001,1.000000,Assembly,
6212012000000445329,GeoRipper(R)T/A E700 W/O EZ Kart,,USD 1800.00,GeoRipper - Units,GeoRipper,MiniTrencher,56.00,36.00,12.00,12.00,true,,goods,2,,,Active,EA,GRTA-E700-NOEZ,810075760736,810075760736,,22A,USD 333.81,Georipper - Unit,,Finished Goods,fifo,,,0.00,USD 0.00,Mud Flap A,MT8002,1.000000,Assembly,
6212012000000445329,GeoRipper(R)T/A E700 W/O EZ Kart,,USD 1800.00,GeoRipper - Units,GeoRipper,MiniTrencher,56.00,36.00,12.00,12.00,true,,goods,2,,,Active,EA,GRTA-E700-NOEZ,810075760736,810075760736,,22A,USD 333.81,Georipper - Unit,,Finished Goods,fifo,,,0.00,USD 0.00,Mud Flap B,MT8003,1.000000,Assembly,
6212012000000445329,GeoRipper(R)T/A E700 W/O EZ Kart,,USD 1800.00,GeoRipper - Units,GeoRipper,MiniTrencher,56.00,36.00,12.00,12.00,true,,goods,2,,,Active,EA,GRTA-E700-NOEZ,810075760736,810075760736,,22A,USD 333.81,Georipper - Unit,,Finished Goods,fifo,,,0.00,USD 0.00,M5 X .8 X 16 Phillips Flat Machine Screw Plated,GR5.8,6.000000,Assembly,
6212012000000445329,GeoRipper(R)T/A E700 W/O EZ Kart,,USD 1800.00,GeoRipper - Units,GeoRipper,MiniTrencher,56.00,36.00,12.00,12.00,true,,goods,2,,,Active,EA,GRTA-E700-NOEZ,810075760736,810075760736,,22A,USD 333.81,Georipper - Unit,,Finished Goods,fifo,,,0.00,USD 0.00,M5 Nylock hex nut,GR5.11,6.000000,Assembly,
6212012000000445329,GeoRipper(R)T/A E700 W/O EZ Kart,,USD 1800.00,GeoRipper - Units,GeoRipper,MiniTrencher,56.00,36.00,12.00,12.00,true,,goods,2,,,Active,EA,GRTA-E700-NOEZ,810075760736,810075760736,,22A,USD 333.81,Georipper - Unit,,Finished Goods,fifo,,,0.00,USD 0.00,M5 x 18mm fender washer,GR5.12,6.000000,Assembly,
6212012000000445329,GeoRipper(R)T/A E700 W/O EZ Kart,,USD 1800.00,GeoRipper - Units,GeoRipper,MiniTrencher,56.00,36.00,12.00,12.00,true,,goods,2,,,Active,EA,GRTA-E700-NOEZ,810075760736,810075760736,,22A,USD 333.81,Georipper - Unit,,Finished Goods,fifo,,,0.00,USD 0.00,Bar Clamp Washer - Slotted,GR5.2,1.000000,Assembly,
6212012000000445329,GeoRipper(R)T/A E700 W/O EZ Kart,,USD 1800.00,GeoRipper - Units,GeoRipper,MiniTrencher,56.00,36.00,12.00,12.00,true,,goods,2,,,Active,EA,GRTA-E700-NOEZ,810075760736,810075760736,,22A,USD 333.81,Georipper - Unit,,Finished Goods,fifo,,,0.00,USD 0.00,M12 X 1.75 X 30 Bolt 18mm Head,GR5.3,2.000000,Assembly,
6212012000000445329,GeoRipper(R)T/A E700 W/O EZ Kart,,USD 1800.00,GeoRipper - Units,GeoRipper,MiniTrencher,56.00,36.00,12.00,12.00,true,,goods,2,,,Active,EA,GRTA-E700-NOEZ,810075760736,810075760736,,22A,USD 333.81,Georipper - Unit,,Finished Goods,fifo,,,0.00,USD 0.00,M12 Split Lock Washer,GR5.4,2.000000,Assembly,
6212012000000445329,GeoRipper(R)T/A E700 W/O EZ Kart,,USD 1800.00,GeoRipper - Units,GeoRipper,MiniTrencher,56.00,36.00,12.00,12.00,true,,goods,2,,,Active,EA,GRTA-E700-NOEZ,810075760736,810075760736,,22A,USD 333.81,Georipper - Unit,,Finished Goods,fifo,,,0.00,USD 0.00,Safety Bar - 700 Series GeoRipperT/A,MT7700,1.000000,Assembly,
6212012000000445329,GeoRipper(R)T/A E700 W/O EZ Kart,,USD 1800.00,GeoRipper - Units,GeoRipper,MiniTrencher,56.00,36.00,12.00,12.00,true,,goods,2,,,Active,EA,GRTA-E700-NOEZ,810075760736,810075760736,,22A,USD 333.81,Georipper - Unit,,Finished Goods,fifo,,,0.00,USD 0.00,M8 x 1.25 x 12 Bolt for Safety Bar,MT0812,2.000000,Assembly,
6212012000000445329,GeoRipper(R)T/A E700 W/O EZ Kart,,USD 1800.00,GeoRipper - Units,GeoRipper,MiniTrencher,56.00,36.00,12.00,12.00,true,,goods,2,,,Active,EA,GRTA-E700-NOEZ,810075760736,810075760736,,22A,USD 333.81,Georipper - Unit,,Finished Goods,fifo,,,0.00,USD 0.00,M8 split lock washer zinc plated,MT0804,2.000000,Assembly,
6212012000000445329,GeoRipper(R)T/A E700 W/O EZ Kart,,USD 1800.00,GeoRipper - Units,GeoRipper,MiniTrencher,56.00,36.00,12.00,12.00,true,,goods,2,,,Active,EA,GRTA-E700-NOEZ,810075760736,810075760736,,22A,USD 333.81,Georipper - Unit,,Finished Goods,fifo,,,0.00,USD 0.00,Green PVC Tool Bag,MT0099,1.000000,Assembly,
6212012000000445329,GeoRipper(R)T/A E700 W/O EZ Kart,,USD 1800.00,GeoRipper - Units,GeoRipper,MiniTrencher,56.00,36.00,12.00,12.00,true,,goods,2,,,Active,EA,GRTA-E700-NOEZ,810075760736,810075760736,,22A,USD 333.81,Georipper - Unit,,Finished Goods,fifo,,,0.00,USD 0.00,13mm Embossed Wrench,MT0013,1.000000,Assembly,
6212012000000445329,GeoRipper(R)T/A E700 W/O EZ Kart,,USD 1800.00,GeoRipper - Units,GeoRipper,MiniTrencher,56.00,36.00,12.00,12.00,true,,goods,2,,,Active,EA,GRTA-E700-NOEZ,810075760736,810075760736,,22A,USD 333.81,Georipper - Unit,,Finished Goods,fifo,,,0.00,USD 0.00,18mm Embossed Wrench,MT0018,1.000000,Assembly,
6212012000000445329,GeoRipper(R)T/A E700 W/O EZ Kart,,USD 1800.00,GeoRipper - Units,GeoRipper,MiniTrencher,56.00,36.00,12.00,12.00,true,,goods,2,,,Active,EA,GRTA-E700-NOEZ,810075760736,810075760736,,22A,USD 333.81,Georipper - Unit,,Finished Goods,fifo,,,0.00,USD 0.00,"Belt for 'The GeoRipper', Husqvarna K770 & Echo CSG-7410",MTB77-00,1.000000,Assembly,
6212012000000445329,GeoRipper(R)T/A E700 W/O EZ Kart,,USD 1800.00,GeoRipper - Units,GeoRipper,MiniTrencher,56.00,36.00,12.00,12.00,true,,goods,2,,,Active,EA,GRTA-E700-NOEZ,810075760736,810075760736,,22A,USD 333.81,Georipper - Unit,,Finished Goods,fifo,,,0.00,USD 0.00,Bearing (Sealed) 6002-RS2,GR1.2,1.000000,Assembly,
6212012000000445329,GeoRipper(R)T/A E700 W/O EZ Kart,,USD 1800.00,GeoRipper - Units,GeoRipper,MiniTrencher,56.00,36.00,12.00,12.00,true,,goods,2,,,Active,EA,GRTA-E700-NOEZ,810075760736,810075760736,,22A,USD 333.81,Georipper - Unit,,Finished Goods,fifo,,,0.00,USD 0.00,#50H Heavy Connecting Link Spring Clip,MT4004,1.000000,Assembly,
6212012000000445329,GeoRipper(R)T/A E700 W/O EZ Kart,,USD 1800.00,GeoRipper - Units,GeoRipper,MiniTrencher,56.00,36.00,12.00,12.00,true,,goods,2,,,Active,EA,GRTA-E700-NOEZ,810075760736,810075760736,,22A,USD 333.81,Georipper - Unit,,Finished Goods,fifo,,,0.00,USD 0.00,M8x1.25x20 Countersunk 5mm Hex Drive Bolt 12.9grade,GR0.3.2,3.000000,Assembly,
6212012000000445329,GeoRipper(R)T/A E700 W/O EZ Kart,,USD 1800.00,GeoRipper - Units,GeoRipper,MiniTrencher,56.00,36.00,12.00,12.00,true,,goods,2,,,Active,EA,GRTA-E700-NOEZ,810075760736,810075760736,,22A,USD 333.81,Georipper - Unit,,Finished Goods,fifo,,,0.00,USD 0.00,Owners Manual - GeoRipperT/A,GRTA-LIT-OM,1.000000,Assembly,
6212012000000445329,GeoRipper(R)T/A E700 W/O EZ Kart,,USD 1800.00,GeoRipper - Units,GeoRipper,MiniTrencher,56.00,36.00,12.00,12.00,true,,goods,2,,,Active,EA,GRTA-E700-NOEZ,810075760736,810075760736,,22A,USD 333.81,Georipper - Unit,,Finished Goods,fifo,,,0.00,USD 0.00,GeoRipper Warranty Postcard,GR-LIT-WP,1.000000,Assembly,
6212012000000445329,GeoRipper(R)T/A E700 W/O EZ Kart,,USD 1800.00,GeoRipper - Units,GeoRipper,MiniTrencher,56.00,36.00,12.00,12.00,true,,goods,2,,,Active,EA,GRTA-E700-NOEZ,810075760736,810075760736,,22A,USD 333.81,Georipper - Unit,,Finished Goods,fifo,,,0.00,USD 0.00,GeoRipper Minitrencher 27-Inch Digging Bar,MT3700,1.000000,Assembly,
6212012000000445329,GeoRipper(R)T/A E700 W/O EZ Kart,,USD 1800.00,GeoRipper - Units,GeoRipper,MiniTrencher,56.00,36.00,12.00,12.00,true,,goods,2,,,Active,EA,GRTA-E700-NOEZ,810075760736,810075760736,,22A,USD 333.81,Georipper - Unit,,Finished Goods,fifo,,,0.00,USD 0.00,Box - TASPACER,MT95192,1.000000,Assembly,
6212012000000445329,GeoRipper(R)T/A E700 W/O EZ Kart,,USD 1800.00,GeoRipper - Units,GeoRipper,MiniTrencher,56.00,36.00,12.00,12.00,true,,goods,2,,,Active,EA,GRTA-E700-NOEZ,810075760736,810075760736,,22A,USD 333.81,Georipper - Unit,,Finished Goods,fifo,,,0.00,USD 0.00,Box - TA700,MT95197,1.000000,Assembly,
6212012000000445329,GeoRipper(R)T/A E700 W/O EZ Kart,,USD 1800.00,GeoRipper - Units,GeoRipper,MiniTrencher,56.00,36.00,12.00,12.00,true,,goods,2,,,Active,EA,GRTA-E700-NOEZ,810075760736,810075760736,,22A,USD 333.81,Georipper - Unit,,Finished Goods,fifo,,,0.00,USD 0.00,Foam Insert - GeoRipperT/A Box,MT0091,1.000000,Assembly,
6212012000000445329,GeoRipper(R)T/A E700 W/O EZ Kart,,USD 1800.00,GeoRipper - Units,GeoRipper,MiniTrencher,56.00,36.00,12.00,12.00,true,,goods,2,,,Active,EA,GRTA-E700-NOEZ,810075760736,810075760736,,22A,USD 333.81,Georipper - Unit,,Finished Goods,fifo,,,0.00,USD 0.00,Pulley for 'The GeoRipper' & Husqvarna K770 GeoRipperT/A,H1001,1.000000,Assembly,
6212012000000445329,GeoRipper(R)T/A E700 W/O EZ Kart,,USD 1800.00,GeoRipper - Units,GeoRipper,MiniTrencher,56.00,36.00,12.00,12.00,true,,goods,2,,,Active,EA,GRTA-E700-NOEZ,810075760736,810075760736,,22A,USD 333.81,Georipper - Unit,,Finished Goods,fifo,,,0.00,USD 0.00,Warehouse Hourly Labor,Labor30,1.000000,Assembly,
6212012000000445329,GeoRipper(R)T/A E700 W/O EZ Kart,,USD 1800.00,GeoRipper - Units,GeoRipper,MiniTrencher,56.00,36.00,12.00,12.00,true,,goods,2,,,Active,EA,GRTA-E700-NOEZ,810075760736,810075760736,,22A,USD 333.81,Georipper - Unit,,Finished Goods,fifo,,,0.00,USD 0.00,M8-1.25 X 25 UNC HEX HEAD FLANGE BOLT GRADE 10.9,MT0825F,2.000000,Assembly,
6212012000000445329,GeoRipper(R)T/A E700 W/O EZ Kart,,USD 1800.00,GeoRipper - Units,GeoRipper,MiniTrencher,56.00,36.00,12.00,12.00,true,,goods,2,,,Active,EA,GRTA-E700-NOEZ,810075760736,810075760736,,22A,USD 333.81,Georipper - Unit,,Finished Goods,fifo,,,0.00,USD 0.00,Dirt Deflector Warning Sticker,GRS17,1.000000,Assembly,
6212012000000445329,GeoRipper(R)T/A E700 W/O EZ Kart,,USD 1800.00,GeoRipper - Units,GeoRipper,MiniTrencher,56.00,36.00,12.00,12.00,true,,goods,2,,,Active,EA,GRTA-E700-NOEZ,810075760736,810075760736,,22A,USD 333.81,Georipper - Unit,,Finished Goods,fifo,,,0.00,USD 0.00,"27"" Digging Chain (Single Chain)",MT4700,2.000000,Assembly,
6212012000000445329,GeoRipper(R)T/A E700 W/O EZ Kart,,USD 1800.00,GeoRipper - Units,GeoRipper,MiniTrencher,56.00,36.00,12.00,12.00,true,,goods,2,,,Active,EA,GRTA-E700-NOEZ,810075760736,810075760736,,22A,USD 333.81,Georipper - Unit,,Finished Goods,fifo,,,0.00,USD 0.00,Sticker - Hand Entanglement/Chain Drive,GRS11,1.000000,Assembly,
6212012000000445418,GeoRipper(R)T/A MX500 W/O EZ Kart,,USD 1600.00,GeoRipper - Units,,,0.00,0.00,0.00,0.00,true,,goods,2,,,Active,EA,GRTA-MX500-NOEZ,810075760712,810075760712,,,USD 367.18,Georipper - Unit,,Finished Goods,fifo,,,0.00,USD 0.00,Bearing - 6203 RS,MT0062,2.000000,Assembly,
6212012000000445418,GeoRipper(R)T/A MX500 W/O EZ Kart,,USD 1600.00,GeoRipper - Units,,,0.00,0.00,0.00,0.00,true,,goods,2,,,Active,EA,GRTA-MX500-NOEZ,810075760712,810075760712,,,USD 367.18,Georipper - Unit,,Finished Goods,fifo,,,0.00,USD 0.00,R40 Snap Ring,MT0040,1.000000,Assembly,
6212012000000445418,GeoRipper(R)T/A MX500 W/O EZ Kart,,USD 1600.00,GeoRipper - Units,,,0.00,0.00,0.00,0.00,true,,goods,2,,,Active,EA,GRTA-MX500-NOEZ,810075760712,810075760712,,,USD 367.18,Georipper - Unit,,Finished Goods,fifo,,,0.00,USD 0.00,Drive Axle for all GeoRipperT/A,MT9002,1.000000,Assembly,
6212012000000445418,GeoRipper(R)T/A MX500 W/O EZ Kart,,USD 1600.00,GeoRipper - Units,,,0.00,0.00,0.00,0.00,true,,goods,2,,,Active,EA,GRTA-MX500-NOEZ,810075760712,810075760712,,,USD 367.18,Georipper - Unit,,Finished Goods,fifo,,,0.00,USD 0.00,Spacer,MT0010,1.000000,Assembly,
6212012000000445418,GeoRipper(R)T/A MX500 W/O EZ Kart,,USD 1600.00,GeoRipper - Units,,,0.00,0.00,0.00,0.00,true,,goods,2,,,Active,EA,GRTA-MX500-NOEZ,810075760712,810075760712,,,USD 367.18,Georipper - Unit,,Finished Goods,fifo,,,0.00,USD 0.00,Labyrinth for all GeoRipperT/A,MT9003,1.000000,Assembly,
6212012000000445418,GeoRipper(R)T/A MX500 W/O EZ Kart,,USD 1600.00,GeoRipper - Units,,,0.00,0.00,0.00,0.00,true,,goods,2,,,Active,EA,GRTA-MX500-NOEZ,810075760712,810075760712,,,USD 367.18,Georipper - Unit,,Finished Goods,fifo,,,0.00,USD 0.00,Minitrencher Drive Sprocket for GeoRipper and GeoRipper(R)T/A,MT9001,1.000000,Assembly,
6212012000000445418,GeoRipper(R)T/A MX500 W/O EZ Kart,,USD 1600.00,GeoRipper - Units,,,0.00,0.00,0.00,0.00,true,,goods,2,,,Active,EA,GRTA-MX500-NOEZ,810075760712,810075760712,,,USD 367.18,Georipper - Unit,,Finished Goods,fifo,,,0.00,USD 0.00,M8 Zinc Plated Washer,MT0800,2.000000,Assembly,
6212012000000445418,GeoRipper(R)T/A MX500 W/O EZ Kart,,USD 1600.00,GeoRipper - Units,,,0.00,0.00,0.00,0.00,true,,goods,2,,,Active,EA,GRTA-MX500-NOEZ,810075760712,810075760712,,,USD 367.18,Georipper - Unit,,Finished Goods,fifo,,,0.00,USD 0.00,Dirt Deflector,MT8001,1.000000,Assembly,
6212012000000445418,GeoRipper(R)T/A MX500 W/O EZ Kart,,USD 1600.00,GeoRipper - Units,,,0.00,0.00,0.00,0.00,true,,goods,2,,,Active,EA,GRTA-MX500-NOEZ,810075760712,810075760712,,,USD 367.18,Georipper - Unit,,Finished Goods,fifo,,,0.00,USD 0.00,Mud Flap A,MT8002,1.000000,Assembly,
6212012000000445418,GeoRipper(R)T/A MX500 W/O EZ Kart,,USD 1600.00,GeoRipper - Units,,,0.00,0.00,0.00,0.00,true,,goods,2,,,Active,EA,GRTA-MX500-NOEZ,810075760712,810075760712,,,USD 367.18,Georipper - Unit,,Finished Goods,fifo,,,0.00,USD 0.00,Mud Flap B,MT8003,1.000000,Assembly,
6212012000000445418,GeoRipper(R)T/A MX500 W/O EZ Kart,,USD 1600.00,GeoRipper - Units,,,0.00,0.00,0.00,0.00,true,,goods,2,,,Active,EA,GRTA-MX500-NOEZ,810075760712,810075760712,,,USD 367.18,Georipper - Unit,,Finished Goods,fifo,,,0.00,USD 0.00,M5 X .8 X 16 Phillips Flat Machine Screw Plated,GR5.8,6.000000,Assembly,
6212012000000445418,GeoRipper(R)T/A MX500 W/O EZ Kart,,USD 1600.00,GeoRipper - Units,,,0.00,0.00,0.00,0.00,true,,goods,2,,,Active,EA,GRTA-MX500-NOEZ,810075760712,810075760712,,,USD 367.18,Georipper - Unit,,Finished Goods,fifo,,,0.00,USD 0.00,M5 x 18mm fender washer,GR5.12,6.000000,Assembly,
6212012000000445418,GeoRipper(R)T/A MX500 W/O EZ Kart,,USD 1600.00,GeoRipper - Units,,,0.00,0.00,0.00,0.00,true,,goods,2,,,Active,EA,GRTA-MX500-NOEZ,810075760712,810075760712,,,USD 367.18,Georipper - Unit,,Finished Goods,fifo,,,0.00,USD 0.00,M5 Nylock hex nut,GR5.11,6.000000,Assembly,
6212012000000445418,GeoRipper(R)T/A MX500 W/O EZ Kart,,USD 1600.00,GeoRipper - Units,,,0.00,0.00,0.00,0.00,true,,goods,2,,,Active,EA,GRTA-MX500-NOEZ,810075760712,810075760712,,,USD 367.18,Georipper - Unit,,Finished Goods,fifo,,,0.00,USD 0.00,Bar Clamp Washer - Slotted,GR5.2,1.000000,Assembly,
6212012000000445418,GeoRipper(R)T/A MX500 W/O EZ Kart,,USD 1600.00,GeoRipper - Units,,,0.00,0.00,0.00,0.00,true,,goods,2,,,Active,EA,GRTA-MX500-NOEZ,810075760712,810075760712,,,USD 367.18,Georipper - Unit,,Finished Goods,fifo,,,0.00,USD 0.00,M12 X 1.75 X 30 Bolt 18mm Head,GR5.3,2.000000,Assembly,
6212012000000445418,GeoRipper(R)T/A MX500 W/O EZ Kart,,USD 1600.00,GeoRipper - Units,,,0.00,0.00,0.00,0.00,true,,goods,2,,,Active,EA,GRTA-MX500-NOEZ,810075760712,810075760712,,,USD 367.18,Georipper - Unit,,Finished Goods,fifo,,,0.00,USD 0.00,M12 Split Lock Washer,GR5.4,2.000000,Assembly,
6212012000000445418,GeoRipper(R)T/A MX500 W/O EZ Kart,,USD 1600.00,GeoRipper - Units,,,0.00,0.00,0.00,0.00,true,,goods,2,,,Active,EA,GRTA-MX500-NOEZ,810075760712,810075760712,,,USD 367.18,Georipper - Unit,,Finished Goods,fifo,,,0.00,USD 0.00,M8 X 1.25 Flanged Nyloc Nut,GRKM7681.6,3.000000,Assembly,
6212012000000445418,GeoRipper(R)T/A MX500 W/O EZ Kart,,USD 1600.00,GeoRipper - Units,,,0.00,0.00,0.00,0.00,true,,goods,2,,,Active,EA,GRTA-MX500-NOEZ,810075760712,810075760712,,,USD 367.18,Georipper - Unit,,Finished Goods,fifo,,,0.00,USD 0.00,Safety Bar - 500 Series GeoRipperT/A,MT7500,1.000000,Assembly,
6212012000000445418,GeoRipper(R)T/A MX500 W/O EZ Kart,,USD 1600.00,GeoRipper - Units,,,0.00,0.00,0.00,0.00,true,,goods,2,,,Active,EA,GRTA-MX500-NOEZ,810075760712,810075760712,,,USD 367.18,Georipper - Unit,,Finished Goods,fifo,,,0.00,USD 0.00,M8 x 1.25 x 12 Bolt for Safety Bar,MT0812,2.000000,Assembly,
6212012000000445418,GeoRipper(R)T/A MX500 W/O EZ Kart,,USD 1600.00,GeoRipper - Units,,,0.00,0.00,0.00,0.00,true,,goods,2,,,Active,EA,GRTA-MX500-NOEZ,810075760712,810075760712,,,USD 367.18,Georipper - Unit,,Finished Goods,fifo,,,0.00,USD 0.00,M8 split lock washer zinc plated,MT0804,2.000000,Assembly,
6212012000000445418,GeoRipper(R)T/A MX500 W/O EZ Kart,,USD 1600.00,GeoRipper - Units,,,0.00,0.00,0.00,0.00,true,,goods,2,,,Active,EA,GRTA-MX500-NOEZ,810075760712,810075760712,,,USD 367.18,Georipper - Unit,,Finished Goods,fifo,,,0.00,USD 0.00,Green PVC Tool Bag,MT0099,1.000000,Assembly,
6212012000000445418,GeoRipper(R)T/A MX500 W/O EZ Kart,,USD 1600.00,GeoRipper - Units,,,0.00,0.00,0.00,0.00,true,,goods,2,,,Active,EA,GRTA-MX500-NOEZ,810075760712,810075760712,,,USD 367.18,Georipper - Unit,,Finished Goods,fifo,,,0.00,USD 0.00,13mm Embossed Wrench,MT0013,1.000000,Assembly,
6212012000000445418,GeoRipper(R)T/A MX500 W/O EZ Kart,,USD 1600.00,GeoRipper - Units,,,0.00,0.00,0.00,0.00,true,,goods,2,,,Active,EA,GRTA-MX500-NOEZ,810075760712,810075760712,,,USD 367.18,Georipper - Unit,,Finished Goods,fifo,,,0.00,USD 0.00,18mm Embossed Wrench,MT0018,1.000000,Assembly,
6212012000000445418,GeoRipper(R)T/A MX500 W/O EZ Kart,,USD 1600.00,GeoRipper - Units,,,0.00,0.00,0.00,0.00,true,,goods,2,,,Active,EA,GRTA-MX500-NOEZ,810075760712,810075760712,,,USD 367.18,Georipper - Unit,,Finished Goods,fifo,,,0.00,USD 0.00,Bearing (Sealed) 6002-RS2,GR1.2,1.000000,Assembly,
6212012000000445418,GeoRipper(R)T/A MX500 W/O EZ Kart,,USD 1600.00,GeoRipper - Units,,,0.00,0.00,0.00,0.00,true,,goods,2,,,Active,EA,GRTA-MX500-NOEZ,810075760712,810075760712,,,USD 367.18,Georipper - Unit,,Finished Goods,fifo,,,0.00,USD 0.00,M8x1.25x20 Countersunk 5mm Hex Drive Bolt 12.9grade,GR0.3.2,3.000000,Assembly,
6212012000000445418,GeoRipper(R)T/A MX500 W/O EZ Kart,,USD 1600.00,GeoRipper - Units,,,0.00,0.00,0.00,0.00,true,,goods,2,,,Active,EA,GRTA-MX500-NOEZ,810075760712,810075760712,,,USD 367.18,Georipper - Unit,,Finished Goods,fifo,,,0.00,USD 0.00,#50H Heavy Connecting Link Spring Clip,MT4004,1.000000,Assembly,
6212012000000445418,GeoRipper(R)T/A MX500 W/O EZ Kart,,USD 1600.00,GeoRipper - Units,,,0.00,0.00,0.00,0.00,true,,goods,2,,,Active,EA,GRTA-MX500-NOEZ,810075760712,810075760712,,,USD 367.18,Georipper - Unit,,Finished Goods,fifo,,,0.00,USD 0.00,Owners Manual - GeoRipperT/A,GRTA-LIT-OM,1.000000,Assembly,
6212012000000445418,GeoRipper(R)T/A MX500 W/O EZ Kart,,USD 1600.00,GeoRipper - Units,,,0.00,0.00,0.00,0.00,true,,goods,2,,,Active,EA,GRTA-MX500-NOEZ,810075760712,810075760712,,,USD 367.18,Georipper - Unit,,Finished Goods,fifo,,,0.00,USD 0.00,GeoRipper Warranty Postcard,GR-LIT-WP,1.000000,Assembly,
6212012000000445418,GeoRipper(R)T/A MX500 W/O EZ Kart,,USD 1600.00,GeoRipper - Units,,,0.00,0.00,0.00,0.00,true,,goods,2,,,Active,EA,GRTA-MX500-NOEZ,810075760712,810075760712,,,USD 367.18,Georipper - Unit,,Finished Goods,fifo,,,0.00,USD 0.00,GeoRipper Minitrencher 20-Inch Digging Bar,MT3500,1.000000,Assembly,
6212012000000445418,GeoRipper(R)T/A MX500 W/O EZ Kart,,USD 1600.00,GeoRipper - Units,,,0.00,0.00,0.00,0.00,true,,goods,2,,,Active,EA,GRTA-MX500-NOEZ,810075760712,810075760712,,,USD 367.18,Georipper - Unit,,Finished Goods,fifo,,,0.00,USD 0.00,Box - TA500,MT95195,1.000000,Assembly,
6212012000000445418,GeoRipper(R)T/A MX500 W/O EZ Kart,,USD 1600.00,GeoRipper - Units,,,0.00,0.00,0.00,0.00,true,,goods,2,,,Active,EA,GRTA-MX500-NOEZ,810075760712,810075760712,,,USD 367.18,Georipper - Unit,,Finished Goods,fifo,,,0.00,USD 0.00,Foam Insert - GeoRipperT/A Box,MT0091,1.000000,Assembly,
6212012000000445418,GeoRipper(R)T/A MX500 W/O EZ Kart,,USD 1600.00,GeoRipper - Units,,,0.00,0.00,0.00,0.00,true,,goods,2,,,Active,EA,GRTA-MX500-NOEZ,810075760712,810075760712,,,USD 367.18,Georipper - Unit,,Finished Goods,fifo,,,0.00,USD 0.00,GeoRipper T/A Casting for Milwaukee MX314,MX1000,1.000000,Assembly,
6212012000000445418,GeoRipper(R)T/A MX500 W/O EZ Kart,,USD 1600.00,GeoRipper - Units,,,0.00,0.00,0.00,0.00,true,,goods,2,,,Active,EA,GRTA-MX500-NOEZ,810075760712,810075760712,,,USD 367.18,Georipper - Unit,,Finished Goods,fifo,,,0.00,USD 0.00,Large Pulley - MX,MX1001,2.000000,Assembly,
6212012000000445418,GeoRipper(R)T/A MX500 W/O EZ Kart,,USD 1600.00,GeoRipper - Units,,,0.00,0.00,0.00,0.00,true,,goods,2,,,Active,EA,GRTA-MX500-NOEZ,810075760712,810075760712,,,USD 367.18,Georipper - Unit,,Finished Goods,fifo,,,0.00,USD 0.00,Bushing - MX,MX1002,1.000000,Assembly,
6212012000000445418,GeoRipper(R)T/A MX500 W/O EZ Kart,,USD 1600.00,GeoRipper - Units,,,0.00,0.00,0.00,0.00,true,,goods,2,,,Active,EA,GRTA-MX500-NOEZ,810075760712,810075760712,,,USD 367.18,Georipper - Unit,,Finished Goods,fifo,,,0.00,USD 0.00,Small Pulley - MX,MX1003,1.000000,Assembly,
6212012000000445418,GeoRipper(R)T/A MX500 W/O EZ Kart,,USD 1600.00,GeoRipper - Units,,,0.00,0.00,0.00,0.00,true,,goods,2,,,Active,EA,GRTA-MX500-NOEZ,810075760712,810075760712,,,USD 367.18,Georipper - Unit,,Finished Goods,fifo,,,0.00,USD 0.00,Warehouse Hourly Labor,Labor30,1.000000,Assembly,
6212012000000445418,GeoRipper(R)T/A MX500 W/O EZ Kart,,USD 1600.00,GeoRipper - Units,,,0.00,0.00,0.00,0.00,true,,goods,2,,,Active,EA,GRTA-MX500-NOEZ,810075760712,810075760712,,,USD 367.18,Georipper - Unit,,Finished Goods,fifo,,,0.00,USD 0.00,Belt for Adapted Milwaukee MX314,MTB31-00,2.000000,Assembly,
6212012000000445418,GeoRipper(R)T/A MX500 W/O EZ Kart,,USD 1600.00,GeoRipper - Units,,,0.00,0.00,0.00,0.00,true,,goods,2,,,Active,EA,GRTA-MX500-NOEZ,810075760712,810075760712,,,USD 367.18,Georipper - Unit,,Finished Goods,fifo,,,0.00,USD 0.00,"20"" Digging Chain (Single Chain)",MT4500,2.000000,Assembly,
6212012000000445418,GeoRipper(R)T/A MX500 W/O EZ Kart,,USD 1600.00,GeoRipper - Units,,,0.00,0.00,0.00,0.00,true,,goods,2,,,Active,EA,GRTA-MX500-NOEZ,810075760712,810075760712,,,USD 367.18,Georipper - Unit,,Finished Goods,fifo,,,0.00,USD 0.00,M8-1.25 X 25 UNC HEX HEAD FLANGE BOLT GRADE 10.9,MT0825F,2.000000,Assembly,
6212012000000445418,GeoRipper(R)T/A MX500 W/O EZ Kart,,USD 1600.00,GeoRipper - Units,,,0.00,0.00,0.00,0.00,true,,goods,2,,,Active,EA,GRTA-MX500-NOEZ,810075760712,810075760712,,,USD 367.18,Georipper - Unit,,Finished Goods,fifo,,,0.00,USD 0.00,Dirt Deflector Warning Sticker,GRS17,1.000000,Assembly,
6212012000000445418,GeoRipper(R)T/A MX500 W/O EZ Kart,,USD 1600.00,GeoRipper - Units,,,0.00,0.00,0.00,0.00,true,,goods,2,,,Active,EA,GRTA-MX500-NOEZ,810075760712,810075760712,,,USD 367.18,Georipper - Unit,,Finished Goods,fifo,,,0.00,USD 0.00,M8 x 1.25 x 65 Zinc-Plated Hex Bolt,MT0865,3.000000,Assembly,
6212012000000445418,GeoRipper(R)T/A MX500 W/O EZ Kart,,USD 1600.00,GeoRipper - Units,,,0.00,0.00,0.00,0.00,true,,goods,2,,,Active,EA,GRTA-MX500-NOEZ,810075760712,810075760712,,,USD 367.18,Georipper - Unit,,Finished Goods,fifo,,,0.00,USD 0.00,Sticker - Hand Entanglement/Chain Drive,GRS11,1.000000,Assembly,
6212012000000445517,GeoRipper(R)T/A S500 W/O EZ Kart,,USD 1600.00,GeoRipper - Units,GeoRipper,MiniTrencher,36.00,30.00,12.00,6.00,true,,goods,2,,,Active,EA,GRTA-S500-NOEZ,810075760354,810075760354,,22A,USD 313.06,Georipper - Unit,,Finished Goods,fifo,,,0.00,USD 0.00,Minitrencher Drive Sprocket for GeoRipper and GeoRipper(R)T/A,MT9001,1.000000,Assembly,
6212012000000445517,GeoRipper(R)T/A S500 W/O EZ Kart,,USD 1600.00,GeoRipper - Units,GeoRipper,MiniTrencher,36.00,30.00,12.00,6.00,true,,goods,2,,,Active,EA,GRTA-S500-NOEZ,810075760354,810075760354,,22A,USD 313.06,Georipper - Unit,,Finished Goods,fifo,,,0.00,USD 0.00,Labyrinth for all GeoRipperT/A,MT9003,1.000000,Assembly,
6212012000000445517,GeoRipper(R)T/A S500 W/O EZ Kart,,USD 1600.00,GeoRipper - Units,GeoRipper,MiniTrencher,36.00,30.00,12.00,6.00,true,,goods,2,,,Active,EA,GRTA-S500-NOEZ,810075760354,810075760354,,22A,USD 313.06,Georipper - Unit,,Finished Goods,fifo,,,0.00,USD 0.00,Drive Axle for all GeoRipperT/A,MT9002,1.000000,Assembly,
6212012000000445517,GeoRipper(R)T/A S500 W/O EZ Kart,,USD 1600.00,GeoRipper - Units,GeoRipper,MiniTrencher,36.00,30.00,12.00,6.00,true,,goods,2,,,Active,EA,GRTA-S500-NOEZ,810075760354,810075760354,,22A,USD 313.06,Georipper - Unit,,Finished Goods,fifo,,,0.00,USD 0.00,R40 Snap Ring,MT0040,1.000000,Assembly,
6212012000000445517,GeoRipper(R)T/A S500 W/O EZ Kart,,USD 1600.00,GeoRipper - Units,GeoRipper,MiniTrencher,36.00,30.00,12.00,6.00,true,,goods,2,,,Active,EA,GRTA-S500-NOEZ,810075760354,810075760354,,22A,USD 313.06,Georipper - Unit,,Finished Goods,fifo,,,0.00,USD 0.00,Bearing - 6203 RS,MT0062,2.000000,Assembly,
6212012000000445517,GeoRipper(R)T/A S500 W/O EZ Kart,,USD 1600.00,GeoRipper - Units,GeoRipper,MiniTrencher,36.00,30.00,12.00,6.00,true,,goods,2,,,Active,EA,GRTA-S500-NOEZ,810075760354,810075760354,,22A,USD 313.06,Georipper - Unit,,Finished Goods,fifo,,,0.00,USD 0.00,Spacer,MT0010,1.000000,Assembly,
6212012000000445517,GeoRipper(R)T/A S500 W/O EZ Kart,,USD 1600.00,GeoRipper - Units,GeoRipper,MiniTrencher,36.00,30.00,12.00,6.00,true,,goods,2,,,Active,EA,GRTA-S500-NOEZ,810075760354,810075760354,,22A,USD 313.06,Georipper - Unit,,Finished Goods,fifo,,,0.00,USD 0.00,M8 Zinc Plated Washer,MT0800,2.000000,Assembly,
6212012000000445517,GeoRipper(R)T/A S500 W/O EZ Kart,,USD 1600.00,GeoRipper - Units,GeoRipper,MiniTrencher,36.00,30.00,12.00,6.00,true,,goods,2,,,Active,EA,GRTA-S500-NOEZ,810075760354,810075760354,,22A,USD 313.06,Georipper - Unit,,Finished Goods,fifo,,,0.00,USD 0.00,Box - TA500,MT95195,1.000000,Assembly,
6212012000000445517,GeoRipper(R)T/A S500 W/O EZ Kart,,USD 1600.00,GeoRipper - Units,GeoRipper,MiniTrencher,36.00,30.00,12.00,6.00,true,,goods,2,,,Active,EA,GRTA-S500-NOEZ,810075760354,810075760354,,22A,USD 313.06,Georipper - Unit,,Finished Goods,fifo,,,0.00,USD 0.00,Foam Insert - GeoRipperT/A Box,MT0091,1.000000,Assembly,
6212012000000445517,GeoRipper(R)T/A S500 W/O EZ Kart,,USD 1600.00,GeoRipper - Units,GeoRipper,MiniTrencher,36.00,30.00,12.00,6.00,true,,goods,2,,,Active,EA,GRTA-S500-NOEZ,810075760354,810075760354,,22A,USD 313.06,Georipper - Unit,,Finished Goods,fifo,,,0.00,USD 0.00,13mm Embossed Wrench,MT0013,1.000000,Assembly,
6212012000000445517,GeoRipper(R)T/A S500 W/O EZ Kart,,USD 1600.00,GeoRipper - Units,GeoRipper,MiniTrencher,36.00,30.00,12.00,6.00,true,,goods,2,,,Active,EA,GRTA-S500-NOEZ,810075760354,810075760354,,22A,USD 313.06,Georipper - Unit,,Finished Goods,fifo,,,0.00,USD 0.00,18mm Embossed Wrench,MT0018,1.000000,Assembly,
6212012000000445517,GeoRipper(R)T/A S500 W/O EZ Kart,,USD 1600.00,GeoRipper - Units,GeoRipper,MiniTrencher,36.00,30.00,12.00,6.00,true,,goods,2,,,Active,EA,GRTA-S500-NOEZ,810075760354,810075760354,,22A,USD 313.06,Georipper - Unit,,Finished Goods,fifo,,,0.00,USD 0.00,Pulley for Stihl TS420/TS500i GeoRipperT/A,S1001,1.000000,Assembly,
6212012000000445517,GeoRipper(R)T/A S500 W/O EZ Kart,,USD 1600.00,GeoRipper - Units,GeoRipper,MiniTrencher,36.00,30.00,12.00,6.00,true,,goods,2,,,Active,EA,GRTA-S500-NOEZ,810075760354,810075760354,,22A,USD 313.06,Georipper - Unit,,Finished Goods,fifo,,,0.00,USD 0.00,Belt for Makita EK7651H & Stihl TS420/TS500i,MTB45-76,1.000000,Assembly,
6212012000000445517,GeoRipper(R)T/A S500 W/O EZ Kart,,USD 1600.00,GeoRipper - Units,GeoRipper,MiniTrencher,36.00,30.00,12.00,6.00,true,,goods,2,,,Active,EA,GRTA-S500-NOEZ,810075760354,810075760354,,22A,USD 313.06,Georipper - Unit,,Finished Goods,fifo,,,0.00,USD 0.00,Owners Manual - GeoRipperT/A,GRTA-LIT-OM,1.000000,Assembly,
6212012000000445517,GeoRipper(R)T/A S500 W/O EZ Kart,,USD 1600.00,GeoRipper - Units,GeoRipper,MiniTrencher,36.00,30.00,12.00,6.00,true,,goods,2,,,Active,EA,GRTA-S500-NOEZ,810075760354,810075760354,,22A,USD 313.06,Georipper - Unit,,Finished Goods,fifo,,,0.00,USD 0.00,Green PVC Tool Bag,MT0099,1.000000,Assembly,
6212012000000445517,GeoRipper(R)T/A S500 W/O EZ Kart,,USD 1600.00,GeoRipper - Units,GeoRipper,MiniTrencher,36.00,30.00,12.00,6.00,true,,goods,2,,,Active,EA,GRTA-S500-NOEZ,810075760354,810075760354,,22A,USD 313.06,Georipper - Unit,,Finished Goods,fifo,,,0.00,USD 0.00,GeoRipper Minitrencher 20-Inch Digging Bar,MT3500,1.000000,Assembly,
6212012000000445517,GeoRipper(R)T/A S500 W/O EZ Kart,,USD 1600.00,GeoRipper - Units,GeoRipper,MiniTrencher,36.00,30.00,12.00,6.00,true,,goods,2,,,Active,EA,GRTA-S500-NOEZ,810075760354,810075760354,,22A,USD 313.06,Georipper - Unit,,Finished Goods,fifo,,,0.00,USD 0.00,Safety Bar - 500 Series GeoRipperT/A,MT7500,1.000000,Assembly,
6212012000000445517,GeoRipper(R)T/A S500 W/O EZ Kart,,USD 1600.00,GeoRipper - Units,GeoRipper,MiniTrencher,36.00,30.00,12.00,6.00,true,,goods,2,,,Active,EA,GRTA-S500-NOEZ,810075760354,810075760354,,22A,USD 313.06,Georipper - Unit,,Finished Goods,fifo,,,0.00,USD 0.00,Stihl T/A Casting,S1000,1.000000,Assembly,
6212012000000445517,GeoRipper(R)T/A S500 W/O EZ Kart,,USD 1600.00,GeoRipper - Units,GeoRipper,MiniTrencher,36.00,30.00,12.00,6.00,true,,goods,2,,,Active,EA,GRTA-S500-NOEZ,810075760354,810075760354,,22A,USD 313.06,Georipper - Unit,,Finished Goods,fifo,,,0.00,USD 0.00,S1000 belt tension bolt,MT0870,1.000000,Assembly,
6212012000000445517,GeoRipper(R)T/A S500 W/O EZ Kart,,USD 1600.00,GeoRipper - Units,GeoRipper,MiniTrencher,36.00,30.00,12.00,6.00,true,,goods,2,,,Active,EA,GRTA-S500-NOEZ,810075760354,810075760354,,22A,USD 313.06,Georipper - Unit,,Finished Goods,fifo,,,0.00,USD 0.00,M8 x 1.25 Square Nut,MT0803,1.000000,Assembly,
6212012000000445517,GeoRipper(R)T/A S500 W/O EZ Kart,,USD 1600.00,GeoRipper - Units,GeoRipper,MiniTrencher,36.00,30.00,12.00,6.00,true,,goods,2,,,Active,EA,GRTA-S500-NOEZ,810075760354,810075760354,,22A,USD 313.06,Georipper - Unit,,Finished Goods,fifo,,,0.00,USD 0.00,M8 x 1.25 Hex Nut,MT0802,1.000000,Assembly,
6212012000000445517,GeoRipper(R)T/A S500 W/O EZ Kart,,USD 1600.00,GeoRipper - Units,GeoRipper,MiniTrencher,36.00,30.00,12.00,6.00,true,,goods,2,,,Active,EA,GRTA-S500-NOEZ,810075760354,810075760354,,22A,USD 313.06,Georipper - Unit,,Finished Goods,fifo,,,0.00,USD 0.00,S1000 TENSION NUT RETAINING SCREWS,MT0822,2.000000,Assembly,
6212012000000445517,GeoRipper(R)T/A S500 W/O EZ Kart,,USD 1600.00,GeoRipper - Units,GeoRipper,MiniTrencher,36.00,30.00,12.00,6.00,true,,goods,2,,,Active,EA,GRTA-S500-NOEZ,810075760354,810075760354,,22A,USD 313.06,Georipper - Unit,,Finished Goods,fifo,,,0.00,USD 0.00,M8 X 1.25 Flanged Nyloc Nut,GRKM7681.6,3.000000,Assembly,
6212012000000445517,GeoRipper(R)T/A S500 W/O EZ Kart,,USD 1600.00,GeoRipper - Units,GeoRipper,MiniTrencher,36.00,30.00,12.00,6.00,true,,goods,2,,,Active,EA,GRTA-S500-NOEZ,810075760354,810075760354,,22A,USD 313.06,Georipper - Unit,,Finished Goods,fifo,,,0.00,USD 0.00,Bar Clamp Washer - Slotted,GR5.2,1.000000,Assembly,
6212012000000445517,GeoRipper(R)T/A S500 W/O EZ Kart,,USD 1600.00,GeoRipper - Units,GeoRipper,MiniTrencher,36.00,30.00,12.00,6.00,true,,goods,2,,,Active,EA,GRTA-S500-NOEZ,810075760354,810075760354,,22A,USD 313.06,Georipper - Unit,,Finished Goods,fifo,,,0.00,USD 0.00,M12 X 1.75 X 30 Bolt 18mm Head,GR5.3,2.000000,Assembly,
6212012000000445517,GeoRipper(R)T/A S500 W/O EZ Kart,,USD 1600.00,GeoRipper - Units,GeoRipper,MiniTrencher,36.00,30.00,12.00,6.00,true,,goods,2,,,Active,EA,GRTA-S500-NOEZ,810075760354,810075760354,,22A,USD 313.06,Georipper - Unit,,Finished Goods,fifo,,,0.00,USD 0.00,M12 Split Lock Washer,GR5.4,2.000000,Assembly,
6212012000000445517,GeoRipper(R)T/A S500 W/O EZ Kart,,USD 1600.00,GeoRipper - Units,GeoRipper,MiniTrencher,36.00,30.00,12.00,6.00,true,,goods,2,,,Active,EA,GRTA-S500-NOEZ,810075760354,810075760354,,22A,USD 313.06,Georipper - Unit,,Finished Goods,fifo,,,0.00,USD 0.00,Dirt Deflector,MT8001,1.000000,Assembly,
6212012000000445517,GeoRipper(R)T/A S500 W/O EZ Kart,,USD 1600.00,GeoRipper - Units,GeoRipper,MiniTrencher,36.00,30.00,12.00,6.00,true,,goods,2,,,Active,EA,GRTA-S500-NOEZ,810075760354,810075760354,,22A,USD 313.06,Georipper - Unit,,Finished Goods,fifo,,,0.00,USD 0.00,M5 X .8 X 16 Phillips Flat Machine Screw Plated,GR5.8,6.000000,Assembly,
6212012000000445517,GeoRipper(R)T/A S500 W/O EZ Kart,,USD 1600.00,GeoRipper - Units,GeoRipper,MiniTrencher,36.00,30.00,12.00,6.00,true,,goods,2,,,Active,EA,GRTA-S500-NOEZ,810075760354,810075760354,,22A,USD 313.06,Georipper - Unit,,Finished Goods,fifo,,,0.00,USD 0.00,M5 x 18mm fender washer,GR5.12,8.000000,Assembly,
6212012000000445517,GeoRipper(R)T/A S500 W/O EZ Kart,,USD 1600.00,GeoRipper - Units,GeoRipper,MiniTrencher,36.00,30.00,12.00,6.00,true,,goods,2,,,Active,EA,GRTA-S500-NOEZ,810075760354,810075760354,,22A,USD 313.06,Georipper - Unit,,Finished Goods,fifo,,,0.00,USD 0.00,M5 Nylock hex nut,GR5.11,6.000000,Assembly,
6212012000000445517,GeoRipper(R)T/A S500 W/O EZ Kart,,USD 1600.00,GeoRipper - Units,GeoRipper,MiniTrencher,36.00,30.00,12.00,6.00,true,,goods,2,,,Active,EA,GRTA-S500-NOEZ,810075760354,810075760354,,22A,USD 313.06,Georipper - Unit,,Finished Goods,fifo,,,0.00,USD 0.00,Mud Flap A,MT8002,1.000000,Assembly,
6212012000000445517,GeoRipper(R)T/A S500 W/O EZ Kart,,USD 1600.00,GeoRipper - Units,GeoRipper,MiniTrencher,36.00,30.00,12.00,6.00,true,,goods,2,,,Active,EA,GRTA-S500-NOEZ,810075760354,810075760354,,22A,USD 313.06,Georipper - Unit,,Finished Goods,fifo,,,0.00,USD 0.00,Mud Flap B,MT8003,1.000000,Assembly,
6212012000000445517,GeoRipper(R)T/A S500 W/O EZ Kart,,USD 1600.00,GeoRipper - Units,GeoRipper,MiniTrencher,36.00,30.00,12.00,6.00,true,,goods,2,,,Active,EA,GRTA-S500-NOEZ,810075760354,810075760354,,22A,USD 313.06,Georipper - Unit,,Finished Goods,fifo,,,0.00,USD 0.00,M8 x 1.25 x 12 Bolt for Safety Bar,MT0812,2.000000,Assembly,
6212012000000445517,GeoRipper(R)T/A S500 W/O EZ Kart,,USD 1600.00,GeoRipper - Units,GeoRipper,MiniTrencher,36.00,30.00,12.00,6.00,true,,goods,2,,,Active,EA,GRTA-S500-NOEZ,810075760354,810075760354,,22A,USD 313.06,Georipper - Unit,,Finished Goods,fifo,,,0.00,USD 0.00,M8 split lock washer zinc plated,MT0804,2.000000,Assembly,
6212012000000445517,GeoRipper(R)T/A S500 W/O EZ Kart,,USD 1600.00,GeoRipper - Units,GeoRipper,MiniTrencher,36.00,30.00,12.00,6.00,true,,goods,2,,,Active,EA,GRTA-S500-NOEZ,810075760354,810075760354,,22A,USD 313.06,Georipper - Unit,,Finished Goods,fifo,,,0.00,USD 0.00,Wire retainer Stihl 500i,MT0011,1.000000,Assembly,
6212012000000445517,GeoRipper(R)T/A S500 W/O EZ Kart,,USD 1600.00,GeoRipper - Units,GeoRipper,MiniTrencher,36.00,30.00,12.00,6.00,true,,goods,2,,,Active,EA,GRTA-S500-NOEZ,810075760354,810075760354,,22A,USD 313.06,Georipper - Unit,,Finished Goods,fifo,,,0.00,USD 0.00,Belt cover plug Stihl T/A,MT0012,1.000000,Assembly,
6212012000000445517,GeoRipper(R)T/A S500 W/O EZ Kart,,USD 1600.00,GeoRipper - Units,GeoRipper,MiniTrencher,36.00,30.00,12.00,6.00,true,,goods,2,,,Active,EA,GRTA-S500-NOEZ,810075760354,810075760354,,22A,USD 313.06,Georipper - Unit,,Finished Goods,fifo,,,0.00,USD 0.00,Belt tensioner cap Stihl T/A,MT0014,1.000000,Assembly,
6212012000000445517,GeoRipper(R)T/A S500 W/O EZ Kart,,USD 1600.00,GeoRipper - Units,GeoRipper,MiniTrencher,36.00,30.00,12.00,6.00,true,,goods,2,,,Active,EA,GRTA-S500-NOEZ,810075760354,810075760354,,22A,USD 313.06,Georipper - Unit,,Finished Goods,fifo,,,0.00,USD 0.00,Bearing (Sealed) 6002-RS2,GR1.2,1.000000,Assembly,
6212012000000445517,GeoRipper(R)T/A S500 W/O EZ Kart,,USD 1600.00,GeoRipper - Units,GeoRipper,MiniTrencher,36.00,30.00,12.00,6.00,true,,goods,2,,,Active,EA,GRTA-S500-NOEZ,810075760354,810075760354,,22A,USD 313.06,Georipper - Unit,,Finished Goods,fifo,,,0.00,USD 0.00,M8x1.25x20 Countersunk 5mm Hex Drive Bolt 12.9grade,GR0.3.2,3.000000,Assembly,
6212012000000445517,GeoRipper(R)T/A S500 W/O EZ Kart,,USD 1600.00,GeoRipper - Units,GeoRipper,MiniTrencher,36.00,30.00,12.00,6.00,true,,goods,2,,,Active,EA,GRTA-S500-NOEZ,810075760354,810075760354,,22A,USD 313.06,Georipper - Unit,,Finished Goods,fifo,,,0.00,USD 0.00,#50H Heavy Connecting Link Spring Clip,MT4004,1.000000,Assembly,
6212012000000445517,GeoRipper(R)T/A S500 W/O EZ Kart,,USD 1600.00,GeoRipper - Units,GeoRipper,MiniTrencher,36.00,30.00,12.00,6.00,true,,goods,2,,,Active,EA,GRTA-S500-NOEZ,810075760354,810075760354,,22A,USD 313.06,Georipper - Unit,,Finished Goods,fifo,,,0.00,USD 0.00,GeoRipper Warranty Postcard,GR-LIT-WP,1.000000,Assembly,
6212012000000445517,GeoRipper(R)T/A S500 W/O EZ Kart,,USD 1600.00,GeoRipper - Units,GeoRipper,MiniTrencher,36.00,30.00,12.00,6.00,true,,goods,2,,,Active,EA,GRTA-S500-NOEZ,810075760354,810075760354,,22A,USD 313.06,Georipper - Unit,,Finished Goods,fifo,,,0.00,USD 0.00,Warehouse Hourly Labor,Labor30,1.000000,Assembly,
6212012000000445517,GeoRipper(R)T/A S500 W/O EZ Kart,,USD 1600.00,GeoRipper - Units,GeoRipper,MiniTrencher,36.00,30.00,12.00,6.00,true,,goods,2,,,Active,EA,GRTA-S500-NOEZ,810075760354,810075760354,,22A,USD 313.06,Georipper - Unit,,Finished Goods,fifo,,,0.00,USD 0.00,"20"" Digging Chain (Single Chain)",MT4500,2.000000,Assembly,
6212012000000445517,GeoRipper(R)T/A S500 W/O EZ Kart,,USD 1600.00,GeoRipper - Units,GeoRipper,MiniTrencher,36.00,30.00,12.00,6.00,true,,goods,2,,,Active,EA,GRTA-S500-NOEZ,810075760354,810075760354,,22A,USD 313.06,Georipper - Unit,,Finished Goods,fifo,,,0.00,USD 0.00,M8-1.25 X 25 UNC HEX HEAD FLANGE BOLT GRADE 10.9,MT0825F,2.000000,Assembly,
6212012000000445517,GeoRipper(R)T/A S500 W/O EZ Kart,,USD 1600.00,GeoRipper - Units,GeoRipper,MiniTrencher,36.00,30.00,12.00,6.00,true,,goods,2,,,Active,EA,GRTA-S500-NOEZ,810075760354,810075760354,,22A,USD 313.06,Georipper - Unit,,Finished Goods,fifo,,,0.00,USD 0.00,Dirt Deflector Warning Sticker,GRS17,1.000000,Assembly,
6212012000000445517,GeoRipper(R)T/A S500 W/O EZ Kart,,USD 1600.00,GeoRipper - Units,GeoRipper,MiniTrencher,36.00,30.00,12.00,6.00,true,,goods,2,,,Active,EA,GRTA-S500-NOEZ,810075760354,810075760354,,22A,USD 313.06,Georipper - Unit,,Finished Goods,fifo,,,0.00,USD 0.00,Sticker - Hand Entanglement/Chain Drive,GRS11,1.000000,Assembly,
6212012000000445622,GeoRipper(R)T/A S700 W/O EZ Kart,,USD 1900.00,GeoRipper - Units,GeoRipper,MiniTrencher,36.00,30.00,12.00,6.00,true,,goods,2,,,Active,EA,GRTA-S700-NOEZ,810075760385,810075760385,,22A,USD 339.12,Georipper - Unit,,Finished Goods,fifo,,,0.00,USD 0.00,Minitrencher Drive Sprocket for GeoRipper and GeoRipper(R)T/A,MT9001,1.000000,Assembly,
6212012000000445622,GeoRipper(R)T/A S700 W/O EZ Kart,,USD 1900.00,GeoRipper - Units,GeoRipper,MiniTrencher,36.00,30.00,12.00,6.00,true,,goods,2,,,Active,EA,GRTA-S700-NOEZ,810075760385,810075760385,,22A,USD 339.12,Georipper - Unit,,Finished Goods,fifo,,,0.00,USD 0.00,Labyrinth for all GeoRipperT/A,MT9003,1.000000,Assembly,
6212012000000445622,GeoRipper(R)T/A S700 W/O EZ Kart,,USD 1900.00,GeoRipper - Units,GeoRipper,MiniTrencher,36.00,30.00,12.00,6.00,true,,goods,2,,,Active,EA,GRTA-S700-NOEZ,810075760385,810075760385,,22A,USD 339.12,Georipper - Unit,,Finished Goods,fifo,,,0.00,USD 0.00,Drive Axle for all GeoRipperT/A,MT9002,1.000000,Assembly,
6212012000000445622,GeoRipper(R)T/A S700 W/O EZ Kart,,USD 1900.00,GeoRipper - Units,GeoRipper,MiniTrencher,36.00,30.00,12.00,6.00,true,,goods,2,,,Active,EA,GRTA-S700-NOEZ,810075760385,810075760385,,22A,USD 339.12,Georipper - Unit,,Finished Goods,fifo,,,0.00,USD 0.00,R40 Snap Ring,MT0040,1.000000,Assembly,
6212012000000445622,GeoRipper(R)T/A S700 W/O EZ Kart,,USD 1900.00,GeoRipper - Units,GeoRipper,MiniTrencher,36.00,30.00,12.00,6.00,true,,goods,2,,,Active,EA,GRTA-S700-NOEZ,810075760385,810075760385,,22A,USD 339.12,Georipper - Unit,,Finished Goods,fifo,,,0.00,USD 0.00,Bearing - 6203 RS,MT0062,2.000000,Assembly,
6212012000000445622,GeoRipper(R)T/A S700 W/O EZ Kart,,USD 1900.00,GeoRipper - Units,GeoRipper,MiniTrencher,36.00,30.00,12.00,6.00,true,,goods,2,,,Active,EA,GRTA-S700-NOEZ,810075760385,810075760385,,22A,USD 339.12,Georipper - Unit,,Finished Goods,fifo,,,0.00,USD 0.00,Spacer,MT0010,1.000000,Assembly,
6212012000000445622,GeoRipper(R)T/A S700 W/O EZ Kart,,USD 1900.00,GeoRipper - Units,GeoRipper,MiniTrencher,36.00,30.00,12.00,6.00,true,,goods,2,,,Active,EA,GRTA-S700-NOEZ,810075760385,810075760385,,22A,USD 339.12,Georipper - Unit,,Finished Goods,fifo,,,0.00,USD 0.00,M8 Zinc Plated Washer,MT0800,2.000000,Assembly,
6212012000000445622,GeoRipper(R)T/A S700 W/O EZ Kart,,USD 1900.00,GeoRipper - Units,GeoRipper,MiniTrencher,36.00,30.00,12.00,6.00,true,,goods,2,,,Active,EA,GRTA-S700-NOEZ,810075760385,810075760385,,22A,USD 339.12,Georipper - Unit,,Finished Goods,fifo,,,0.00,USD 0.00,Foam Insert - GeoRipperT/A Box,MT0091,1.000000,Assembly,
6212012000000445622,GeoRipper(R)T/A S700 W/O EZ Kart,,USD 1900.00,GeoRipper - Units,GeoRipper,MiniTrencher,36.00,30.00,12.00,6.00,true,,goods,2,,,Active,EA,GRTA-S700-NOEZ,810075760385,810075760385,,22A,USD 339.12,Georipper - Unit,,Finished Goods,fifo,,,0.00,USD 0.00,13mm Embossed Wrench,MT0013,1.000000,Assembly,
6212012000000445622,GeoRipper(R)T/A S700 W/O EZ Kart,,USD 1900.00,GeoRipper - Units,GeoRipper,MiniTrencher,36.00,30.00,12.00,6.00,true,,goods,2,,,Active,EA,GRTA-S700-NOEZ,810075760385,810075760385,,22A,USD 339.12,Georipper - Unit,,Finished Goods,fifo,,,0.00,USD 0.00,18mm Embossed Wrench,MT0018,1.000000,Assembly,
6212012000000445622,GeoRipper(R)T/A S700 W/O EZ Kart,,USD 1900.00,GeoRipper - Units,GeoRipper,MiniTrencher,36.00,30.00,12.00,6.00,true,,goods,2,,,Active,EA,GRTA-S700-NOEZ,810075760385,810075760385,,22A,USD 339.12,Georipper - Unit,,Finished Goods,fifo,,,0.00,USD 0.00,Pulley for Stihl TS420/TS500i GeoRipperT/A,S1001,1.000000,Assembly,
6212012000000445622,GeoRipper(R)T/A S700 W/O EZ Kart,,USD 1900.00,GeoRipper - Units,GeoRipper,MiniTrencher,36.00,30.00,12.00,6.00,true,,goods,2,,,Active,EA,GRTA-S700-NOEZ,810075760385,810075760385,,22A,USD 339.12,Georipper - Unit,,Finished Goods,fifo,,,0.00,USD 0.00,Belt for Makita EK7651H & Stihl TS420/TS500i,MTB45-76,1.000000,Assembly,
6212012000000445622,GeoRipper(R)T/A S700 W/O EZ Kart,,USD 1900.00,GeoRipper - Units,GeoRipper,MiniTrencher,36.00,30.00,12.00,6.00,true,,goods,2,,,Active,EA,GRTA-S700-NOEZ,810075760385,810075760385,,22A,USD 339.12,Georipper - Unit,,Finished Goods,fifo,,,0.00,USD 0.00,Owners Manual - GeoRipperT/A,GRTA-LIT-OM,1.000000,Assembly,
6212012000000445622,GeoRipper(R)T/A S700 W/O EZ Kart,,USD 1900.00,GeoRipper - Units,GeoRipper,MiniTrencher,36.00,30.00,12.00,6.00,true,,goods,2,,,Active,EA,GRTA-S700-NOEZ,810075760385,810075760385,,22A,USD 339.12,Georipper - Unit,,Finished Goods,fifo,,,0.00,USD 0.00,Green PVC Tool Bag,MT0099,1.000000,Assembly,
6212012000000445622,GeoRipper(R)T/A S700 W/O EZ Kart,,USD 1900.00,GeoRipper - Units,GeoRipper,MiniTrencher,36.00,30.00,12.00,6.00,true,,goods,2,,,Active,EA,GRTA-S700-NOEZ,810075760385,810075760385,,22A,USD 339.12,Georipper - Unit,,Finished Goods,fifo,,,0.00,USD 0.00,GeoRipper Minitrencher 27-Inch Digging Bar,MT3700,1.000000,Assembly,
6212012000000445622,GeoRipper(R)T/A S700 W/O EZ Kart,,USD 1900.00,GeoRipper - Units,GeoRipper,MiniTrencher,36.00,30.00,12.00,6.00,true,,goods,2,,,Active,EA,GRTA-S700-NOEZ,810075760385,810075760385,,22A,USD 339.12,Georipper - Unit,,Finished Goods,fifo,,,0.00,USD 0.00,Stihl T/A Casting,S1000,1.000000,Assembly,
6212012000000445622,GeoRipper(R)T/A S700 W/O EZ Kart,,USD 1900.00,GeoRipper - Units,GeoRipper,MiniTrencher,36.00,30.00,12.00,6.00,true,,goods,2,,,Active,EA,GRTA-S700-NOEZ,810075760385,810075760385,,22A,USD 339.12,Georipper - Unit,,Finished Goods,fifo,,,0.00,USD 0.00,S1000 belt tension bolt,MT0870,1.000000,Assembly,
6212012000000445622,GeoRipper(R)T/A S700 W/O EZ Kart,,USD 1900.00,GeoRipper - Units,GeoRipper,MiniTrencher,36.00,30.00,12.00,6.00,true,,goods,2,,,Active,EA,GRTA-S700-NOEZ,810075760385,810075760385,,22A,USD 339.12,Georipper - Unit,,Finished Goods,fifo,,,0.00,USD 0.00,M8 x 1.25 Square Nut,MT0803,1.000000,Assembly,
6212012000000445622,GeoRipper(R)T/A S700 W/O EZ Kart,,USD 1900.00,GeoRipper - Units,GeoRipper,MiniTrencher,36.00,30.00,12.00,6.00,true,,goods,2,,,Active,EA,GRTA-S700-NOEZ,810075760385,810075760385,,22A,USD 339.12,Georipper - Unit,,Finished Goods,fifo,,,0.00,USD 0.00,M8 x 1.25 Hex Nut,MT0802,1.000000,Assembly,
6212012000000445622,GeoRipper(R)T/A S700 W/O EZ Kart,,USD 1900.00,GeoRipper - Units,GeoRipper,MiniTrencher,36.00,30.00,12.00,6.00,true,,goods,2,,,Active,EA,GRTA-S700-NOEZ,810075760385,810075760385,,22A,USD 339.12,Georipper - Unit,,Finished Goods,fifo,,,0.00,USD 0.00,S1000 TENSION NUT RETAINING SCREWS,MT0822,2.000000,Assembly,
6212012000000445622,GeoRipper(R)T/A S700 W/O EZ Kart,,USD 1900.00,GeoRipper - Units,GeoRipper,MiniTrencher,36.00,30.00,12.00,6.00,true,,goods,2,,,Active,EA,GRTA-S700-NOEZ,810075760385,810075760385,,22A,USD 339.12,Georipper - Unit,,Finished Goods,fifo,,,0.00,USD 0.00,M8 X 1.25 Flanged Nyloc Nut,GRKM7681.6,3.000000,Assembly,
6212012000000445622,GeoRipper(R)T/A S700 W/O EZ Kart,,USD 1900.00,GeoRipper - Units,GeoRipper,MiniTrencher,36.00,30.00,12.00,6.00,true,,goods,2,,,Active,EA,GRTA-S700-NOEZ,810075760385,810075760385,,22A,USD 339.12,Georipper - Unit,,Finished Goods,fifo,,,0.00,USD 0.00,Bar Clamp Washer - Slotted,GR5.2,1.000000,Assembly,
6212012000000445622,GeoRipper(R)T/A S700 W/O EZ Kart,,USD 1900.00,GeoRipper - Units,GeoRipper,MiniTrencher,36.00,30.00,12.00,6.00,true,,goods,2,,,Active,EA,GRTA-S700-NOEZ,810075760385,810075760385,,22A,USD 339.12,Georipper - Unit,,Finished Goods,fifo,,,0.00,USD 0.00,M12 X 1.75 X 30 Bolt 18mm Head,GR5.3,2.000000,Assembly,
6212012000000445622,GeoRipper(R)T/A S700 W/O EZ Kart,,USD 1900.00,GeoRipper - Units,GeoRipper,MiniTrencher,36.00,30.00,12.00,6.00,true,,goods,2,,,Active,EA,GRTA-S700-NOEZ,810075760385,810075760385,,22A,USD 339.12,Georipper - Unit,,Finished Goods,fifo,,,0.00,USD 0.00,M12 Split Lock Washer,GR5.4,2.000000,Assembly,
6212012000000445622,GeoRipper(R)T/A S700 W/O EZ Kart,,USD 1900.00,GeoRipper - Units,GeoRipper,MiniTrencher,36.00,30.00,12.00,6.00,true,,goods,2,,,Active,EA,GRTA-S700-NOEZ,810075760385,810075760385,,22A,USD 339.12,Georipper - Unit,,Finished Goods,fifo,,,0.00,USD 0.00,Dirt Deflector,MT8001,1.000000,Assembly,
6212012000000445622,GeoRipper(R)T/A S700 W/O EZ Kart,,USD 1900.00,GeoRipper - Units,GeoRipper,MiniTrencher,36.00,30.00,12.00,6.00,true,,goods,2,,,Active,EA,GRTA-S700-NOEZ,810075760385,810075760385,,22A,USD 339.12,Georipper - Unit,,Finished Goods,fifo,,,0.00,USD 0.00,M5 X .8 X 16 Phillips Flat Machine Screw Plated,GR5.8,6.000000,Assembly,
6212012000000445622,GeoRipper(R)T/A S700 W/O EZ Kart,,USD 1900.00,GeoRipper - Units,GeoRipper,MiniTrencher,36.00,30.00,12.00,6.00,true,,goods,2,,,Active,EA,GRTA-S700-NOEZ,810075760385,810075760385,,22A,USD 339.12,Georipper - Unit,,Finished Goods,fifo,,,0.00,USD 0.00,M5 x 18mm fender washer,GR5.12,8.000000,Assembly,
6212012000000445622,GeoRipper(R)T/A S700 W/O EZ Kart,,USD 1900.00,GeoRipper - Units,GeoRipper,MiniTrencher,36.00,30.00,12.00,6.00,true,,goods,2,,,Active,EA,GRTA-S700-NOEZ,810075760385,810075760385,,22A,USD 339.12,Georipper - Unit,,Finished Goods,fifo,,,0.00,USD 0.00,M5 Nylock hex nut,GR5.11,6.000000,Assembly,
6212012000000445622,GeoRipper(R)T/A S700 W/O EZ Kart,,USD 1900.00,GeoRipper - Units,GeoRipper,MiniTrencher,36.00,30.00,12.00,6.00,true,,goods,2,,,Active,EA,GRTA-S700-NOEZ,810075760385,810075760385,,22A,USD 339.12,Georipper - Unit,,Finished Goods,fifo,,,0.00,USD 0.00,Mud Flap A,MT8002,1.000000,Assembly,
6212012000000445622,GeoRipper(R)T/A S700 W/O EZ Kart,,USD 1900.00,GeoRipper - Units,GeoRipper,MiniTrencher,36.00,30.00,12.00,6.00,true,,goods,2,,,Active,EA,GRTA-S700-NOEZ,810075760385,810075760385,,22A,USD 339.12,Georipper - Unit,,Finished Goods,fifo,,,0.00,USD 0.00,Mud Flap B,MT8003,1.000000,Assembly,
6212012000000445622,GeoRipper(R)T/A S700 W/O EZ Kart,,USD 1900.00,GeoRipper - Units,GeoRipper,MiniTrencher,36.00,30.00,12.00,6.00,true,,goods,2,,,Active,EA,GRTA-S700-NOEZ,810075760385,810075760385,,22A,USD 339.12,Georipper - Unit,,Finished Goods,fifo,,,0.00,USD 0.00,M8 x 1.25 x 12 Bolt for Safety Bar,MT0812,2.000000,Assembly,
6212012000000445622,GeoRipper(R)T/A S700 W/O EZ Kart,,USD 1900.00,GeoRipper - Units,GeoRipper,MiniTrencher,36.00,30.00,12.00,6.00,true,,goods,2,,,Active,EA,GRTA-S700-NOEZ,810075760385,810075760385,,22A,USD 339.12,Georipper - Unit,,Finished Goods,fifo,,,0.00,USD 0.00,M8 split lock washer zinc plated,MT0804,2.000000,Assembly,
6212012000000445622,GeoRipper(R)T/A S700 W/O EZ Kart,,USD 1900.00,GeoRipper - Units,GeoRipper,MiniTrencher,36.00,30.00,12.00,6.00,true,,goods,2,,,Active,EA,GRTA-S700-NOEZ,810075760385,810075760385,,22A,USD 339.12,Georipper - Unit,,Finished Goods,fifo,,,0.00,USD 0.00,Wire retainer Stihl 500i,MT0011,1.000000,Assembly,
6212012000000445622,GeoRipper(R)T/A S700 W/O EZ Kart,,USD 1900.00,GeoRipper - Units,GeoRipper,MiniTrencher,36.00,30.00,12.00,6.00,true,,goods,2,,,Active,EA,GRTA-S700-NOEZ,810075760385,810075760385,,22A,USD 339.12,Georipper - Unit,,Finished Goods,fifo,,,0.00,USD 0.00,Belt cover plug Stihl T/A,MT0012,1.000000,Assembly,
6212012000000445622,GeoRipper(R)T/A S700 W/O EZ Kart,,USD 1900.00,GeoRipper - Units,GeoRipper,MiniTrencher,36.00,30.00,12.00,6.00,true,,goods,2,,,Active,EA,GRTA-S700-NOEZ,810075760385,810075760385,,22A,USD 339.12,Georipper - Unit,,Finished Goods,fifo,,,0.00,USD 0.00,Belt tensioner cap Stihl T/A,MT0014,1.000000,Assembly,
6212012000000445622,GeoRipper(R)T/A S700 W/O EZ Kart,,USD 1900.00,GeoRipper - Units,GeoRipper,MiniTrencher,36.00,30.00,12.00,6.00,true,,goods,2,,,Active,EA,GRTA-S700-NOEZ,810075760385,810075760385,,22A,USD 339.12,Georipper - Unit,,Finished Goods,fifo,,,0.00,USD 0.00,Bearing (Sealed) 6002-RS2,GR1.2,1.000000,Assembly,
6212012000000445622,GeoRipper(R)T/A S700 W/O EZ Kart,,USD 1900.00,GeoRipper - Units,GeoRipper,MiniTrencher,36.00,30.00,12.00,6.00,true,,goods,2,,,Active,EA,GRTA-S700-NOEZ,810075760385,810075760385,,22A,USD 339.12,Georipper - Unit,,Finished Goods,fifo,,,0.00,USD 0.00,M8x1.25x20 Countersunk 5mm Hex Drive Bolt 12.9grade,GR0.3.2,3.000000,Assembly,
6212012000000445622,GeoRipper(R)T/A S700 W/O EZ Kart,,USD 1900.00,GeoRipper - Units,GeoRipper,MiniTrencher,36.00,30.00,12.00,6.00,true,,goods,2,,,Active,EA,GRTA-S700-NOEZ,810075760385,810075760385,,22A,USD 339.12,Georipper - Unit,,Finished Goods,fifo,,,0.00,USD 0.00,#50H Heavy Connecting Link Spring Clip,MT4004,1.000000,Assembly,
6212012000000445622,GeoRipper(R)T/A S700 W/O EZ Kart,,USD 1900.00,GeoRipper - Units,GeoRipper,MiniTrencher,36.00,30.00,12.00,6.00,true,,goods,2,,,Active,EA,GRTA-S700-NOEZ,810075760385,810075760385,,22A,USD 339.12,Georipper - Unit,,Finished Goods,fifo,,,0.00,USD 0.00,GeoRipper Warranty Postcard,GR-LIT-WP,1.000000,Assembly,
6212012000000445622,GeoRipper(R)T/A S700 W/O EZ Kart,,USD 1900.00,GeoRipper - Units,GeoRipper,MiniTrencher,36.00,30.00,12.00,6.00,true,,goods,2,,,Active,EA,GRTA-S700-NOEZ,810075760385,810075760385,,22A,USD 339.12,Georipper - Unit,,Finished Goods,fifo,,,0.00,USD 0.00,Warehouse Hourly Labor,Labor30,1.000000,Assembly,
6212012000000445622,GeoRipper(R)T/A S700 W/O EZ Kart,,USD 1900.00,GeoRipper - Units,GeoRipper,MiniTrencher,36.00,30.00,12.00,6.00,true,,goods,2,,,Active,EA,GRTA-S700-NOEZ,810075760385,810075760385,,22A,USD 339.12,Georipper - Unit,,Finished Goods,fifo,,,0.00,USD 0.00,Box - TA700,MT95197,1.000000,Assembly,
6212012000000445622,GeoRipper(R)T/A S700 W/O EZ Kart,,USD 1900.00,GeoRipper - Units,GeoRipper,MiniTrencher,36.00,30.00,12.00,6.00,true,,goods,2,,,Active,EA,GRTA-S700-NOEZ,810075760385,810075760385,,22A,USD 339.12,Georipper - Unit,,Finished Goods,fifo,,,0.00,USD 0.00,Box - TASPACER,MT95192,1.000000,Assembly,
6212012000000445622,GeoRipper(R)T/A S700 W/O EZ Kart,,USD 1900.00,GeoRipper - Units,GeoRipper,MiniTrencher,36.00,30.00,12.00,6.00,true,,goods,2,,,Active,EA,GRTA-S700-NOEZ,810075760385,810075760385,,22A,USD 339.12,Georipper - Unit,,Finished Goods,fifo,,,0.00,USD 0.00,Safety Bar - 700 Series GeoRipperT/A,MT7700,1.000000,Assembly,
6212012000000445622,GeoRipper(R)T/A S700 W/O EZ Kart,,USD 1900.00,GeoRipper - Units,GeoRipper,MiniTrencher,36.00,30.00,12.00,6.00,true,,goods,2,,,Active,EA,GRTA-S700-NOEZ,810075760385,810075760385,,22A,USD 339.12,Georipper - Unit,,Finished Goods,fifo,,,0.00,USD 0.00,"27"" Digging Chain (Single Chain)",MT4700,2.000000,Assembly,
6212012000000445622,GeoRipper(R)T/A S700 W/O EZ Kart,,USD 1900.00,GeoRipper - Units,GeoRipper,MiniTrencher,36.00,30.00,12.00,6.00,true,,goods,2,,,Active,EA,GRTA-S700-NOEZ,810075760385,810075760385,,22A,USD 339.12,Georipper - Unit,,Finished Goods,fifo,,,0.00,USD 0.00,M8-1.25 X 25 UNC HEX HEAD FLANGE BOLT GRADE 10.9,MT0825F,2.000000,Assembly,
6212012000000445622,GeoRipper(R)T/A S700 W/O EZ Kart,,USD 1900.00,GeoRipper - Units,GeoRipper,MiniTrencher,36.00,30.00,12.00,6.00,true,,goods,2,,,Active,EA,GRTA-S700-NOEZ,810075760385,810075760385,,22A,USD 339.12,Georipper - Unit,,Finished Goods,fifo,,,0.00,USD 0.00,Dirt Deflector Warning Sticker,GRS17,1.000000,Assembly,
6212012000000445622,GeoRipper(R)T/A S700 W/O EZ Kart,,USD 1900.00,GeoRipper - Units,GeoRipper,MiniTrencher,36.00,30.00,12.00,6.00,true,,goods,2,,,Active,EA,GRTA-S700-NOEZ,810075760385,810075760385,,22A,USD 339.12,Georipper - Unit,,Finished Goods,fifo,,,0.00,USD 0.00,Sticker - Hand Entanglement/Chain Drive,GRS11,1.000000,Assembly,
6212012000000445727,GeoRipper(R)T/A E400 W/ EZ Kart,,USD 1700.00,GeoRipper - Units,GeoRipper,MiniTrencher,48.00,36.00,12.00,12.00,true,,goods,2,,,Active,EA,GRTA-E400,810075761276,810075761276,,23A,USD 488.72,Georipper - Unit,,Finished Goods,fifo,,,0.00,USD 0.00,GeoRipper(r)T/A Casting fits Echo CSG-7410,E1000,1.000000,Assembly,
6212012000000445727,GeoRipper(R)T/A E400 W/ EZ Kart,,USD 1700.00,GeoRipper - Units,GeoRipper,MiniTrencher,48.00,36.00,12.00,12.00,true,,goods,2,,,Active,EA,GRTA-E400,810075761276,810075761276,,23A,USD 488.72,Georipper - Unit,,Finished Goods,fifo,,,0.00,USD 0.00,Bearing - 6203 RS,MT0062,2.000000,Assembly,
6212012000000445727,GeoRipper(R)T/A E400 W/ EZ Kart,,USD 1700.00,GeoRipper - Units,GeoRipper,MiniTrencher,48.00,36.00,12.00,12.00,true,,goods,2,,,Active,EA,GRTA-E400,810075761276,810075761276,,23A,USD 488.72,Georipper - Unit,,Finished Goods,fifo,,,0.00,USD 0.00,R40 Snap Ring,MT0040,1.000000,Assembly,
6212012000000445727,GeoRipper(R)T/A E400 W/ EZ Kart,,USD 1700.00,GeoRipper - Units,GeoRipper,MiniTrencher,48.00,36.00,12.00,12.00,true,,goods,2,,,Active,EA,GRTA-E400,810075761276,810075761276,,23A,USD 488.72,Georipper - Unit,,Finished Goods,fifo,,,0.00,USD 0.00,Drive Axle for all GeoRipperT/A,MT9002,1.000000,Assembly,
6212012000000445727,GeoRipper(R)T/A E400 W/ EZ Kart,,USD 1700.00,GeoRipper - Units,GeoRipper,MiniTrencher,48.00,36.00,12.00,12.00,true,,goods,2,,,Active,EA,GRTA-E400,810075761276,810075761276,,23A,USD 488.72,Georipper - Unit,,Finished Goods,fifo,,,0.00,USD 0.00,Spacer,MT0010,1.000000,Assembly,
6212012000000445727,GeoRipper(R)T/A E400 W/ EZ Kart,,USD 1700.00,GeoRipper - Units,GeoRipper,MiniTrencher,48.00,36.00,12.00,12.00,true,,goods,2,,,Active,EA,GRTA-E400,810075761276,810075761276,,23A,USD 488.72,Georipper - Unit,,Finished Goods,fifo,,,0.00,USD 0.00,Labyrinth for all GeoRipperT/A,MT9003,1.000000,Assembly,
6212012000000445727,GeoRipper(R)T/A E400 W/ EZ Kart,,USD 1700.00,GeoRipper - Units,GeoRipper,MiniTrencher,48.00,36.00,12.00,12.00,true,,goods,2,,,Active,EA,GRTA-E400,810075761276,810075761276,,23A,USD 488.72,Georipper - Unit,,Finished Goods,fifo,,,0.00,USD 0.00,Minitrencher Drive Sprocket for GeoRipper and GeoRipper(R)T/A,MT9001,1.000000,Assembly,
6212012000000445727,GeoRipper(R)T/A E400 W/ EZ Kart,,USD 1700.00,GeoRipper - Units,GeoRipper,MiniTrencher,48.00,36.00,12.00,12.00,true,,goods,2,,,Active,EA,GRTA-E400,810075761276,810075761276,,23A,USD 488.72,Georipper - Unit,,Finished Goods,fifo,,,0.00,USD 0.00,M8 Zinc Plated Washer,MT0800,2.000000,Assembly,
6212012000000445727,GeoRipper(R)T/A E400 W/ EZ Kart,,USD 1700.00,GeoRipper - Units,GeoRipper,MiniTrencher,48.00,36.00,12.00,12.00,true,,goods,2,,,Active,EA,GRTA-E400,810075761276,810075761276,,23A,USD 488.72,Georipper - Unit,,Finished Goods,fifo,,,0.00,USD 0.00,M8 x 1.25 x 50 Hex Bolt,MT0850,2.000000,Assembly,
6212012000000445727,GeoRipper(R)T/A E400 W/ EZ Kart,,USD 1700.00,GeoRipper - Units,GeoRipper,MiniTrencher,48.00,36.00,12.00,12.00,true,,goods,2,,,Active,EA,GRTA-E400,810075761276,810075761276,,23A,USD 488.72,Georipper - Unit,,Finished Goods,fifo,,,0.00,USD 0.00,Dirt Deflector,MT8001,1.000000,Assembly,
6212012000000445727,GeoRipper(R)T/A E400 W/ EZ Kart,,USD 1700.00,GeoRipper - Units,GeoRipper,MiniTrencher,48.00,36.00,12.00,12.00,true,,goods,2,,,Active,EA,GRTA-E400,810075761276,810075761276,,23A,USD 488.72,Georipper - Unit,,Finished Goods,fifo,,,0.00,USD 0.00,Mud Flap A,MT8002,1.000000,Assembly,
6212012000000445727,GeoRipper(R)T/A E400 W/ EZ Kart,,USD 1700.00,GeoRipper - Units,GeoRipper,MiniTrencher,48.00,36.00,12.00,12.00,true,,goods,2,,,Active,EA,GRTA-E400,810075761276,810075761276,,23A,USD 488.72,Georipper - Unit,,Finished Goods,fifo,,,0.00,USD 0.00,Mud Flap B,MT8003,1.000000,Assembly,
6212012000000445727,GeoRipper(R)T/A E400 W/ EZ Kart,,USD 1700.00,GeoRipper - Units,GeoRipper,MiniTrencher,48.00,36.00,12.00,12.00,true,,goods,2,,,Active,EA,GRTA-E400,810075761276,810075761276,,23A,USD 488.72,Georipper - Unit,,Finished Goods,fifo,,,0.00,USD 0.00,M5 X .8 X 16 Phillips Flat Machine Screw Plated,GR5.8,6.000000,Assembly,
6212012000000445727,GeoRipper(R)T/A E400 W/ EZ Kart,,USD 1700.00,GeoRipper - Units,GeoRipper,MiniTrencher,48.00,36.00,12.00,12.00,true,,goods,2,,,Active,EA,GRTA-E400,810075761276,810075761276,,23A,USD 488.72,Georipper - Unit,,Finished Goods,fifo,,,0.00,USD 0.00,M5 x 18mm fender washer,GR5.12,6.000000,Assembly,
6212012000000445727,GeoRipper(R)T/A E400 W/ EZ Kart,,USD 1700.00,GeoRipper - Units,GeoRipper,MiniTrencher,48.00,36.00,12.00,12.00,true,,goods,2,,,Active,EA,GRTA-E400,810075761276,810075761276,,23A,USD 488.72,Georipper - Unit,,Finished Goods,fifo,,,0.00,USD 0.00,M5 Nylock hex nut,GR5.11,6.000000,Assembly,
6212012000000445727,GeoRipper(R)T/A E400 W/ EZ Kart,,USD 1700.00,GeoRipper - Units,GeoRipper,MiniTrencher,48.00,36.00,12.00,12.00,true,,goods,2,,,Active,EA,GRTA-E400,810075761276,810075761276,,23A,USD 488.72,Georipper - Unit,,Finished Goods,fifo,,,0.00,USD 0.00,Bar Clamp Washer - Slotted,GR5.2,1.000000,Assembly,
6212012000000445727,GeoRipper(R)T/A E400 W/ EZ Kart,,USD 1700.00,GeoRipper - Units,GeoRipper,MiniTrencher,48.00,36.00,12.00,12.00,true,,goods,2,,,Active,EA,GRTA-E400,810075761276,810075761276,,23A,USD 488.72,Georipper - Unit,,Finished Goods,fifo,,,0.00,USD 0.00,M12 X 1.75 X 30 Bolt 18mm Head,GR5.3,2.000000,Assembly,
6212012000000445727,GeoRipper(R)T/A E400 W/ EZ Kart,,USD 1700.00,GeoRipper - Units,GeoRipper,MiniTrencher,48.00,36.00,12.00,12.00,true,,goods,2,,,Active,EA,GRTA-E400,810075761276,810075761276,,23A,USD 488.72,Georipper - Unit,,Finished Goods,fifo,,,0.00,USD 0.00,M12 Split Lock Washer,GR5.4,2.000000,Assembly,
6212012000000445727,GeoRipper(R)T/A E400 W/ EZ Kart,,USD 1700.00,GeoRipper - Units,GeoRipper,MiniTrencher,48.00,36.00,12.00,12.00,true,,goods,2,,,Active,EA,GRTA-E400,810075761276,810075761276,,23A,USD 488.72,Georipper - Unit,,Finished Goods,fifo,,,0.00,USD 0.00,M8 X 1.25 Flanged Nyloc Nut,GRKM7681.6,2.000000,Assembly,
6212012000000445727,GeoRipper(R)T/A E400 W/ EZ Kart,,USD 1700.00,GeoRipper - Units,GeoRipper,MiniTrencher,48.00,36.00,12.00,12.00,true,,goods,2,,,Active,EA,GRTA-E400,810075761276,810075761276,,23A,USD 488.72,Georipper - Unit,,Finished Goods,fifo,,,0.00,USD 0.00,M8 x 1.25 x 12 Bolt for Safety Bar,MT0812,2.000000,Assembly,
6212012000000445727,GeoRipper(R)T/A E400 W/ EZ Kart,,USD 1700.00,GeoRipper - Units,GeoRipper,MiniTrencher,48.00,36.00,12.00,12.00,true,,goods,2,,,Active,EA,GRTA-E400,810075761276,810075761276,,23A,USD 488.72,Georipper - Unit,,Finished Goods,fifo,,,0.00,USD 0.00,M8 split lock washer zinc plated,MT0804,2.000000,Assembly,
6212012000000445727,GeoRipper(R)T/A E400 W/ EZ Kart,,USD 1700.00,GeoRipper - Units,GeoRipper,MiniTrencher,48.00,36.00,12.00,12.00,true,,goods,2,,,Active,EA,GRTA-E400,810075761276,810075761276,,23A,USD 488.72,Georipper - Unit,,Finished Goods,fifo,,,0.00,USD 0.00,Green PVC Tool Bag,MT0099,1.000000,Assembly,
6212012000000445727,GeoRipper(R)T/A E400 W/ EZ Kart,,USD 1700.00,GeoRipper - Units,GeoRipper,MiniTrencher,48.00,36.00,12.00,12.00,true,,goods,2,,,Active,EA,GRTA-E400,810075761276,810075761276,,23A,USD 488.72,Georipper - Unit,,Finished Goods,fifo,,,0.00,USD 0.00,13mm Embossed Wrench,MT0013,1.000000,Assembly,
6212012000000445727,GeoRipper(R)T/A E400 W/ EZ Kart,,USD 1700.00,GeoRipper - Units,GeoRipper,MiniTrencher,48.00,36.00,12.00,12.00,true,,goods,2,,,Active,EA,GRTA-E400,810075761276,810075761276,,23A,USD 488.72,Georipper - Unit,,Finished Goods,fifo,,,0.00,USD 0.00,18mm Embossed Wrench,MT0018,1.000000,Assembly,
6212012000000445727,GeoRipper(R)T/A E400 W/ EZ Kart,,USD 1700.00,GeoRipper - Units,GeoRipper,MiniTrencher,48.00,36.00,12.00,12.00,true,,goods,2,,,Active,EA,GRTA-E400,810075761276,810075761276,,23A,USD 488.72,Georipper - Unit,,Finished Goods,fifo,,,0.00,USD 0.00,"Belt for 'The GeoRipper', Husqvarna K770 & Echo CSG-7410",MTB77-00,1.000000,Assembly,
6212012000000445727,GeoRipper(R)T/A E400 W/ EZ Kart,,USD 1700.00,GeoRipper - Units,GeoRipper,MiniTrencher,48.00,36.00,12.00,12.00,true,,goods,2,,,Active,EA,GRTA-E400,810075761276,810075761276,,23A,USD 488.72,Georipper - Unit,,Finished Goods,fifo,,,0.00,USD 0.00,Pulley for 'The GeoRipper' & Husqvarna K770 GeoRipperT/A,H1001,1.000000,Assembly,
6212012000000445727,GeoRipper(R)T/A E400 W/ EZ Kart,,USD 1700.00,GeoRipper - Units,GeoRipper,MiniTrencher,48.00,36.00,12.00,12.00,true,,goods,2,,,Active,EA,GRTA-E400,810075761276,810075761276,,23A,USD 488.72,Georipper - Unit,,Finished Goods,fifo,,,0.00,USD 0.00,Bearing (Sealed) 6002-RS2,GR1.2,1.000000,Assembly,
6212012000000445727,GeoRipper(R)T/A E400 W/ EZ Kart,,USD 1700.00,GeoRipper - Units,GeoRipper,MiniTrencher,48.00,36.00,12.00,12.00,true,,goods,2,,,Active,EA,GRTA-E400,810075761276,810075761276,,23A,USD 488.72,Georipper - Unit,,Finished Goods,fifo,,,0.00,USD 0.00,M8x1.25x20 Countersunk 5mm Hex Drive Bolt 12.9grade,GR0.3.2,3.000000,Assembly,
6212012000000445727,GeoRipper(R)T/A E400 W/ EZ Kart,,USD 1700.00,GeoRipper - Units,GeoRipper,MiniTrencher,48.00,36.00,12.00,12.00,true,,goods,2,,,Active,EA,GRTA-E400,810075761276,810075761276,,23A,USD 488.72,Georipper - Unit,,Finished Goods,fifo,,,0.00,USD 0.00,#50H Heavy Connecting Link Spring Clip,MT4004,1.000000,Assembly,
6212012000000445727,GeoRipper(R)T/A E400 W/ EZ Kart,,USD 1700.00,GeoRipper - Units,GeoRipper,MiniTrencher,48.00,36.00,12.00,12.00,true,,goods,2,,,Active,EA,GRTA-E400,810075761276,810075761276,,23A,USD 488.72,Georipper - Unit,,Finished Goods,fifo,,,0.00,USD 0.00,Owners Manual - GeoRipperT/A,GRTA-LIT-OM,1.000000,Assembly,
6212012000000445727,GeoRipper(R)T/A E400 W/ EZ Kart,,USD 1700.00,GeoRipper - Units,GeoRipper,MiniTrencher,48.00,36.00,12.00,12.00,true,,goods,2,,,Active,EA,GRTA-E400,810075761276,810075761276,,23A,USD 488.72,Georipper - Unit,,Finished Goods,fifo,,,0.00,USD 0.00,GeoRipper Warranty Postcard,GR-LIT-WP,1.000000,Assembly,
6212012000000445727,GeoRipper(R)T/A E400 W/ EZ Kart,,USD 1700.00,GeoRipper - Units,GeoRipper,MiniTrencher,48.00,36.00,12.00,12.00,true,,goods,2,,,Active,EA,GRTA-E400,810075761276,810075761276,,23A,USD 488.72,Georipper - Unit,,Finished Goods,fifo,,,0.00,USD 0.00,"Complete 16"" Digging Bar",MT3400,1.000000,Assembly,
6212012000000445727,GeoRipper(R)T/A E400 W/ EZ Kart,,USD 1700.00,GeoRipper - Units,GeoRipper,MiniTrencher,48.00,36.00,12.00,12.00,true,,goods,2,,,Active,EA,GRTA-E400,810075761276,810075761276,,23A,USD 488.72,Georipper - Unit,,Finished Goods,fifo,,,0.00,USD 0.00,Box - TASPACER,MT95192,2.000000,Assembly,
6212012000000445727,GeoRipper(R)T/A E400 W/ EZ Kart,,USD 1700.00,GeoRipper - Units,GeoRipper,MiniTrencher,48.00,36.00,12.00,12.00,true,,goods,2,,,Active,EA,GRTA-E400,810075761276,810075761276,,23A,USD 488.72,Georipper - Unit,,Finished Goods,fifo,,,0.00,USD 0.00,Foam Insert - GeoRipperT/A Box,MT0091,1.000000,Assembly,
6212012000000445727,GeoRipper(R)T/A E400 W/ EZ Kart,,USD 1700.00,GeoRipper - Units,GeoRipper,MiniTrencher,48.00,36.00,12.00,12.00,true,,goods,2,,,Active,EA,GRTA-E400,810075761276,810075761276,,23A,USD 488.72,Georipper - Unit,,Finished Goods,fifo,,,0.00,USD 0.00,GeoRipper Minitrencher Universal EZ Kart,EZ100,1.000000,Assembly,
6212012000000445727,GeoRipper(R)T/A E400 W/ EZ Kart,,USD 1700.00,GeoRipper - Units,GeoRipper,MiniTrencher,48.00,36.00,12.00,12.00,true,,goods,2,,,Active,EA,GRTA-E400,810075761276,810075761276,,23A,USD 488.72,Georipper - Unit,,Finished Goods,fifo,,,0.00,USD 0.00,Warehouse Hourly Labor,Labor30,1.000000,Assembly,
6212012000000445727,GeoRipper(R)T/A E400 W/ EZ Kart,,USD 1700.00,GeoRipper - Units,GeoRipper,MiniTrencher,48.00,36.00,12.00,12.00,true,,goods,2,,,Active,EA,GRTA-E400,810075761276,810075761276,,23A,USD 488.72,Georipper - Unit,,Finished Goods,fifo,,,0.00,USD 0.00,Safety Bar - 400 Series GeoRipperT/A,MT7400,1.000000,Assembly,
6212012000000445727,GeoRipper(R)T/A E400 W/ EZ Kart,,USD 1700.00,GeoRipper - Units,GeoRipper,MiniTrencher,48.00,36.00,12.00,12.00,true,,goods,2,,,Active,EA,GRTA-E400,810075761276,810075761276,,23A,USD 488.72,Georipper - Unit,,Finished Goods,fifo,,,0.00,USD 0.00,Box - TA700EZ,MT95196,1.000000,Assembly,
6212012000000445727,GeoRipper(R)T/A E400 W/ EZ Kart,,USD 1700.00,GeoRipper - Units,GeoRipper,MiniTrencher,48.00,36.00,12.00,12.00,true,,goods,2,,,Active,EA,GRTA-E400,810075761276,810075761276,,23A,USD 488.72,Georipper - Unit,,Finished Goods,fifo,,,0.00,USD 0.00,"16"" Digging Chain (Single Chain)",MT4400,2.000000,Assembly,
6212012000000445727,GeoRipper(R)T/A E400 W/ EZ Kart,,USD 1700.00,GeoRipper - Units,GeoRipper,MiniTrencher,48.00,36.00,12.00,12.00,true,,goods,2,,,Active,EA,GRTA-E400,810075761276,810075761276,,23A,USD 488.72,Georipper - Unit,,Finished Goods,fifo,,,0.00,USD 0.00,M8-1.25 X 25 UNC HEX HEAD FLANGE BOLT GRADE 10.9,MT0825F,2.000000,Assembly,
6212012000000445727,GeoRipper(R)T/A E400 W/ EZ Kart,,USD 1700.00,GeoRipper - Units,GeoRipper,MiniTrencher,48.00,36.00,12.00,12.00,true,,goods,2,,,Active,EA,GRTA-E400,810075761276,810075761276,,23A,USD 488.72,Georipper - Unit,,Finished Goods,fifo,,,0.00,USD 0.00,Dirt Deflector Warning Sticker,GRS17,1.000000,Assembly,
6212012000000445727,GeoRipper(R)T/A E400 W/ EZ Kart,,USD 1700.00,GeoRipper - Units,GeoRipper,MiniTrencher,48.00,36.00,12.00,12.00,true,,goods,2,,,Active,EA,GRTA-E400,810075761276,810075761276,,23A,USD 488.72,Georipper - Unit,,Finished Goods,fifo,,,0.00,USD 0.00,Sticker - Hand Entanglement/Chain Drive,GRS11,1.000000,Assembly,
6212012000000445824,GeoRipper(R)T/A S400 W/ EZ Kart,,USD 1800.00,GeoRipper - Units,GeoRipper,MiniTrencher,36.00,30.00,12.00,6.00,true,,goods,2,,,Active,EA,GRTA-S400,810075761252,810075761252,,22A,USD 492.97,Georipper - Unit,,Finished Goods,fifo,,,0.00,USD 0.00,Minitrencher Drive Sprocket for GeoRipper and GeoRipper(R)T/A,MT9001,1.000000,Assembly,
6212012000000445824,GeoRipper(R)T/A S400 W/ EZ Kart,,USD 1800.00,GeoRipper - Units,GeoRipper,MiniTrencher,36.00,30.00,12.00,6.00,true,,goods,2,,,Active,EA,GRTA-S400,810075761252,810075761252,,22A,USD 492.97,Georipper - Unit,,Finished Goods,fifo,,,0.00,USD 0.00,Labyrinth for all GeoRipperT/A,MT9003,1.000000,Assembly,
6212012000000445824,GeoRipper(R)T/A S400 W/ EZ Kart,,USD 1800.00,GeoRipper - Units,GeoRipper,MiniTrencher,36.00,30.00,12.00,6.00,true,,goods,2,,,Active,EA,GRTA-S400,810075761252,810075761252,,22A,USD 492.97,Georipper - Unit,,Finished Goods,fifo,,,0.00,USD 0.00,Drive Axle for all GeoRipperT/A,MT9002,1.000000,Assembly,
6212012000000445824,GeoRipper(R)T/A S400 W/ EZ Kart,,USD 1800.00,GeoRipper - Units,GeoRipper,MiniTrencher,36.00,30.00,12.00,6.00,true,,goods,2,,,Active,EA,GRTA-S400,810075761252,810075761252,,22A,USD 492.97,Georipper - Unit,,Finished Goods,fifo,,,0.00,USD 0.00,R40 Snap Ring,MT0040,1.000000,Assembly,
6212012000000445824,GeoRipper(R)T/A S400 W/ EZ Kart,,USD 1800.00,GeoRipper - Units,GeoRipper,MiniTrencher,36.00,30.00,12.00,6.00,true,,goods,2,,,Active,EA,GRTA-S400,810075761252,810075761252,,22A,USD 492.97,Georipper - Unit,,Finished Goods,fifo,,,0.00,USD 0.00,Bearing - 6203 RS,MT0062,2.000000,Assembly,
6212012000000445824,GeoRipper(R)T/A S400 W/ EZ Kart,,USD 1800.00,GeoRipper - Units,GeoRipper,MiniTrencher,36.00,30.00,12.00,6.00,true,,goods,2,,,Active,EA,GRTA-S400,810075761252,810075761252,,22A,USD 492.97,Georipper - Unit,,Finished Goods,fifo,,,0.00,USD 0.00,Spacer,MT0010,1.000000,Assembly,
6212012000000445824,GeoRipper(R)T/A S400 W/ EZ Kart,,USD 1800.00,GeoRipper - Units,GeoRipper,MiniTrencher,36.00,30.00,12.00,6.00,true,,goods,2,,,Active,EA,GRTA-S400,810075761252,810075761252,,22A,USD 492.97,Georipper - Unit,,Finished Goods,fifo,,,0.00,USD 0.00,M8 Zinc Plated Washer,MT0800,2.000000,Assembly,
6212012000000445824,GeoRipper(R)T/A S400 W/ EZ Kart,,USD 1800.00,GeoRipper - Units,GeoRipper,MiniTrencher,36.00,30.00,12.00,6.00,true,,goods,2,,,Active,EA,GRTA-S400,810075761252,810075761252,,22A,USD 492.97,Georipper - Unit,,Finished Goods,fifo,,,0.00,USD 0.00,Foam Insert - GeoRipperT/A Box,MT0091,1.000000,Assembly,
6212012000000445824,GeoRipper(R)T/A S400 W/ EZ Kart,,USD 1800.00,GeoRipper - Units,GeoRipper,MiniTrencher,36.00,30.00,12.00,6.00,true,,goods,2,,,Active,EA,GRTA-S400,810075761252,810075761252,,22A,USD 492.97,Georipper - Unit,,Finished Goods,fifo,,,0.00,USD 0.00,13mm Embossed Wrench,MT0013,1.000000,Assembly,
6212012000000445824,GeoRipper(R)T/A S400 W/ EZ Kart,,USD 1800.00,GeoRipper - Units,GeoRipper,MiniTrencher,36.00,30.00,12.00,6.00,true,,goods,2,,,Active,EA,GRTA-S400,810075761252,810075761252,,22A,USD 492.97,Georipper - Unit,,Finished Goods,fifo,,,0.00,USD 0.00,18mm Embossed Wrench,MT0018,1.000000,Assembly,
6212012000000445824,GeoRipper(R)T/A S400 W/ EZ Kart,,USD 1800.00,GeoRipper - Units,GeoRipper,MiniTrencher,36.00,30.00,12.00,6.00,true,,goods,2,,,Active,EA,GRTA-S400,810075761252,810075761252,,22A,USD 492.97,Georipper - Unit,,Finished Goods,fifo,,,0.00,USD 0.00,Pulley for Stihl TS420/TS500i GeoRipperT/A,S1001,1.000000,Assembly,
6212012000000445824,GeoRipper(R)T/A S400 W/ EZ Kart,,USD 1800.00,GeoRipper - Units,GeoRipper,MiniTrencher,36.00,30.00,12.00,6.00,true,,goods,2,,,Active,EA,GRTA-S400,810075761252,810075761252,,22A,USD 492.97,Georipper - Unit,,Finished Goods,fifo,,,0.00,USD 0.00,Belt for Makita EK7651H & Stihl TS420/TS500i,MTB45-76,1.000000,Assembly,
6212012000000445824,GeoRipper(R)T/A S400 W/ EZ Kart,,USD 1800.00,GeoRipper - Units,GeoRipper,MiniTrencher,36.00,30.00,12.00,6.00,true,,goods,2,,,Active,EA,GRTA-S400,810075761252,810075761252,,22A,USD 492.97,Georipper - Unit,,Finished Goods,fifo,,,0.00,USD 0.00,Owners Manual - GeoRipperT/A,GRTA-LIT-OM,1.000000,Assembly,
6212012000000445824,GeoRipper(R)T/A S400 W/ EZ Kart,,USD 1800.00,GeoRipper - Units,GeoRipper,MiniTrencher,36.00,30.00,12.00,6.00,true,,goods,2,,,Active,EA,GRTA-S400,810075761252,810075761252,,22A,USD 492.97,Georipper - Unit,,Finished Goods,fifo,,,0.00,USD 0.00,Green PVC Tool Bag,MT0099,1.000000,Assembly,
6212012000000445824,GeoRipper(R)T/A S400 W/ EZ Kart,,USD 1800.00,GeoRipper - Units,GeoRipper,MiniTrencher,36.00,30.00,12.00,6.00,true,,goods,2,,,Active,EA,GRTA-S400,810075761252,810075761252,,22A,USD 492.97,Georipper - Unit,,Finished Goods,fifo,,,0.00,USD 0.00,"Complete 16"" Digging Bar",MT3400,1.000000,Assembly,
6212012000000445824,GeoRipper(R)T/A S400 W/ EZ Kart,,USD 1800.00,GeoRipper - Units,GeoRipper,MiniTrencher,36.00,30.00,12.00,6.00,true,,goods,2,,,Active,EA,GRTA-S400,810075761252,810075761252,,22A,USD 492.97,Georipper - Unit,,Finished Goods,fifo,,,0.00,USD 0.00,Stihl T/A Casting,S1000,1.000000,Assembly,
6212012000000445824,GeoRipper(R)T/A S400 W/ EZ Kart,,USD 1800.00,GeoRipper - Units,GeoRipper,MiniTrencher,36.00,30.00,12.00,6.00,true,,goods,2,,,Active,EA,GRTA-S400,810075761252,810075761252,,22A,USD 492.97,Georipper - Unit,,Finished Goods,fifo,,,0.00,USD 0.00,S1000 belt tension bolt,MT0870,1.000000,Assembly,
6212012000000445824,GeoRipper(R)T/A S400 W/ EZ Kart,,USD 1800.00,GeoRipper - Units,GeoRipper,MiniTrencher,36.00,30.00,12.00,6.00,true,,goods,2,,,Active,EA,GRTA-S400,810075761252,810075761252,,22A,USD 492.97,Georipper - Unit,,Finished Goods,fifo,,,0.00,USD 0.00,M8 x 1.25 Square Nut,MT0803,1.000000,Assembly,
6212012000000445824,GeoRipper(R)T/A S400 W/ EZ Kart,,USD 1800.00,GeoRipper - Units,GeoRipper,MiniTrencher,36.00,30.00,12.00,6.00,true,,goods,2,,,Active,EA,GRTA-S400,810075761252,810075761252,,22A,USD 492.97,Georipper - Unit,,Finished Goods,fifo,,,0.00,USD 0.00,M8 x 1.25 Hex Nut,MT0802,1.000000,Assembly,
6212012000000445824,GeoRipper(R)T/A S400 W/ EZ Kart,,USD 1800.00,GeoRipper - Units,GeoRipper,MiniTrencher,36.00,30.00,12.00,6.00,true,,goods,2,,,Active,EA,GRTA-S400,810075761252,810075761252,,22A,USD 492.97,Georipper - Unit,,Finished Goods,fifo,,,0.00,USD 0.00,S1000 TENSION NUT RETAINING SCREWS,MT0822,2.000000,Assembly,
6212012000000445824,GeoRipper(R)T/A S400 W/ EZ Kart,,USD 1800.00,GeoRipper - Units,GeoRipper,MiniTrencher,36.00,30.00,12.00,6.00,true,,goods,2,,,Active,EA,GRTA-S400,810075761252,810075761252,,22A,USD 492.97,Georipper - Unit,,Finished Goods,fifo,,,0.00,USD 0.00,M8 X 1.25 Flanged Nyloc Nut,GRKM7681.6,3.000000,Assembly,
6212012000000445824,GeoRipper(R)T/A S400 W/ EZ Kart,,USD 1800.00,GeoRipper - Units,GeoRipper,MiniTrencher,36.00,30.00,12.00,6.00,true,,goods,2,,,Active,EA,GRTA-S400,810075761252,810075761252,,22A,USD 492.97,Georipper - Unit,,Finished Goods,fifo,,,0.00,USD 0.00,Bar Clamp Washer - Slotted,GR5.2,1.000000,Assembly,
6212012000000445824,GeoRipper(R)T/A S400 W/ EZ Kart,,USD 1800.00,GeoRipper - Units,GeoRipper,MiniTrencher,36.00,30.00,12.00,6.00,true,,goods,2,,,Active,EA,GRTA-S400,810075761252,810075761252,,22A,USD 492.97,Georipper - Unit,,Finished Goods,fifo,,,0.00,USD 0.00,M12 X 1.75 X 30 Bolt 18mm Head,GR5.3,2.000000,Assembly,
6212012000000445824,GeoRipper(R)T/A S400 W/ EZ Kart,,USD 1800.00,GeoRipper - Units,GeoRipper,MiniTrencher,36.00,30.00,12.00,6.00,true,,goods,2,,,Active,EA,GRTA-S400,810075761252,810075761252,,22A,USD 492.97,Georipper - Unit,,Finished Goods,fifo,,,0.00,USD 0.00,M12 Split Lock Washer,GR5.4,2.000000,Assembly,
6212012000000445824,GeoRipper(R)T/A S400 W/ EZ Kart,,USD 1800.00,GeoRipper - Units,GeoRipper,MiniTrencher,36.00,30.00,12.00,6.00,true,,goods,2,,,Active,EA,GRTA-S400,810075761252,810075761252,,22A,USD 492.97,Georipper - Unit,,Finished Goods,fifo,,,0.00,USD 0.00,Dirt Deflector,MT8001,1.000000,Assembly,
6212012000000445824,GeoRipper(R)T/A S400 W/ EZ Kart,,USD 1800.00,GeoRipper - Units,GeoRipper,MiniTrencher,36.00,30.00,12.00,6.00,true,,goods,2,,,Active,EA,GRTA-S400,810075761252,810075761252,,22A,USD 492.97,Georipper - Unit,,Finished Goods,fifo,,,0.00,USD 0.00,M5 X .8 X 16 Phillips Flat Machine Screw Plated,GR5.8,6.000000,Assembly,
6212012000000445824,GeoRipper(R)T/A S400 W/ EZ Kart,,USD 1800.00,GeoRipper - Units,GeoRipper,MiniTrencher,36.00,30.00,12.00,6.00,true,,goods,2,,,Active,EA,GRTA-S400,810075761252,810075761252,,22A,USD 492.97,Georipper - Unit,,Finished Goods,fifo,,,0.00,USD 0.00,M5 x 18mm fender washer,GR5.12,8.000000,Assembly,
6212012000000445824,GeoRipper(R)T/A S400 W/ EZ Kart,,USD 1800.00,GeoRipper - Units,GeoRipper,MiniTrencher,36.00,30.00,12.00,6.00,true,,goods,2,,,Active,EA,GRTA-S400,810075761252,810075761252,,22A,USD 492.97,Georipper - Unit,,Finished Goods,fifo,,,0.00,USD 0.00,M5 Nylock hex nut,GR5.11,6.000000,Assembly,
6212012000000445824,GeoRipper(R)T/A S400 W/ EZ Kart,,USD 1800.00,GeoRipper - Units,GeoRipper,MiniTrencher,36.00,30.00,12.00,6.00,true,,goods,2,,,Active,EA,GRTA-S400,810075761252,810075761252,,22A,USD 492.97,Georipper - Unit,,Finished Goods,fifo,,,0.00,USD 0.00,Mud Flap A,MT8002,1.000000,Assembly,
6212012000000445824,GeoRipper(R)T/A S400 W/ EZ Kart,,USD 1800.00,GeoRipper - Units,GeoRipper,MiniTrencher,36.00,30.00,12.00,6.00,true,,goods,2,,,Active,EA,GRTA-S400,810075761252,810075761252,,22A,USD 492.97,Georipper - Unit,,Finished Goods,fifo,,,0.00,USD 0.00,Mud Flap B,MT8003,1.000000,Assembly,
6212012000000445824,GeoRipper(R)T/A S400 W/ EZ Kart,,USD 1800.00,GeoRipper - Units,GeoRipper,MiniTrencher,36.00,30.00,12.00,6.00,true,,goods,2,,,Active,EA,GRTA-S400,810075761252,810075761252,,22A,USD 492.97,Georipper - Unit,,Finished Goods,fifo,,,0.00,USD 0.00,M8 x 1.25 x 12 Bolt for Safety Bar,MT0812,2.000000,Assembly,
6212012000000445824,GeoRipper(R)T/A S400 W/ EZ Kart,,USD 1800.00,GeoRipper - Units,GeoRipper,MiniTrencher,36.00,30.00,12.00,6.00,true,,goods,2,,,Active,EA,GRTA-S400,810075761252,810075761252,,22A,USD 492.97,Georipper - Unit,,Finished Goods,fifo,,,0.00,USD 0.00,M8 split lock washer zinc plated,MT0804,2.000000,Assembly,
6212012000000445824,GeoRipper(R)T/A S400 W/ EZ Kart,,USD 1800.00,GeoRipper - Units,GeoRipper,MiniTrencher,36.00,30.00,12.00,6.00,true,,goods,2,,,Active,EA,GRTA-S400,810075761252,810075761252,,22A,USD 492.97,Georipper - Unit,,Finished Goods,fifo,,,0.00,USD 0.00,Wire retainer Stihl 500i,MT0011,1.000000,Assembly,
6212012000000445824,GeoRipper(R)T/A S400 W/ EZ Kart,,USD 1800.00,GeoRipper - Units,GeoRipper,MiniTrencher,36.00,30.00,12.00,6.00,true,,goods,2,,,Active,EA,GRTA-S400,810075761252,810075761252,,22A,USD 492.97,Georipper - Unit,,Finished Goods,fifo,,,0.00,USD 0.00,Belt cover plug Stihl T/A,MT0012,1.000000,Assembly,
6212012000000445824,GeoRipper(R)T/A S400 W/ EZ Kart,,USD 1800.00,GeoRipper - Units,GeoRipper,MiniTrencher,36.00,30.00,12.00,6.00,true,,goods,2,,,Active,EA,GRTA-S400,810075761252,810075761252,,22A,USD 492.97,Georipper - Unit,,Finished Goods,fifo,,,0.00,USD 0.00,Belt tensioner cap Stihl T/A,MT0014,1.000000,Assembly,
6212012000000445824,GeoRipper(R)T/A S400 W/ EZ Kart,,USD 1800.00,GeoRipper - Units,GeoRipper,MiniTrencher,36.00,30.00,12.00,6.00,true,,goods,2,,,Active,EA,GRTA-S400,810075761252,810075761252,,22A,USD 492.97,Georipper - Unit,,Finished Goods,fifo,,,0.00,USD 0.00,Bearing (Sealed) 6002-RS2,GR1.2,1.000000,Assembly,
6212012000000445824,GeoRipper(R)T/A S400 W/ EZ Kart,,USD 1800.00,GeoRipper - Units,GeoRipper,MiniTrencher,36.00,30.00,12.00,6.00,true,,goods,2,,,Active,EA,GRTA-S400,810075761252,810075761252,,22A,USD 492.97,Georipper - Unit,,Finished Goods,fifo,,,0.00,USD 0.00,M8x1.25x20 Countersunk 5mm Hex Drive Bolt 12.9grade,GR0.3.2,3.000000,Assembly,
6212012000000445824,GeoRipper(R)T/A S400 W/ EZ Kart,,USD 1800.00,GeoRipper - Units,GeoRipper,MiniTrencher,36.00,30.00,12.00,6.00,true,,goods,2,,,Active,EA,GRTA-S400,810075761252,810075761252,,22A,USD 492.97,Georipper - Unit,,Finished Goods,fifo,,,0.00,USD 0.00,#50H Heavy Connecting Link Spring Clip,MT4004,1.000000,Assembly,
6212012000000445824,GeoRipper(R)T/A S400 W/ EZ Kart,,USD 1800.00,GeoRipper - Units,GeoRipper,MiniTrencher,36.00,30.00,12.00,6.00,true,,goods,2,,,Active,EA,GRTA-S400,810075761252,810075761252,,22A,USD 492.97,Georipper - Unit,,Finished Goods,fifo,,,0.00,USD 0.00,GeoRipper Warranty Postcard,GR-LIT-WP,1.000000,Assembly,
6212012000000445824,GeoRipper(R)T/A S400 W/ EZ Kart,,USD 1800.00,GeoRipper - Units,GeoRipper,MiniTrencher,36.00,30.00,12.00,6.00,true,,goods,2,,,Active,EA,GRTA-S400,810075761252,810075761252,,22A,USD 492.97,Georipper - Unit,,Finished Goods,fifo,,,0.00,USD 0.00,GeoRipper Minitrencher Universal EZ Kart,EZ100,1.000000,Assembly,
6212012000000445824,GeoRipper(R)T/A S400 W/ EZ Kart,,USD 1800.00,GeoRipper - Units,GeoRipper,MiniTrencher,36.00,30.00,12.00,6.00,true,,goods,2,,,Active,EA,GRTA-S400,810075761252,810075761252,,22A,USD 492.97,Georipper - Unit,,Finished Goods,fifo,,,0.00,USD 0.00,Warehouse Hourly Labor,Labor30,1.000000,Assembly,
6212012000000445824,GeoRipper(R)T/A S400 W/ EZ Kart,,USD 1800.00,GeoRipper - Units,GeoRipper,MiniTrencher,36.00,30.00,12.00,6.00,true,,goods,2,,,Active,EA,GRTA-S400,810075761252,810075761252,,22A,USD 492.97,Georipper - Unit,,Finished Goods,fifo,,,0.00,USD 0.00,Safety Bar - 400 Series GeoRipperT/A,MT7400,1.000000,Assembly,
6212012000000445824,GeoRipper(R)T/A S400 W/ EZ Kart,,USD 1800.00,GeoRipper - Units,GeoRipper,MiniTrencher,36.00,30.00,12.00,6.00,true,,goods,2,,,Active,EA,GRTA-S400,810075761252,810075761252,,22A,USD 492.97,Georipper - Unit,,Finished Goods,fifo,,,0.00,USD 0.00,"16"" Digging Chain (Single Chain)",MT4400,2.000000,Assembly,
6212012000000445824,GeoRipper(R)T/A S400 W/ EZ Kart,,USD 1800.00,GeoRipper - Units,GeoRipper,MiniTrencher,36.00,30.00,12.00,6.00,true,,goods,2,,,Active,EA,GRTA-S400,810075761252,810075761252,,22A,USD 492.97,Georipper - Unit,,Finished Goods,fifo,,,0.00,USD 0.00,M8-1.25 X 25 UNC HEX HEAD FLANGE BOLT GRADE 10.9,MT0825F,2.000000,Assembly,
6212012000000445824,GeoRipper(R)T/A S400 W/ EZ Kart,,USD 1800.00,GeoRipper - Units,GeoRipper,MiniTrencher,36.00,30.00,12.00,6.00,true,,goods,2,,,Active,EA,GRTA-S400,810075761252,810075761252,,22A,USD 492.97,Georipper - Unit,,Finished Goods,fifo,,,0.00,USD 0.00,Box - TA700EZ,MT95196,1.000000,Assembly,
6212012000000445824,GeoRipper(R)T/A S400 W/ EZ Kart,,USD 1800.00,GeoRipper - Units,GeoRipper,MiniTrencher,36.00,30.00,12.00,6.00,true,,goods,2,,,Active,EA,GRTA-S400,810075761252,810075761252,,22A,USD 492.97,Georipper - Unit,,Finished Goods,fifo,,,0.00,USD 0.00,Box - TASPACER,MT95192,2.000000,Assembly,
6212012000000445824,GeoRipper(R)T/A S400 W/ EZ Kart,,USD 1800.00,GeoRipper - Units,GeoRipper,MiniTrencher,36.00,30.00,12.00,6.00,true,,goods,2,,,Active,EA,GRTA-S400,810075761252,810075761252,,22A,USD 492.97,Georipper - Unit,,Finished Goods,fifo,,,0.00,USD 0.00,Dirt Deflector Warning Sticker,GRS17,1.000000,Assembly,
6212012000000445824,GeoRipper(R)T/A S400 W/ EZ Kart,,USD 1800.00,GeoRipper - Units,GeoRipper,MiniTrencher,36.00,30.00,12.00,6.00,true,,goods,2,,,Active,EA,GRTA-S400,810075761252,810075761252,,22A,USD 492.97,Georipper - Unit,,Finished Goods,fifo,,,0.00,USD 0.00,Sticker - Hand Entanglement/Chain Drive,GRS11,1.000000,Assembly,
6212012000000445931,The GeoRipper 20,,USD 2499.99,GeoRipper - Units,,MiniTrencher,55.00,32.00,15.00,20.00,true,,goods,2,,,Active,Kit,GR520,,,,,USD 571.41,Georipper - Unit,,Finished Goods,fifo,,,0.00,USD 0.00,GeoRipper Minitrencher 20-Inch Digging Bar,MT3500,1.000000,Assembly,
6212012000000445931,The GeoRipper 20,,USD 2499.99,GeoRipper - Units,,MiniTrencher,55.00,32.00,15.00,20.00,true,,goods,2,,,Active,Kit,GR520,,,,,USD 571.41,Georipper - Unit,,Finished Goods,fifo,,,0.00,USD 0.00,"Small GeoRipper Box ""A""",BX-4,1.000000,Assembly,
6212012000000445931,The GeoRipper 20,,USD 2499.99,GeoRipper - Units,,MiniTrencher,55.00,32.00,15.00,20.00,true,,goods,2,,,Active,Kit,GR520,,,,,USD 571.41,Georipper - Unit,,Finished Goods,fifo,,,0.00,USD 0.00,"GeoRipper Box ""Stabilizer""",BX-5,2.000000,Assembly,
6212012000000445931,The GeoRipper 20,,USD 2499.99,GeoRipper - Units,,MiniTrencher,55.00,32.00,15.00,20.00,true,,goods,2,,,Active,Kit,GR520,,,,,USD 571.41,Georipper - Unit,,Finished Goods,fifo,,,0.00,USD 0.00,GeoRipper Box Tray,BX-6,1.000000,Assembly,
6212012000000445931,The GeoRipper 20,,USD 2499.99,GeoRipper - Units,,MiniTrencher,55.00,32.00,15.00,20.00,true,,goods,2,,,Active,Kit,GR520,,,,,USD 571.41,Georipper - Unit,,Finished Goods,fifo,,,0.00,USD 0.00,Warehouse Hourly Labor,Labor30,1.000000,Assembly,
6212012000000445931,The GeoRipper 20,,USD 2499.99,GeoRipper - Units,,MiniTrencher,55.00,32.00,15.00,20.00,true,,goods,2,,,Active,Kit,GR520,,,,,USD 571.41,Georipper - Unit,,Finished Goods,fifo,,,0.00,USD 0.00,The GeoRipper Engine,GR457,1.000000,Assembly,
6212012000000445931,The GeoRipper 20,,USD 2499.99,GeoRipper - Units,,MiniTrencher,55.00,32.00,15.00,20.00,true,,goods,2,,,Active,Kit,GR520,,,,,USD 571.41,Georipper - Unit,,Finished Goods,fifo,,,0.00,USD 0.00,"20"" Digging Chain (Single Chain)",MT4500,2.000000,Assembly,
6212012000000445931,The GeoRipper 20,,USD 2499.99,GeoRipper - Units,,MiniTrencher,55.00,32.00,15.00,20.00,true,,goods,2,,,Active,Kit,GR520,,,,,USD 571.41,Georipper - Unit,,Finished Goods,fifo,,,0.00,USD 0.00,Safety Bar - 500 Series GeoRipperT/A,MT7500,1.000000,Assembly,
6212012000000445931,The GeoRipper 20,,USD 2499.99,GeoRipper - Units,,MiniTrencher,55.00,32.00,15.00,20.00,true,,goods,2,,,Active,Kit,GR520,,,,,USD 571.41,Georipper - Unit,,Finished Goods,fifo,,,0.00,USD 0.00,Sticker - Hand Entanglement/Chain Drive,GRS11,1.000000,Assembly,
6212012000000445964,The GeoRipper 27,,USD 2599.99,GeoRipper - Units,,MiniTrencher,65.00,32.00,15.00,20.00,true,,goods,2,,,Active,Kit,GR727-NOEZ,,,,,USD 595.99,Georipper - Unit,,Finished Goods,fifo,,,0.00,USD 0.00,GeoRipper Minitrencher 27-Inch Digging Bar,MT3700,1.000000,Assembly,
6212012000000445964,The GeoRipper 27,,USD 2599.99,GeoRipper - Units,,MiniTrencher,65.00,32.00,15.00,20.00,true,,goods,2,,,Active,Kit,GR727-NOEZ,,,,,USD 595.99,Georipper - Unit,,Finished Goods,fifo,,,0.00,USD 0.00,"Small GeoRipper Box ""A""",BX-4,1.000000,Assembly,
6212012000000445964,The GeoRipper 27,,USD 2599.99,GeoRipper - Units,,MiniTrencher,65.00,32.00,15.00,20.00,true,,goods,2,,,Active,Kit,GR727-NOEZ,,,,,USD 595.99,Georipper - Unit,,Finished Goods,fifo,,,0.00,USD 0.00,"GeoRipper Box ""Stabilizer""",BX-5,2.000000,Assembly,
6212012000000445964,The GeoRipper 27,,USD 2599.99,GeoRipper - Units,,MiniTrencher,65.00,32.00,15.00,20.00,true,,goods,2,,,Active,Kit,GR727-NOEZ,,,,,USD 595.99,Georipper - Unit,,Finished Goods,fifo,,,0.00,USD 0.00,GeoRipper Box Tray,BX-6,1.000000,Assembly,
6212012000000445964,The GeoRipper 27,,USD 2599.99,GeoRipper - Units,,MiniTrencher,65.00,32.00,15.00,20.00,true,,goods,2,,,Active,Kit,GR727-NOEZ,,,,,USD 595.99,Georipper - Unit,,Finished Goods,fifo,,,0.00,USD 0.00,Warehouse Hourly Labor,Labor30,1.000000,Assembly,
6212012000000445964,The GeoRipper 27,,USD 2599.99,GeoRipper - Units,,MiniTrencher,65.00,32.00,15.00,20.00,true,,goods,2,,,Active,Kit,GR727-NOEZ,,,,,USD 595.99,Georipper - Unit,,Finished Goods,fifo,,,0.00,USD 0.00,The GeoRipper Engine,GR457,1.000000,Assembly,
6212012000000445964,The GeoRipper 27,,USD 2599.99,GeoRipper - Units,,MiniTrencher,65.00,32.00,15.00,20.00,true,,goods,2,,,Active,Kit,GR727-NOEZ,,,,,USD 595.99,Georipper - Unit,,Finished Goods,fifo,,,0.00,USD 0.00,"27"" Digging Chain (Single Chain)",MT4700,2.000000,Assembly,
6212012000000445964,The GeoRipper 27,,USD 2599.99,GeoRipper - Units,,MiniTrencher,65.00,32.00,15.00,20.00,true,,goods,2,,,Active,Kit,GR727-NOEZ,,,,,USD 595.99,Georipper - Unit,,Finished Goods,fifo,,,0.00,USD 0.00,Safety Bar - 700 Series GeoRipperT/A,MT7700,1.000000,Assembly,
6212012000000445964,The GeoRipper 27,,USD 2599.99,GeoRipper - Units,,MiniTrencher,65.00,32.00,15.00,20.00,true,,goods,2,,,Active,Kit,GR727-NOEZ,,,,,USD 595.99,Georipper - Unit,,Finished Goods,fifo,,,0.00,USD 0.00,Sticker - Hand Entanglement/Chain Drive,GRS11,1.000000,Assembly,
6212012000000445997,The GeoRipper 27 Includes EZ Kart,,USD 2799.99,GeoRipper - Units,,Makita USA,70.00,36.00,15.00,25.00,true,,goods,2,,,Active,Kit,GR727,,,,,USD 794.47,Georipper - Unit,,Finished Goods,fifo,,,0.00,USD 0.00,GeoRipper Minitrencher 27-Inch Digging Bar,MT3700,1.000000,Assembly,
6212012000000445997,The GeoRipper 27 Includes EZ Kart,,USD 2799.99,GeoRipper - Units,,Makita USA,70.00,36.00,15.00,25.00,true,,goods,2,,,Active,Kit,GR727,,,,,USD 794.47,Georipper - Unit,,Finished Goods,fifo,,,0.00,USD 0.00,"GeoRipper Box ""Stabilizer""",BX-5,3.000000,Assembly,
6212012000000445997,The GeoRipper 27 Includes EZ Kart,,USD 2799.99,GeoRipper - Units,,Makita USA,70.00,36.00,15.00,25.00,true,,goods,2,,,Active,Kit,GR727,,,,,USD 794.47,Georipper - Unit,,Finished Goods,fifo,,,0.00,USD 0.00,GeoRipper Box Tray,BX-6,1.000000,Assembly,
6212012000000445997,The GeoRipper 27 Includes EZ Kart,,USD 2799.99,GeoRipper - Units,,Makita USA,70.00,36.00,15.00,25.00,true,,goods,2,,,Active,Kit,GR727,,,,,USD 794.47,Georipper - Unit,,Finished Goods,fifo,,,0.00,USD 0.00,GeoRipper Minitrencher Universal EZ Kart,EZ100,1.000000,Assembly,
6212012000000445997,The GeoRipper 27 Includes EZ Kart,,USD 2799.99,GeoRipper - Units,,Makita USA,70.00,36.00,15.00,25.00,true,,goods,2,,,Active,Kit,GR727,,,,,USD 794.47,Georipper - Unit,,Finished Goods,fifo,,,0.00,USD 0.00,Warehouse Hourly Labor,Labor30,1.000000,Assembly,
6212012000000445997,The GeoRipper 27 Includes EZ Kart,,USD 2799.99,GeoRipper - Units,,Makita USA,70.00,36.00,15.00,25.00,true,,goods,2,,,Active,Kit,GR727,,,,,USD 794.47,Georipper - Unit,,Finished Goods,fifo,,,0.00,USD 0.00,"Large GeoRipper Box ""B""",BX-3,1.000000,Assembly,
6212012000000445997,The GeoRipper 27 Includes EZ Kart,,USD 2799.99,GeoRipper - Units,,Makita USA,70.00,36.00,15.00,25.00,true,,goods,2,,,Active,Kit,GR727,,,,,USD 794.47,Georipper - Unit,,Finished Goods,fifo,,,0.00,USD 0.00,The GeoRipper Engine,GR457,1.000000,Assembly,
6212012000000445997,The GeoRipper 27 Includes EZ Kart,,USD 2799.99,GeoRipper - Units,,Makita USA,70.00,36.00,15.00,25.00,true,,goods,2,,,Active,Kit,GR727,,,,,USD 794.47,Georipper - Unit,,Finished Goods,fifo,,,0.00,USD 0.00,"27"" Digging Chain (Single Chain)",MT4700,2.000000,Assembly,
6212012000000445997,The GeoRipper 27 Includes EZ Kart,,USD 2799.99,GeoRipper - Units,,Makita USA,70.00,36.00,15.00,25.00,true,,goods,2,,,Active,Kit,GR727,,,,,USD 794.47,Georipper - Unit,,Finished Goods,fifo,,,0.00,USD 0.00,Safety Bar - 700 Series GeoRipperT/A,MT7700,1.000000,Assembly,
6212012000000445997,The GeoRipper 27 Includes EZ Kart,,USD 2799.99,GeoRipper - Units,,Makita USA,70.00,36.00,15.00,25.00,true,,goods,2,,,Active,Kit,GR727,,,,,USD 794.47,Georipper - Unit,,Finished Goods,fifo,,,0.00,USD 0.00,Sticker - Hand Entanglement/Chain Drive,GRS11,1.000000,Assembly,
6212012000000446032,GeoRipper(R)T/A M700 NOEZ,,USD 1800.00,GeoRipper - Units,GeoRipper,MiniTrencher,41.00,36.00,12.00,6.00,true,,goods,2,,,Inactive,EA,GRTA-M700-NOEZ,810075760682,810075760682,,22A,USD 322.35,Georipper - Unit,,Finished Goods,fifo,,,0.00,USD 0.00,Makita T/A Casting,M1000,1.000000,Assembly,
6212012000000446032,GeoRipper(R)T/A M700 NOEZ,,USD 1800.00,GeoRipper - Units,GeoRipper,MiniTrencher,41.00,36.00,12.00,6.00,true,,goods,2,,,Inactive,EA,GRTA-M700-NOEZ,810075760682,810075760682,,22A,USD 322.35,Georipper - Unit,,Finished Goods,fifo,,,0.00,USD 0.00,Minitrencher Drive Sprocket for GeoRipper and GeoRipper(R)T/A,MT9001,1.000000,Assembly,
6212012000000446032,GeoRipper(R)T/A M700 NOEZ,,USD 1800.00,GeoRipper - Units,GeoRipper,MiniTrencher,41.00,36.00,12.00,6.00,true,,goods,2,,,Inactive,EA,GRTA-M700-NOEZ,810075760682,810075760682,,22A,USD 322.35,Georipper - Unit,,Finished Goods,fifo,,,0.00,USD 0.00,Labyrinth for all GeoRipperT/A,MT9003,1.000000,Assembly,
6212012000000446032,GeoRipper(R)T/A M700 NOEZ,,USD 1800.00,GeoRipper - Units,GeoRipper,MiniTrencher,41.00,36.00,12.00,6.00,true,,goods,2,,,Inactive,EA,GRTA-M700-NOEZ,810075760682,810075760682,,22A,USD 322.35,Georipper - Unit,,Finished Goods,fifo,,,0.00,USD 0.00,Drive Axle for all GeoRipperT/A,MT9002,1.000000,Assembly,
6212012000000446032,GeoRipper(R)T/A M700 NOEZ,,USD 1800.00,GeoRipper - Units,GeoRipper,MiniTrencher,41.00,36.00,12.00,6.00,true,,goods,2,,,Inactive,EA,GRTA-M700-NOEZ,810075760682,810075760682,,22A,USD 322.35,Georipper - Unit,,Finished Goods,fifo,,,0.00,USD 0.00,R40 Snap Ring,MT0040,1.000000,Assembly,
6212012000000446032,GeoRipper(R)T/A M700 NOEZ,,USD 1800.00,GeoRipper - Units,GeoRipper,MiniTrencher,41.00,36.00,12.00,6.00,true,,goods,2,,,Inactive,EA,GRTA-M700-NOEZ,810075760682,810075760682,,22A,USD 322.35,Georipper - Unit,,Finished Goods,fifo,,,0.00,USD 0.00,Bearing - 6203 RS,MT0062,2.000000,Assembly,
6212012000000446032,GeoRipper(R)T/A M700 NOEZ,,USD 1800.00,GeoRipper - Units,GeoRipper,MiniTrencher,41.00,36.00,12.00,6.00,true,,goods,2,,,Inactive,EA,GRTA-M700-NOEZ,810075760682,810075760682,,22A,USD 322.35,Georipper - Unit,,Finished Goods,fifo,,,0.00,USD 0.00,Spacer,MT0010,1.000000,Assembly,
6212012000000446032,GeoRipper(R)T/A M700 NOEZ,,USD 1800.00,GeoRipper - Units,GeoRipper,MiniTrencher,41.00,36.00,12.00,6.00,true,,goods,2,,,Inactive,EA,GRTA-M700-NOEZ,810075760682,810075760682,,22A,USD 322.35,Georipper - Unit,,Finished Goods,fifo,,,0.00,USD 0.00,M8 Zinc Plated Washer,MT0800,2.000000,Assembly,
6212012000000446032,GeoRipper(R)T/A M700 NOEZ,,USD 1800.00,GeoRipper - Units,GeoRipper,MiniTrencher,41.00,36.00,12.00,6.00,true,,goods,2,,,Inactive,EA,GRTA-M700-NOEZ,810075760682,810075760682,,22A,USD 322.35,Georipper - Unit,,Finished Goods,fifo,,,0.00,USD 0.00,M8 x 1.25 x 50 Hex Bolt,MT0850,2.000000,Assembly,
6212012000000446032,GeoRipper(R)T/A M700 NOEZ,,USD 1800.00,GeoRipper - Units,GeoRipper,MiniTrencher,41.00,36.00,12.00,6.00,true,,goods,2,,,Inactive,EA,GRTA-M700-NOEZ,810075760682,810075760682,,22A,USD 322.35,Georipper - Unit,,Finished Goods,fifo,,,0.00,USD 0.00,Box - TASPACER,MT95192,1.000000,Assembly,
6212012000000446032,GeoRipper(R)T/A M700 NOEZ,,USD 1800.00,GeoRipper - Units,GeoRipper,MiniTrencher,41.00,36.00,12.00,6.00,true,,goods,2,,,Inactive,EA,GRTA-M700-NOEZ,810075760682,810075760682,,22A,USD 322.35,Georipper - Unit,,Finished Goods,fifo,,,0.00,USD 0.00,Box - TA700,MT95197,1.000000,Assembly,
6212012000000446032,GeoRipper(R)T/A M700 NOEZ,,USD 1800.00,GeoRipper - Units,GeoRipper,MiniTrencher,41.00,36.00,12.00,6.00,true,,goods,2,,,Inactive,EA,GRTA-M700-NOEZ,810075760682,810075760682,,22A,USD 322.35,Georipper - Unit,,Finished Goods,fifo,,,0.00,USD 0.00,Foam Insert - GeoRipperT/A Box,MT0091,1.000000,Assembly,
6212012000000446032,GeoRipper(R)T/A M700 NOEZ,,USD 1800.00,GeoRipper - Units,GeoRipper,MiniTrencher,41.00,36.00,12.00,6.00,true,,goods,2,,,Inactive,EA,GRTA-M700-NOEZ,810075760682,810075760682,,22A,USD 322.35,Georipper - Unit,,Finished Goods,fifo,,,0.00,USD 0.00,13mm Embossed Wrench,MT0013,1.000000,Assembly,
6212012000000446032,GeoRipper(R)T/A M700 NOEZ,,USD 1800.00,GeoRipper - Units,GeoRipper,MiniTrencher,41.00,36.00,12.00,6.00,true,,goods,2,,,Inactive,EA,GRTA-M700-NOEZ,810075760682,810075760682,,22A,USD 322.35,Georipper - Unit,,Finished Goods,fifo,,,0.00,USD 0.00,18mm Embossed Wrench,MT0018,1.000000,Assembly,
6212012000000446032,GeoRipper(R)T/A M700 NOEZ,,USD 1800.00,GeoRipper - Units,GeoRipper,MiniTrencher,41.00,36.00,12.00,6.00,true,,goods,2,,,Inactive,EA,GRTA-M700-NOEZ,810075760682,810075760682,,22A,USD 322.35,Georipper - Unit,,Finished Goods,fifo,,,0.00,USD 0.00,Pulley for Makita EK7651H/EK8100 GeoRipperT/A,M1001,1.000000,Assembly,
6212012000000446032,GeoRipper(R)T/A M700 NOEZ,,USD 1800.00,GeoRipper - Units,GeoRipper,MiniTrencher,41.00,36.00,12.00,6.00,true,,goods,2,,,Inactive,EA,GRTA-M700-NOEZ,810075760682,810075760682,,22A,USD 322.35,Georipper - Unit,,Finished Goods,fifo,,,0.00,USD 0.00,Belt for Makita EK8100,MTB81-00,1.000000,Assembly,
6212012000000446032,GeoRipper(R)T/A M700 NOEZ,,USD 1800.00,GeoRipper - Units,GeoRipper,MiniTrencher,41.00,36.00,12.00,6.00,true,,goods,2,,,Inactive,EA,GRTA-M700-NOEZ,810075760682,810075760682,,22A,USD 322.35,Georipper - Unit,,Finished Goods,fifo,,,0.00,USD 0.00,Owners Manual - GeoRipperT/A,GRTA-LIT-OM,1.000000,Assembly,
6212012000000446032,GeoRipper(R)T/A M700 NOEZ,,USD 1800.00,GeoRipper - Units,GeoRipper,MiniTrencher,41.00,36.00,12.00,6.00,true,,goods,2,,,Inactive,EA,GRTA-M700-NOEZ,810075760682,810075760682,,22A,USD 322.35,Georipper - Unit,,Finished Goods,fifo,,,0.00,USD 0.00,Green PVC Tool Bag,MT0099,1.000000,Assembly,
6212012000000446032,GeoRipper(R)T/A M700 NOEZ,,USD 1800.00,GeoRipper - Units,GeoRipper,MiniTrencher,41.00,36.00,12.00,6.00,true,,goods,2,,,Inactive,EA,GRTA-M700-NOEZ,810075760682,810075760682,,22A,USD 322.35,Georipper - Unit,,Finished Goods,fifo,,,0.00,USD 0.00,GeoRipper Minitrencher 27-Inch Digging Bar,MT3700,1.000000,Assembly,
6212012000000446032,GeoRipper(R)T/A M700 NOEZ,,USD 1800.00,GeoRipper - Units,GeoRipper,MiniTrencher,41.00,36.00,12.00,6.00,true,,goods,2,,,Inactive,EA,GRTA-M700-NOEZ,810075760682,810075760682,,22A,USD 322.35,Georipper - Unit,,Finished Goods,fifo,,,0.00,USD 0.00,Dirt Deflector,MT8001,1.000000,Assembly,
6212012000000446032,GeoRipper(R)T/A M700 NOEZ,,USD 1800.00,GeoRipper - Units,GeoRipper,MiniTrencher,41.00,36.00,12.00,6.00,true,,goods,2,,,Inactive,EA,GRTA-M700-NOEZ,810075760682,810075760682,,22A,USD 322.35,Georipper - Unit,,Finished Goods,fifo,,,0.00,USD 0.00,Mud Flap A,MT8002,1.000000,Assembly,
6212012000000446032,GeoRipper(R)T/A M700 NOEZ,,USD 1800.00,GeoRipper - Units,GeoRipper,MiniTrencher,41.00,36.00,12.00,6.00,true,,goods,2,,,Inactive,EA,GRTA-M700-NOEZ,810075760682,810075760682,,22A,USD 322.35,Georipper - Unit,,Finished Goods,fifo,,,0.00,USD 0.00,Mud Flap B,MT8003,1.000000,Assembly,
6212012000000446032,GeoRipper(R)T/A M700 NOEZ,,USD 1800.00,GeoRipper - Units,GeoRipper,MiniTrencher,41.00,36.00,12.00,6.00,true,,goods,2,,,Inactive,EA,GRTA-M700-NOEZ,810075760682,810075760682,,22A,USD 322.35,Georipper - Unit,,Finished Goods,fifo,,,0.00,USD 0.00,M5 X .8 X 16 Phillips Flat Machine Screw Plated,GR5.8,6.000000,Assembly,
6212012000000446032,GeoRipper(R)T/A M700 NOEZ,,USD 1800.00,GeoRipper - Units,GeoRipper,MiniTrencher,41.00,36.00,12.00,6.00,true,,goods,2,,,Inactive,EA,GRTA-M700-NOEZ,810075760682,810075760682,,22A,USD 322.35,Georipper - Unit,,Finished Goods,fifo,,,0.00,USD 0.00,M5 x 18mm fender washer,GR5.12,6.000000,Assembly,
6212012000000446032,GeoRipper(R)T/A M700 NOEZ,,USD 1800.00,GeoRipper - Units,GeoRipper,MiniTrencher,41.00,36.00,12.00,6.00,true,,goods,2,,,Inactive,EA,GRTA-M700-NOEZ,810075760682,810075760682,,22A,USD 322.35,Georipper - Unit,,Finished Goods,fifo,,,0.00,USD 0.00,M5 Nylock hex nut,GR5.11,6.000000,Assembly,
6212012000000446032,GeoRipper(R)T/A M700 NOEZ,,USD 1800.00,GeoRipper - Units,GeoRipper,MiniTrencher,41.00,36.00,12.00,6.00,true,,goods,2,,,Inactive,EA,GRTA-M700-NOEZ,810075760682,810075760682,,22A,USD 322.35,Georipper - Unit,,Finished Goods,fifo,,,0.00,USD 0.00,Bar Clamp Washer - Slotted,GR5.2,1.000000,Assembly,
6212012000000446032,GeoRipper(R)T/A M700 NOEZ,,USD 1800.00,GeoRipper - Units,GeoRipper,MiniTrencher,41.00,36.00,12.00,6.00,true,,goods,2,,,Inactive,EA,GRTA-M700-NOEZ,810075760682,810075760682,,22A,USD 322.35,Georipper - Unit,,Finished Goods,fifo,,,0.00,USD 0.00,M12 X 1.75 X 30 Bolt 18mm Head,GR5.3,2.000000,Assembly,
6212012000000446032,GeoRipper(R)T/A M700 NOEZ,,USD 1800.00,GeoRipper - Units,GeoRipper,MiniTrencher,41.00,36.00,12.00,6.00,true,,goods,2,,,Inactive,EA,GRTA-M700-NOEZ,810075760682,810075760682,,22A,USD 322.35,Georipper - Unit,,Finished Goods,fifo,,,0.00,USD 0.00,M12 Split Lock Washer,GR5.4,2.000000,Assembly,
6212012000000446032,GeoRipper(R)T/A M700 NOEZ,,USD 1800.00,GeoRipper - Units,GeoRipper,MiniTrencher,41.00,36.00,12.00,6.00,true,,goods,2,,,Inactive,EA,GRTA-M700-NOEZ,810075760682,810075760682,,22A,USD 322.35,Georipper - Unit,,Finished Goods,fifo,,,0.00,USD 0.00,Safety Bar - 700 Series GeoRipperT/A,MT7700,1.000000,Assembly,
6212012000000446032,GeoRipper(R)T/A M700 NOEZ,,USD 1800.00,GeoRipper - Units,GeoRipper,MiniTrencher,41.00,36.00,12.00,6.00,true,,goods,2,,,Inactive,EA,GRTA-M700-NOEZ,810075760682,810075760682,,22A,USD 322.35,Georipper - Unit,,Finished Goods,fifo,,,0.00,USD 0.00,M8 x 1.25 x 12 Bolt for Safety Bar,MT0812,2.000000,Assembly,
6212012000000446032,GeoRipper(R)T/A M700 NOEZ,,USD 1800.00,GeoRipper - Units,GeoRipper,MiniTrencher,41.00,36.00,12.00,6.00,true,,goods,2,,,Inactive,EA,GRTA-M700-NOEZ,810075760682,810075760682,,22A,USD 322.35,Georipper - Unit,,Finished Goods,fifo,,,0.00,USD 0.00,M8 split lock washer zinc plated,MT0804,2.000000,Assembly,
6212012000000446032,GeoRipper(R)T/A M700 NOEZ,,USD 1800.00,GeoRipper - Units,GeoRipper,MiniTrencher,41.00,36.00,12.00,6.00,true,,goods,2,,,Inactive,EA,GRTA-M700-NOEZ,810075760682,810075760682,,22A,USD 322.35,Georipper - Unit,,Finished Goods,fifo,,,0.00,USD 0.00,M8 X 1.25 Flanged Nyloc Nut,GRKM7681.6,2.000000,Assembly,
6212012000000446032,GeoRipper(R)T/A M700 NOEZ,,USD 1800.00,GeoRipper - Units,GeoRipper,MiniTrencher,41.00,36.00,12.00,6.00,true,,goods,2,,,Inactive,EA,GRTA-M700-NOEZ,810075760682,810075760682,,22A,USD 322.35,Georipper - Unit,,Finished Goods,fifo,,,0.00,USD 0.00,Bearing (Sealed) 6002-RS2,GR1.2,1.000000,Assembly,
6212012000000446032,GeoRipper(R)T/A M700 NOEZ,,USD 1800.00,GeoRipper - Units,GeoRipper,MiniTrencher,41.00,36.00,12.00,6.00,true,,goods,2,,,Inactive,EA,GRTA-M700-NOEZ,810075760682,810075760682,,22A,USD 322.35,Georipper - Unit,,Finished Goods,fifo,,,0.00,USD 0.00,M8x1.25x20 Countersunk 5mm Hex Drive Bolt 12.9grade,GR0.3.2,3.000000,Assembly,
6212012000000446032,GeoRipper(R)T/A M700 NOEZ,,USD 1800.00,GeoRipper - Units,GeoRipper,MiniTrencher,41.00,36.00,12.00,6.00,true,,goods,2,,,Inactive,EA,GRTA-M700-NOEZ,810075760682,810075760682,,22A,USD 322.35,Georipper - Unit,,Finished Goods,fifo,,,0.00,USD 0.00,#50H Heavy Connecting Link Spring Clip,MT4004,1.000000,Assembly,
6212012000000446032,GeoRipper(R)T/A M700 NOEZ,,USD 1800.00,GeoRipper - Units,GeoRipper,MiniTrencher,41.00,36.00,12.00,6.00,true,,goods,2,,,Inactive,EA,GRTA-M700-NOEZ,810075760682,810075760682,,22A,USD 322.35,Georipper - Unit,,Finished Goods,fifo,,,0.00,USD 0.00,GeoRipper Warranty Postcard,GR-LIT-WP,1.000000,Assembly,
6212012000000446032,GeoRipper(R)T/A M700 NOEZ,,USD 1800.00,GeoRipper - Units,GeoRipper,MiniTrencher,41.00,36.00,12.00,6.00,true,,goods,2,,,Inactive,EA,GRTA-M700-NOEZ,810075760682,810075760682,,22A,USD 322.35,Georipper - Unit,,Finished Goods,fifo,,,0.00,USD 0.00,Warehouse Hourly Labor,Labor30,1.000000,Assembly,
6212012000000446032,GeoRipper(R)T/A M700 NOEZ,,USD 1800.00,GeoRipper - Units,GeoRipper,MiniTrencher,41.00,36.00,12.00,6.00,true,,goods,2,,,Inactive,EA,GRTA-M700-NOEZ,810075760682,810075760682,,22A,USD 322.35,Georipper - Unit,,Finished Goods,fifo,,,0.00,USD 0.00,M8-1.25 X 25 UNC HEX HEAD FLANGE BOLT GRADE 10.9,MT0825F,2.000000,Assembly,
6212012000000446032,GeoRipper(R)T/A M700 NOEZ,,USD 1800.00,GeoRipper - Units,GeoRipper,MiniTrencher,41.00,36.00,12.00,6.00,true,,goods,2,,,Inactive,EA,GRTA-M700-NOEZ,810075760682,810075760682,,22A,USD 322.35,Georipper - Unit,,Finished Goods,fifo,,,0.00,USD 0.00,Dirt Deflector Warning Sticker,GRS17,1.000000,Assembly,
6212012000000446032,GeoRipper(R)T/A M700 NOEZ,,USD 1800.00,GeoRipper - Units,GeoRipper,MiniTrencher,41.00,36.00,12.00,6.00,true,,goods,2,,,Inactive,EA,GRTA-M700-NOEZ,810075760682,810075760682,,22A,USD 322.35,Georipper - Unit,,Finished Goods,fifo,,,0.00,USD 0.00,"27"" Digging Chain (Single Chain)",MT4700,2.000000,Assembly,
6212012000000446032,GeoRipper(R)T/A M700 NOEZ,,USD 1800.00,GeoRipper - Units,GeoRipper,MiniTrencher,41.00,36.00,12.00,6.00,true,,goods,2,,,Inactive,EA,GRTA-M700-NOEZ,810075760682,810075760682,,22A,USD 322.35,Georipper - Unit,,Finished Goods,fifo,,,0.00,USD 0.00,Sticker - Hand Entanglement/Chain Drive,GRS11,1.000000,Assembly,
6212012000000446123,GeoRipper e/B 400 GW,,USD 2999.00,GeoRipper - Parts,,,0.00,0.00,0.00,0.00,true,,goods,2,,,Active,EA,GREB400-GW,,,,,USD 1013.06,GeoRipper - Part,,Finished Goods,fifo,,,0.00,USD 0.00,"82V 12"" 2.5kW Power Cutter Tool Only - GreenWorks",GW82PC12,1.000000,Assembly,
6212012000000446123,GeoRipper e/B 400 GW,,USD 2999.00,GeoRipper - Parts,,,0.00,0.00,0.00,0.00,true,,goods,2,,,Active,EA,GREB400-GW,,,,,USD 1013.06,GeoRipper - Part,,Finished Goods,fifo,,,0.00,USD 0.00,82V 8Ah Battery w/ Bluetooth and Digital Readout - GreenWorks,GW82BD800,1.000000,Assembly,
6212012000000446123,GeoRipper e/B 400 GW,,USD 2999.00,GeoRipper - Parts,,,0.00,0.00,0.00,0.00,true,,goods,2,,,Active,EA,GREB400-GW,,,,,USD 1013.06,GeoRipper - Part,,Finished Goods,fifo,,,0.00,USD 0.00,82V Dual Port Charger - GreenWorks,GW82DPC8A,1.000000,Assembly,
6212012000000446123,GeoRipper e/B 400 GW,,USD 2999.00,GeoRipper - Parts,,,0.00,0.00,0.00,0.00,true,,goods,2,,,Active,EA,GREB400-GW,,,,,USD 1013.06,GeoRipper - Part,,Finished Goods,fifo,,,0.00,USD 0.00,G1000 GeoRipper Adapter for Greenworks,G1000,1.000000,Assembly,
6212012000000446123,GeoRipper e/B 400 GW,,USD 2999.00,GeoRipper - Parts,,,0.00,0.00,0.00,0.00,true,,goods,2,,,Active,EA,GREB400-GW,,,,,USD 1013.06,GeoRipper - Part,,Finished Goods,fifo,,,0.00,USD 0.00,Dirt Deflector,MT8001,1.000000,Assembly,
6212012000000446123,GeoRipper e/B 400 GW,,USD 2999.00,GeoRipper - Parts,,,0.00,0.00,0.00,0.00,true,,goods,2,,,Active,EA,GREB400-GW,,,,,USD 1013.06,GeoRipper - Part,,Finished Goods,fifo,,,0.00,USD 0.00,Mud Flap A,MT8002,1.000000,Assembly,
6212012000000446123,GeoRipper e/B 400 GW,,USD 2999.00,GeoRipper - Parts,,,0.00,0.00,0.00,0.00,true,,goods,2,,,Active,EA,GREB400-GW,,,,,USD 1013.06,GeoRipper - Part,,Finished Goods,fifo,,,0.00,USD 0.00,Mud Flap B,MT8003,1.000000,Assembly,
6212012000000446123,GeoRipper e/B 400 GW,,USD 2999.00,GeoRipper - Parts,,,0.00,0.00,0.00,0.00,true,,goods,2,,,Active,EA,GREB400-GW,,,,,USD 1013.06,GeoRipper - Part,,Finished Goods,fifo,,,0.00,USD 0.00,M5 X .8 X 16 Phillips Flat Machine Screw Plated,GR5.8,6.000000,Assembly,
6212012000000446123,GeoRipper e/B 400 GW,,USD 2999.00,GeoRipper - Parts,,,0.00,0.00,0.00,0.00,true,,goods,2,,,Active,EA,GREB400-GW,,,,,USD 1013.06,GeoRipper - Part,,Finished Goods,fifo,,,0.00,USD 0.00,M5 x 18mm fender washer,GR5.12,6.000000,Assembly,
6212012000000446123,GeoRipper e/B 400 GW,,USD 2999.00,GeoRipper - Parts,,,0.00,0.00,0.00,0.00,true,,goods,2,,,Active,EA,GREB400-GW,,,,,USD 1013.06,GeoRipper - Part,,Finished Goods,fifo,,,0.00,USD 0.00,M5 Nylock hex nut,GR5.11,6.000000,Assembly,
6212012000000446123,GeoRipper e/B 400 GW,,USD 2999.00,GeoRipper - Parts,,,0.00,0.00,0.00,0.00,true,,goods,2,,,Active,EA,GREB400-GW,,,,,USD 1013.06,GeoRipper - Part,,Finished Goods,fifo,,,0.00,USD 0.00,Bar Clamp Washer - Slotted,GR5.2,1.000000,Assembly,
6212012000000446123,GeoRipper e/B 400 GW,,USD 2999.00,GeoRipper - Parts,,,0.00,0.00,0.00,0.00,true,,goods,2,,,Active,EA,GREB400-GW,,,,,USD 1013.06,GeoRipper - Part,,Finished Goods,fifo,,,0.00,USD 0.00,M12 X 1.75 X 30 Bolt 18mm Head,GR5.3,2.000000,Assembly,
6212012000000446123,GeoRipper e/B 400 GW,,USD 2999.00,GeoRipper - Parts,,,0.00,0.00,0.00,0.00,true,,goods,2,,,Active,EA,GREB400-GW,,,,,USD 1013.06,GeoRipper - Part,,Finished Goods,fifo,,,0.00,USD 0.00,M12 Split Lock Washer,GR5.4,2.000000,Assembly,
6212012000000446123,GeoRipper e/B 400 GW,,USD 2999.00,GeoRipper - Parts,,,0.00,0.00,0.00,0.00,true,,goods,2,,,Active,EA,GREB400-GW,,,,,USD 1013.06,GeoRipper - Part,,Finished Goods,fifo,,,0.00,USD 0.00,M4-0.70 x 20mm Hex cap screw,MT0420,9.000000,Assembly,
6212012000000446123,GeoRipper e/B 400 GW,,USD 2999.00,GeoRipper - Parts,,,0.00,0.00,0.00,0.00,true,,goods,2,,,Active,EA,GREB400-GW,,,,,USD 1013.06,GeoRipper - Part,,Finished Goods,fifo,,,0.00,USD 0.00,Drive Adapter for GreenWorks,G1002,1.000000,Assembly,
6212012000000446123,GeoRipper e/B 400 GW,,USD 2999.00,GeoRipper - Parts,,,0.00,0.00,0.00,0.00,true,,goods,2,,,Active,EA,GREB400-GW,,,,,USD 1013.06,GeoRipper - Part,,Finished Goods,fifo,,,0.00,USD 0.00,Minitrencher Drive Sprocket for GeoRipper and GeoRipper(R)T/A,MT9001,1.000000,Assembly,
6212012000000446123,GeoRipper e/B 400 GW,,USD 2999.00,GeoRipper - Parts,,,0.00,0.00,0.00,0.00,true,,goods,2,,,Active,EA,GREB400-GW,,,,,USD 1013.06,GeoRipper - Part,,Finished Goods,fifo,,,0.00,USD 0.00,M8 Zinc Plated Washer,MT0800,1.000000,Assembly,
6212012000000446123,GeoRipper e/B 400 GW,,USD 2999.00,GeoRipper - Parts,,,0.00,0.00,0.00,0.00,true,,goods,2,,,Active,EA,GREB400-GW,,,,,USD 1013.06,GeoRipper - Part,,Finished Goods,fifo,,,0.00,USD 0.00,"Complete 16"" Digging Bar",MT3400,1.000000,Assembly,
6212012000000446123,GeoRipper e/B 400 GW,,USD 2999.00,GeoRipper - Parts,,,0.00,0.00,0.00,0.00,true,,goods,2,,,Active,EA,GREB400-GW,,,,,USD 1013.06,GeoRipper - Part,,Finished Goods,fifo,,,0.00,USD 0.00,"16"" Digging Chain (Single Chain)",MT4400,2.000000,Assembly,
6212012000000446123,GeoRipper e/B 400 GW,,USD 2999.00,GeoRipper - Parts,,,0.00,0.00,0.00,0.00,true,,goods,2,,,Active,EA,GREB400-GW,,,,,USD 1013.06,GeoRipper - Part,,Finished Goods,fifo,,,0.00,USD 0.00,"Small GeoRipper Box ""A""",BX-4,1.000000,Assembly,
6212012000000446123,GeoRipper e/B 400 GW,,USD 2999.00,GeoRipper - Parts,,,0.00,0.00,0.00,0.00,true,,goods,2,,,Active,EA,GREB400-GW,,,,,USD 1013.06,GeoRipper - Part,,Finished Goods,fifo,,,0.00,USD 0.00,"GeoRipper Box ""Stabilizer""",BX-5,4.000000,Assembly,
6212012000000446123,GeoRipper e/B 400 GW,,USD 2999.00,GeoRipper - Parts,,,0.00,0.00,0.00,0.00,true,,goods,2,,,Active,EA,GREB400-GW,,,,,USD 1013.06,GeoRipper - Part,,Finished Goods,fifo,,,0.00,USD 0.00,GeoRipper Box Tray,BX-6,1.000000,Assembly,
6212012000000446123,GeoRipper e/B 400 GW,,USD 2999.00,GeoRipper - Parts,,,0.00,0.00,0.00,0.00,true,,goods,2,,,Active,EA,GREB400-GW,,,,,USD 1013.06,GeoRipper - Part,,Finished Goods,fifo,,,0.00,USD 0.00,M8 X 1.25 X 35 Hex Bolt,MT0835,1.000000,Assembly,
6212012000000446123,GeoRipper e/B 400 GW,,USD 2999.00,GeoRipper - Parts,,,0.00,0.00,0.00,0.00,true,,goods,2,,,Active,EA,GREB400-GW,,,,,USD 1013.06,GeoRipper - Part,,Finished Goods,fifo,,,0.00,USD 0.00,Green PVC Tool Bag,MT0099,1.000000,Assembly,
6212012000000446123,GeoRipper e/B 400 GW,,USD 2999.00,GeoRipper - Parts,,,0.00,0.00,0.00,0.00,true,,goods,2,,,Active,EA,GREB400-GW,,,,,USD 1013.06,GeoRipper - Part,,Finished Goods,fifo,,,0.00,USD 0.00,EZ Kart Lower Throttle Adapter GreenWorks,EZ3GW,1.000000,Assembly,
6212012000000446123,GeoRipper e/B 400 GW,,USD 2999.00,GeoRipper - Parts,,,0.00,0.00,0.00,0.00,true,,goods,2,,,Active,EA,GREB400-GW,,,,,USD 1013.06,GeoRipper - Part,,Finished Goods,fifo,,,0.00,USD 0.00,#50H Heavy Connecting Link Spring Clip,MT4004,1.000000,Assembly,
6212012000000446123,GeoRipper e/B 400 GW,,USD 2999.00,GeoRipper - Parts,,,0.00,0.00,0.00,0.00,true,,goods,2,,,Active,EA,GREB400-GW,,,,,USD 1013.06,GeoRipper - Part,,Finished Goods,fifo,,,0.00,USD 0.00,M8x1.25x20 Countersunk 5mm Hex Drive Bolt 12.9grade,GR0.3.2,3.000000,Assembly,
6212012000000446123,GeoRipper e/B 400 GW,,USD 2999.00,GeoRipper - Parts,,,0.00,0.00,0.00,0.00,true,,goods,2,,,Active,EA,GREB400-GW,,,,,USD 1013.06,GeoRipper - Part,,Finished Goods,fifo,,,0.00,USD 0.00,Bearing (Sealed) 6002-RS2,GR1.2,1.000000,Assembly,
6212012000000446123,GeoRipper e/B 400 GW,,USD 2999.00,GeoRipper - Parts,,,0.00,0.00,0.00,0.00,true,,goods,2,,,Active,EA,GREB400-GW,,,,,USD 1013.06,GeoRipper - Part,,Finished Goods,fifo,,,0.00,USD 0.00,18mm Embossed Wrench,MT0018,1.000000,Assembly,
6212012000000446123,GeoRipper e/B 400 GW,,USD 2999.00,GeoRipper - Parts,,,0.00,0.00,0.00,0.00,true,,goods,2,,,Active,EA,GREB400-GW,,,,,USD 1013.06,GeoRipper - Part,,Finished Goods,fifo,,,0.00,USD 0.00,13mm Embossed Wrench,MT0013,1.000000,Assembly,
6212012000000446123,GeoRipper e/B 400 GW,,USD 2999.00,GeoRipper - Parts,,,0.00,0.00,0.00,0.00,true,,goods,2,,,Active,EA,GREB400-GW,,,,,USD 1013.06,GeoRipper - Part,,Finished Goods,fifo,,,0.00,USD 0.00,GeoRipper Owner's Manual,GR-LIT-OM,1.000000,Assembly,
6212012000000446123,GeoRipper e/B 400 GW,,USD 2999.00,GeoRipper - Parts,,,0.00,0.00,0.00,0.00,true,,goods,2,,,Active,EA,GREB400-GW,,,,,USD 1013.06,GeoRipper - Part,,Finished Goods,fifo,,,0.00,USD 0.00,GeoRipper Warranty Postcard,GR-LIT-WP,1.000000,Assembly,
6212012000000446123,GeoRipper e/B 400 GW,,USD 2999.00,GeoRipper - Parts,,,0.00,0.00,0.00,0.00,true,,goods,2,,,Active,EA,GREB400-GW,,,,,USD 1013.06,GeoRipper - Part,,Finished Goods,fifo,,,0.00,USD 0.00,Sticker - 811 - Call Before You Dig,GRS3,1.000000,Assembly,
6212012000000446123,GeoRipper e/B 400 GW,,USD 2999.00,GeoRipper - Parts,,,0.00,0.00,0.00,0.00,true,,goods,2,,,Active,EA,GREB400-GW,,,,,USD 1013.06,GeoRipper - Part,,Finished Goods,fifo,,,0.00,USD 0.00,Sticker - GR WARNING,GRS6,1.000000,Assembly,
6212012000000446123,GeoRipper e/B 400 GW,,USD 2999.00,GeoRipper - Parts,,,0.00,0.00,0.00,0.00,true,,goods,2,,,Active,EA,GREB400-GW,,,,,USD 1013.06,GeoRipper - Part,,Finished Goods,fifo,,,0.00,USD 0.00,M8 x 1.25 x 12 Bolt for Safety Bar,MT0812,2.000000,Assembly,
6212012000000446123,GeoRipper e/B 400 GW,,USD 2999.00,GeoRipper - Parts,,,0.00,0.00,0.00,0.00,true,,goods,2,,,Active,EA,GREB400-GW,,,,,USD 1013.06,GeoRipper - Part,,Finished Goods,fifo,,,0.00,USD 0.00,M8 split lock washer zinc plated,MT0804,2.000000,Assembly,
6212012000000446123,GeoRipper e/B 400 GW,,USD 2999.00,GeoRipper - Parts,,,0.00,0.00,0.00,0.00,true,,goods,2,,,Active,EA,GREB400-GW,,,,,USD 1013.06,GeoRipper - Part,,Finished Goods,fifo,,,0.00,USD 0.00,Safety Bar - 400 Series GeoRipperT/A,MT7400,1.000000,Assembly,
6212012000000446210,GeoRipper e/B 500 GW,,USD 3200.00,GeoRipper - Parts,,,0.00,0.00,0.00,0.00,true,,goods,2,,,Active,EA,GREB500-GW,,,,,USD 1029.89,GeoRipper - Part,,Finished Goods,fifo,,,0.00,USD 0.00,"82V 12"" 2.5kW Power Cutter Tool Only - GreenWorks",GW82PC12,1.000000,Assembly,
6212012000000446210,GeoRipper e/B 500 GW,,USD 3200.00,GeoRipper - Parts,,,0.00,0.00,0.00,0.00,true,,goods,2,,,Active,EA,GREB500-GW,,,,,USD 1029.89,GeoRipper - Part,,Finished Goods,fifo,,,0.00,USD 0.00,82V 8Ah Battery w/ Bluetooth and Digital Readout - GreenWorks,GW82BD800,1.000000,Assembly,
6212012000000446210,GeoRipper e/B 500 GW,,USD 3200.00,GeoRipper - Parts,,,0.00,0.00,0.00,0.00,true,,goods,2,,,Active,EA,GREB500-GW,,,,,USD 1029.89,GeoRipper - Part,,Finished Goods,fifo,,,0.00,USD 0.00,82V Dual Port Charger - GreenWorks,GW82DPC8A,1.000000,Assembly,
6212012000000446210,GeoRipper e/B 500 GW,,USD 3200.00,GeoRipper - Parts,,,0.00,0.00,0.00,0.00,true,,goods,2,,,Active,EA,GREB500-GW,,,,,USD 1029.89,GeoRipper - Part,,Finished Goods,fifo,,,0.00,USD 0.00,G1000 GeoRipper Adapter for Greenworks,G1000,1.000000,Assembly,
6212012000000446210,GeoRipper e/B 500 GW,,USD 3200.00,GeoRipper - Parts,,,0.00,0.00,0.00,0.00,true,,goods,2,,,Active,EA,GREB500-GW,,,,,USD 1029.89,GeoRipper - Part,,Finished Goods,fifo,,,0.00,USD 0.00,Dirt Deflector,MT8001,1.000000,Assembly,
6212012000000446210,GeoRipper e/B 500 GW,,USD 3200.00,GeoRipper - Parts,,,0.00,0.00,0.00,0.00,true,,goods,2,,,Active,EA,GREB500-GW,,,,,USD 1029.89,GeoRipper - Part,,Finished Goods,fifo,,,0.00,USD 0.00,Mud Flap A,MT8002,1.000000,Assembly,
6212012000000446210,GeoRipper e/B 500 GW,,USD 3200.00,GeoRipper - Parts,,,0.00,0.00,0.00,0.00,true,,goods,2,,,Active,EA,GREB500-GW,,,,,USD 1029.89,GeoRipper - Part,,Finished Goods,fifo,,,0.00,USD 0.00,Mud Flap B,MT8003,1.000000,Assembly,
6212012000000446210,GeoRipper e/B 500 GW,,USD 3200.00,GeoRipper - Parts,,,0.00,0.00,0.00,0.00,true,,goods,2,,,Active,EA,GREB500-GW,,,,,USD 1029.89,GeoRipper - Part,,Finished Goods,fifo,,,0.00,USD 0.00,M5 X .8 X 16 Phillips Flat Machine Screw Plated,GR5.8,6.000000,Assembly,
6212012000000446210,GeoRipper e/B 500 GW,,USD 3200.00,GeoRipper - Parts,,,0.00,0.00,0.00,0.00,true,,goods,2,,,Active,EA,GREB500-GW,,,,,USD 1029.89,GeoRipper - Part,,Finished Goods,fifo,,,0.00,USD 0.00,M5 x 18mm fender washer,GR5.12,6.000000,Assembly,
6212012000000446210,GeoRipper e/B 500 GW,,USD 3200.00,GeoRipper - Parts,,,0.00,0.00,0.00,0.00,true,,goods,2,,,Active,EA,GREB500-GW,,,,,USD 1029.89,GeoRipper - Part,,Finished Goods,fifo,,,0.00,USD 0.00,M5 Nylock hex nut,GR5.11,6.000000,Assembly,
6212012000000446210,GeoRipper e/B 500 GW,,USD 3200.00,GeoRipper - Parts,,,0.00,0.00,0.00,0.00,true,,goods,2,,,Active,EA,GREB500-GW,,,,,USD 1029.89,GeoRipper - Part,,Finished Goods,fifo,,,0.00,USD 0.00,Bar Clamp Washer - Slotted,GR5.2,1.000000,Assembly,
6212012000000446210,GeoRipper e/B 500 GW,,USD 3200.00,GeoRipper - Parts,,,0.00,0.00,0.00,0.00,true,,goods,2,,,Active,EA,GREB500-GW,,,,,USD 1029.89,GeoRipper - Part,,Finished Goods,fifo,,,0.00,USD 0.00,M12 X 1.75 X 30 Bolt 18mm Head,GR5.3,2.000000,Assembly,
6212012000000446210,GeoRipper e/B 500 GW,,USD 3200.00,GeoRipper - Parts,,,0.00,0.00,0.00,0.00,true,,goods,2,,,Active,EA,GREB500-GW,,,,,USD 1029.89,GeoRipper - Part,,Finished Goods,fifo,,,0.00,USD 0.00,M12 Split Lock Washer,GR5.4,2.000000,Assembly,
6212012000000446210,GeoRipper e/B 500 GW,,USD 3200.00,GeoRipper - Parts,,,0.00,0.00,0.00,0.00,true,,goods,2,,,Active,EA,GREB500-GW,,,,,USD 1029.89,GeoRipper - Part,,Finished Goods,fifo,,,0.00,USD 0.00,M4-0.70 x 20mm Hex cap screw,MT0420,9.000000,Assembly,
6212012000000446210,GeoRipper e/B 500 GW,,USD 3200.00,GeoRipper - Parts,,,0.00,0.00,0.00,0.00,true,,goods,2,,,Active,EA,GREB500-GW,,,,,USD 1029.89,GeoRipper - Part,,Finished Goods,fifo,,,0.00,USD 0.00,Drive Adapter for GreenWorks,G1002,1.000000,Assembly,
6212012000000446210,GeoRipper e/B 500 GW,,USD 3200.00,GeoRipper - Parts,,,0.00,0.00,0.00,0.00,true,,goods,2,,,Active,EA,GREB500-GW,,,,,USD 1029.89,GeoRipper - Part,,Finished Goods,fifo,,,0.00,USD 0.00,Minitrencher Drive Sprocket for GeoRipper and GeoRipper(R)T/A,MT9001,1.000000,Assembly,
6212012000000446210,GeoRipper e/B 500 GW,,USD 3200.00,GeoRipper - Parts,,,0.00,0.00,0.00,0.00,true,,goods,2,,,Active,EA,GREB500-GW,,,,,USD 1029.89,GeoRipper - Part,,Finished Goods,fifo,,,0.00,USD 0.00,M8 Zinc Plated Washer,MT0800,1.000000,Assembly,
6212012000000446210,GeoRipper e/B 500 GW,,USD 3200.00,GeoRipper - Parts,,,0.00,0.00,0.00,0.00,true,,goods,2,,,Active,EA,GREB500-GW,,,,,USD 1029.89,GeoRipper - Part,,Finished Goods,fifo,,,0.00,USD 0.00,GeoRipper Minitrencher 20-Inch Digging Bar,MT3500,1.000000,Assembly,
6212012000000446210,GeoRipper e/B 500 GW,,USD 3200.00,GeoRipper - Parts,,,0.00,0.00,0.00,0.00,true,,goods,2,,,Active,EA,GREB500-GW,,,,,USD 1029.89,GeoRipper - Part,,Finished Goods,fifo,,,0.00,USD 0.00,"20"" Digging Chain (Single Chain)",MT4500,2.000000,Assembly,
6212012000000446210,GeoRipper e/B 500 GW,,USD 3200.00,GeoRipper - Parts,,,0.00,0.00,0.00,0.00,true,,goods,2,,,Active,EA,GREB500-GW,,,,,USD 1029.89,GeoRipper - Part,,Finished Goods,fifo,,,0.00,USD 0.00,"Small GeoRipper Box ""A""",BX-4,1.000000,Assembly,
6212012000000446210,GeoRipper e/B 500 GW,,USD 3200.00,GeoRipper - Parts,,,0.00,0.00,0.00,0.00,true,,goods,2,,,Active,EA,GREB500-GW,,,,,USD 1029.89,GeoRipper - Part,,Finished Goods,fifo,,,0.00,USD 0.00,"GeoRipper Box ""Stabilizer""",BX-5,4.000000,Assembly,
6212012000000446210,GeoRipper e/B 500 GW,,USD 3200.00,GeoRipper - Parts,,,0.00,0.00,0.00,0.00,true,,goods,2,,,Active,EA,GREB500-GW,,,,,USD 1029.89,GeoRipper - Part,,Finished Goods,fifo,,,0.00,USD 0.00,GeoRipper Box Tray,BX-6,1.000000,Assembly,
6212012000000446210,GeoRipper e/B 500 GW,,USD 3200.00,GeoRipper - Parts,,,0.00,0.00,0.00,0.00,true,,goods,2,,,Active,EA,GREB500-GW,,,,,USD 1029.89,GeoRipper - Part,,Finished Goods,fifo,,,0.00,USD 0.00,Green PVC Tool Bag,MT0099,1.000000,Assembly,
6212012000000446210,GeoRipper e/B 500 GW,,USD 3200.00,GeoRipper - Parts,,,0.00,0.00,0.00,0.00,true,,goods,2,,,Active,EA,GREB500-GW,,,,,USD 1029.89,GeoRipper - Part,,Finished Goods,fifo,,,0.00,USD 0.00,EZ Kart Lower Throttle Adapter GreenWorks,EZ3GW,1.000000,Assembly,
6212012000000446210,GeoRipper e/B 500 GW,,USD 3200.00,GeoRipper - Parts,,,0.00,0.00,0.00,0.00,true,,goods,2,,,Active,EA,GREB500-GW,,,,,USD 1029.89,GeoRipper - Part,,Finished Goods,fifo,,,0.00,USD 0.00,18mm Embossed Wrench,MT0018,1.000000,Assembly,
6212012000000446210,GeoRipper e/B 500 GW,,USD 3200.00,GeoRipper - Parts,,,0.00,0.00,0.00,0.00,true,,goods,2,,,Active,EA,GREB500-GW,,,,,USD 1029.89,GeoRipper - Part,,Finished Goods,fifo,,,0.00,USD 0.00,13mm Embossed Wrench,MT0013,1.000000,Assembly,
6212012000000446210,GeoRipper e/B 500 GW,,USD 3200.00,GeoRipper - Parts,,,0.00,0.00,0.00,0.00,true,,goods,2,,,Active,EA,GREB500-GW,,,,,USD 1029.89,GeoRipper - Part,,Finished Goods,fifo,,,0.00,USD 0.00,Bearing (Sealed) 6002-RS2,GR1.2,1.000000,Assembly,
6212012000000446210,GeoRipper e/B 500 GW,,USD 3200.00,GeoRipper - Parts,,,0.00,0.00,0.00,0.00,true,,goods,2,,,Active,EA,GREB500-GW,,,,,USD 1029.89,GeoRipper - Part,,Finished Goods,fifo,,,0.00,USD 0.00,M8x1.25x20 Countersunk 5mm Hex Drive Bolt 12.9grade,GR0.3.2,3.000000,Assembly,
6212012000000446210,GeoRipper e/B 500 GW,,USD 3200.00,GeoRipper - Parts,,,0.00,0.00,0.00,0.00,true,,goods,2,,,Active,EA,GREB500-GW,,,,,USD 1029.89,GeoRipper - Part,,Finished Goods,fifo,,,0.00,USD 0.00,#50H Heavy Connecting Link Spring Clip,MT4004,1.000000,Assembly,
6212012000000446210,GeoRipper e/B 500 GW,,USD 3200.00,GeoRipper - Parts,,,0.00,0.00,0.00,0.00,true,,goods,2,,,Active,EA,GREB500-GW,,,,,USD 1029.89,GeoRipper - Part,,Finished Goods,fifo,,,0.00,USD 0.00,GeoRipper Owner's Manual,GR-LIT-OM,1.000000,Assembly,
6212012000000446210,GeoRipper e/B 500 GW,,USD 3200.00,GeoRipper - Parts,,,0.00,0.00,0.00,0.00,true,,goods,2,,,Active,EA,GREB500-GW,,,,,USD 1029.89,GeoRipper - Part,,Finished Goods,fifo,,,0.00,USD 0.00,GeoRipper Warranty Postcard,GR-LIT-WP,1.000000,Assembly,
6212012000000446210,GeoRipper e/B 500 GW,,USD 3200.00,GeoRipper - Parts,,,0.00,0.00,0.00,0.00,true,,goods,2,,,Active,EA,GREB500-GW,,,,,USD 1029.89,GeoRipper - Part,,Finished Goods,fifo,,,0.00,USD 0.00,M8 X 1.25 X 35 Hex Bolt,MT0835,1.000000,Assembly,
6212012000000446210,GeoRipper e/B 500 GW,,USD 3200.00,GeoRipper - Parts,,,0.00,0.00,0.00,0.00,true,,goods,2,,,Active,EA,GREB500-GW,,,,,USD 1029.89,GeoRipper - Part,,Finished Goods,fifo,,,0.00,USD 0.00,Sticker - 811 - Call Before You Dig,GRS3,1.000000,Assembly,
6212012000000446210,GeoRipper e/B 500 GW,,USD 3200.00,GeoRipper - Parts,,,0.00,0.00,0.00,0.00,true,,goods,2,,,Active,EA,GREB500-GW,,,,,USD 1029.89,GeoRipper - Part,,Finished Goods,fifo,,,0.00,USD 0.00,Sticker - GR WARNING,GRS6,1.000000,Assembly,
6212012000000446210,GeoRipper e/B 500 GW,,USD 3200.00,GeoRipper - Parts,,,0.00,0.00,0.00,0.00,true,,goods,2,,,Active,EA,GREB500-GW,,,,,USD 1029.89,GeoRipper - Part,,Finished Goods,fifo,,,0.00,USD 0.00,Safety Bar - 500 Series GeoRipperT/A,MT7500,1.000000,Assembly,
6212012000000446210,GeoRipper e/B 500 GW,,USD 3200.00,GeoRipper - Parts,,,0.00,0.00,0.00,0.00,true,,goods,2,,,Active,EA,GREB500-GW,,,,,USD 1029.89,GeoRipper - Part,,Finished Goods,fifo,,,0.00,USD 0.00,M8 x 1.25 x 12 Bolt for Safety Bar,MT0812,2.000000,Assembly,
6212012000000446210,GeoRipper e/B 500 GW,,USD 3200.00,GeoRipper - Parts,,,0.00,0.00,0.00,0.00,true,,goods,2,,,Active,EA,GREB500-GW,,,,,USD 1029.89,GeoRipper - Part,,Finished Goods,fifo,,,0.00,USD 0.00,M8 split lock washer zinc plated,MT0804,2.000000,Assembly,
6212012000000446297,The GeoRipper 20 w/ EZ Kart,,USD 2999.00,GeoRipper - Units,,Makita USA,70.00,36.00,15.00,25.00,true,,goods,2,,,Active,Kit,GR520EZ,,,,,USD 759.08,Georipper - Unit,,Finished Goods,fifo,,,0.00,USD 0.00,The GeoRipper Engine,GR457,1.000000,Assembly,
6212012000000446297,The GeoRipper 20 w/ EZ Kart,,USD 2999.00,GeoRipper - Units,,Makita USA,70.00,36.00,15.00,25.00,true,,goods,2,,,Active,Kit,GR520EZ,,,,,USD 759.08,Georipper - Unit,,Finished Goods,fifo,,,0.00,USD 0.00,GeoRipper Minitrencher 20-Inch Digging Bar,MT3500,1.000000,Assembly,
6212012000000446297,The GeoRipper 20 w/ EZ Kart,,USD 2999.00,GeoRipper - Units,,Makita USA,70.00,36.00,15.00,25.00,true,,goods,2,,,Active,Kit,GR520EZ,,,,,USD 759.08,Georipper - Unit,,Finished Goods,fifo,,,0.00,USD 0.00,"20"" Digging Chain (Single Chain)",MT4500,2.000000,Assembly,
6212012000000446297,The GeoRipper 20 w/ EZ Kart,,USD 2999.00,GeoRipper - Units,,Makita USA,70.00,36.00,15.00,25.00,true,,goods,2,,,Active,Kit,GR520EZ,,,,,USD 759.08,Georipper - Unit,,Finished Goods,fifo,,,0.00,USD 0.00,"GeoRipper Box ""Stabilizer""",BX-5,3.000000,Assembly,
6212012000000446297,The GeoRipper 20 w/ EZ Kart,,USD 2999.00,GeoRipper - Units,,Makita USA,70.00,36.00,15.00,25.00,true,,goods,2,,,Active,Kit,GR520EZ,,,,,USD 759.08,Georipper - Unit,,Finished Goods,fifo,,,0.00,USD 0.00,GeoRipper Box Tray,BX-6,1.000000,Assembly,
6212012000000446297,The GeoRipper 20 w/ EZ Kart,,USD 2999.00,GeoRipper - Units,,Makita USA,70.00,36.00,15.00,25.00,true,,goods,2,,,Active,Kit,GR520EZ,,,,,USD 759.08,Georipper - Unit,,Finished Goods,fifo,,,0.00,USD 0.00,Safety Bar - 500 Series GeoRipperT/A,MT7500,1.000000,Assembly,
6212012000000446297,The GeoRipper 20 w/ EZ Kart,,USD 2999.00,GeoRipper - Units,,Makita USA,70.00,36.00,15.00,25.00,true,,goods,2,,,Active,Kit,GR520EZ,,,,,USD 759.08,Georipper - Unit,,Finished Goods,fifo,,,0.00,USD 0.00,GeoRipper Minitrencher Universal EZ Kart,EZ100,1.000000,Assembly,
6212012000000446297,The GeoRipper 20 w/ EZ Kart,,USD 2999.00,GeoRipper - Units,,Makita USA,70.00,36.00,15.00,25.00,true,,goods,2,,,Active,Kit,GR520EZ,,,,,USD 759.08,Georipper - Unit,,Finished Goods,fifo,,,0.00,USD 0.00,Warehouse Hourly Labor,Labor30,1.000000,Assembly,
6212012000000446297,The GeoRipper 20 w/ EZ Kart,,USD 2999.00,GeoRipper - Units,,Makita USA,70.00,36.00,15.00,25.00,true,,goods,2,,,Active,Kit,GR520EZ,,,,,USD 759.08,Georipper - Unit,,Finished Goods,fifo,,,0.00,USD 0.00,"Large GeoRipper Box ""B""",BX-3,1.000000,Assembly,
6212012000000446332,GeoRipper e/B GW,"Converted Motor - No Bar, No Chains",USD 1783.33,GeoRipper - Parts,,,0.00,0.00,0.00,0.00,true,,goods,2,,,Active,EA,GREB-GW00,,,,,USD 879.87,GeoRipper - Part,,Finished Goods,fifo,,,0.00,USD 0.00,"82V 12"" 2.5kW Power Cutter Tool Only - GreenWorks",GW82PC12,1.000000,Assembly,
6212012000000446332,GeoRipper e/B GW,"Converted Motor - No Bar, No Chains",USD 1783.33,GeoRipper - Parts,,,0.00,0.00,0.00,0.00,true,,goods,2,,,Active,EA,GREB-GW00,,,,,USD 879.87,GeoRipper - Part,,Finished Goods,fifo,,,0.00,USD 0.00,82V 8Ah Battery w/ Bluetooth and Digital Readout - GreenWorks,GW82BD800,1.000000,Assembly,
6212012000000446332,GeoRipper e/B GW,"Converted Motor - No Bar, No Chains",USD 1783.33,GeoRipper - Parts,,,0.00,0.00,0.00,0.00,true,,goods,2,,,Active,EA,GREB-GW00,,,,,USD 879.87,GeoRipper - Part,,Finished Goods,fifo,,,0.00,USD 0.00,82V Dual Port Charger - GreenWorks,GW82DPC8A,1.000000,Assembly,
6212012000000446332,GeoRipper e/B GW,"Converted Motor - No Bar, No Chains",USD 1783.33,GeoRipper - Parts,,,0.00,0.00,0.00,0.00,true,,goods,2,,,Active,EA,GREB-GW00,,,,,USD 879.87,GeoRipper - Part,,Finished Goods,fifo,,,0.00,USD 0.00,G1000 GeoRipper Adapter for Greenworks,G1000,1.000000,Assembly,
6212012000000446332,GeoRipper e/B GW,"Converted Motor - No Bar, No Chains",USD 1783.33,GeoRipper - Parts,,,0.00,0.00,0.00,0.00,true,,goods,2,,,Active,EA,GREB-GW00,,,,,USD 879.87,GeoRipper - Part,,Finished Goods,fifo,,,0.00,USD 0.00,Dirt Deflector,MT8001,1.000000,Assembly,
6212012000000446332,GeoRipper e/B GW,"Converted Motor - No Bar, No Chains",USD 1783.33,GeoRipper - Parts,,,0.00,0.00,0.00,0.00,true,,goods,2,,,Active,EA,GREB-GW00,,,,,USD 879.87,GeoRipper - Part,,Finished Goods,fifo,,,0.00,USD 0.00,Mud Flap A,MT8002,1.000000,Assembly,
6212012000000446332,GeoRipper e/B GW,"Converted Motor - No Bar, No Chains",USD 1783.33,GeoRipper - Parts,,,0.00,0.00,0.00,0.00,true,,goods,2,,,Active,EA,GREB-GW00,,,,,USD 879.87,GeoRipper - Part,,Finished Goods,fifo,,,0.00,USD 0.00,Mud Flap B,MT8003,1.000000,Assembly,
6212012000000446332,GeoRipper e/B GW,"Converted Motor - No Bar, No Chains",USD 1783.33,GeoRipper - Parts,,,0.00,0.00,0.00,0.00,true,,goods,2,,,Active,EA,GREB-GW00,,,,,USD 879.87,GeoRipper - Part,,Finished Goods,fifo,,,0.00,USD 0.00,M5 X .8 X 16 Phillips Flat Machine Screw Plated,GR5.8,6.000000,Assembly,
6212012000000446332,GeoRipper e/B GW,"Converted Motor - No Bar, No Chains",USD 1783.33,GeoRipper - Parts,,,0.00,0.00,0.00,0.00,true,,goods,2,,,Active,EA,GREB-GW00,,,,,USD 879.87,GeoRipper - Part,,Finished Goods,fifo,,,0.00,USD 0.00,M5 x 18mm fender washer,GR5.12,6.000000,Assembly,
6212012000000446332,GeoRipper e/B GW,"Converted Motor - No Bar, No Chains",USD 1783.33,GeoRipper - Parts,,,0.00,0.00,0.00,0.00,true,,goods,2,,,Active,EA,GREB-GW00,,,,,USD 879.87,GeoRipper - Part,,Finished Goods,fifo,,,0.00,USD 0.00,M5 Nylock hex nut,GR5.11,6.000000,Assembly,
6212012000000446332,GeoRipper e/B GW,"Converted Motor - No Bar, No Chains",USD 1783.33,GeoRipper - Parts,,,0.00,0.00,0.00,0.00,true,,goods,2,,,Active,EA,GREB-GW00,,,,,USD 879.87,GeoRipper - Part,,Finished Goods,fifo,,,0.00,USD 0.00,Bar Clamp Washer - Slotted,GR5.2,1.000000,Assembly,
6212012000000446332,GeoRipper e/B GW,"Converted Motor - No Bar, No Chains",USD 1783.33,GeoRipper - Parts,,,0.00,0.00,0.00,0.00,true,,goods,2,,,Active,EA,GREB-GW00,,,,,USD 879.87,GeoRipper - Part,,Finished Goods,fifo,,,0.00,USD 0.00,M12 X 1.75 X 30 Bolt 18mm Head,GR5.3,2.000000,Assembly,
6212012000000446332,GeoRipper e/B GW,"Converted Motor - No Bar, No Chains",USD 1783.33,GeoRipper - Parts,,,0.00,0.00,0.00,0.00,true,,goods,2,,,Active,EA,GREB-GW00,,,,,USD 879.87,GeoRipper - Part,,Finished Goods,fifo,,,0.00,USD 0.00,M12 Split Lock Washer,GR5.4,2.000000,Assembly,
6212012000000446332,GeoRipper e/B GW,"Converted Motor - No Bar, No Chains",USD 1783.33,GeoRipper - Parts,,,0.00,0.00,0.00,0.00,true,,goods,2,,,Active,EA,GREB-GW00,,,,,USD 879.87,GeoRipper - Part,,Finished Goods,fifo,,,0.00,USD 0.00,M4-0.70 x 20mm Hex cap screw,MT0420,9.000000,Assembly,
6212012000000446332,GeoRipper e/B GW,"Converted Motor - No Bar, No Chains",USD 1783.33,GeoRipper - Parts,,,0.00,0.00,0.00,0.00,true,,goods,2,,,Active,EA,GREB-GW00,,,,,USD 879.87,GeoRipper - Part,,Finished Goods,fifo,,,0.00,USD 0.00,Drive Adapter for GreenWorks,G1002,1.000000,Assembly,
6212012000000446332,GeoRipper e/B GW,"Converted Motor - No Bar, No Chains",USD 1783.33,GeoRipper - Parts,,,0.00,0.00,0.00,0.00,true,,goods,2,,,Active,EA,GREB-GW00,,,,,USD 879.87,GeoRipper - Part,,Finished Goods,fifo,,,0.00,USD 0.00,Minitrencher Drive Sprocket for GeoRipper and GeoRipper(R)T/A,MT9001,1.000000,Assembly,
6212012000000446332,GeoRipper e/B GW,"Converted Motor - No Bar, No Chains",USD 1783.33,GeoRipper - Parts,,,0.00,0.00,0.00,0.00,true,,goods,2,,,Active,EA,GREB-GW00,,,,,USD 879.87,GeoRipper - Part,,Finished Goods,fifo,,,0.00,USD 0.00,M8 X 1.25 X 35 Hex Bolt,MT0835,1.000000,Assembly,
6212012000000446332,GeoRipper e/B GW,"Converted Motor - No Bar, No Chains",USD 1783.33,GeoRipper - Parts,,,0.00,0.00,0.00,0.00,true,,goods,2,,,Active,EA,GREB-GW00,,,,,USD 879.87,GeoRipper - Part,,Finished Goods,fifo,,,0.00,USD 0.00,M8 Zinc Plated Washer,MT0800,1.000000,Assembly,
6212012000000446332,GeoRipper e/B GW,"Converted Motor - No Bar, No Chains",USD 1783.33,GeoRipper - Parts,,,0.00,0.00,0.00,0.00,true,,goods,2,,,Active,EA,GREB-GW00,,,,,USD 879.87,GeoRipper - Part,,Finished Goods,fifo,,,0.00,USD 0.00,Bearing (Sealed) 6002-RS2,GR1.2,1.000000,Assembly,
6212012000000446332,GeoRipper e/B GW,"Converted Motor - No Bar, No Chains",USD 1783.33,GeoRipper - Parts,,,0.00,0.00,0.00,0.00,true,,goods,2,,,Active,EA,GREB-GW00,,,,,USD 879.87,GeoRipper - Part,,Finished Goods,fifo,,,0.00,USD 0.00,Sticker - 811 - Call Before You Dig,GRS3,1.000000,Assembly,
6212012000000446332,GeoRipper e/B GW,"Converted Motor - No Bar, No Chains",USD 1783.33,GeoRipper - Parts,,,0.00,0.00,0.00,0.00,true,,goods,2,,,Active,EA,GREB-GW00,,,,,USD 879.87,GeoRipper - Part,,Finished Goods,fifo,,,0.00,USD 0.00,Sticker - GR WARNING,GRS6,1.000000,Assembly,
6212012000000446332,GeoRipper e/B GW,"Converted Motor - No Bar, No Chains",USD 1783.33,GeoRipper - Parts,,,0.00,0.00,0.00,0.00,true,,goods,2,,,Active,EA,GREB-GW00,,,,,USD 879.87,GeoRipper - Part,,Finished Goods,fifo,,,0.00,USD 0.00,"Small GeoRipper Box ""A""",BX-4,1.000000,Assembly,
6212012000000446332,GeoRipper e/B GW,"Converted Motor - No Bar, No Chains",USD 1783.33,GeoRipper - Parts,,,0.00,0.00,0.00,0.00,true,,goods,2,,,Active,EA,GREB-GW00,,,,,USD 879.87,GeoRipper - Part,,Finished Goods,fifo,,,0.00,USD 0.00,"GeoRipper Box ""Stabilizer""",BX-5,4.000000,Assembly,
6212012000000446332,GeoRipper e/B GW,"Converted Motor - No Bar, No Chains",USD 1783.33,GeoRipper - Parts,,,0.00,0.00,0.00,0.00,true,,goods,2,,,Active,EA,GREB-GW00,,,,,USD 879.87,GeoRipper - Part,,Finished Goods,fifo,,,0.00,USD 0.00,GeoRipper Box Tray,BX-6,1.000000,Assembly,
6212012000000447067,GeoRipper(R)T/A H400 W/O EZ Kart,,USD 1400.00,GeoRipper - Units,GeoRipper,MiniTrencher,46.00,30.00,11.00,6.00,true,,goods,2,,,Active,EA,GRTA-H400-NOEZ,810075761238,810075761238,,22A,USD 303.48,Georipper - Unit,,Finished Goods,fifo,,,0.00,USD 0.00,Husqvarna T/A Casting,H1000,1.000000,Assembly,
6212012000000447067,GeoRipper(R)T/A H400 W/O EZ Kart,,USD 1400.00,GeoRipper - Units,GeoRipper,MiniTrencher,46.00,30.00,11.00,6.00,true,,goods,2,,,Active,EA,GRTA-H400-NOEZ,810075761238,810075761238,,22A,USD 303.48,Georipper - Unit,,Finished Goods,fifo,,,0.00,USD 0.00,Bearing - 6203 RS,MT0062,2.000000,Assembly,
6212012000000447067,GeoRipper(R)T/A H400 W/O EZ Kart,,USD 1400.00,GeoRipper - Units,GeoRipper,MiniTrencher,46.00,30.00,11.00,6.00,true,,goods,2,,,Active,EA,GRTA-H400-NOEZ,810075761238,810075761238,,22A,USD 303.48,Georipper - Unit,,Finished Goods,fifo,,,0.00,USD 0.00,R40 Snap Ring,MT0040,1.000000,Assembly,
6212012000000447067,GeoRipper(R)T/A H400 W/O EZ Kart,,USD 1400.00,GeoRipper - Units,GeoRipper,MiniTrencher,46.00,30.00,11.00,6.00,true,,goods,2,,,Active,EA,GRTA-H400-NOEZ,810075761238,810075761238,,22A,USD 303.48,Georipper - Unit,,Finished Goods,fifo,,,0.00,USD 0.00,Drive Axle for all GeoRipperT/A,MT9002,1.000000,Assembly,
6212012000000447067,GeoRipper(R)T/A H400 W/O EZ Kart,,USD 1400.00,GeoRipper - Units,GeoRipper,MiniTrencher,46.00,30.00,11.00,6.00,true,,goods,2,,,Active,EA,GRTA-H400-NOEZ,810075761238,810075761238,,22A,USD 303.48,Georipper - Unit,,Finished Goods,fifo,,,0.00,USD 0.00,Spacer,MT0010,1.000000,Assembly,
6212012000000447067,GeoRipper(R)T/A H400 W/O EZ Kart,,USD 1400.00,GeoRipper - Units,GeoRipper,MiniTrencher,46.00,30.00,11.00,6.00,true,,goods,2,,,Active,EA,GRTA-H400-NOEZ,810075761238,810075761238,,22A,USD 303.48,Georipper - Unit,,Finished Goods,fifo,,,0.00,USD 0.00,Labyrinth for all GeoRipperT/A,MT9003,1.000000,Assembly,
6212012000000447067,GeoRipper(R)T/A H400 W/O EZ Kart,,USD 1400.00,GeoRipper - Units,GeoRipper,MiniTrencher,46.00,30.00,11.00,6.00,true,,goods,2,,,Active,EA,GRTA-H400-NOEZ,810075761238,810075761238,,22A,USD 303.48,Georipper - Unit,,Finished Goods,fifo,,,0.00,USD 0.00,Minitrencher Drive Sprocket for GeoRipper and GeoRipper(R)T/A,MT9001,1.000000,Assembly,
6212012000000447067,GeoRipper(R)T/A H400 W/O EZ Kart,,USD 1400.00,GeoRipper - Units,GeoRipper,MiniTrencher,46.00,30.00,11.00,6.00,true,,goods,2,,,Active,EA,GRTA-H400-NOEZ,810075761238,810075761238,,22A,USD 303.48,Georipper - Unit,,Finished Goods,fifo,,,0.00,USD 0.00,Pulley for Husqvarna K970 GeoRipperT/A,H1002,1.000000,Assembly,
6212012000000447067,GeoRipper(R)T/A H400 W/O EZ Kart,,USD 1400.00,GeoRipper - Units,GeoRipper,MiniTrencher,46.00,30.00,11.00,6.00,true,,goods,2,,,Active,EA,GRTA-H400-NOEZ,810075761238,810075761238,,22A,USD 303.48,Georipper - Unit,,Finished Goods,fifo,,,0.00,USD 0.00,M8 Zinc Plated Washer,MT0800,2.000000,Assembly,
6212012000000447067,GeoRipper(R)T/A H400 W/O EZ Kart,,USD 1400.00,GeoRipper - Units,GeoRipper,MiniTrencher,46.00,30.00,11.00,6.00,true,,goods,2,,,Active,EA,GRTA-H400-NOEZ,810075761238,810075761238,,22A,USD 303.48,Georipper - Unit,,Finished Goods,fifo,,,0.00,USD 0.00,Dirt Deflector,MT8001,1.000000,Assembly,
6212012000000447067,GeoRipper(R)T/A H400 W/O EZ Kart,,USD 1400.00,GeoRipper - Units,GeoRipper,MiniTrencher,46.00,30.00,11.00,6.00,true,,goods,2,,,Active,EA,GRTA-H400-NOEZ,810075761238,810075761238,,22A,USD 303.48,Georipper - Unit,,Finished Goods,fifo,,,0.00,USD 0.00,Mud Flap A,MT8002,1.000000,Assembly,
6212012000000447067,GeoRipper(R)T/A H400 W/O EZ Kart,,USD 1400.00,GeoRipper - Units,GeoRipper,MiniTrencher,46.00,30.00,11.00,6.00,true,,goods,2,,,Active,EA,GRTA-H400-NOEZ,810075761238,810075761238,,22A,USD 303.48,Georipper - Unit,,Finished Goods,fifo,,,0.00,USD 0.00,Mud Flap B,MT8003,1.000000,Assembly,
6212012000000447067,GeoRipper(R)T/A H400 W/O EZ Kart,,USD 1400.00,GeoRipper - Units,GeoRipper,MiniTrencher,46.00,30.00,11.00,6.00,true,,goods,2,,,Active,EA,GRTA-H400-NOEZ,810075761238,810075761238,,22A,USD 303.48,Georipper - Unit,,Finished Goods,fifo,,,0.00,USD 0.00,M5 X .8 X 16 Phillips Flat Machine Screw Plated,GR5.8,6.000000,Assembly,
6212012000000447067,GeoRipper(R)T/A H400 W/O EZ Kart,,USD 1400.00,GeoRipper - Units,GeoRipper,MiniTrencher,46.00,30.00,11.00,6.00,true,,goods,2,,,Active,EA,GRTA-H400-NOEZ,810075761238,810075761238,,22A,USD 303.48,Georipper - Unit,,Finished Goods,fifo,,,0.00,USD 0.00,M5 x 18mm fender washer,GR5.12,6.000000,Assembly,
6212012000000447067,GeoRipper(R)T/A H400 W/O EZ Kart,,USD 1400.00,GeoRipper - Units,GeoRipper,MiniTrencher,46.00,30.00,11.00,6.00,true,,goods,2,,,Active,EA,GRTA-H400-NOEZ,810075761238,810075761238,,22A,USD 303.48,Georipper - Unit,,Finished Goods,fifo,,,0.00,USD 0.00,M5 Nylock hex nut,GR5.11,6.000000,Assembly,
6212012000000447067,GeoRipper(R)T/A H400 W/O EZ Kart,,USD 1400.00,GeoRipper - Units,GeoRipper,MiniTrencher,46.00,30.00,11.00,6.00,true,,goods,2,,,Active,EA,GRTA-H400-NOEZ,810075761238,810075761238,,22A,USD 303.48,Georipper - Unit,,Finished Goods,fifo,,,0.00,USD 0.00,Bar Clamp Washer - Slotted,GR5.2,1.000000,Assembly,
6212012000000447067,GeoRipper(R)T/A H400 W/O EZ Kart,,USD 1400.00,GeoRipper - Units,GeoRipper,MiniTrencher,46.00,30.00,11.00,6.00,true,,goods,2,,,Active,EA,GRTA-H400-NOEZ,810075761238,810075761238,,22A,USD 303.48,Georipper - Unit,,Finished Goods,fifo,,,0.00,USD 0.00,M12 X 1.75 X 30 Bolt 18mm Head,GR5.3,2.000000,Assembly,
6212012000000447067,GeoRipper(R)T/A H400 W/O EZ Kart,,USD 1400.00,GeoRipper - Units,GeoRipper,MiniTrencher,46.00,30.00,11.00,6.00,true,,goods,2,,,Active,EA,GRTA-H400-NOEZ,810075761238,810075761238,,22A,USD 303.48,Georipper - Unit,,Finished Goods,fifo,,,0.00,USD 0.00,M12 Split Lock Washer,GR5.4,2.000000,Assembly,
6212012000000447067,GeoRipper(R)T/A H400 W/O EZ Kart,,USD 1400.00,GeoRipper - Units,GeoRipper,MiniTrencher,46.00,30.00,11.00,6.00,true,,goods,2,,,Active,EA,GRTA-H400-NOEZ,810075761238,810075761238,,22A,USD 303.48,Georipper - Unit,,Finished Goods,fifo,,,0.00,USD 0.00,M8 x 1.25 x 12 Bolt for Safety Bar,MT0812,2.000000,Assembly,
6212012000000447067,GeoRipper(R)T/A H400 W/O EZ Kart,,USD 1400.00,GeoRipper - Units,GeoRipper,MiniTrencher,46.00,30.00,11.00,6.00,true,,goods,2,,,Active,EA,GRTA-H400-NOEZ,810075761238,810075761238,,22A,USD 303.48,Georipper - Unit,,Finished Goods,fifo,,,0.00,USD 0.00,M8 split lock washer zinc plated,MT0804,2.000000,Assembly,
6212012000000447067,GeoRipper(R)T/A H400 W/O EZ Kart,,USD 1400.00,GeoRipper - Units,GeoRipper,MiniTrencher,46.00,30.00,11.00,6.00,true,,goods,2,,,Active,EA,GRTA-H400-NOEZ,810075761238,810075761238,,22A,USD 303.48,Georipper - Unit,,Finished Goods,fifo,,,0.00,USD 0.00,M8 x 1.25 x 65 Zinc-Plated Hex Bolt,MT0865,3.000000,Assembly,
6212012000000447067,GeoRipper(R)T/A H400 W/O EZ Kart,,USD 1400.00,GeoRipper - Units,GeoRipper,MiniTrencher,46.00,30.00,11.00,6.00,true,,goods,2,,,Active,EA,GRTA-H400-NOEZ,810075761238,810075761238,,22A,USD 303.48,Georipper - Unit,,Finished Goods,fifo,,,0.00,USD 0.00,M8 Acorn Nut,MT0801,3.000000,Assembly,
6212012000000447067,GeoRipper(R)T/A H400 W/O EZ Kart,,USD 1400.00,GeoRipper - Units,GeoRipper,MiniTrencher,46.00,30.00,11.00,6.00,true,,goods,2,,,Active,EA,GRTA-H400-NOEZ,810075761238,810075761238,,22A,USD 303.48,Georipper - Unit,,Finished Goods,fifo,,,0.00,USD 0.00,Belt for Husqvarna K970,MTB97-00,1.000000,Assembly,
6212012000000447067,GeoRipper(R)T/A H400 W/O EZ Kart,,USD 1400.00,GeoRipper - Units,GeoRipper,MiniTrencher,46.00,30.00,11.00,6.00,true,,goods,2,,,Active,EA,GRTA-H400-NOEZ,810075761238,810075761238,,22A,USD 303.48,Georipper - Unit,,Finished Goods,fifo,,,0.00,USD 0.00,Pulley for 'The GeoRipper' & Husqvarna K770 GeoRipperT/A,H1001,1.000000,Assembly,
6212012000000447067,GeoRipper(R)T/A H400 W/O EZ Kart,,USD 1400.00,GeoRipper - Units,GeoRipper,MiniTrencher,46.00,30.00,11.00,6.00,true,,goods,2,,,Active,EA,GRTA-H400-NOEZ,810075761238,810075761238,,22A,USD 303.48,Georipper - Unit,,Finished Goods,fifo,,,0.00,USD 0.00,"Belt for 'The GeoRipper', Husqvarna K770 & Echo CSG-7410",MTB77-00,1.000000,Assembly,
6212012000000447067,GeoRipper(R)T/A H400 W/O EZ Kart,,USD 1400.00,GeoRipper - Units,GeoRipper,MiniTrencher,46.00,30.00,11.00,6.00,true,,goods,2,,,Active,EA,GRTA-H400-NOEZ,810075761238,810075761238,,22A,USD 303.48,Georipper - Unit,,Finished Goods,fifo,,,0.00,USD 0.00,Green PVC Tool Bag,MT0099,1.000000,Assembly,
6212012000000447067,GeoRipper(R)T/A H400 W/O EZ Kart,,USD 1400.00,GeoRipper - Units,GeoRipper,MiniTrencher,46.00,30.00,11.00,6.00,true,,goods,2,,,Active,EA,GRTA-H400-NOEZ,810075761238,810075761238,,22A,USD 303.48,Georipper - Unit,,Finished Goods,fifo,,,0.00,USD 0.00,13mm Embossed Wrench,MT0013,1.000000,Assembly,
6212012000000447067,GeoRipper(R)T/A H400 W/O EZ Kart,,USD 1400.00,GeoRipper - Units,GeoRipper,MiniTrencher,46.00,30.00,11.00,6.00,true,,goods,2,,,Active,EA,GRTA-H400-NOEZ,810075761238,810075761238,,22A,USD 303.48,Georipper - Unit,,Finished Goods,fifo,,,0.00,USD 0.00,18mm Embossed Wrench,MT0018,1.000000,Assembly,
6212012000000447067,GeoRipper(R)T/A H400 W/O EZ Kart,,USD 1400.00,GeoRipper - Units,GeoRipper,MiniTrencher,46.00,30.00,11.00,6.00,true,,goods,2,,,Active,EA,GRTA-H400-NOEZ,810075761238,810075761238,,22A,USD 303.48,Georipper - Unit,,Finished Goods,fifo,,,0.00,USD 0.00,Bearing (Sealed) 6002-RS2,GR1.2,1.000000,Assembly,
6212012000000447067,GeoRipper(R)T/A H400 W/O EZ Kart,,USD 1400.00,GeoRipper - Units,GeoRipper,MiniTrencher,46.00,30.00,11.00,6.00,true,,goods,2,,,Active,EA,GRTA-H400-NOEZ,810075761238,810075761238,,22A,USD 303.48,Georipper - Unit,,Finished Goods,fifo,,,0.00,USD 0.00,#50H Heavy Connecting Link Spring Clip,MT4004,1.000000,Assembly,
6212012000000447067,GeoRipper(R)T/A H400 W/O EZ Kart,,USD 1400.00,GeoRipper - Units,GeoRipper,MiniTrencher,46.00,30.00,11.00,6.00,true,,goods,2,,,Active,EA,GRTA-H400-NOEZ,810075761238,810075761238,,22A,USD 303.48,Georipper - Unit,,Finished Goods,fifo,,,0.00,USD 0.00,M8x1.25x20 Countersunk 5mm Hex Drive Bolt 12.9grade,GR0.3.2,3.000000,Assembly,
6212012000000447067,GeoRipper(R)T/A H400 W/O EZ Kart,,USD 1400.00,GeoRipper - Units,GeoRipper,MiniTrencher,46.00,30.00,11.00,6.00,true,,goods,2,,,Active,EA,GRTA-H400-NOEZ,810075761238,810075761238,,22A,USD 303.48,Georipper - Unit,,Finished Goods,fifo,,,0.00,USD 0.00,Foam Insert - GeoRipperT/A Box,MT0091,1.000000,Assembly,
6212012000000447067,GeoRipper(R)T/A H400 W/O EZ Kart,,USD 1400.00,GeoRipper - Units,GeoRipper,MiniTrencher,46.00,30.00,11.00,6.00,true,,goods,2,,,Active,EA,GRTA-H400-NOEZ,810075761238,810075761238,,22A,USD 303.48,Georipper - Unit,,Finished Goods,fifo,,,0.00,USD 0.00,Owners Manual - GeoRipperT/A,GRTA-LIT-OM,1.000000,Assembly,
6212012000000447067,GeoRipper(R)T/A H400 W/O EZ Kart,,USD 1400.00,GeoRipper - Units,GeoRipper,MiniTrencher,46.00,30.00,11.00,6.00,true,,goods,2,,,Active,EA,GRTA-H400-NOEZ,810075761238,810075761238,,22A,USD 303.48,Georipper - Unit,,Finished Goods,fifo,,,0.00,USD 0.00,GeoRipper Warranty Postcard,GR-LIT-WP,1.000000,Assembly,
6212012000000447067,GeoRipper(R)T/A H400 W/O EZ Kart,,USD 1400.00,GeoRipper - Units,GeoRipper,MiniTrencher,46.00,30.00,11.00,6.00,true,,goods,2,,,Active,EA,GRTA-H400-NOEZ,810075761238,810075761238,,22A,USD 303.48,Georipper - Unit,,Finished Goods,fifo,,,0.00,USD 0.00,"Complete 16"" Digging Bar",MT3400,1.000000,Assembly,
6212012000000447067,GeoRipper(R)T/A H400 W/O EZ Kart,,USD 1400.00,GeoRipper - Units,GeoRipper,MiniTrencher,46.00,30.00,11.00,6.00,true,,goods,2,,,Active,EA,GRTA-H400-NOEZ,810075761238,810075761238,,22A,USD 303.48,Georipper - Unit,,Finished Goods,fifo,,,0.00,USD 0.00,Warehouse Hourly Labor,Labor30,1.000000,Assembly,
6212012000000447067,GeoRipper(R)T/A H400 W/O EZ Kart,,USD 1400.00,GeoRipper - Units,GeoRipper,MiniTrencher,46.00,30.00,11.00,6.00,true,,goods,2,,,Active,EA,GRTA-H400-NOEZ,810075761238,810075761238,,22A,USD 303.48,Georipper - Unit,,Finished Goods,fifo,,,0.00,USD 0.00,Belt cover Orange K770 K970,MT7208-100-H,1.000000,Assembly,
6212012000000447067,GeoRipper(R)T/A H400 W/O EZ Kart,,USD 1400.00,GeoRipper - Units,GeoRipper,MiniTrencher,46.00,30.00,11.00,6.00,true,,goods,2,,,Active,EA,GRTA-H400-NOEZ,810075761238,810075761238,,22A,USD 303.48,Georipper - Unit,,Finished Goods,fifo,,,0.00,USD 0.00,M8-1.25 X 25 UNC HEX HEAD FLANGE BOLT GRADE 10.9,MT0825F,2.000000,Assembly,
6212012000000447067,GeoRipper(R)T/A H400 W/O EZ Kart,,USD 1400.00,GeoRipper - Units,GeoRipper,MiniTrencher,46.00,30.00,11.00,6.00,true,,goods,2,,,Active,EA,GRTA-H400-NOEZ,810075761238,810075761238,,22A,USD 303.48,Georipper - Unit,,Finished Goods,fifo,,,0.00,USD 0.00,Dirt Deflector Warning Sticker,GRS17,1.000000,Assembly,
6212012000000447067,GeoRipper(R)T/A H400 W/O EZ Kart,,USD 1400.00,GeoRipper - Units,GeoRipper,MiniTrencher,46.00,30.00,11.00,6.00,true,,goods,2,,,Active,EA,GRTA-H400-NOEZ,810075761238,810075761238,,22A,USD 303.48,Georipper - Unit,,Finished Goods,fifo,,,0.00,USD 0.00,Safety Bar - 400 Series GeoRipperT/A,MT7400,1.000000,Assembly,
6212012000000447067,GeoRipper(R)T/A H400 W/O EZ Kart,,USD 1400.00,GeoRipper - Units,GeoRipper,MiniTrencher,46.00,30.00,11.00,6.00,true,,goods,2,,,Active,EA,GRTA-H400-NOEZ,810075761238,810075761238,,22A,USD 303.48,Georipper - Unit,,Finished Goods,fifo,,,0.00,USD 0.00,"16"" Digging Chain (Single Chain)",MT4400,2.000000,Assembly,
6212012000000447067,GeoRipper(R)T/A H400 W/O EZ Kart,,USD 1400.00,GeoRipper - Units,GeoRipper,MiniTrencher,46.00,30.00,11.00,6.00,true,,goods,2,,,Active,EA,GRTA-H400-NOEZ,810075761238,810075761238,,22A,USD 303.48,Georipper - Unit,,Finished Goods,fifo,,,0.00,USD 0.00,Box - TA500,MT95195,1.000000,Assembly,
6212012000000447067,GeoRipper(R)T/A H400 W/O EZ Kart,,USD 1400.00,GeoRipper - Units,GeoRipper,MiniTrencher,46.00,30.00,11.00,6.00,true,,goods,2,,,Active,EA,GRTA-H400-NOEZ,810075761238,810075761238,,22A,USD 303.48,Georipper - Unit,,Finished Goods,fifo,,,0.00,USD 0.00,Sticker - Hand Entanglement/Chain Drive,GRS11,1.000000,Assembly,
6212012000000447166,GeoRipper(R)T/A E500 W/O EZ Kart,,USD 1500.00,GeoRipper - Units,GeoRipper,MiniTrencher,48.00,36.00,12.00,12.00,true,,goods,2,,,Active,EA,GRTA-E500-NOEZ,810075760729,810075760729,,23A,USD 308.81,Georipper - Unit,,Finished Goods,fifo,,,0.00,USD 0.00,GeoRipper(r)T/A Casting fits Echo CSG-7410,E1000,1.000000,Assembly,
6212012000000447166,GeoRipper(R)T/A E500 W/O EZ Kart,,USD 1500.00,GeoRipper - Units,GeoRipper,MiniTrencher,48.00,36.00,12.00,12.00,true,,goods,2,,,Active,EA,GRTA-E500-NOEZ,810075760729,810075760729,,23A,USD 308.81,Georipper - Unit,,Finished Goods,fifo,,,0.00,USD 0.00,Bearing - 6203 RS,MT0062,2.000000,Assembly,
6212012000000447166,GeoRipper(R)T/A E500 W/O EZ Kart,,USD 1500.00,GeoRipper - Units,GeoRipper,MiniTrencher,48.00,36.00,12.00,12.00,true,,goods,2,,,Active,EA,GRTA-E500-NOEZ,810075760729,810075760729,,23A,USD 308.81,Georipper - Unit,,Finished Goods,fifo,,,0.00,USD 0.00,R40 Snap Ring,MT0040,1.000000,Assembly,
6212012000000447166,GeoRipper(R)T/A E500 W/O EZ Kart,,USD 1500.00,GeoRipper - Units,GeoRipper,MiniTrencher,48.00,36.00,12.00,12.00,true,,goods,2,,,Active,EA,GRTA-E500-NOEZ,810075760729,810075760729,,23A,USD 308.81,Georipper - Unit,,Finished Goods,fifo,,,0.00,USD 0.00,Drive Axle for all GeoRipperT/A,MT9002,1.000000,Assembly,
6212012000000447166,GeoRipper(R)T/A E500 W/O EZ Kart,,USD 1500.00,GeoRipper - Units,GeoRipper,MiniTrencher,48.00,36.00,12.00,12.00,true,,goods,2,,,Active,EA,GRTA-E500-NOEZ,810075760729,810075760729,,23A,USD 308.81,Georipper - Unit,,Finished Goods,fifo,,,0.00,USD 0.00,Spacer,MT0010,1.000000,Assembly,
6212012000000447166,GeoRipper(R)T/A E500 W/O EZ Kart,,USD 1500.00,GeoRipper - Units,GeoRipper,MiniTrencher,48.00,36.00,12.00,12.00,true,,goods,2,,,Active,EA,GRTA-E500-NOEZ,810075760729,810075760729,,23A,USD 308.81,Georipper - Unit,,Finished Goods,fifo,,,0.00,USD 0.00,Labyrinth for all GeoRipperT/A,MT9003,1.000000,Assembly,
6212012000000447166,GeoRipper(R)T/A E500 W/O EZ Kart,,USD 1500.00,GeoRipper - Units,GeoRipper,MiniTrencher,48.00,36.00,12.00,12.00,true,,goods,2,,,Active,EA,GRTA-E500-NOEZ,810075760729,810075760729,,23A,USD 308.81,Georipper - Unit,,Finished Goods,fifo,,,0.00,USD 0.00,Minitrencher Drive Sprocket for GeoRipper and GeoRipper(R)T/A,MT9001,1.000000,Assembly,
6212012000000447166,GeoRipper(R)T/A E500 W/O EZ Kart,,USD 1500.00,GeoRipper - Units,GeoRipper,MiniTrencher,48.00,36.00,12.00,12.00,true,,goods,2,,,Active,EA,GRTA-E500-NOEZ,810075760729,810075760729,,23A,USD 308.81,Georipper - Unit,,Finished Goods,fifo,,,0.00,USD 0.00,M8 Zinc Plated Washer,MT0800,2.000000,Assembly,
6212012000000447166,GeoRipper(R)T/A E500 W/O EZ Kart,,USD 1500.00,GeoRipper - Units,GeoRipper,MiniTrencher,48.00,36.00,12.00,12.00,true,,goods,2,,,Active,EA,GRTA-E500-NOEZ,810075760729,810075760729,,23A,USD 308.81,Georipper - Unit,,Finished Goods,fifo,,,0.00,USD 0.00,M8 x 1.25 x 50 Hex Bolt,MT0850,2.000000,Assembly,
6212012000000447166,GeoRipper(R)T/A E500 W/O EZ Kart,,USD 1500.00,GeoRipper - Units,GeoRipper,MiniTrencher,48.00,36.00,12.00,12.00,true,,goods,2,,,Active,EA,GRTA-E500-NOEZ,810075760729,810075760729,,23A,USD 308.81,Georipper - Unit,,Finished Goods,fifo,,,0.00,USD 0.00,Dirt Deflector,MT8001,1.000000,Assembly,
6212012000000447166,GeoRipper(R)T/A E500 W/O EZ Kart,,USD 1500.00,GeoRipper - Units,GeoRipper,MiniTrencher,48.00,36.00,12.00,12.00,true,,goods,2,,,Active,EA,GRTA-E500-NOEZ,810075760729,810075760729,,23A,USD 308.81,Georipper - Unit,,Finished Goods,fifo,,,0.00,USD 0.00,Mud Flap A,MT8002,1.000000,Assembly,
6212012000000447166,GeoRipper(R)T/A E500 W/O EZ Kart,,USD 1500.00,GeoRipper - Units,GeoRipper,MiniTrencher,48.00,36.00,12.00,12.00,true,,goods,2,,,Active,EA,GRTA-E500-NOEZ,810075760729,810075760729,,23A,USD 308.81,Georipper - Unit,,Finished Goods,fifo,,,0.00,USD 0.00,Mud Flap B,MT8003,1.000000,Assembly,
6212012000000447166,GeoRipper(R)T/A E500 W/O EZ Kart,,USD 1500.00,GeoRipper - Units,GeoRipper,MiniTrencher,48.00,36.00,12.00,12.00,true,,goods,2,,,Active,EA,GRTA-E500-NOEZ,810075760729,810075760729,,23A,USD 308.81,Georipper - Unit,,Finished Goods,fifo,,,0.00,USD 0.00,M5 X .8 X 16 Phillips Flat Machine Screw Plated,GR5.8,6.000000,Assembly,
6212012000000447166,GeoRipper(R)T/A E500 W/O EZ Kart,,USD 1500.00,GeoRipper - Units,GeoRipper,MiniTrencher,48.00,36.00,12.00,12.00,true,,goods,2,,,Active,EA,GRTA-E500-NOEZ,810075760729,810075760729,,23A,USD 308.81,Georipper - Unit,,Finished Goods,fifo,,,0.00,USD 0.00,M5 x 18mm fender washer,GR5.12,6.000000,Assembly,
6212012000000447166,GeoRipper(R)T/A E500 W/O EZ Kart,,USD 1500.00,GeoRipper - Units,GeoRipper,MiniTrencher,48.00,36.00,12.00,12.00,true,,goods,2,,,Active,EA,GRTA-E500-NOEZ,810075760729,810075760729,,23A,USD 308.81,Georipper - Unit,,Finished Goods,fifo,,,0.00,USD 0.00,M5 Nylock hex nut,GR5.11,6.000000,Assembly,
6212012000000447166,GeoRipper(R)T/A E500 W/O EZ Kart,,USD 1500.00,GeoRipper - Units,GeoRipper,MiniTrencher,48.00,36.00,12.00,12.00,true,,goods,2,,,Active,EA,GRTA-E500-NOEZ,810075760729,810075760729,,23A,USD 308.81,Georipper - Unit,,Finished Goods,fifo,,,0.00,USD 0.00,Bar Clamp Washer - Slotted,GR5.2,1.000000,Assembly,
6212012000000447166,GeoRipper(R)T/A E500 W/O EZ Kart,,USD 1500.00,GeoRipper - Units,GeoRipper,MiniTrencher,48.00,36.00,12.00,12.00,true,,goods,2,,,Active,EA,GRTA-E500-NOEZ,810075760729,810075760729,,23A,USD 308.81,Georipper - Unit,,Finished Goods,fifo,,,0.00,USD 0.00,M12 X 1.75 X 30 Bolt 18mm Head,GR5.3,2.000000,Assembly,
6212012000000447166,GeoRipper(R)T/A E500 W/O EZ Kart,,USD 1500.00,GeoRipper - Units,GeoRipper,MiniTrencher,48.00,36.00,12.00,12.00,true,,goods,2,,,Active,EA,GRTA-E500-NOEZ,810075760729,810075760729,,23A,USD 308.81,Georipper - Unit,,Finished Goods,fifo,,,0.00,USD 0.00,M12 Split Lock Washer,GR5.4,2.000000,Assembly,
6212012000000447166,GeoRipper(R)T/A E500 W/O EZ Kart,,USD 1500.00,GeoRipper - Units,GeoRipper,MiniTrencher,48.00,36.00,12.00,12.00,true,,goods,2,,,Active,EA,GRTA-E500-NOEZ,810075760729,810075760729,,23A,USD 308.81,Georipper - Unit,,Finished Goods,fifo,,,0.00,USD 0.00,M8 X 1.25 Flanged Nyloc Nut,GRKM7681.6,2.000000,Assembly,
6212012000000447166,GeoRipper(R)T/A E500 W/O EZ Kart,,USD 1500.00,GeoRipper - Units,GeoRipper,MiniTrencher,48.00,36.00,12.00,12.00,true,,goods,2,,,Active,EA,GRTA-E500-NOEZ,810075760729,810075760729,,23A,USD 308.81,Georipper - Unit,,Finished Goods,fifo,,,0.00,USD 0.00,Safety Bar - 500 Series GeoRipperT/A,MT7500,1.000000,Assembly,
6212012000000447166,GeoRipper(R)T/A E500 W/O EZ Kart,,USD 1500.00,GeoRipper - Units,GeoRipper,MiniTrencher,48.00,36.00,12.00,12.00,true,,goods,2,,,Active,EA,GRTA-E500-NOEZ,810075760729,810075760729,,23A,USD 308.81,Georipper - Unit,,Finished Goods,fifo,,,0.00,USD 0.00,M8 x 1.25 x 12 Bolt for Safety Bar,MT0812,2.000000,Assembly,
6212012000000447166,GeoRipper(R)T/A E500 W/O EZ Kart,,USD 1500.00,GeoRipper - Units,GeoRipper,MiniTrencher,48.00,36.00,12.00,12.00,true,,goods,2,,,Active,EA,GRTA-E500-NOEZ,810075760729,810075760729,,23A,USD 308.81,Georipper - Unit,,Finished Goods,fifo,,,0.00,USD 0.00,M8 split lock washer zinc plated,MT0804,2.000000,Assembly,
6212012000000447166,GeoRipper(R)T/A E500 W/O EZ Kart,,USD 1500.00,GeoRipper - Units,GeoRipper,MiniTrencher,48.00,36.00,12.00,12.00,true,,goods,2,,,Active,EA,GRTA-E500-NOEZ,810075760729,810075760729,,23A,USD 308.81,Georipper - Unit,,Finished Goods,fifo,,,0.00,USD 0.00,Green PVC Tool Bag,MT0099,1.000000,Assembly,
6212012000000447166,GeoRipper(R)T/A E500 W/O EZ Kart,,USD 1500.00,GeoRipper - Units,GeoRipper,MiniTrencher,48.00,36.00,12.00,12.00,true,,goods,2,,,Active,EA,GRTA-E500-NOEZ,810075760729,810075760729,,23A,USD 308.81,Georipper - Unit,,Finished Goods,fifo,,,0.00,USD 0.00,13mm Embossed Wrench,MT0013,1.000000,Assembly,
6212012000000447166,GeoRipper(R)T/A E500 W/O EZ Kart,,USD 1500.00,GeoRipper - Units,GeoRipper,MiniTrencher,48.00,36.00,12.00,12.00,true,,goods,2,,,Active,EA,GRTA-E500-NOEZ,810075760729,810075760729,,23A,USD 308.81,Georipper - Unit,,Finished Goods,fifo,,,0.00,USD 0.00,18mm Embossed Wrench,MT0018,1.000000,Assembly,
6212012000000447166,GeoRipper(R)T/A E500 W/O EZ Kart,,USD 1500.00,GeoRipper - Units,GeoRipper,MiniTrencher,48.00,36.00,12.00,12.00,true,,goods,2,,,Active,EA,GRTA-E500-NOEZ,810075760729,810075760729,,23A,USD 308.81,Georipper - Unit,,Finished Goods,fifo,,,0.00,USD 0.00,"Belt for 'The GeoRipper', Husqvarna K770 & Echo CSG-7410",MTB77-00,1.000000,Assembly,
6212012000000447166,GeoRipper(R)T/A E500 W/O EZ Kart,,USD 1500.00,GeoRipper - Units,GeoRipper,MiniTrencher,48.00,36.00,12.00,12.00,true,,goods,2,,,Active,EA,GRTA-E500-NOEZ,810075760729,810075760729,,23A,USD 308.81,Georipper - Unit,,Finished Goods,fifo,,,0.00,USD 0.00,Pulley for 'The GeoRipper' & Husqvarna K770 GeoRipperT/A,H1001,1.000000,Assembly,
6212012000000447166,GeoRipper(R)T/A E500 W/O EZ Kart,,USD 1500.00,GeoRipper - Units,GeoRipper,MiniTrencher,48.00,36.00,12.00,12.00,true,,goods,2,,,Active,EA,GRTA-E500-NOEZ,810075760729,810075760729,,23A,USD 308.81,Georipper - Unit,,Finished Goods,fifo,,,0.00,USD 0.00,Bearing (Sealed) 6002-RS2,GR1.2,1.000000,Assembly,
6212012000000447166,GeoRipper(R)T/A E500 W/O EZ Kart,,USD 1500.00,GeoRipper - Units,GeoRipper,MiniTrencher,48.00,36.00,12.00,12.00,true,,goods,2,,,Active,EA,GRTA-E500-NOEZ,810075760729,810075760729,,23A,USD 308.81,Georipper - Unit,,Finished Goods,fifo,,,0.00,USD 0.00,M8x1.25x20 Countersunk 5mm Hex Drive Bolt 12.9grade,GR0.3.2,3.000000,Assembly,
6212012000000447166,GeoRipper(R)T/A E500 W/O EZ Kart,,USD 1500.00,GeoRipper - Units,GeoRipper,MiniTrencher,48.00,36.00,12.00,12.00,true,,goods,2,,,Active,EA,GRTA-E500-NOEZ,810075760729,810075760729,,23A,USD 308.81,Georipper - Unit,,Finished Goods,fifo,,,0.00,USD 0.00,#50H Heavy Connecting Link Spring Clip,MT4004,1.000000,Assembly,
6212012000000447166,GeoRipper(R)T/A E500 W/O EZ Kart,,USD 1500.00,GeoRipper - Units,GeoRipper,MiniTrencher,48.00,36.00,12.00,12.00,true,,goods,2,,,Active,EA,GRTA-E500-NOEZ,810075760729,810075760729,,23A,USD 308.81,Georipper - Unit,,Finished Goods,fifo,,,0.00,USD 0.00,Owners Manual - GeoRipperT/A,GRTA-LIT-OM,1.000000,Assembly,
6212012000000447166,GeoRipper(R)T/A E500 W/O EZ Kart,,USD 1500.00,GeoRipper - Units,GeoRipper,MiniTrencher,48.00,36.00,12.00,12.00,true,,goods,2,,,Active,EA,GRTA-E500-NOEZ,810075760729,810075760729,,23A,USD 308.81,Georipper - Unit,,Finished Goods,fifo,,,0.00,USD 0.00,GeoRipper Warranty Postcard,GR-LIT-WP,1.000000,Assembly,
6212012000000447166,GeoRipper(R)T/A E500 W/O EZ Kart,,USD 1500.00,GeoRipper - Units,GeoRipper,MiniTrencher,48.00,36.00,12.00,12.00,true,,goods,2,,,Active,EA,GRTA-E500-NOEZ,810075760729,810075760729,,23A,USD 308.81,Georipper - Unit,,Finished Goods,fifo,,,0.00,USD 0.00,GeoRipper Minitrencher 20-Inch Digging Bar,MT3500,1.000000,Assembly,
6212012000000447166,GeoRipper(R)T/A E500 W/O EZ Kart,,USD 1500.00,GeoRipper - Units,GeoRipper,MiniTrencher,48.00,36.00,12.00,12.00,true,,goods,2,,,Active,EA,GRTA-E500-NOEZ,810075760729,810075760729,,23A,USD 308.81,Georipper - Unit,,Finished Goods,fifo,,,0.00,USD 0.00,Foam Insert - GeoRipperT/A Box,MT0091,1.000000,Assembly,
6212012000000447166,GeoRipper(R)T/A E500 W/O EZ Kart,,USD 1500.00,GeoRipper - Units,GeoRipper,MiniTrencher,48.00,36.00,12.00,12.00,true,,goods,2,,,Active,EA,GRTA-E500-NOEZ,810075760729,810075760729,,23A,USD 308.81,Georipper - Unit,,Finished Goods,fifo,,,0.00,USD 0.00,Warehouse Hourly Labor,Labor30,1.000000,Assembly,
6212012000000447166,GeoRipper(R)T/A E500 W/O EZ Kart,,USD 1500.00,GeoRipper - Units,GeoRipper,MiniTrencher,48.00,36.00,12.00,12.00,true,,goods,2,,,Active,EA,GRTA-E500-NOEZ,810075760729,810075760729,,23A,USD 308.81,Georipper - Unit,,Finished Goods,fifo,,,0.00,USD 0.00,Box - TA500,MT95195,1.000000,Assembly,
6212012000000447166,GeoRipper(R)T/A E500 W/O EZ Kart,,USD 1500.00,GeoRipper - Units,GeoRipper,MiniTrencher,48.00,36.00,12.00,12.00,true,,goods,2,,,Active,EA,GRTA-E500-NOEZ,810075760729,810075760729,,23A,USD 308.81,Georipper - Unit,,Finished Goods,fifo,,,0.00,USD 0.00,M8-1.25 X 25 UNC HEX HEAD FLANGE BOLT GRADE 10.9,MT0825F,2.000000,Assembly,
6212012000000447166,GeoRipper(R)T/A E500 W/O EZ Kart,,USD 1500.00,GeoRipper - Units,GeoRipper,MiniTrencher,48.00,36.00,12.00,12.00,true,,goods,2,,,Active,EA,GRTA-E500-NOEZ,810075760729,810075760729,,23A,USD 308.81,Georipper - Unit,,Finished Goods,fifo,,,0.00,USD 0.00,"20"" Digging Chain (Single Chain)",MT4500,2.000000,Assembly,
6212012000000447166,GeoRipper(R)T/A E500 W/O EZ Kart,,USD 1500.00,GeoRipper - Units,GeoRipper,MiniTrencher,48.00,36.00,12.00,12.00,true,,goods,2,,,Active,EA,GRTA-E500-NOEZ,810075760729,810075760729,,23A,USD 308.81,Georipper - Unit,,Finished Goods,fifo,,,0.00,USD 0.00,Dirt Deflector Warning Sticker,GRS17,1.000000,Assembly,
6212012000000447166,GeoRipper(R)T/A E500 W/O EZ Kart,,USD 1500.00,GeoRipper - Units,GeoRipper,MiniTrencher,48.00,36.00,12.00,12.00,true,,goods,2,,,Active,EA,GRTA-E500-NOEZ,810075760729,810075760729,,23A,USD 308.81,Georipper - Unit,,Finished Goods,fifo,,,0.00,USD 0.00,Sticker - Hand Entanglement/Chain Drive,GRS11,1.000000,Assembly,
6212012000000447257,GeoRipper(R)T/A MX400 W/O EZ Kart,,USD 1500.00,GeoRipper - Units,,,0.00,0.00,0.00,0.00,true,,goods,2,,,Active,EA,GRTA-MX400-NOEZ,810075761290,810075761290,,,USD 352.22,Georipper - Unit,,Finished Goods,fifo,,,0.00,USD 0.00,Bearing - 6203 RS,MT0062,2.000000,Assembly,
6212012000000447257,GeoRipper(R)T/A MX400 W/O EZ Kart,,USD 1500.00,GeoRipper - Units,,,0.00,0.00,0.00,0.00,true,,goods,2,,,Active,EA,GRTA-MX400-NOEZ,810075761290,810075761290,,,USD 352.22,Georipper - Unit,,Finished Goods,fifo,,,0.00,USD 0.00,R40 Snap Ring,MT0040,1.000000,Assembly,
6212012000000447257,GeoRipper(R)T/A MX400 W/O EZ Kart,,USD 1500.00,GeoRipper - Units,,,0.00,0.00,0.00,0.00,true,,goods,2,,,Active,EA,GRTA-MX400-NOEZ,810075761290,810075761290,,,USD 352.22,Georipper - Unit,,Finished Goods,fifo,,,0.00,USD 0.00,Drive Axle for all GeoRipperT/A,MT9002,1.000000,Assembly,
6212012000000447257,GeoRipper(R)T/A MX400 W/O EZ Kart,,USD 1500.00,GeoRipper - Units,,,0.00,0.00,0.00,0.00,true,,goods,2,,,Active,EA,GRTA-MX400-NOEZ,810075761290,810075761290,,,USD 352.22,Georipper - Unit,,Finished Goods,fifo,,,0.00,USD 0.00,Spacer,MT0010,1.000000,Assembly,
6212012000000447257,GeoRipper(R)T/A MX400 W/O EZ Kart,,USD 1500.00,GeoRipper - Units,,,0.00,0.00,0.00,0.00,true,,goods,2,,,Active,EA,GRTA-MX400-NOEZ,810075761290,810075761290,,,USD 352.22,Georipper - Unit,,Finished Goods,fifo,,,0.00,USD 0.00,Labyrinth for all GeoRipperT/A,MT9003,1.000000,Assembly,
6212012000000447257,GeoRipper(R)T/A MX400 W/O EZ Kart,,USD 1500.00,GeoRipper - Units,,,0.00,0.00,0.00,0.00,true,,goods,2,,,Active,EA,GRTA-MX400-NOEZ,810075761290,810075761290,,,USD 352.22,Georipper - Unit,,Finished Goods,fifo,,,0.00,USD 0.00,Minitrencher Drive Sprocket for GeoRipper and GeoRipper(R)T/A,MT9001,1.000000,Assembly,
6212012000000447257,GeoRipper(R)T/A MX400 W/O EZ Kart,,USD 1500.00,GeoRipper - Units,,,0.00,0.00,0.00,0.00,true,,goods,2,,,Active,EA,GRTA-MX400-NOEZ,810075761290,810075761290,,,USD 352.22,Georipper - Unit,,Finished Goods,fifo,,,0.00,USD 0.00,M8 Zinc Plated Washer,MT0800,2.000000,Assembly,
6212012000000447257,GeoRipper(R)T/A MX400 W/O EZ Kart,,USD 1500.00,GeoRipper - Units,,,0.00,0.00,0.00,0.00,true,,goods,2,,,Active,EA,GRTA-MX400-NOEZ,810075761290,810075761290,,,USD 352.22,Georipper - Unit,,Finished Goods,fifo,,,0.00,USD 0.00,Dirt Deflector,MT8001,1.000000,Assembly,
6212012000000447257,GeoRipper(R)T/A MX400 W/O EZ Kart,,USD 1500.00,GeoRipper - Units,,,0.00,0.00,0.00,0.00,true,,goods,2,,,Active,EA,GRTA-MX400-NOEZ,810075761290,810075761290,,,USD 352.22,Georipper - Unit,,Finished Goods,fifo,,,0.00,USD 0.00,Mud Flap A,MT8002,1.000000,Assembly,
6212012000000447257,GeoRipper(R)T/A MX400 W/O EZ Kart,,USD 1500.00,GeoRipper - Units,,,0.00,0.00,0.00,0.00,true,,goods,2,,,Active,EA,GRTA-MX400-NOEZ,810075761290,810075761290,,,USD 352.22,Georipper - Unit,,Finished Goods,fifo,,,0.00,USD 0.00,Mud Flap B,MT8003,1.000000,Assembly,
6212012000000447257,GeoRipper(R)T/A MX400 W/O EZ Kart,,USD 1500.00,GeoRipper - Units,,,0.00,0.00,0.00,0.00,true,,goods,2,,,Active,EA,GRTA-MX400-NOEZ,810075761290,810075761290,,,USD 352.22,Georipper - Unit,,Finished Goods,fifo,,,0.00,USD 0.00,M5 X .8 X 16 Phillips Flat Machine Screw Plated,GR5.8,6.000000,Assembly,
6212012000000447257,GeoRipper(R)T/A MX400 W/O EZ Kart,,USD 1500.00,GeoRipper - Units,,,0.00,0.00,0.00,0.00,true,,goods,2,,,Active,EA,GRTA-MX400-NOEZ,810075761290,810075761290,,,USD 352.22,Georipper - Unit,,Finished Goods,fifo,,,0.00,USD 0.00,M5 x 18mm fender washer,GR5.12,6.000000,Assembly,
6212012000000447257,GeoRipper(R)T/A MX400 W/O EZ Kart,,USD 1500.00,GeoRipper - Units,,,0.00,0.00,0.00,0.00,true,,goods,2,,,Active,EA,GRTA-MX400-NOEZ,810075761290,810075761290,,,USD 352.22,Georipper - Unit,,Finished Goods,fifo,,,0.00,USD 0.00,M5 Nylock hex nut,GR5.11,6.000000,Assembly,
6212012000000447257,GeoRipper(R)T/A MX400 W/O EZ Kart,,USD 1500.00,GeoRipper - Units,,,0.00,0.00,0.00,0.00,true,,goods,2,,,Active,EA,GRTA-MX400-NOEZ,810075761290,810075761290,,,USD 352.22,Georipper - Unit,,Finished Goods,fifo,,,0.00,USD 0.00,Bar Clamp Washer - Slotted,GR5.2,1.000000,Assembly,
6212012000000447257,GeoRipper(R)T/A MX400 W/O EZ Kart,,USD 1500.00,GeoRipper - Units,,,0.00,0.00,0.00,0.00,true,,goods,2,,,Active,EA,GRTA-MX400-NOEZ,810075761290,810075761290,,,USD 352.22,Georipper - Unit,,Finished Goods,fifo,,,0.00,USD 0.00,M12 X 1.75 X 30 Bolt 18mm Head,GR5.3,2.000000,Assembly,
6212012000000447257,GeoRipper(R)T/A MX400 W/O EZ Kart,,USD 1500.00,GeoRipper - Units,,,0.00,0.00,0.00,0.00,true,,goods,2,,,Active,EA,GRTA-MX400-NOEZ,810075761290,810075761290,,,USD 352.22,Georipper - Unit,,Finished Goods,fifo,,,0.00,USD 0.00,M12 Split Lock Washer,GR5.4,2.000000,Assembly,
6212012000000447257,GeoRipper(R)T/A MX400 W/O EZ Kart,,USD 1500.00,GeoRipper - Units,,,0.00,0.00,0.00,0.00,true,,goods,2,,,Active,EA,GRTA-MX400-NOEZ,810075761290,810075761290,,,USD 352.22,Georipper - Unit,,Finished Goods,fifo,,,0.00,USD 0.00,M8 X 1.25 Flanged Nyloc Nut,GRKM7681.6,3.000000,Assembly,
6212012000000447257,GeoRipper(R)T/A MX400 W/O EZ Kart,,USD 1500.00,GeoRipper - Units,,,0.00,0.00,0.00,0.00,true,,goods,2,,,Active,EA,GRTA-MX400-NOEZ,810075761290,810075761290,,,USD 352.22,Georipper - Unit,,Finished Goods,fifo,,,0.00,USD 0.00,M8 x 1.25 x 12 Bolt for Safety Bar,MT0812,2.000000,Assembly,
6212012000000447257,GeoRipper(R)T/A MX400 W/O EZ Kart,,USD 1500.00,GeoRipper - Units,,,0.00,0.00,0.00,0.00,true,,goods,2,,,Active,EA,GRTA-MX400-NOEZ,810075761290,810075761290,,,USD 352.22,Georipper - Unit,,Finished Goods,fifo,,,0.00,USD 0.00,M8 split lock washer zinc plated,MT0804,2.000000,Assembly,
6212012000000447257,GeoRipper(R)T/A MX400 W/O EZ Kart,,USD 1500.00,GeoRipper - Units,,,0.00,0.00,0.00,0.00,true,,goods,2,,,Active,EA,GRTA-MX400-NOEZ,810075761290,810075761290,,,USD 352.22,Georipper - Unit,,Finished Goods,fifo,,,0.00,USD 0.00,Green PVC Tool Bag,MT0099,1.000000,Assembly,
6212012000000447257,GeoRipper(R)T/A MX400 W/O EZ Kart,,USD 1500.00,GeoRipper - Units,,,0.00,0.00,0.00,0.00,true,,goods,2,,,Active,EA,GRTA-MX400-NOEZ,810075761290,810075761290,,,USD 352.22,Georipper - Unit,,Finished Goods,fifo,,,0.00,USD 0.00,13mm Embossed Wrench,MT0013,1.000000,Assembly,
6212012000000447257,GeoRipper(R)T/A MX400 W/O EZ Kart,,USD 1500.00,GeoRipper - Units,,,0.00,0.00,0.00,0.00,true,,goods,2,,,Active,EA,GRTA-MX400-NOEZ,810075761290,810075761290,,,USD 352.22,Georipper - Unit,,Finished Goods,fifo,,,0.00,USD 0.00,18mm Embossed Wrench,MT0018,1.000000,Assembly,
6212012000000447257,GeoRipper(R)T/A MX400 W/O EZ Kart,,USD 1500.00,GeoRipper - Units,,,0.00,0.00,0.00,0.00,true,,goods,2,,,Active,EA,GRTA-MX400-NOEZ,810075761290,810075761290,,,USD 352.22,Georipper - Unit,,Finished Goods,fifo,,,0.00,USD 0.00,Bearing (Sealed) 6002-RS2,GR1.2,1.000000,Assembly,
6212012000000447257,GeoRipper(R)T/A MX400 W/O EZ Kart,,USD 1500.00,GeoRipper - Units,,,0.00,0.00,0.00,0.00,true,,goods,2,,,Active,EA,GRTA-MX400-NOEZ,810075761290,810075761290,,,USD 352.22,Georipper - Unit,,Finished Goods,fifo,,,0.00,USD 0.00,M8x1.25x20 Countersunk 5mm Hex Drive Bolt 12.9grade,GR0.3.2,3.000000,Assembly,
6212012000000447257,GeoRipper(R)T/A MX400 W/O EZ Kart,,USD 1500.00,GeoRipper - Units,,,0.00,0.00,0.00,0.00,true,,goods,2,,,Active,EA,GRTA-MX400-NOEZ,810075761290,810075761290,,,USD 352.22,Georipper - Unit,,Finished Goods,fifo,,,0.00,USD 0.00,#50H Heavy Connecting Link Spring Clip,MT4004,1.000000,Assembly,
6212012000000447257,GeoRipper(R)T/A MX400 W/O EZ Kart,,USD 1500.00,GeoRipper - Units,,,0.00,0.00,0.00,0.00,true,,goods,2,,,Active,EA,GRTA-MX400-NOEZ,810075761290,810075761290,,,USD 352.22,Georipper - Unit,,Finished Goods,fifo,,,0.00,USD 0.00,Owners Manual - GeoRipperT/A,GRTA-LIT-OM,1.000000,Assembly,
6212012000000447257,GeoRipper(R)T/A MX400 W/O EZ Kart,,USD 1500.00,GeoRipper - Units,,,0.00,0.00,0.00,0.00,true,,goods,2,,,Active,EA,GRTA-MX400-NOEZ,810075761290,810075761290,,,USD 352.22,Georipper - Unit,,Finished Goods,fifo,,,0.00,USD 0.00,GeoRipper Warranty Postcard,GR-LIT-WP,1.000000,Assembly,
6212012000000447257,GeoRipper(R)T/A MX400 W/O EZ Kart,,USD 1500.00,GeoRipper - Units,,,0.00,0.00,0.00,0.00,true,,goods,2,,,Active,EA,GRTA-MX400-NOEZ,810075761290,810075761290,,,USD 352.22,Georipper - Unit,,Finished Goods,fifo,,,0.00,USD 0.00,Box - TA500,MT95195,1.000000,Assembly,
6212012000000447257,GeoRipper(R)T/A MX400 W/O EZ Kart,,USD 1500.00,GeoRipper - Units,,,0.00,0.00,0.00,0.00,true,,goods,2,,,Active,EA,GRTA-MX400-NOEZ,810075761290,810075761290,,,USD 352.22,Georipper - Unit,,Finished Goods,fifo,,,0.00,USD 0.00,Foam Insert - GeoRipperT/A Box,MT0091,1.000000,Assembly,
6212012000000447257,GeoRipper(R)T/A MX400 W/O EZ Kart,,USD 1500.00,GeoRipper - Units,,,0.00,0.00,0.00,0.00,true,,goods,2,,,Active,EA,GRTA-MX400-NOEZ,810075761290,810075761290,,,USD 352.22,Georipper - Unit,,Finished Goods,fifo,,,0.00,USD 0.00,GeoRipper T/A Casting for Milwaukee MX314,MX1000,1.000000,Assembly,
6212012000000447257,GeoRipper(R)T/A MX400 W/O EZ Kart,,USD 1500.00,GeoRipper - Units,,,0.00,0.00,0.00,0.00,true,,goods,2,,,Active,EA,GRTA-MX400-NOEZ,810075761290,810075761290,,,USD 352.22,Georipper - Unit,,Finished Goods,fifo,,,0.00,USD 0.00,Large Pulley - MX,MX1001,2.000000,Assembly,
6212012000000447257,GeoRipper(R)T/A MX400 W/O EZ Kart,,USD 1500.00,GeoRipper - Units,,,0.00,0.00,0.00,0.00,true,,goods,2,,,Active,EA,GRTA-MX400-NOEZ,810075761290,810075761290,,,USD 352.22,Georipper - Unit,,Finished Goods,fifo,,,0.00,USD 0.00,Bushing - MX,MX1002,1.000000,Assembly,
6212012000000447257,GeoRipper(R)T/A MX400 W/O EZ Kart,,USD 1500.00,GeoRipper - Units,,,0.00,0.00,0.00,0.00,true,,goods,2,,,Active,EA,GRTA-MX400-NOEZ,810075761290,810075761290,,,USD 352.22,Georipper - Unit,,Finished Goods,fifo,,,0.00,USD 0.00,Small Pulley - MX,MX1003,1.000000,Assembly,
6212012000000447257,GeoRipper(R)T/A MX400 W/O EZ Kart,,USD 1500.00,GeoRipper - Units,,,0.00,0.00,0.00,0.00,true,,goods,2,,,Active,EA,GRTA-MX400-NOEZ,810075761290,810075761290,,,USD 352.22,Georipper - Unit,,Finished Goods,fifo,,,0.00,USD 0.00,Warehouse Hourly Labor,Labor30,1.000000,Assembly,
6212012000000447257,GeoRipper(R)T/A MX400 W/O EZ Kart,,USD 1500.00,GeoRipper - Units,,,0.00,0.00,0.00,0.00,true,,goods,2,,,Active,EA,GRTA-MX400-NOEZ,810075761290,810075761290,,,USD 352.22,Georipper - Unit,,Finished Goods,fifo,,,0.00,USD 0.00,"Complete 16"" Digging Bar",MT3400,1.000000,Assembly,
6212012000000447257,GeoRipper(R)T/A MX400 W/O EZ Kart,,USD 1500.00,GeoRipper - Units,,,0.00,0.00,0.00,0.00,true,,goods,2,,,Active,EA,GRTA-MX400-NOEZ,810075761290,810075761290,,,USD 352.22,Georipper - Unit,,Finished Goods,fifo,,,0.00,USD 0.00,Belt for Adapted Milwaukee MX314,MTB31-00,2.000000,Assembly,
6212012000000447257,GeoRipper(R)T/A MX400 W/O EZ Kart,,USD 1500.00,GeoRipper - Units,,,0.00,0.00,0.00,0.00,true,,goods,2,,,Active,EA,GRTA-MX400-NOEZ,810075761290,810075761290,,,USD 352.22,Georipper - Unit,,Finished Goods,fifo,,,0.00,USD 0.00,Safety Bar - 400 Series GeoRipperT/A,MT7400,1.000000,Assembly,
6212012000000447257,GeoRipper(R)T/A MX400 W/O EZ Kart,,USD 1500.00,GeoRipper - Units,,,0.00,0.00,0.00,0.00,true,,goods,2,,,Active,EA,GRTA-MX400-NOEZ,810075761290,810075761290,,,USD 352.22,Georipper - Unit,,Finished Goods,fifo,,,0.00,USD 0.00,M8-1.25 X 25 UNC HEX HEAD FLANGE BOLT GRADE 10.9,MT0825F,2.000000,Assembly,
6212012000000447257,GeoRipper(R)T/A MX400 W/O EZ Kart,,USD 1500.00,GeoRipper - Units,,,0.00,0.00,0.00,0.00,true,,goods,2,,,Active,EA,GRTA-MX400-NOEZ,810075761290,810075761290,,,USD 352.22,Georipper - Unit,,Finished Goods,fifo,,,0.00,USD 0.00,Dirt Deflector Warning Sticker,GRS17,1.000000,Assembly,
6212012000000447257,GeoRipper(R)T/A MX400 W/O EZ Kart,,USD 1500.00,GeoRipper - Units,,,0.00,0.00,0.00,0.00,true,,goods,2,,,Active,EA,GRTA-MX400-NOEZ,810075761290,810075761290,,,USD 352.22,Georipper - Unit,,Finished Goods,fifo,,,0.00,USD 0.00,M8 x 1.25 x 65 Zinc-Plated Hex Bolt,MT0865,3.000000,Assembly,
6212012000000447257,GeoRipper(R)T/A MX400 W/O EZ Kart,,USD 1500.00,GeoRipper - Units,,,0.00,0.00,0.00,0.00,true,,goods,2,,,Active,EA,GRTA-MX400-NOEZ,810075761290,810075761290,,,USD 352.22,Georipper - Unit,,Finished Goods,fifo,,,0.00,USD 0.00,"16"" Digging Chain (Single Chain)",MT4400,2.000000,Assembly,
6212012000000447257,GeoRipper(R)T/A MX400 W/O EZ Kart,,USD 1500.00,GeoRipper - Units,,,0.00,0.00,0.00,0.00,true,,goods,2,,,Active,EA,GRTA-MX400-NOEZ,810075761290,810075761290,,,USD 352.22,Georipper - Unit,,Finished Goods,fifo,,,0.00,USD 0.00,Sticker - Hand Entanglement/Chain Drive,GRS11,1.000000,Assembly,
6212012000000447352,GeoRipper(R)T/A S400 W/O EZ Kart,,USD 1500.00,GeoRipper - Units,GeoRipper,MiniTrencher,36.00,30.00,12.00,6.00,true,,goods,2,,,Active,EA,GRTA-S400-NOEZ,810075761252,810075761252,,22A,USD 298.10,Georipper - Unit,,Finished Goods,fifo,,,0.00,USD 0.00,Minitrencher Drive Sprocket for GeoRipper and GeoRipper(R)T/A,MT9001,1.000000,Assembly,
6212012000000447352,GeoRipper(R)T/A S400 W/O EZ Kart,,USD 1500.00,GeoRipper - Units,GeoRipper,MiniTrencher,36.00,30.00,12.00,6.00,true,,goods,2,,,Active,EA,GRTA-S400-NOEZ,810075761252,810075761252,,22A,USD 298.10,Georipper - Unit,,Finished Goods,fifo,,,0.00,USD 0.00,Labyrinth for all GeoRipperT/A,MT9003,1.000000,Assembly,
6212012000000447352,GeoRipper(R)T/A S400 W/O EZ Kart,,USD 1500.00,GeoRipper - Units,GeoRipper,MiniTrencher,36.00,30.00,12.00,6.00,true,,goods,2,,,Active,EA,GRTA-S400-NOEZ,810075761252,810075761252,,22A,USD 298.10,Georipper - Unit,,Finished Goods,fifo,,,0.00,USD 0.00,Drive Axle for all GeoRipperT/A,MT9002,1.000000,Assembly,
6212012000000447352,GeoRipper(R)T/A S400 W/O EZ Kart,,USD 1500.00,GeoRipper - Units,GeoRipper,MiniTrencher,36.00,30.00,12.00,6.00,true,,goods,2,,,Active,EA,GRTA-S400-NOEZ,810075761252,810075761252,,22A,USD 298.10,Georipper - Unit,,Finished Goods,fifo,,,0.00,USD 0.00,R40 Snap Ring,MT0040,1.000000,Assembly,
6212012000000447352,GeoRipper(R)T/A S400 W/O EZ Kart,,USD 1500.00,GeoRipper - Units,GeoRipper,MiniTrencher,36.00,30.00,12.00,6.00,true,,goods,2,,,Active,EA,GRTA-S400-NOEZ,810075761252,810075761252,,22A,USD 298.10,Georipper - Unit,,Finished Goods,fifo,,,0.00,USD 0.00,Bearing - 6203 RS,MT0062,2.000000,Assembly,
6212012000000447352,GeoRipper(R)T/A S400 W/O EZ Kart,,USD 1500.00,GeoRipper - Units,GeoRipper,MiniTrencher,36.00,30.00,12.00,6.00,true,,goods,2,,,Active,EA,GRTA-S400-NOEZ,810075761252,810075761252,,22A,USD 298.10,Georipper - Unit,,Finished Goods,fifo,,,0.00,USD 0.00,Spacer,MT0010,1.000000,Assembly,
6212012000000447352,GeoRipper(R)T/A S400 W/O EZ Kart,,USD 1500.00,GeoRipper - Units,GeoRipper,MiniTrencher,36.00,30.00,12.00,6.00,true,,goods,2,,,Active,EA,GRTA-S400-NOEZ,810075761252,810075761252,,22A,USD 298.10,Georipper - Unit,,Finished Goods,fifo,,,0.00,USD 0.00,M8 Zinc Plated Washer,MT0800,2.000000,Assembly,
6212012000000447352,GeoRipper(R)T/A S400 W/O EZ Kart,,USD 1500.00,GeoRipper - Units,GeoRipper,MiniTrencher,36.00,30.00,12.00,6.00,true,,goods,2,,,Active,EA,GRTA-S400-NOEZ,810075761252,810075761252,,22A,USD 298.10,Georipper - Unit,,Finished Goods,fifo,,,0.00,USD 0.00,Box - TA500,MT95195,1.000000,Assembly,
6212012000000447352,GeoRipper(R)T/A S400 W/O EZ Kart,,USD 1500.00,GeoRipper - Units,GeoRipper,MiniTrencher,36.00,30.00,12.00,6.00,true,,goods,2,,,Active,EA,GRTA-S400-NOEZ,810075761252,810075761252,,22A,USD 298.10,Georipper - Unit,,Finished Goods,fifo,,,0.00,USD 0.00,Foam Insert - GeoRipperT/A Box,MT0091,1.000000,Assembly,
6212012000000447352,GeoRipper(R)T/A S400 W/O EZ Kart,,USD 1500.00,GeoRipper - Units,GeoRipper,MiniTrencher,36.00,30.00,12.00,6.00,true,,goods,2,,,Active,EA,GRTA-S400-NOEZ,810075761252,810075761252,,22A,USD 298.10,Georipper - Unit,,Finished Goods,fifo,,,0.00,USD 0.00,13mm Embossed Wrench,MT0013,1.000000,Assembly,
6212012000000447352,GeoRipper(R)T/A S400 W/O EZ Kart,,USD 1500.00,GeoRipper - Units,GeoRipper,MiniTrencher,36.00,30.00,12.00,6.00,true,,goods,2,,,Active,EA,GRTA-S400-NOEZ,810075761252,810075761252,,22A,USD 298.10,Georipper - Unit,,Finished Goods,fifo,,,0.00,USD 0.00,18mm Embossed Wrench,MT0018,1.000000,Assembly,
6212012000000447352,GeoRipper(R)T/A S400 W/O EZ Kart,,USD 1500.00,GeoRipper - Units,GeoRipper,MiniTrencher,36.00,30.00,12.00,6.00,true,,goods,2,,,Active,EA,GRTA-S400-NOEZ,810075761252,810075761252,,22A,USD 298.10,Georipper - Unit,,Finished Goods,fifo,,,0.00,USD 0.00,Pulley for Stihl TS420/TS500i GeoRipperT/A,S1001,1.000000,Assembly,
6212012000000447352,GeoRipper(R)T/A S400 W/O EZ Kart,,USD 1500.00,GeoRipper - Units,GeoRipper,MiniTrencher,36.00,30.00,12.00,6.00,true,,goods,2,,,Active,EA,GRTA-S400-NOEZ,810075761252,810075761252,,22A,USD 298.10,Georipper - Unit,,Finished Goods,fifo,,,0.00,USD 0.00,Belt for Makita EK7651H & Stihl TS420/TS500i,MTB45-76,1.000000,Assembly,
6212012000000447352,GeoRipper(R)T/A S400 W/O EZ Kart,,USD 1500.00,GeoRipper - Units,GeoRipper,MiniTrencher,36.00,30.00,12.00,6.00,true,,goods,2,,,Active,EA,GRTA-S400-NOEZ,810075761252,810075761252,,22A,USD 298.10,Georipper - Unit,,Finished Goods,fifo,,,0.00,USD 0.00,Owners Manual - GeoRipperT/A,GRTA-LIT-OM,1.000000,Assembly,
6212012000000447352,GeoRipper(R)T/A S400 W/O EZ Kart,,USD 1500.00,GeoRipper - Units,GeoRipper,MiniTrencher,36.00,30.00,12.00,6.00,true,,goods,2,,,Active,EA,GRTA-S400-NOEZ,810075761252,810075761252,,22A,USD 298.10,Georipper - Unit,,Finished Goods,fifo,,,0.00,USD 0.00,Green PVC Tool Bag,MT0099,1.000000,Assembly,
6212012000000447352,GeoRipper(R)T/A S400 W/O EZ Kart,,USD 1500.00,GeoRipper - Units,GeoRipper,MiniTrencher,36.00,30.00,12.00,6.00,true,,goods,2,,,Active,EA,GRTA-S400-NOEZ,810075761252,810075761252,,22A,USD 298.10,Georipper - Unit,,Finished Goods,fifo,,,0.00,USD 0.00,"Complete 16"" Digging Bar",MT3400,1.000000,Assembly,
6212012000000447352,GeoRipper(R)T/A S400 W/O EZ Kart,,USD 1500.00,GeoRipper - Units,GeoRipper,MiniTrencher,36.00,30.00,12.00,6.00,true,,goods,2,,,Active,EA,GRTA-S400-NOEZ,810075761252,810075761252,,22A,USD 298.10,Georipper - Unit,,Finished Goods,fifo,,,0.00,USD 0.00,Stihl T/A Casting,S1000,1.000000,Assembly,
6212012000000447352,GeoRipper(R)T/A S400 W/O EZ Kart,,USD 1500.00,GeoRipper - Units,GeoRipper,MiniTrencher,36.00,30.00,12.00,6.00,true,,goods,2,,,Active,EA,GRTA-S400-NOEZ,810075761252,810075761252,,22A,USD 298.10,Georipper - Unit,,Finished Goods,fifo,,,0.00,USD 0.00,S1000 belt tension bolt,MT0870,1.000000,Assembly,
6212012000000447352,GeoRipper(R)T/A S400 W/O EZ Kart,,USD 1500.00,GeoRipper - Units,GeoRipper,MiniTrencher,36.00,30.00,12.00,6.00,true,,goods,2,,,Active,EA,GRTA-S400-NOEZ,810075761252,810075761252,,22A,USD 298.10,Georipper - Unit,,Finished Goods,fifo,,,0.00,USD 0.00,M8 x 1.25 Square Nut,MT0803,1.000000,Assembly,
6212012000000447352,GeoRipper(R)T/A S400 W/O EZ Kart,,USD 1500.00,GeoRipper - Units,GeoRipper,MiniTrencher,36.00,30.00,12.00,6.00,true,,goods,2,,,Active,EA,GRTA-S400-NOEZ,810075761252,810075761252,,22A,USD 298.10,Georipper - Unit,,Finished Goods,fifo,,,0.00,USD 0.00,M8 x 1.25 Hex Nut,MT0802,1.000000,Assembly,
6212012000000447352,GeoRipper(R)T/A S400 W/O EZ Kart,,USD 1500.00,GeoRipper - Units,GeoRipper,MiniTrencher,36.00,30.00,12.00,6.00,true,,goods,2,,,Active,EA,GRTA-S400-NOEZ,810075761252,810075761252,,22A,USD 298.10,Georipper - Unit,,Finished Goods,fifo,,,0.00,USD 0.00,S1000 TENSION NUT RETAINING SCREWS,MT0822,2.000000,Assembly,
6212012000000447352,GeoRipper(R)T/A S400 W/O EZ Kart,,USD 1500.00,GeoRipper - Units,GeoRipper,MiniTrencher,36.00,30.00,12.00,6.00,true,,goods,2,,,Active,EA,GRTA-S400-NOEZ,810075761252,810075761252,,22A,USD 298.10,Georipper - Unit,,Finished Goods,fifo,,,0.00,USD 0.00,M8 X 1.25 Flanged Nyloc Nut,GRKM7681.6,3.000000,Assembly,
6212012000000447352,GeoRipper(R)T/A S400 W/O EZ Kart,,USD 1500.00,GeoRipper - Units,GeoRipper,MiniTrencher,36.00,30.00,12.00,6.00,true,,goods,2,,,Active,EA,GRTA-S400-NOEZ,810075761252,810075761252,,22A,USD 298.10,Georipper - Unit,,Finished Goods,fifo,,,0.00,USD 0.00,Bar Clamp Washer - Slotted,GR5.2,1.000000,Assembly,
6212012000000447352,GeoRipper(R)T/A S400 W/O EZ Kart,,USD 1500.00,GeoRipper - Units,GeoRipper,MiniTrencher,36.00,30.00,12.00,6.00,true,,goods,2,,,Active,EA,GRTA-S400-NOEZ,810075761252,810075761252,,22A,USD 298.10,Georipper - Unit,,Finished Goods,fifo,,,0.00,USD 0.00,M12 X 1.75 X 30 Bolt 18mm Head,GR5.3,2.000000,Assembly,
6212012000000447352,GeoRipper(R)T/A S400 W/O EZ Kart,,USD 1500.00,GeoRipper - Units,GeoRipper,MiniTrencher,36.00,30.00,12.00,6.00,true,,goods,2,,,Active,EA,GRTA-S400-NOEZ,810075761252,810075761252,,22A,USD 298.10,Georipper - Unit,,Finished Goods,fifo,,,0.00,USD 0.00,M12 Split Lock Washer,GR5.4,2.000000,Assembly,
6212012000000447352,GeoRipper(R)T/A S400 W/O EZ Kart,,USD 1500.00,GeoRipper - Units,GeoRipper,MiniTrencher,36.00,30.00,12.00,6.00,true,,goods,2,,,Active,EA,GRTA-S400-NOEZ,810075761252,810075761252,,22A,USD 298.10,Georipper - Unit,,Finished Goods,fifo,,,0.00,USD 0.00,Dirt Deflector,MT8001,1.000000,Assembly,
6212012000000447352,GeoRipper(R)T/A S400 W/O EZ Kart,,USD 1500.00,GeoRipper - Units,GeoRipper,MiniTrencher,36.00,30.00,12.00,6.00,true,,goods,2,,,Active,EA,GRTA-S400-NOEZ,810075761252,810075761252,,22A,USD 298.10,Georipper - Unit,,Finished Goods,fifo,,,0.00,USD 0.00,M5 X .8 X 16 Phillips Flat Machine Screw Plated,GR5.8,6.000000,Assembly,
6212012000000447352,GeoRipper(R)T/A S400 W/O EZ Kart,,USD 1500.00,GeoRipper - Units,GeoRipper,MiniTrencher,36.00,30.00,12.00,6.00,true,,goods,2,,,Active,EA,GRTA-S400-NOEZ,810075761252,810075761252,,22A,USD 298.10,Georipper - Unit,,Finished Goods,fifo,,,0.00,USD 0.00,M5 x 18mm fender washer,GR5.12,8.000000,Assembly,
6212012000000447352,GeoRipper(R)T/A S400 W/O EZ Kart,,USD 1500.00,GeoRipper - Units,GeoRipper,MiniTrencher,36.00,30.00,12.00,6.00,true,,goods,2,,,Active,EA,GRTA-S400-NOEZ,810075761252,810075761252,,22A,USD 298.10,Georipper - Unit,,Finished Goods,fifo,,,0.00,USD 0.00,M5 Nylock hex nut,GR5.11,6.000000,Assembly,
6212012000000447352,GeoRipper(R)T/A S400 W/O EZ Kart,,USD 1500.00,GeoRipper - Units,GeoRipper,MiniTrencher,36.00,30.00,12.00,6.00,true,,goods,2,,,Active,EA,GRTA-S400-NOEZ,810075761252,810075761252,,22A,USD 298.10,Georipper - Unit,,Finished Goods,fifo,,,0.00,USD 0.00,Mud Flap A,MT8002,1.000000,Assembly,
6212012000000447352,GeoRipper(R)T/A S400 W/O EZ Kart,,USD 1500.00,GeoRipper - Units,GeoRipper,MiniTrencher,36.00,30.00,12.00,6.00,true,,goods,2,,,Active,EA,GRTA-S400-NOEZ,810075761252,810075761252,,22A,USD 298.10,Georipper - Unit,,Finished Goods,fifo,,,0.00,USD 0.00,Mud Flap B,MT8003,1.000000,Assembly,
6212012000000447352,GeoRipper(R)T/A S400 W/O EZ Kart,,USD 1500.00,GeoRipper - Units,GeoRipper,MiniTrencher,36.00,30.00,12.00,6.00,true,,goods,2,,,Active,EA,GRTA-S400-NOEZ,810075761252,810075761252,,22A,USD 298.10,Georipper - Unit,,Finished Goods,fifo,,,0.00,USD 0.00,M8 x 1.25 x 12 Bolt for Safety Bar,MT0812,2.000000,Assembly,
6212012000000447352,GeoRipper(R)T/A S400 W/O EZ Kart,,USD 1500.00,GeoRipper - Units,GeoRipper,MiniTrencher,36.00,30.00,12.00,6.00,true,,goods,2,,,Active,EA,GRTA-S400-NOEZ,810075761252,810075761252,,22A,USD 298.10,Georipper - Unit,,Finished Goods,fifo,,,0.00,USD 0.00,M8 split lock washer zinc plated,MT0804,2.000000,Assembly,
6212012000000447352,GeoRipper(R)T/A S400 W/O EZ Kart,,USD 1500.00,GeoRipper - Units,GeoRipper,MiniTrencher,36.00,30.00,12.00,6.00,true,,goods,2,,,Active,EA,GRTA-S400-NOEZ,810075761252,810075761252,,22A,USD 298.10,Georipper - Unit,,Finished Goods,fifo,,,0.00,USD 0.00,Wire retainer Stihl 500i,MT0011,1.000000,Assembly,
6212012000000447352,GeoRipper(R)T/A S400 W/O EZ Kart,,USD 1500.00,GeoRipper - Units,GeoRipper,MiniTrencher,36.00,30.00,12.00,6.00,true,,goods,2,,,Active,EA,GRTA-S400-NOEZ,810075761252,810075761252,,22A,USD 298.10,Georipper - Unit,,Finished Goods,fifo,,,0.00,USD 0.00,Belt cover plug Stihl T/A,MT0012,1.000000,Assembly,
6212012000000447352,GeoRipper(R)T/A S400 W/O EZ Kart,,USD 1500.00,GeoRipper - Units,GeoRipper,MiniTrencher,36.00,30.00,12.00,6.00,true,,goods,2,,,Active,EA,GRTA-S400-NOEZ,810075761252,810075761252,,22A,USD 298.10,Georipper - Unit,,Finished Goods,fifo,,,0.00,USD 0.00,Belt tensioner cap Stihl T/A,MT0014,1.000000,Assembly,
6212012000000447352,GeoRipper(R)T/A S400 W/O EZ Kart,,USD 1500.00,GeoRipper - Units,GeoRipper,MiniTrencher,36.00,30.00,12.00,6.00,true,,goods,2,,,Active,EA,GRTA-S400-NOEZ,810075761252,810075761252,,22A,USD 298.10,Georipper - Unit,,Finished Goods,fifo,,,0.00,USD 0.00,Bearing (Sealed) 6002-RS2,GR1.2,1.000000,Assembly,
6212012000000447352,GeoRipper(R)T/A S400 W/O EZ Kart,,USD 1500.00,GeoRipper - Units,GeoRipper,MiniTrencher,36.00,30.00,12.00,6.00,true,,goods,2,,,Active,EA,GRTA-S400-NOEZ,810075761252,810075761252,,22A,USD 298.10,Georipper - Unit,,Finished Goods,fifo,,,0.00,USD 0.00,M8x1.25x20 Countersunk 5mm Hex Drive Bolt 12.9grade,GR0.3.2,3.000000,Assembly,
6212012000000447352,GeoRipper(R)T/A S400 W/O EZ Kart,,USD 1500.00,GeoRipper - Units,GeoRipper,MiniTrencher,36.00,30.00,12.00,6.00,true,,goods,2,,,Active,EA,GRTA-S400-NOEZ,810075761252,810075761252,,22A,USD 298.10,Georipper - Unit,,Finished Goods,fifo,,,0.00,USD 0.00,#50H Heavy Connecting Link Spring Clip,MT4004,1.000000,Assembly,
6212012000000447352,GeoRipper(R)T/A S400 W/O EZ Kart,,USD 1500.00,GeoRipper - Units,GeoRipper,MiniTrencher,36.00,30.00,12.00,6.00,true,,goods,2,,,Active,EA,GRTA-S400-NOEZ,810075761252,810075761252,,22A,USD 298.10,Georipper - Unit,,Finished Goods,fifo,,,0.00,USD 0.00,GeoRipper Warranty Postcard,GR-LIT-WP,1.000000,Assembly,
6212012000000447352,GeoRipper(R)T/A S400 W/O EZ Kart,,USD 1500.00,GeoRipper - Units,GeoRipper,MiniTrencher,36.00,30.00,12.00,6.00,true,,goods,2,,,Active,EA,GRTA-S400-NOEZ,810075761252,810075761252,,22A,USD 298.10,Georipper - Unit,,Finished Goods,fifo,,,0.00,USD 0.00,Warehouse Hourly Labor,Labor30,1.000000,Assembly,
6212012000000447352,GeoRipper(R)T/A S400 W/O EZ Kart,,USD 1500.00,GeoRipper - Units,GeoRipper,MiniTrencher,36.00,30.00,12.00,6.00,true,,goods,2,,,Active,EA,GRTA-S400-NOEZ,810075761252,810075761252,,22A,USD 298.10,Georipper - Unit,,Finished Goods,fifo,,,0.00,USD 0.00,Safety Bar - 400 Series GeoRipperT/A,MT7400,1.000000,Assembly,
6212012000000447352,GeoRipper(R)T/A S400 W/O EZ Kart,,USD 1500.00,GeoRipper - Units,GeoRipper,MiniTrencher,36.00,30.00,12.00,6.00,true,,goods,2,,,Active,EA,GRTA-S400-NOEZ,810075761252,810075761252,,22A,USD 298.10,Georipper - Unit,,Finished Goods,fifo,,,0.00,USD 0.00,"16"" Digging Chain (Single Chain)",MT4400,2.000000,Assembly,
6212012000000447352,GeoRipper(R)T/A S400 W/O EZ Kart,,USD 1500.00,GeoRipper - Units,GeoRipper,MiniTrencher,36.00,30.00,12.00,6.00,true,,goods,2,,,Active,EA,GRTA-S400-NOEZ,810075761252,810075761252,,22A,USD 298.10,Georipper - Unit,,Finished Goods,fifo,,,0.00,USD 0.00,M8-1.25 X 25 UNC HEX HEAD FLANGE BOLT GRADE 10.9,MT0825F,2.000000,Assembly,
6212012000000447352,GeoRipper(R)T/A S400 W/O EZ Kart,,USD 1500.00,GeoRipper - Units,GeoRipper,MiniTrencher,36.00,30.00,12.00,6.00,true,,goods,2,,,Active,EA,GRTA-S400-NOEZ,810075761252,810075761252,,22A,USD 298.10,Georipper - Unit,,Finished Goods,fifo,,,0.00,USD 0.00,Dirt Deflector Warning Sticker,GRS17,1.000000,Assembly,
6212012000000447352,GeoRipper(R)T/A S400 W/O EZ Kart,,USD 1500.00,GeoRipper - Units,GeoRipper,MiniTrencher,36.00,30.00,12.00,6.00,true,,goods,2,,,Active,EA,GRTA-S400-NOEZ,810075761252,810075761252,,22A,USD 298.10,Georipper - Unit,,Finished Goods,fifo,,,0.00,USD 0.00,Sticker - Hand Entanglement/Chain Drive,GRS11,1.000000,Assembly,
6212012000000447457,GeoRipper(R)T/A MX400 with EZ Kart,,USD 1800.00,GeoRipper - Units,GeoRipper,MiniTrencher,33.00,30.00,12.00,6.00,true,,goods,2,,,Active,EA,GRTA-MX400,810075760712,810075760712,,23A,USD 547.09,Georipper - Unit,,Finished Goods,fifo,,,0.00,USD 0.00,GeoRipper T/A Casting for Milwaukee MX314,MX1000,1.000000,Assembly,
6212012000000447457,GeoRipper(R)T/A MX400 with EZ Kart,,USD 1800.00,GeoRipper - Units,GeoRipper,MiniTrencher,33.00,30.00,12.00,6.00,true,,goods,2,,,Active,EA,GRTA-MX400,810075760712,810075760712,,23A,USD 547.09,Georipper - Unit,,Finished Goods,fifo,,,0.00,USD 0.00,Bearing - 6203 RS,MT0062,2.000000,Assembly,
6212012000000447457,GeoRipper(R)T/A MX400 with EZ Kart,,USD 1800.00,GeoRipper - Units,GeoRipper,MiniTrencher,33.00,30.00,12.00,6.00,true,,goods,2,,,Active,EA,GRTA-MX400,810075760712,810075760712,,23A,USD 547.09,Georipper - Unit,,Finished Goods,fifo,,,0.00,USD 0.00,R40 Snap Ring,MT0040,1.000000,Assembly,
6212012000000447457,GeoRipper(R)T/A MX400 with EZ Kart,,USD 1800.00,GeoRipper - Units,GeoRipper,MiniTrencher,33.00,30.00,12.00,6.00,true,,goods,2,,,Active,EA,GRTA-MX400,810075760712,810075760712,,23A,USD 547.09,Georipper - Unit,,Finished Goods,fifo,,,0.00,USD 0.00,Drive Axle for all GeoRipperT/A,MT9002,1.000000,Assembly,
6212012000000447457,GeoRipper(R)T/A MX400 with EZ Kart,,USD 1800.00,GeoRipper - Units,GeoRipper,MiniTrencher,33.00,30.00,12.00,6.00,true,,goods,2,,,Active,EA,GRTA-MX400,810075760712,810075760712,,23A,USD 547.09,Georipper - Unit,,Finished Goods,fifo,,,0.00,USD 0.00,Spacer,MT0010,1.000000,Assembly,
6212012000000447457,GeoRipper(R)T/A MX400 with EZ Kart,,USD 1800.00,GeoRipper - Units,GeoRipper,MiniTrencher,33.00,30.00,12.00,6.00,true,,goods,2,,,Active,EA,GRTA-MX400,810075760712,810075760712,,23A,USD 547.09,Georipper - Unit,,Finished Goods,fifo,,,0.00,USD 0.00,Labyrinth for all GeoRipperT/A,MT9003,1.000000,Assembly,
6212012000000447457,GeoRipper(R)T/A MX400 with EZ Kart,,USD 1800.00,GeoRipper - Units,GeoRipper,MiniTrencher,33.00,30.00,12.00,6.00,true,,goods,2,,,Active,EA,GRTA-MX400,810075760712,810075760712,,23A,USD 547.09,Georipper - Unit,,Finished Goods,fifo,,,0.00,USD 0.00,Minitrencher Drive Sprocket for GeoRipper and GeoRipper(R)T/A,MT9001,1.000000,Assembly,
6212012000000447457,GeoRipper(R)T/A MX400 with EZ Kart,,USD 1800.00,GeoRipper - Units,GeoRipper,MiniTrencher,33.00,30.00,12.00,6.00,true,,goods,2,,,Active,EA,GRTA-MX400,810075760712,810075760712,,23A,USD 547.09,Georipper - Unit,,Finished Goods,fifo,,,0.00,USD 0.00,M8 Zinc Plated Washer,MT0800,2.000000,Assembly,
6212012000000447457,GeoRipper(R)T/A MX400 with EZ Kart,,USD 1800.00,GeoRipper - Units,GeoRipper,MiniTrencher,33.00,30.00,12.00,6.00,true,,goods,2,,,Active,EA,GRTA-MX400,810075760712,810075760712,,23A,USD 547.09,Georipper - Unit,,Finished Goods,fifo,,,0.00,USD 0.00,Dirt Deflector,MT8001,1.000000,Assembly,
6212012000000447457,GeoRipper(R)T/A MX400 with EZ Kart,,USD 1800.00,GeoRipper - Units,GeoRipper,MiniTrencher,33.00,30.00,12.00,6.00,true,,goods,2,,,Active,EA,GRTA-MX400,810075760712,810075760712,,23A,USD 547.09,Georipper - Unit,,Finished Goods,fifo,,,0.00,USD 0.00,Mud Flap A,MT8002,1.000000,Assembly,
6212012000000447457,GeoRipper(R)T/A MX400 with EZ Kart,,USD 1800.00,GeoRipper - Units,GeoRipper,MiniTrencher,33.00,30.00,12.00,6.00,true,,goods,2,,,Active,EA,GRTA-MX400,810075760712,810075760712,,23A,USD 547.09,Georipper - Unit,,Finished Goods,fifo,,,0.00,USD 0.00,Mud Flap B,MT8003,1.000000,Assembly,
6212012000000447457,GeoRipper(R)T/A MX400 with EZ Kart,,USD 1800.00,GeoRipper - Units,GeoRipper,MiniTrencher,33.00,30.00,12.00,6.00,true,,goods,2,,,Active,EA,GRTA-MX400,810075760712,810075760712,,23A,USD 547.09,Georipper - Unit,,Finished Goods,fifo,,,0.00,USD 0.00,M5 X .8 X 16 Phillips Flat Machine Screw Plated,GR5.8,6.000000,Assembly,
6212012000000447457,GeoRipper(R)T/A MX400 with EZ Kart,,USD 1800.00,GeoRipper - Units,GeoRipper,MiniTrencher,33.00,30.00,12.00,6.00,true,,goods,2,,,Active,EA,GRTA-MX400,810075760712,810075760712,,23A,USD 547.09,Georipper - Unit,,Finished Goods,fifo,,,0.00,USD 0.00,M5 x 18mm fender washer,GR5.12,6.000000,Assembly,
6212012000000447457,GeoRipper(R)T/A MX400 with EZ Kart,,USD 1800.00,GeoRipper - Units,GeoRipper,MiniTrencher,33.00,30.00,12.00,6.00,true,,goods,2,,,Active,EA,GRTA-MX400,810075760712,810075760712,,23A,USD 547.09,Georipper - Unit,,Finished Goods,fifo,,,0.00,USD 0.00,M5 Nylock hex nut,GR5.11,6.000000,Assembly,
6212012000000447457,GeoRipper(R)T/A MX400 with EZ Kart,,USD 1800.00,GeoRipper - Units,GeoRipper,MiniTrencher,33.00,30.00,12.00,6.00,true,,goods,2,,,Active,EA,GRTA-MX400,810075760712,810075760712,,23A,USD 547.09,Georipper - Unit,,Finished Goods,fifo,,,0.00,USD 0.00,Bar Clamp Washer - Slotted,GR5.2,1.000000,Assembly,
6212012000000447457,GeoRipper(R)T/A MX400 with EZ Kart,,USD 1800.00,GeoRipper - Units,GeoRipper,MiniTrencher,33.00,30.00,12.00,6.00,true,,goods,2,,,Active,EA,GRTA-MX400,810075760712,810075760712,,23A,USD 547.09,Georipper - Unit,,Finished Goods,fifo,,,0.00,USD 0.00,M12 X 1.75 X 30 Bolt 18mm Head,GR5.3,2.000000,Assembly,
6212012000000447457,GeoRipper(R)T/A MX400 with EZ Kart,,USD 1800.00,GeoRipper - Units,GeoRipper,MiniTrencher,33.00,30.00,12.00,6.00,true,,goods,2,,,Active,EA,GRTA-MX400,810075760712,810075760712,,23A,USD 547.09,Georipper - Unit,,Finished Goods,fifo,,,0.00,USD 0.00,M12 Split Lock Washer,GR5.4,2.000000,Assembly,
6212012000000447457,GeoRipper(R)T/A MX400 with EZ Kart,,USD 1800.00,GeoRipper - Units,GeoRipper,MiniTrencher,33.00,30.00,12.00,6.00,true,,goods,2,,,Active,EA,GRTA-MX400,810075760712,810075760712,,23A,USD 547.09,Georipper - Unit,,Finished Goods,fifo,,,0.00,USD 0.00,M8 X 1.25 Flanged Nyloc Nut,GRKM7681.6,3.000000,Assembly,
6212012000000447457,GeoRipper(R)T/A MX400 with EZ Kart,,USD 1800.00,GeoRipper - Units,GeoRipper,MiniTrencher,33.00,30.00,12.00,6.00,true,,goods,2,,,Active,EA,GRTA-MX400,810075760712,810075760712,,23A,USD 547.09,Georipper - Unit,,Finished Goods,fifo,,,0.00,USD 0.00,M8 x 1.25 x 12 Bolt for Safety Bar,MT0812,2.000000,Assembly,
6212012000000447457,GeoRipper(R)T/A MX400 with EZ Kart,,USD 1800.00,GeoRipper - Units,GeoRipper,MiniTrencher,33.00,30.00,12.00,6.00,true,,goods,2,,,Active,EA,GRTA-MX400,810075760712,810075760712,,23A,USD 547.09,Georipper - Unit,,Finished Goods,fifo,,,0.00,USD 0.00,M8 split lock washer zinc plated,MT0804,2.000000,Assembly,
6212012000000447457,GeoRipper(R)T/A MX400 with EZ Kart,,USD 1800.00,GeoRipper - Units,GeoRipper,MiniTrencher,33.00,30.00,12.00,6.00,true,,goods,2,,,Active,EA,GRTA-MX400,810075760712,810075760712,,23A,USD 547.09,Georipper - Unit,,Finished Goods,fifo,,,0.00,USD 0.00,Green PVC Tool Bag,MT0099,1.000000,Assembly,
6212012000000447457,GeoRipper(R)T/A MX400 with EZ Kart,,USD 1800.00,GeoRipper - Units,GeoRipper,MiniTrencher,33.00,30.00,12.00,6.00,true,,goods,2,,,Active,EA,GRTA-MX400,810075760712,810075760712,,23A,USD 547.09,Georipper - Unit,,Finished Goods,fifo,,,0.00,USD 0.00,13mm Embossed Wrench,MT0013,1.000000,Assembly,
6212012000000447457,GeoRipper(R)T/A MX400 with EZ Kart,,USD 1800.00,GeoRipper - Units,GeoRipper,MiniTrencher,33.00,30.00,12.00,6.00,true,,goods,2,,,Active,EA,GRTA-MX400,810075760712,810075760712,,23A,USD 547.09,Georipper - Unit,,Finished Goods,fifo,,,0.00,USD 0.00,18mm Embossed Wrench,MT0018,1.000000,Assembly,
6212012000000447457,GeoRipper(R)T/A MX400 with EZ Kart,,USD 1800.00,GeoRipper - Units,GeoRipper,MiniTrencher,33.00,30.00,12.00,6.00,true,,goods,2,,,Active,EA,GRTA-MX400,810075760712,810075760712,,23A,USD 547.09,Georipper - Unit,,Finished Goods,fifo,,,0.00,USD 0.00,Bearing (Sealed) 6002-RS2,GR1.2,1.000000,Assembly,
6212012000000447457,GeoRipper(R)T/A MX400 with EZ Kart,,USD 1800.00,GeoRipper - Units,GeoRipper,MiniTrencher,33.00,30.00,12.00,6.00,true,,goods,2,,,Active,EA,GRTA-MX400,810075760712,810075760712,,23A,USD 547.09,Georipper - Unit,,Finished Goods,fifo,,,0.00,USD 0.00,M8x1.25x20 Countersunk 5mm Hex Drive Bolt 12.9grade,GR0.3.2,3.000000,Assembly,
6212012000000447457,GeoRipper(R)T/A MX400 with EZ Kart,,USD 1800.00,GeoRipper - Units,GeoRipper,MiniTrencher,33.00,30.00,12.00,6.00,true,,goods,2,,,Active,EA,GRTA-MX400,810075760712,810075760712,,23A,USD 547.09,Georipper - Unit,,Finished Goods,fifo,,,0.00,USD 0.00,#50H Heavy Connecting Link Spring Clip,MT4004,1.000000,Assembly,
6212012000000447457,GeoRipper(R)T/A MX400 with EZ Kart,,USD 1800.00,GeoRipper - Units,GeoRipper,MiniTrencher,33.00,30.00,12.00,6.00,true,,goods,2,,,Active,EA,GRTA-MX400,810075760712,810075760712,,23A,USD 547.09,Georipper - Unit,,Finished Goods,fifo,,,0.00,USD 0.00,Owners Manual - GeoRipperT/A,GRTA-LIT-OM,1.000000,Assembly,
6212012000000447457,GeoRipper(R)T/A MX400 with EZ Kart,,USD 1800.00,GeoRipper - Units,GeoRipper,MiniTrencher,33.00,30.00,12.00,6.00,true,,goods,2,,,Active,EA,GRTA-MX400,810075760712,810075760712,,23A,USD 547.09,Georipper - Unit,,Finished Goods,fifo,,,0.00,USD 0.00,GeoRipper Warranty Postcard,GR-LIT-WP,1.000000,Assembly,
6212012000000447457,GeoRipper(R)T/A MX400 with EZ Kart,,USD 1800.00,GeoRipper - Units,GeoRipper,MiniTrencher,33.00,30.00,12.00,6.00,true,,goods,2,,,Active,EA,GRTA-MX400,810075760712,810075760712,,23A,USD 547.09,Georipper - Unit,,Finished Goods,fifo,,,0.00,USD 0.00,"Complete 16"" Digging Bar",MT3400,1.000000,Assembly,
6212012000000447457,GeoRipper(R)T/A MX400 with EZ Kart,,USD 1800.00,GeoRipper - Units,GeoRipper,MiniTrencher,33.00,30.00,12.00,6.00,true,,goods,2,,,Active,EA,GRTA-MX400,810075760712,810075760712,,23A,USD 547.09,Georipper - Unit,,Finished Goods,fifo,,,0.00,USD 0.00,GeoRipper Minitrencher Universal EZ Kart,EZ100,1.000000,Assembly,
6212012000000447457,GeoRipper(R)T/A MX400 with EZ Kart,,USD 1800.00,GeoRipper - Units,GeoRipper,MiniTrencher,33.00,30.00,12.00,6.00,true,,goods,2,,,Active,EA,GRTA-MX400,810075760712,810075760712,,23A,USD 547.09,Georipper - Unit,,Finished Goods,fifo,,,0.00,USD 0.00,Box - TASPACER,MT95192,2.000000,Assembly,
6212012000000447457,GeoRipper(R)T/A MX400 with EZ Kart,,USD 1800.00,GeoRipper - Units,GeoRipper,MiniTrencher,33.00,30.00,12.00,6.00,true,,goods,2,,,Active,EA,GRTA-MX400,810075760712,810075760712,,23A,USD 547.09,Georipper - Unit,,Finished Goods,fifo,,,0.00,USD 0.00,Foam Insert - GeoRipperT/A Box,MT0091,1.000000,Assembly,
6212012000000447457,GeoRipper(R)T/A MX400 with EZ Kart,,USD 1800.00,GeoRipper - Units,GeoRipper,MiniTrencher,33.00,30.00,12.00,6.00,true,,goods,2,,,Active,EA,GRTA-MX400,810075760712,810075760712,,23A,USD 547.09,Georipper - Unit,,Finished Goods,fifo,,,0.00,USD 0.00,Large Pulley - MX,MX1001,2.000000,Assembly,
6212012000000447457,GeoRipper(R)T/A MX400 with EZ Kart,,USD 1800.00,GeoRipper - Units,GeoRipper,MiniTrencher,33.00,30.00,12.00,6.00,true,,goods,2,,,Active,EA,GRTA-MX400,810075760712,810075760712,,23A,USD 547.09,Georipper - Unit,,Finished Goods,fifo,,,0.00,USD 0.00,Bushing - MX,MX1002,1.000000,Assembly,
6212012000000447457,GeoRipper(R)T/A MX400 with EZ Kart,,USD 1800.00,GeoRipper - Units,GeoRipper,MiniTrencher,33.00,30.00,12.00,6.00,true,,goods,2,,,Active,EA,GRTA-MX400,810075760712,810075760712,,23A,USD 547.09,Georipper - Unit,,Finished Goods,fifo,,,0.00,USD 0.00,Small Pulley - MX,MX1003,1.000000,Assembly,
6212012000000447457,GeoRipper(R)T/A MX400 with EZ Kart,,USD 1800.00,GeoRipper - Units,GeoRipper,MiniTrencher,33.00,30.00,12.00,6.00,true,,goods,2,,,Active,EA,GRTA-MX400,810075760712,810075760712,,23A,USD 547.09,Georipper - Unit,,Finished Goods,fifo,,,0.00,USD 0.00,Belt for Adapted Milwaukee MX314,MTB31-00,2.000000,Assembly,
6212012000000447457,GeoRipper(R)T/A MX400 with EZ Kart,,USD 1800.00,GeoRipper - Units,GeoRipper,MiniTrencher,33.00,30.00,12.00,6.00,true,,goods,2,,,Active,EA,GRTA-MX400,810075760712,810075760712,,23A,USD 547.09,Georipper - Unit,,Finished Goods,fifo,,,0.00,USD 0.00,Warehouse Hourly Labor,Labor30,1.000000,Assembly,
6212012000000447457,GeoRipper(R)T/A MX400 with EZ Kart,,USD 1800.00,GeoRipper - Units,GeoRipper,MiniTrencher,33.00,30.00,12.00,6.00,true,,goods,2,,,Active,EA,GRTA-MX400,810075760712,810075760712,,23A,USD 547.09,Georipper - Unit,,Finished Goods,fifo,,,0.00,USD 0.00,Safety Bar - 400 Series GeoRipperT/A,MT7400,1.000000,Assembly,
6212012000000447457,GeoRipper(R)T/A MX400 with EZ Kart,,USD 1800.00,GeoRipper - Units,GeoRipper,MiniTrencher,33.00,30.00,12.00,6.00,true,,goods,2,,,Active,EA,GRTA-MX400,810075760712,810075760712,,23A,USD 547.09,Georipper - Unit,,Finished Goods,fifo,,,0.00,USD 0.00,M8-1.25 X 25 UNC HEX HEAD FLANGE BOLT GRADE 10.9,MT0825F,2.000000,Assembly,
6212012000000447457,GeoRipper(R)T/A MX400 with EZ Kart,,USD 1800.00,GeoRipper - Units,GeoRipper,MiniTrencher,33.00,30.00,12.00,6.00,true,,goods,2,,,Active,EA,GRTA-MX400,810075760712,810075760712,,23A,USD 547.09,Georipper - Unit,,Finished Goods,fifo,,,0.00,USD 0.00,Dirt Deflector Warning Sticker,GRS17,1.000000,Assembly,
6212012000000447457,GeoRipper(R)T/A MX400 with EZ Kart,,USD 1800.00,GeoRipper - Units,GeoRipper,MiniTrencher,33.00,30.00,12.00,6.00,true,,goods,2,,,Active,EA,GRTA-MX400,810075760712,810075760712,,23A,USD 547.09,Georipper - Unit,,Finished Goods,fifo,,,0.00,USD 0.00,"16"" Digging Chain (Single Chain)",MT4400,2.000000,Assembly,
6212012000000447457,GeoRipper(R)T/A MX400 with EZ Kart,,USD 1800.00,GeoRipper - Units,GeoRipper,MiniTrencher,33.00,30.00,12.00,6.00,true,,goods,2,,,Active,EA,GRTA-MX400,810075760712,810075760712,,23A,USD 547.09,Georipper - Unit,,Finished Goods,fifo,,,0.00,USD 0.00,Box - TA700EZ,MT95196,1.000000,Assembly,
6212012000000447457,GeoRipper(R)T/A MX400 with EZ Kart,,USD 1800.00,GeoRipper - Units,GeoRipper,MiniTrencher,33.00,30.00,12.00,6.00,true,,goods,2,,,Active,EA,GRTA-MX400,810075760712,810075760712,,23A,USD 547.09,Georipper - Unit,,Finished Goods,fifo,,,0.00,USD 0.00,M8 x 1.25 x 65 Zinc-Plated Hex Bolt,MT0865,3.000000,Assembly,
6212012000000447457,GeoRipper(R)T/A MX400 with EZ Kart,,USD 1800.00,GeoRipper - Units,GeoRipper,MiniTrencher,33.00,30.00,12.00,6.00,true,,goods,2,,,Active,EA,GRTA-MX400,810075760712,810075760712,,23A,USD 547.09,Georipper - Unit,,Finished Goods,fifo,,,0.00,USD 0.00,Sticker - Hand Entanglement/Chain Drive,GRS11,1.000000,Assembly,
6212012000000447556,GeoRipper e/B 500 for Greenworks - Kit,,USD 905.90,GeoRipper - Parts,,,0.00,0.00,0.00,0.00,true,,goods,2,,,Active,Kit,GREB500-GW-NM,,,,,USD 207.60,GeoRipper - Part,,Finished Goods,fifo,,,0.00,USD 0.00,G1000 GeoRipper Adapter for Greenworks,G1000,1.000000,Assembly,
6212012000000447556,GeoRipper e/B 500 for Greenworks - Kit,,USD 905.90,GeoRipper - Parts,,,0.00,0.00,0.00,0.00,true,,goods,2,,,Active,Kit,GREB500-GW-NM,,,,,USD 207.60,GeoRipper - Part,,Finished Goods,fifo,,,0.00,USD 0.00,GeoRipper Dirt/Mud Deflector Kit,MT8000,1.000000,Assembly,
6212012000000447556,GeoRipper e/B 500 for Greenworks - Kit,,USD 905.90,GeoRipper - Parts,,,0.00,0.00,0.00,0.00,true,,goods,2,,,Active,Kit,GREB500-GW-NM,,,,,USD 207.60,GeoRipper - Part,,Finished Goods,fifo,,,0.00,USD 0.00,GeoRipper Minitrencher 20-Inch Digging Bar,MT3500,1.000000,Assembly,
6212012000000447556,GeoRipper e/B 500 for Greenworks - Kit,,USD 905.90,GeoRipper - Parts,,,0.00,0.00,0.00,0.00,true,,goods,2,,,Active,Kit,GREB500-GW-NM,,,,,USD 207.60,GeoRipper - Part,,Finished Goods,fifo,,,0.00,USD 0.00,"(2) 20""[500mm] Max Digging Depth Chain",MT4500-2,1.000000,Assembly,
6212012000000447556,GeoRipper e/B 500 for Greenworks - Kit,,USD 905.90,GeoRipper - Parts,,,0.00,0.00,0.00,0.00,true,,goods,2,,,Active,Kit,GREB500-GW-NM,,,,,USD 207.60,GeoRipper - Part,,Finished Goods,fifo,,,0.00,USD 0.00,Drive Adapter for GreenWorks,G1002,1.000000,Assembly,
6212012000000447556,GeoRipper e/B 500 for Greenworks - Kit,,USD 905.90,GeoRipper - Parts,,,0.00,0.00,0.00,0.00,true,,goods,2,,,Active,Kit,GREB500-GW-NM,,,,,USD 207.60,GeoRipper - Part,,Finished Goods,fifo,,,0.00,USD 0.00,Minitrencher Drive Sprocket for GeoRipper and GeoRipper(R)T/A,MT9001,1.000000,Assembly,
6212012000000447556,GeoRipper e/B 500 for Greenworks - Kit,,USD 905.90,GeoRipper - Parts,,,0.00,0.00,0.00,0.00,true,,goods,2,,,Active,Kit,GREB500-GW-NM,,,,,USD 207.60,GeoRipper - Part,,Finished Goods,fifo,,,0.00,USD 0.00,M4-0.70 x 20mm Hex cap screw,MT0420,9.000000,Assembly,
6212012000000447556,GeoRipper e/B 500 for Greenworks - Kit,,USD 905.90,GeoRipper - Parts,,,0.00,0.00,0.00,0.00,true,,goods,2,,,Active,Kit,GREB500-GW-NM,,,,,USD 207.60,GeoRipper - Part,,Finished Goods,fifo,,,0.00,USD 0.00,Green PVC Tool Bag,MT0099,1.000000,Assembly,
6212012000000447556,GeoRipper e/B 500 for Greenworks - Kit,,USD 905.90,GeoRipper - Parts,,,0.00,0.00,0.00,0.00,true,,goods,2,,,Active,Kit,GREB500-GW-NM,,,,,USD 207.60,GeoRipper - Part,,Finished Goods,fifo,,,0.00,USD 0.00,18mm Embossed Wrench,MT0018,1.000000,Assembly,
6212012000000447556,GeoRipper e/B 500 for Greenworks - Kit,,USD 905.90,GeoRipper - Parts,,,0.00,0.00,0.00,0.00,true,,goods,2,,,Active,Kit,GREB500-GW-NM,,,,,USD 207.60,GeoRipper - Part,,Finished Goods,fifo,,,0.00,USD 0.00,13mm Embossed Wrench,MT0013,1.000000,Assembly,
6212012000000447556,GeoRipper e/B 500 for Greenworks - Kit,,USD 905.90,GeoRipper - Parts,,,0.00,0.00,0.00,0.00,true,,goods,2,,,Active,Kit,GREB500-GW-NM,,,,,USD 207.60,GeoRipper - Part,,Finished Goods,fifo,,,0.00,USD 0.00,Bearing (Sealed) 6002-RS2,GR1.2,1.000000,Assembly,
6212012000000447556,GeoRipper e/B 500 for Greenworks - Kit,,USD 905.90,GeoRipper - Parts,,,0.00,0.00,0.00,0.00,true,,goods,2,,,Active,Kit,GREB500-GW-NM,,,,,USD 207.60,GeoRipper - Part,,Finished Goods,fifo,,,0.00,USD 0.00,M8x1.25x20 Countersunk 5mm Hex Drive Bolt 12.9grade,GR0.3.2,3.000000,Assembly,
6212012000000447556,GeoRipper e/B 500 for Greenworks - Kit,,USD 905.90,GeoRipper - Parts,,,0.00,0.00,0.00,0.00,true,,goods,2,,,Active,Kit,GREB500-GW-NM,,,,,USD 207.60,GeoRipper - Part,,Finished Goods,fifo,,,0.00,USD 0.00,#50H Heavy Connecting Link Spring Clip,MT4004,1.000000,Assembly,
6212012000000447556,GeoRipper e/B 500 for Greenworks - Kit,,USD 905.90,GeoRipper - Parts,,,0.00,0.00,0.00,0.00,true,,goods,2,,,Active,Kit,GREB500-GW-NM,,,,,USD 207.60,GeoRipper - Part,,Finished Goods,fifo,,,0.00,USD 0.00,GeoRipper Owner's Manual,GR-LIT-OM,1.000000,Assembly,
6212012000000447556,GeoRipper e/B 500 for Greenworks - Kit,,USD 905.90,GeoRipper - Parts,,,0.00,0.00,0.00,0.00,true,,goods,2,,,Active,Kit,GREB500-GW-NM,,,,,USD 207.60,GeoRipper - Part,,Finished Goods,fifo,,,0.00,USD 0.00,GeoRipper Warranty Postcard,GR-LIT-WP,1.000000,Assembly,
6212012000000447556,GeoRipper e/B 500 for Greenworks - Kit,,USD 905.90,GeoRipper - Parts,,,0.00,0.00,0.00,0.00,true,,goods,2,,,Active,Kit,GREB500-GW-NM,,,,,USD 207.60,GeoRipper - Part,,Finished Goods,fifo,,,0.00,USD 0.00,Box - TA500,MT95195,1.000000,Assembly,
6212012000000447556,GeoRipper e/B 500 for Greenworks - Kit,,USD 905.90,GeoRipper - Parts,,,0.00,0.00,0.00,0.00,true,,goods,2,,,Active,Kit,GREB500-GW-NM,,,,,USD 207.60,GeoRipper - Part,,Finished Goods,fifo,,,0.00,USD 0.00,Foam Insert - GeoRipperT/A Box,MT0091,1.000000,Assembly,
6212012000000447556,GeoRipper e/B 500 for Greenworks - Kit,,USD 905.90,GeoRipper - Parts,,,0.00,0.00,0.00,0.00,true,,goods,2,,,Active,Kit,GREB500-GW-NM,,,,,USD 207.60,GeoRipper - Part,,Finished Goods,fifo,,,0.00,USD 0.00,GeoRipper Trencher Bar Clamp Assembly,MT2000,1.000000,Assembly,
6212012000000447556,GeoRipper e/B 500 for Greenworks - Kit,,USD 905.90,GeoRipper - Parts,,,0.00,0.00,0.00,0.00,true,,goods,2,,,Active,Kit,GREB500-GW-NM,,,,,USD 207.60,GeoRipper - Part,,Finished Goods,fifo,,,0.00,USD 0.00,M8 x 1.25 x 25 Hex Cap Screw,MT0825,1.000000,Assembly,
6212012000000447556,GeoRipper e/B 500 for Greenworks - Kit,,USD 905.90,GeoRipper - Parts,,,0.00,0.00,0.00,0.00,true,,goods,2,,,Active,Kit,GREB500-GW-NM,,,,,USD 207.60,GeoRipper - Part,,Finished Goods,fifo,,,0.00,USD 0.00,M8 Zinc Plated Washer,MT0800,1.000000,Assembly,
6212012000000447556,GeoRipper e/B 500 for Greenworks - Kit,,USD 905.90,GeoRipper - Parts,,,0.00,0.00,0.00,0.00,true,,goods,2,,,Active,Kit,GREB500-GW-NM,,,,,USD 207.60,GeoRipper - Part,,Finished Goods,fifo,,,0.00,USD 0.00,Safety Bar - 500 Series GeoRipperT/A,MT7500,1.000000,Assembly,
6212012000000447556,GeoRipper e/B 500 for Greenworks - Kit,,USD 905.90,GeoRipper - Parts,,,0.00,0.00,0.00,0.00,true,,goods,2,,,Active,Kit,GREB500-GW-NM,,,,,USD 207.60,GeoRipper - Part,,Finished Goods,fifo,,,0.00,USD 0.00,M8 x 1.25 x 12 Bolt for Safety Bar,MT0812,2.000000,Assembly,
6212012000000447556,GeoRipper e/B 500 for Greenworks - Kit,,USD 905.90,GeoRipper - Parts,,,0.00,0.00,0.00,0.00,true,,goods,2,,,Active,Kit,GREB500-GW-NM,,,,,USD 207.60,GeoRipper - Part,,Finished Goods,fifo,,,0.00,USD 0.00,M8 split lock washer zinc plated,MT0804,2.000000,Assembly,
6212012000000447556,GeoRipper e/B 500 for Greenworks - Kit,,USD 905.90,GeoRipper - Parts,,,0.00,0.00,0.00,0.00,true,,goods,2,,,Active,Kit,GREB500-GW-NM,,,,,USD 207.60,GeoRipper - Part,,Finished Goods,fifo,,,0.00,USD 0.00,EZ Kart Lower Throttle Adapter GreenWorks,EZ3GW,1.000000,Assembly,
6212012000000447617,GeoRipper e/B 500 for Makita 40V XGT Motor - Kit,,USD 2100.00,GeoRipper - Parts,,,0.00,0.00,0.00,0.00,true,,goods,2,,,Inactive,EA,GREB500-MAK-NM,,,,,USD 248.04,GeoRipper - Part,,Finished Goods,fifo,,,0.00,USD 0.00,Axle Adapter for Makita e/B,MT8008,1.000000,Assembly,
6212012000000447617,GeoRipper e/B 500 for Makita 40V XGT Motor - Kit,,USD 2100.00,GeoRipper - Parts,,,0.00,0.00,0.00,0.00,true,,goods,2,,,Inactive,EA,GREB500-MAK-NM,,,,,USD 248.04,GeoRipper - Part,,Finished Goods,fifo,,,0.00,USD 0.00,GeoRipper e/B Electric Adapter,MT5000-MAK,1.000000,Assembly,
6212012000000447617,GeoRipper e/B 500 for Makita 40V XGT Motor - Kit,,USD 2100.00,GeoRipper - Parts,,,0.00,0.00,0.00,0.00,true,,goods,2,,,Inactive,EA,GREB500-MAK-NM,,,,,USD 248.04,GeoRipper - Part,,Finished Goods,fifo,,,0.00,USD 0.00,Bar Clamp Washer - Slotted,GR5.2,1.000000,Assembly,
6212012000000447617,GeoRipper e/B 500 for Makita 40V XGT Motor - Kit,,USD 2100.00,GeoRipper - Parts,,,0.00,0.00,0.00,0.00,true,,goods,2,,,Inactive,EA,GREB500-MAK-NM,,,,,USD 248.04,GeoRipper - Part,,Finished Goods,fifo,,,0.00,USD 0.00,M12 X 1.75 X 30 Bolt 18mm Head,GR5.3,2.000000,Assembly,
6212012000000447617,GeoRipper e/B 500 for Makita 40V XGT Motor - Kit,,USD 2100.00,GeoRipper - Parts,,,0.00,0.00,0.00,0.00,true,,goods,2,,,Inactive,EA,GREB500-MAK-NM,,,,,USD 248.04,GeoRipper - Part,,Finished Goods,fifo,,,0.00,USD 0.00,M12 Split Lock Washer,GR5.4,2.000000,Assembly,
6212012000000447617,GeoRipper e/B 500 for Makita 40V XGT Motor - Kit,,USD 2100.00,GeoRipper - Parts,,,0.00,0.00,0.00,0.00,true,,goods,2,,,Inactive,EA,GREB500-MAK-NM,,,,,USD 248.04,GeoRipper - Part,,Finished Goods,fifo,,,0.00,USD 0.00,Dirt Deflector,MT8001,1.000000,Assembly,
6212012000000447617,GeoRipper e/B 500 for Makita 40V XGT Motor - Kit,,USD 2100.00,GeoRipper - Parts,,,0.00,0.00,0.00,0.00,true,,goods,2,,,Inactive,EA,GREB500-MAK-NM,,,,,USD 248.04,GeoRipper - Part,,Finished Goods,fifo,,,0.00,USD 0.00,Mud Flap A,MT8002,1.000000,Assembly,
6212012000000447617,GeoRipper e/B 500 for Makita 40V XGT Motor - Kit,,USD 2100.00,GeoRipper - Parts,,,0.00,0.00,0.00,0.00,true,,goods,2,,,Inactive,EA,GREB500-MAK-NM,,,,,USD 248.04,GeoRipper - Part,,Finished Goods,fifo,,,0.00,USD 0.00,Mud Flap B,MT8003,1.000000,Assembly,
6212012000000447617,GeoRipper e/B 500 for Makita 40V XGT Motor - Kit,,USD 2100.00,GeoRipper - Parts,,,0.00,0.00,0.00,0.00,true,,goods,2,,,Inactive,EA,GREB500-MAK-NM,,,,,USD 248.04,GeoRipper - Part,,Finished Goods,fifo,,,0.00,USD 0.00,M5 X .8 X 16 Phillips Flat Machine Screw Plated,GR5.8,6.000000,Assembly,
6212012000000447617,GeoRipper e/B 500 for Makita 40V XGT Motor - Kit,,USD 2100.00,GeoRipper - Parts,,,0.00,0.00,0.00,0.00,true,,goods,2,,,Inactive,EA,GREB500-MAK-NM,,,,,USD 248.04,GeoRipper - Part,,Finished Goods,fifo,,,0.00,USD 0.00,M5 x 18mm fender washer,GR5.12,6.000000,Assembly,
6212012000000447617,GeoRipper e/B 500 for Makita 40V XGT Motor - Kit,,USD 2100.00,GeoRipper - Parts,,,0.00,0.00,0.00,0.00,true,,goods,2,,,Inactive,EA,GREB500-MAK-NM,,,,,USD 248.04,GeoRipper - Part,,Finished Goods,fifo,,,0.00,USD 0.00,M5 Nylock hex nut,GR5.11,6.000000,Assembly,
6212012000000447617,GeoRipper e/B 500 for Makita 40V XGT Motor - Kit,,USD 2100.00,GeoRipper - Parts,,,0.00,0.00,0.00,0.00,true,,goods,2,,,Inactive,EA,GREB500-MAK-NM,,,,,USD 248.04,GeoRipper - Part,,Finished Goods,fifo,,,0.00,USD 0.00,GeoRipper Minitrencher 20-Inch Digging Bar,MT3500,1.000000,Assembly,
6212012000000447617,GeoRipper e/B 500 for Makita 40V XGT Motor - Kit,,USD 2100.00,GeoRipper - Parts,,,0.00,0.00,0.00,0.00,true,,goods,2,,,Inactive,EA,GREB500-MAK-NM,,,,,USD 248.04,GeoRipper - Part,,Finished Goods,fifo,,,0.00,USD 0.00,"(2) 20""[500mm] Max Digging Depth Chain",MT4500-2,1.000000,Assembly,
6212012000000447617,GeoRipper e/B 500 for Makita 40V XGT Motor - Kit,,USD 2100.00,GeoRipper - Parts,,,0.00,0.00,0.00,0.00,true,,goods,2,,,Inactive,EA,GREB500-MAK-NM,,,,,USD 248.04,GeoRipper - Part,,Finished Goods,fifo,,,0.00,USD 0.00,EZ Kart - Handle Grip,EZ2001,1.000000,Assembly,
6212012000000447617,GeoRipper e/B 500 for Makita 40V XGT Motor - Kit,,USD 2100.00,GeoRipper - Parts,,,0.00,0.00,0.00,0.00,true,,goods,2,,,Inactive,EA,GREB500-MAK-NM,,,,,USD 248.04,GeoRipper - Part,,Finished Goods,fifo,,,0.00,USD 0.00,EZ Kart - Upper Handle,EZ1.3,1.000000,Assembly,
6212012000000447617,GeoRipper e/B 500 for Makita 40V XGT Motor - Kit,,USD 2100.00,GeoRipper - Parts,,,0.00,0.00,0.00,0.00,true,,goods,2,,,Inactive,EA,GREB500-MAK-NM,,,,,USD 248.04,GeoRipper - Part,,Finished Goods,fifo,,,0.00,USD 0.00,Minitrencher Drive Sprocket for GeoRipper and GeoRipper(R)T/A,MT9001,1.000000,Assembly,
6212012000000447617,GeoRipper e/B 500 for Makita 40V XGT Motor - Kit,,USD 2100.00,GeoRipper - Parts,,,0.00,0.00,0.00,0.00,true,,goods,2,,,Inactive,EA,GREB500-MAK-NM,,,,,USD 248.04,GeoRipper - Part,,Finished Goods,fifo,,,0.00,USD 0.00,Labyrinth for all GeoRipperT/A,MT9003,1.000000,Assembly,
6212012000000447617,GeoRipper e/B 500 for Makita 40V XGT Motor - Kit,,USD 2100.00,GeoRipper - Parts,,,0.00,0.00,0.00,0.00,true,,goods,2,,,Inactive,EA,GREB500-MAK-NM,,,,,USD 248.04,GeoRipper - Part,,Finished Goods,fifo,,,0.00,USD 0.00,"4mm Hex Key ""L"" tool",MT0004,1.000000,Assembly,
6212012000000447617,GeoRipper e/B 500 for Makita 40V XGT Motor - Kit,,USD 2100.00,GeoRipper - Parts,,,0.00,0.00,0.00,0.00,true,,goods,2,,,Inactive,EA,GREB500-MAK-NM,,,,,USD 248.04,GeoRipper - Part,,Finished Goods,fifo,,,0.00,USD 0.00,13mm Embossed Wrench,MT0013,1.000000,Assembly,
6212012000000447617,GeoRipper e/B 500 for Makita 40V XGT Motor - Kit,,USD 2100.00,GeoRipper - Parts,,,0.00,0.00,0.00,0.00,true,,goods,2,,,Inactive,EA,GREB500-MAK-NM,,,,,USD 248.04,GeoRipper - Part,,Finished Goods,fifo,,,0.00,USD 0.00,18mm Embossed Wrench,MT0018,1.000000,Assembly,
6212012000000447617,GeoRipper e/B 500 for Makita 40V XGT Motor - Kit,,USD 2100.00,GeoRipper - Parts,,,0.00,0.00,0.00,0.00,true,,goods,2,,,Inactive,EA,GREB500-MAK-NM,,,,,USD 248.04,GeoRipper - Part,,Finished Goods,fifo,,,0.00,USD 0.00,M8x1.25x20 Countersunk 5mm Hex Drive Bolt 12.9grade,GR0.3.2,3.000000,Assembly,
6212012000000447617,GeoRipper e/B 500 for Makita 40V XGT Motor - Kit,,USD 2100.00,GeoRipper - Parts,,,0.00,0.00,0.00,0.00,true,,goods,2,,,Inactive,EA,GREB500-MAK-NM,,,,,USD 248.04,GeoRipper - Part,,Finished Goods,fifo,,,0.00,USD 0.00,Bearing (Sealed) 6002-RS2,GR1.2,1.000000,Assembly,
6212012000000447617,GeoRipper e/B 500 for Makita 40V XGT Motor - Kit,,USD 2100.00,GeoRipper - Parts,,,0.00,0.00,0.00,0.00,true,,goods,2,,,Inactive,EA,GREB500-MAK-NM,,,,,USD 248.04,GeoRipper - Part,,Finished Goods,fifo,,,0.00,USD 0.00,#50H Heavy Connecting Link Spring Clip,MT4004,1.000000,Assembly,
6212012000000447617,GeoRipper e/B 500 for Makita 40V XGT Motor - Kit,,USD 2100.00,GeoRipper - Parts,,,0.00,0.00,0.00,0.00,true,,goods,2,,,Inactive,EA,GREB500-MAK-NM,,,,,USD 248.04,GeoRipper - Part,,Finished Goods,fifo,,,0.00,USD 0.00,GR Miscellaneous - Becca DO NOT USE,GR MISC,1.000000,Assembly,
6212012000000447678,GeoRipper e/B 400 for Greenworks - Kit,,USD 800.00,GeoRipper - Parts,,,0.00,0.00,0.00,0.00,true,,goods,2,,,Active,Kit,GREB400-GW-NM,,,,,USD 250.97,GeoRipper - Part,,Finished Goods,fifo,,,0.00,USD 0.00,G1000 GeoRipper Adapter for Greenworks,G1000,1.000000,Assembly,
6212012000000447678,GeoRipper e/B 400 for Greenworks - Kit,,USD 800.00,GeoRipper - Parts,,,0.00,0.00,0.00,0.00,true,,goods,2,,,Active,Kit,GREB400-GW-NM,,,,,USD 250.97,GeoRipper - Part,,Finished Goods,fifo,,,0.00,USD 0.00,GeoRipper Trencher Bar Clamp Assembly,MT2000,1.000000,Assembly,
6212012000000447678,GeoRipper e/B 400 for Greenworks - Kit,,USD 800.00,GeoRipper - Parts,,,0.00,0.00,0.00,0.00,true,,goods,2,,,Active,Kit,GREB400-GW-NM,,,,,USD 250.97,GeoRipper - Part,,Finished Goods,fifo,,,0.00,USD 0.00,GeoRipper Dirt/Mud Deflector Kit,MT8000,1.000000,Assembly,
6212012000000447678,GeoRipper e/B 400 for Greenworks - Kit,,USD 800.00,GeoRipper - Parts,,,0.00,0.00,0.00,0.00,true,,goods,2,,,Active,Kit,GREB400-GW-NM,,,,,USD 250.97,GeoRipper - Part,,Finished Goods,fifo,,,0.00,USD 0.00,Drive Adapter for GreenWorks,G1002,1.000000,Assembly,
6212012000000447678,GeoRipper e/B 400 for Greenworks - Kit,,USD 800.00,GeoRipper - Parts,,,0.00,0.00,0.00,0.00,true,,goods,2,,,Active,Kit,GREB400-GW-NM,,,,,USD 250.97,GeoRipper - Part,,Finished Goods,fifo,,,0.00,USD 0.00,Minitrencher Drive Sprocket for GeoRipper and GeoRipper(R)T/A,MT9001,1.000000,Assembly,
6212012000000447678,GeoRipper e/B 400 for Greenworks - Kit,,USD 800.00,GeoRipper - Parts,,,0.00,0.00,0.00,0.00,true,,goods,2,,,Active,Kit,GREB400-GW-NM,,,,,USD 250.97,GeoRipper - Part,,Finished Goods,fifo,,,0.00,USD 0.00,M8 x 1.25 x 25 Hex Cap Screw,MT0825,1.000000,Assembly,
6212012000000447678,GeoRipper e/B 400 for Greenworks - Kit,,USD 800.00,GeoRipper - Parts,,,0.00,0.00,0.00,0.00,true,,goods,2,,,Active,Kit,GREB400-GW-NM,,,,,USD 250.97,GeoRipper - Part,,Finished Goods,fifo,,,0.00,USD 0.00,M8 Zinc Plated Washer,MT0800,1.000000,Assembly,
6212012000000447678,GeoRipper e/B 400 for Greenworks - Kit,,USD 800.00,GeoRipper - Parts,,,0.00,0.00,0.00,0.00,true,,goods,2,,,Active,Kit,GREB400-GW-NM,,,,,USD 250.97,GeoRipper - Part,,Finished Goods,fifo,,,0.00,USD 0.00,M4-0.70 x 20mm Hex cap screw,MT0420,9.000000,Assembly,
6212012000000447678,GeoRipper e/B 400 for Greenworks - Kit,,USD 800.00,GeoRipper - Parts,,,0.00,0.00,0.00,0.00,true,,goods,2,,,Active,Kit,GREB400-GW-NM,,,,,USD 250.97,GeoRipper - Part,,Finished Goods,fifo,,,0.00,USD 0.00,Safety Bar - 400 Series GeoRipperT/A,MT7400,1.000000,Assembly,
6212012000000447678,GeoRipper e/B 400 for Greenworks - Kit,,USD 800.00,GeoRipper - Parts,,,0.00,0.00,0.00,0.00,true,,goods,2,,,Active,Kit,GREB400-GW-NM,,,,,USD 250.97,GeoRipper - Part,,Finished Goods,fifo,,,0.00,USD 0.00,M8 x 1.25 x 12 Bolt for Safety Bar,MT0812,2.000000,Assembly,
6212012000000447678,GeoRipper e/B 400 for Greenworks - Kit,,USD 800.00,GeoRipper - Parts,,,0.00,0.00,0.00,0.00,true,,goods,2,,,Active,Kit,GREB400-GW-NM,,,,,USD 250.97,GeoRipper - Part,,Finished Goods,fifo,,,0.00,USD 0.00,M8 split lock washer zinc plated,MT0804,2.000000,Assembly,
6212012000000447678,GeoRipper e/B 400 for Greenworks - Kit,,USD 800.00,GeoRipper - Parts,,,0.00,0.00,0.00,0.00,true,,goods,2,,,Active,Kit,GREB400-GW-NM,,,,,USD 250.97,GeoRipper - Part,,Finished Goods,fifo,,,0.00,USD 0.00,"Complete 16"" Digging Bar",MT3400,1.000000,Assembly,
6212012000000447678,GeoRipper e/B 400 for Greenworks - Kit,,USD 800.00,GeoRipper - Parts,,,0.00,0.00,0.00,0.00,true,,goods,2,,,Active,Kit,GREB400-GW-NM,,,,,USD 250.97,GeoRipper - Part,,Finished Goods,fifo,,,0.00,USD 0.00,"(2) 16""[400mm] Max Digging Depth Chain",MT4400-2,1.000000,Assembly,
6212012000000447678,GeoRipper e/B 400 for Greenworks - Kit,,USD 800.00,GeoRipper - Parts,,,0.00,0.00,0.00,0.00,true,,goods,2,,,Active,Kit,GREB400-GW-NM,,,,,USD 250.97,GeoRipper - Part,,Finished Goods,fifo,,,0.00,USD 0.00,Green PVC Tool Bag,MT0099,1.000000,Assembly,
6212012000000447678,GeoRipper e/B 400 for Greenworks - Kit,,USD 800.00,GeoRipper - Parts,,,0.00,0.00,0.00,0.00,true,,goods,2,,,Active,Kit,GREB400-GW-NM,,,,,USD 250.97,GeoRipper - Part,,Finished Goods,fifo,,,0.00,USD 0.00,18mm Embossed Wrench,MT0018,1.000000,Assembly,
6212012000000447678,GeoRipper e/B 400 for Greenworks - Kit,,USD 800.00,GeoRipper - Parts,,,0.00,0.00,0.00,0.00,true,,goods,2,,,Active,Kit,GREB400-GW-NM,,,,,USD 250.97,GeoRipper - Part,,Finished Goods,fifo,,,0.00,USD 0.00,13mm Embossed Wrench,MT0013,1.000000,Assembly,
6212012000000447678,GeoRipper e/B 400 for Greenworks - Kit,,USD 800.00,GeoRipper - Parts,,,0.00,0.00,0.00,0.00,true,,goods,2,,,Active,Kit,GREB400-GW-NM,,,,,USD 250.97,GeoRipper - Part,,Finished Goods,fifo,,,0.00,USD 0.00,Bearing (Sealed) 6002-RS2,GR1.2,1.000000,Assembly,
6212012000000447678,GeoRipper e/B 400 for Greenworks - Kit,,USD 800.00,GeoRipper - Parts,,,0.00,0.00,0.00,0.00,true,,goods,2,,,Active,Kit,GREB400-GW-NM,,,,,USD 250.97,GeoRipper - Part,,Finished Goods,fifo,,,0.00,USD 0.00,M8x1.25x20 Countersunk 5mm Hex Drive Bolt 12.9grade,GR0.3.2,3.000000,Assembly,
6212012000000447678,GeoRipper e/B 400 for Greenworks - Kit,,USD 800.00,GeoRipper - Parts,,,0.00,0.00,0.00,0.00,true,,goods,2,,,Active,Kit,GREB400-GW-NM,,,,,USD 250.97,GeoRipper - Part,,Finished Goods,fifo,,,0.00,USD 0.00,#50H Heavy Connecting Link Spring Clip,MT4004,1.000000,Assembly,
6212012000000447678,GeoRipper e/B 400 for Greenworks - Kit,,USD 800.00,GeoRipper - Parts,,,0.00,0.00,0.00,0.00,true,,goods,2,,,Active,Kit,GREB400-GW-NM,,,,,USD 250.97,GeoRipper - Part,,Finished Goods,fifo,,,0.00,USD 0.00,EZ Kart Lower Throttle Adapter GreenWorks,EZ3GW,1.000000,Assembly,
6212012000000447678,GeoRipper e/B 400 for Greenworks - Kit,,USD 800.00,GeoRipper - Parts,,,0.00,0.00,0.00,0.00,true,,goods,2,,,Active,Kit,GREB400-GW-NM,,,,,USD 250.97,GeoRipper - Part,,Finished Goods,fifo,,,0.00,USD 0.00,GeoRipper Owner's Manual,GR-LIT-OM,1.000000,Assembly,
6212012000000447678,GeoRipper e/B 400 for Greenworks - Kit,,USD 800.00,GeoRipper - Parts,,,0.00,0.00,0.00,0.00,true,,goods,2,,,Active,Kit,GREB400-GW-NM,,,,,USD 250.97,GeoRipper - Part,,Finished Goods,fifo,,,0.00,USD 0.00,GeoRipper Warranty Postcard,GR-LIT-WP,1.000000,Assembly,
6212012000000447678,GeoRipper e/B 400 for Greenworks - Kit,,USD 800.00,GeoRipper - Parts,,,0.00,0.00,0.00,0.00,true,,goods,2,,,Active,Kit,GREB400-GW-NM,,,,,USD 250.97,GeoRipper - Part,,Finished Goods,fifo,,,0.00,USD 0.00,Box - TA500,MT95195,1.000000,Assembly,
6212012000000447678,GeoRipper e/B 400 for Greenworks - Kit,,USD 800.00,GeoRipper - Parts,,,0.00,0.00,0.00,0.00,true,,goods,2,,,Active,Kit,GREB400-GW-NM,,,,,USD 250.97,GeoRipper - Part,,Finished Goods,fifo,,,0.00,USD 0.00,Foam Insert - GeoRipperT/A Box,MT0091,1.000000,Assembly,
6212012000000447858,"SiBore / GeoRipper e/B Combo Kit w/ Makita 40V XGT Motor 20""/215e",,USD 5200.00,SiBore Drill - Units,,,0.00,0.00,0.00,0.00,true,,goods,2,,,Inactive,EA,SBGR-5215e,,,,,USD 1834.54,SiBore Drill - Unit,,Finished Goods,fifo,,,0.00,USD 0.00,SiBore Drill - Lower Unit,SB0250,1.000000,Assembly,
6212012000000447858,"SiBore / GeoRipper e/B Combo Kit w/ Makita 40V XGT Motor 20""/215e",,USD 5200.00,SiBore Drill - Units,,,0.00,0.00,0.00,0.00,true,,goods,2,,,Inactive,EA,SBGR-5215e,,,,,USD 1834.54,SiBore Drill - Unit,,Finished Goods,fifo,,,0.00,USD 0.00,SiBore Drill - Shipping Box,SBBOX1,1.000000,Assembly,
6212012000000447858,"SiBore / GeoRipper e/B Combo Kit w/ Makita 40V XGT Motor 20""/215e",,USD 5200.00,SiBore Drill - Units,,,0.00,0.00,0.00,0.00,true,,goods,2,,,Inactive,EA,SBGR-5215e,,,,,USD 1834.54,SiBore Drill - Unit,,Finished Goods,fifo,,,0.00,USD 0.00,"SiBore Drill - 1"" Bore Head",SB1000,2.000000,Assembly,
6212012000000447858,"SiBore / GeoRipper e/B Combo Kit w/ Makita 40V XGT Motor 20""/215e",,USD 5200.00,SiBore Drill - Units,,,0.00,0.00,0.00,0.00,true,,goods,2,,,Inactive,EA,SBGR-5215e,,,,,USD 1834.54,SiBore Drill - Unit,,Finished Goods,fifo,,,0.00,USD 0.00,SiBore Drill - Swivel Cable Puller,SB1500,1.000000,Assembly,
6212012000000447858,"SiBore / GeoRipper e/B Combo Kit w/ Makita 40V XGT Motor 20""/215e",,USD 5200.00,SiBore Drill - Units,,,0.00,0.00,0.00,0.00,true,,goods,2,,,Inactive,EA,SBGR-5215e,,,,,USD 1834.54,SiBore Drill - Unit,,Finished Goods,fifo,,,0.00,USD 0.00,SiBore Drill - Makita Adapter Plate,SB9100,1.000000,Assembly,
6212012000000447858,"SiBore / GeoRipper e/B Combo Kit w/ Makita 40V XGT Motor 20""/215e",,USD 5200.00,SiBore Drill - Units,,,0.00,0.00,0.00,0.00,true,,goods,2,,,Inactive,EA,SBGR-5215e,,,,,USD 1834.54,SiBore Drill - Unit,,Finished Goods,fifo,,,0.00,USD 0.00,SiBore Drill - Makita Drive Adapter,SB9200,1.000000,Assembly,
6212012000000447858,"SiBore / GeoRipper e/B Combo Kit w/ Makita 40V XGT Motor 20""/215e",,USD 5200.00,SiBore Drill - Units,,,0.00,0.00,0.00,0.00,true,,goods,2,,,Inactive,EA,SBGR-5215e,,,,,USD 1834.54,SiBore Drill - Unit,,Finished Goods,fifo,,,0.00,USD 0.00,"SiBore Drill - 36"" Drill Rod w/ Coupling Nut",SB3600,8.000000,Assembly,
6212012000000447858,"SiBore / GeoRipper e/B Combo Kit w/ Makita 40V XGT Motor 20""/215e",,USD 5200.00,SiBore Drill - Units,,,0.00,0.00,0.00,0.00,true,,goods,2,,,Inactive,EA,SBGR-5215e,,,,,USD 1834.54,SiBore Drill - Unit,,Finished Goods,fifo,,,0.00,USD 0.00,SiBore Drill - MicroBore Adapter,SB9000,1.000000,Assembly,
6212012000000447858,"SiBore / GeoRipper e/B Combo Kit w/ Makita 40V XGT Motor 20""/215e",,USD 5200.00,SiBore Drill - Units,,,0.00,0.00,0.00,0.00,true,,goods,2,,,Inactive,EA,SBGR-5215e,,,,,USD 1834.54,SiBore Drill - Unit,,Finished Goods,fifo,,,0.00,USD 0.00,SiBore Accessory Bag,SBACCBAG,1.000000,Assembly,
6212012000000447858,"SiBore / GeoRipper e/B Combo Kit w/ Makita 40V XGT Motor 20""/215e",,USD 5200.00,SiBore Drill - Units,,,0.00,0.00,0.00,0.00,true,,goods,2,,,Inactive,EA,SBGR-5215e,,,,,USD 1834.54,SiBore Drill - Unit,,Finished Goods,fifo,,,0.00,USD 0.00,GeoRipper e/B 500 for Makita 40V XGT Motor - Kit,GREB500-MAK-NM,1.000000,Assembly,
6212012000000447858,"SiBore / GeoRipper e/B Combo Kit w/ Makita 40V XGT Motor 20""/215e",,USD 5200.00,SiBore Drill - Units,,,0.00,0.00,0.00,0.00,true,,goods,2,,,Inactive,EA,SBGR-5215e,,,,,USD 1834.54,SiBore Drill - Unit,,Finished Goods,fifo,,,0.00,USD 0.00,Warehouse Hourly Labor,Labor30,1.000000,Assembly,
6212012000000447893,"SiBore / GeoRipper e/B Combo Kit w/ Makita 40V XGT Motor 20""/216e",,USD 4800.00,SiBore Drill - Units,,,0.00,0.00,0.00,0.00,true,,goods,2,,,Inactive,EA,SBGR-5216e,,,,,USD 1748.01,SiBore Drill - Unit,,Finished Goods,fifo,,,0.00,USD 0.00,Makita 40V max XGT BL Earth Auger Kit,GGD01M1,1.000000,Assembly,
6212012000000447893,"SiBore / GeoRipper e/B Combo Kit w/ Makita 40V XGT Motor 20""/216e",,USD 4800.00,SiBore Drill - Units,,,0.00,0.00,0.00,0.00,true,,goods,2,,,Inactive,EA,SBGR-5216e,,,,,USD 1748.01,SiBore Drill - Unit,,Finished Goods,fifo,,,0.00,USD 0.00,SiBore Drill - Lower Unit,SB0250,1.000000,Assembly,
6212012000000447893,"SiBore / GeoRipper e/B Combo Kit w/ Makita 40V XGT Motor 20""/216e",,USD 4800.00,SiBore Drill - Units,,,0.00,0.00,0.00,0.00,true,,goods,2,,,Inactive,EA,SBGR-5216e,,,,,USD 1748.01,SiBore Drill - Unit,,Finished Goods,fifo,,,0.00,USD 0.00,SiBore Accessory Bag,SBACCBAG,1.000000,Assembly,
6212012000000447893,"SiBore / GeoRipper e/B Combo Kit w/ Makita 40V XGT Motor 20""/216e",,USD 4800.00,SiBore Drill - Units,,,0.00,0.00,0.00,0.00,true,,goods,2,,,Inactive,EA,SBGR-5216e,,,,,USD 1748.01,SiBore Drill - Unit,,Finished Goods,fifo,,,0.00,USD 0.00,SiBore Drill - Shipping Box,SBBOX1,1.000000,Assembly,
6212012000000447893,"SiBore / GeoRipper e/B Combo Kit w/ Makita 40V XGT Motor 20""/216e",,USD 4800.00,SiBore Drill - Units,,,0.00,0.00,0.00,0.00,true,,goods,2,,,Inactive,EA,SBGR-5216e,,,,,USD 1748.01,SiBore Drill - Unit,,Finished Goods,fifo,,,0.00,USD 0.00,SiBore Drill - Makita Adapter Plate,SB9100,1.000000,Assembly,
6212012000000447893,"SiBore / GeoRipper e/B Combo Kit w/ Makita 40V XGT Motor 20""/216e",,USD 4800.00,SiBore Drill - Units,,,0.00,0.00,0.00,0.00,true,,goods,2,,,Inactive,EA,SBGR-5216e,,,,,USD 1748.01,SiBore Drill - Unit,,Finished Goods,fifo,,,0.00,USD 0.00,SiBore Drill - Makita Drive Adapter,SB9200,1.000000,Assembly,
6212012000000447893,"SiBore / GeoRipper e/B Combo Kit w/ Makita 40V XGT Motor 20""/216e",,USD 4800.00,SiBore Drill - Units,,,0.00,0.00,0.00,0.00,true,,goods,2,,,Inactive,EA,SBGR-5216e,,,,,USD 1748.01,SiBore Drill - Unit,,Finished Goods,fifo,,,0.00,USD 0.00,Axle Adapter for Makita e/B,MT8008,1.000000,Assembly,
6212012000000447893,"SiBore / GeoRipper e/B Combo Kit w/ Makita 40V XGT Motor 20""/216e",,USD 4800.00,SiBore Drill - Units,,,0.00,0.00,0.00,0.00,true,,goods,2,,,Inactive,EA,SBGR-5216e,,,,,USD 1748.01,SiBore Drill - Unit,,Finished Goods,fifo,,,0.00,USD 0.00,"SiBore Drill - 32"" Extension",SB3200,3.000000,Assembly,
6212012000000447893,"SiBore / GeoRipper e/B Combo Kit w/ Makita 40V XGT Motor 20""/216e",,USD 4800.00,SiBore Drill - Units,,,0.00,0.00,0.00,0.00,true,,goods,2,,,Inactive,EA,SBGR-5216e,,,,,USD 1748.01,SiBore Drill - Unit,,Finished Goods,fifo,,,0.00,USD 0.00,"SiBore Drill - 2"" Auger Bit",SB2000,1.000000,Assembly,
6212012000000447893,"SiBore / GeoRipper e/B Combo Kit w/ Makita 40V XGT Motor 20""/216e",,USD 4800.00,SiBore Drill - Units,,,0.00,0.00,0.00,0.00,true,,goods,2,,,Inactive,EA,SBGR-5216e,,,,,USD 1748.01,SiBore Drill - Unit,,Finished Goods,fifo,,,0.00,USD 0.00,"SiBore Drill - 4"" Auger Bit",SB4000,1.000000,Assembly,
6212012000000447893,"SiBore / GeoRipper e/B Combo Kit w/ Makita 40V XGT Motor 20""/216e",,USD 4800.00,SiBore Drill - Units,,,0.00,0.00,0.00,0.00,true,,goods,2,,,Inactive,EA,SBGR-5216e,,,,,USD 1748.01,SiBore Drill - Unit,,Finished Goods,fifo,,,0.00,USD 0.00,GeoRipper e/B 500 for Makita 40V XGT Motor - Kit,GREB500-MAK-NM,1.000000,Assembly,
6212012000000447893,"SiBore / GeoRipper e/B Combo Kit w/ Makita 40V XGT Motor 20""/216e",,USD 4800.00,SiBore Drill - Units,,,0.00,0.00,0.00,0.00,true,,goods,2,,,Inactive,EA,SBGR-5216e,,,,,USD 1748.01,SiBore Drill - Unit,,Finished Goods,fifo,,,0.00,USD 0.00,Warehouse Hourly Labor,Labor30,1.000000,Assembly,
6212012000000447930,"SiBore / GeoRipper e/B Combo Kit w/ Makita 40V XGT Motor 20""/431e",,USD 5900.00,SiBore Drill - Units,,,0.00,0.00,0.00,0.00,true,,goods,2,,,Inactive,EA,SBGR-5431e,,,,,USD 2192.88,SiBore Drill - Unit,,Finished Goods,fifo,,,0.00,USD 0.00,Makita 40V max XGT BL Earth Auger Kit,GGD01M1,1.000000,Assembly,
6212012000000447930,"SiBore / GeoRipper e/B Combo Kit w/ Makita 40V XGT Motor 20""/431e",,USD 5900.00,SiBore Drill - Units,,,0.00,0.00,0.00,0.00,true,,goods,2,,,Inactive,EA,SBGR-5431e,,,,,USD 2192.88,SiBore Drill - Unit,,Finished Goods,fifo,,,0.00,USD 0.00,SiBore Drill - Lower Unit,SB0250,1.000000,Assembly,
6212012000000447930,"SiBore / GeoRipper e/B Combo Kit w/ Makita 40V XGT Motor 20""/431e",,USD 5900.00,SiBore Drill - Units,,,0.00,0.00,0.00,0.00,true,,goods,2,,,Inactive,EA,SBGR-5431e,,,,,USD 2192.88,SiBore Drill - Unit,,Finished Goods,fifo,,,0.00,USD 0.00,SiBore Accessory Bag,SBACCBAG,1.000000,Assembly,
6212012000000447930,"SiBore / GeoRipper e/B Combo Kit w/ Makita 40V XGT Motor 20""/431e",,USD 5900.00,SiBore Drill - Units,,,0.00,0.00,0.00,0.00,true,,goods,2,,,Inactive,EA,SBGR-5431e,,,,,USD 2192.88,SiBore Drill - Unit,,Finished Goods,fifo,,,0.00,USD 0.00,SiBore Drill - Shipping Box,SBBOX1,1.000000,Assembly,
6212012000000447930,"SiBore / GeoRipper e/B Combo Kit w/ Makita 40V XGT Motor 20""/431e",,USD 5900.00,SiBore Drill - Units,,,0.00,0.00,0.00,0.00,true,,goods,2,,,Inactive,EA,SBGR-5431e,,,,,USD 2192.88,SiBore Drill - Unit,,Finished Goods,fifo,,,0.00,USD 0.00,SiBore Drill - Makita Adapter Plate,SB9100,1.000000,Assembly,
6212012000000447930,"SiBore / GeoRipper e/B Combo Kit w/ Makita 40V XGT Motor 20""/431e",,USD 5900.00,SiBore Drill - Units,,,0.00,0.00,0.00,0.00,true,,goods,2,,,Inactive,EA,SBGR-5431e,,,,,USD 2192.88,SiBore Drill - Unit,,Finished Goods,fifo,,,0.00,USD 0.00,SiBore Drill - Makita Drive Adapter,SB9200,1.000000,Assembly,
6212012000000447930,"SiBore / GeoRipper e/B Combo Kit w/ Makita 40V XGT Motor 20""/431e",,USD 5900.00,SiBore Drill - Units,,,0.00,0.00,0.00,0.00,true,,goods,2,,,Inactive,EA,SBGR-5431e,,,,,USD 2192.88,SiBore Drill - Unit,,Finished Goods,fifo,,,0.00,USD 0.00,Axle Adapter for Makita e/B,MT8008,1.000000,Assembly,
6212012000000447930,"SiBore / GeoRipper e/B Combo Kit w/ Makita 40V XGT Motor 20""/431e",,USD 5900.00,SiBore Drill - Units,,,0.00,0.00,0.00,0.00,true,,goods,2,,,Inactive,EA,SBGR-5431e,,,,,USD 2192.88,SiBore Drill - Unit,,Finished Goods,fifo,,,0.00,USD 0.00,"SiBore Drill - 32"" Extension",SB3200,3.000000,Assembly,
6212012000000447930,"SiBore / GeoRipper e/B Combo Kit w/ Makita 40V XGT Motor 20""/431e",,USD 5900.00,SiBore Drill - Units,,,0.00,0.00,0.00,0.00,true,,goods,2,,,Inactive,EA,SBGR-5431e,,,,,USD 2192.88,SiBore Drill - Unit,,Finished Goods,fifo,,,0.00,USD 0.00,"SiBore Drill - 2"" Auger Bit",SB2000,1.000000,Assembly,
6212012000000447930,"SiBore / GeoRipper e/B Combo Kit w/ Makita 40V XGT Motor 20""/431e",,USD 5900.00,SiBore Drill - Units,,,0.00,0.00,0.00,0.00,true,,goods,2,,,Inactive,EA,SBGR-5431e,,,,,USD 2192.88,SiBore Drill - Unit,,Finished Goods,fifo,,,0.00,USD 0.00,"SiBore Drill - 4"" Auger Bit",SB4000,1.000000,Assembly,
6212012000000447930,"SiBore / GeoRipper e/B Combo Kit w/ Makita 40V XGT Motor 20""/431e",,USD 5900.00,SiBore Drill - Units,,,0.00,0.00,0.00,0.00,true,,goods,2,,,Inactive,EA,SBGR-5431e,,,,,USD 2192.88,SiBore Drill - Unit,,Finished Goods,fifo,,,0.00,USD 0.00,"SiBore Drill - 1"" Bore Head",SB1000,2.000000,Assembly,
6212012000000447930,"SiBore / GeoRipper e/B Combo Kit w/ Makita 40V XGT Motor 20""/431e",,USD 5900.00,SiBore Drill - Units,,,0.00,0.00,0.00,0.00,true,,goods,2,,,Inactive,EA,SBGR-5431e,,,,,USD 2192.88,SiBore Drill - Unit,,Finished Goods,fifo,,,0.00,USD 0.00,SiBore Drill - Swivel Cable Puller,SB1500,1.000000,Assembly,
6212012000000447930,"SiBore / GeoRipper e/B Combo Kit w/ Makita 40V XGT Motor 20""/431e",,USD 5900.00,SiBore Drill - Units,,,0.00,0.00,0.00,0.00,true,,goods,2,,,Inactive,EA,SBGR-5431e,,,,,USD 2192.88,SiBore Drill - Unit,,Finished Goods,fifo,,,0.00,USD 0.00,"SiBore Drill - 36"" Drill Rod w/ Coupling Nut",SB3600,8.000000,Assembly,
6212012000000447930,"SiBore / GeoRipper e/B Combo Kit w/ Makita 40V XGT Motor 20""/431e",,USD 5900.00,SiBore Drill - Units,,,0.00,0.00,0.00,0.00,true,,goods,2,,,Inactive,EA,SBGR-5431e,,,,,USD 2192.88,SiBore Drill - Unit,,Finished Goods,fifo,,,0.00,USD 0.00,SiBore Drill - MicroBore Adapter,SB9000,1.000000,Assembly,
6212012000000447930,"SiBore / GeoRipper e/B Combo Kit w/ Makita 40V XGT Motor 20""/431e",,USD 5900.00,SiBore Drill - Units,,,0.00,0.00,0.00,0.00,true,,goods,2,,,Inactive,EA,SBGR-5431e,,,,,USD 2192.88,SiBore Drill - Unit,,Finished Goods,fifo,,,0.00,USD 0.00,GeoRipper e/B 500 for Makita 40V XGT Motor - Kit,GREB500-MAK-NM,1.000000,Assembly,
6212012000000447930,"SiBore / GeoRipper e/B Combo Kit w/ Makita 40V XGT Motor 20""/431e",,USD 5900.00,SiBore Drill - Units,,,0.00,0.00,0.00,0.00,true,,goods,2,,,Inactive,EA,SBGR-5431e,,,,,USD 2192.88,SiBore Drill - Unit,,Finished Goods,fifo,,,0.00,USD 0.00,Warehouse Hourly Labor,Labor30,1.500000,Assembly,
6212012000002055001,Shock Spring Assembly,"Assembly of parts MT7208-2, 3, & 4",USD 23.00,GeoRipper - Parts,,,0.00,0.00,0.00,0.00,true,,goods,1,,,Active,KIT,MT7208-2-4,,,,,USD 6.00,GeoRipper - Part,"Assembly of parts MT7208-2, 3, & 4",Finished Goods,fifo,,,0.00,USD 0.00,Shock spring seat,MT7208-2,1.000000,Assembly,
6212012000002055001,Shock Spring Assembly,"Assembly of parts MT7208-2, 3, & 4",USD 23.00,GeoRipper - Parts,,,0.00,0.00,0.00,0.00,true,,goods,1,,,Active,KIT,MT7208-2-4,,,,,USD 6.00,GeoRipper - Part,"Assembly of parts MT7208-2, 3, & 4",Finished Goods,fifo,,,0.00,USD 0.00,Cross self-tapping screw 5*16,MT7208-3,1.000000,Assembly,
6212012000002055001,Shock Spring Assembly,"Assembly of parts MT7208-2, 3, & 4",USD 23.00,GeoRipper - Parts,,,0.00,0.00,0.00,0.00,true,,goods,1,,,Active,KIT,MT7208-2-4,,,,,USD 6.00,GeoRipper - Part,"Assembly of parts MT7208-2, 3, & 4",Finished Goods,fifo,,,0.00,USD 0.00,Shock spring,MT7208-4,1.000000,Assembly,
6212012000002055020,Fuel Switch Assembly,"Assembly of parts MT7208-5, 6 & 7",USD 30.48,GeoRipper - Parts,,,0.00,0.00,0.00,0.00,true,,goods,1,,,Active,KIT,MT7208-5-7,,,,,USD 12.00,GeoRipper - Part,"Assembly of parts MT7208-5, 6 & 7",Finished Goods,fifo,,,0.00,USD 0.00,Fuel tank lower guard plate,MT7208-5,1.000000,Assembly,
6212012000002055020,Fuel Switch Assembly,"Assembly of parts MT7208-5, 6 & 7",USD 30.48,GeoRipper - Parts,,,0.00,0.00,0.00,0.00,true,,goods,1,,,Active,KIT,MT7208-5-7,,,,,USD 12.00,GeoRipper - Part,"Assembly of parts MT7208-5, 6 & 7",Finished Goods,fifo,,,0.00,USD 0.00,Switch,MT7208-6,1.000000,Assembly,
6212012000002055020,Fuel Switch Assembly,"Assembly of parts MT7208-5, 6 & 7",USD 30.48,GeoRipper - Parts,,,0.00,0.00,0.00,0.00,true,,goods,1,,,Active,KIT,MT7208-5-7,,,,,USD 12.00,GeoRipper - Part,"Assembly of parts MT7208-5, 6 & 7",Finished Goods,fifo,,,0.00,USD 0.00,Fuel tank antishock gasket,MT7208-7,1.000000,Assembly,
6212012000020698001,SiBore Drill SB431 Complete Accessory Bag,,USD 3036.68,SiBore Drill - Parts,,,0.00,0.00,0.00,0.00,true,,goods,1,,,Active,KIT,SB431-AB,,,,,USD 816.13,SiBore Drill - Part,,Finished Goods,fifo,,,0.00,USD 0.00,Green PVC Tool Bag,MT0099,1.000000,Assembly,Finished Good
6212012000020698001,SiBore Drill SB431 Complete Accessory Bag,,USD 3036.68,SiBore Drill - Parts,,,0.00,0.00,0.00,0.00,true,,goods,1,,,Active,KIT,SB431-AB,,,,,USD 816.13,SiBore Drill - Part,,Finished Goods,fifo,,,0.00,USD 0.00,SiBore Owner's Manual,SB-LIT-OM,1.000000,Assembly,Finished Good
6212012000020698001,SiBore Drill SB431 Complete Accessory Bag,,USD 3036.68,SiBore Drill - Parts,,,0.00,0.00,0.00,0.00,true,,goods,1,,,Active,KIT,SB431-AB,,,,,USD 816.13,SiBore Drill - Part,,Finished Goods,fifo,,,0.00,USD 0.00,GeoRipper Warranty Postcard,GR-LIT-WP,1.000000,Assembly,Finished Good
6212012000020698001,SiBore Drill SB431 Complete Accessory Bag,,USD 3036.68,SiBore Drill - Parts,,,0.00,0.00,0.00,0.00,true,,goods,1,,,Active,KIT,SB431-AB,,,,,USD 816.13,SiBore Drill - Part,,Finished Goods,fifo,,,0.00,USD 0.00,SiBore Drill - Shipping Box,SBBOX1,1.000000,Assembly,Finished Good
6212012000020698001,SiBore Drill SB431 Complete Accessory Bag,,USD 3036.68,SiBore Drill - Parts,,,0.00,0.00,0.00,0.00,true,,goods,1,,,Active,KIT,SB431-AB,,,,,USD 816.13,SiBore Drill - Part,,Finished Goods,fifo,,,0.00,USD 0.00,SiBore Drill - Tray,SBBOX2,1.000000,Assembly,Finished Good
6212012000020698001,SiBore Drill SB431 Complete Accessory Bag,,USD 3036.68,SiBore Drill - Parts,,,0.00,0.00,0.00,0.00,true,,goods,1,,,Active,KIT,SB431-AB,,,,,USD 816.13,SiBore Drill - Part,,Finished Goods,fifo,,,0.00,USD 0.00,SiBore Accessory Bag,SBACCBAG,1.000000,Assembly,Finished Good
6212012000020698001,SiBore Drill SB431 Complete Accessory Bag,,USD 3036.68,SiBore Drill - Parts,,,0.00,0.00,0.00,0.00,true,,goods,1,,,Active,KIT,SB431-AB,,,,,USD 816.13,SiBore Drill - Part,,Finished Goods,fifo,,,0.00,USD 0.00,"SiBore Drill - 2"" Auger Bit",SB2000,1.000000,Assembly,Finished Good
6212012000020698001,SiBore Drill SB431 Complete Accessory Bag,,USD 3036.68,SiBore Drill - Parts,,,0.00,0.00,0.00,0.00,true,,goods,1,,,Active,KIT,SB431-AB,,,,,USD 816.13,SiBore Drill - Part,,Finished Goods,fifo,,,0.00,USD 0.00,"SiBore Drill - 4"" Auger Bit",SB4000,1.000000,Assembly,Finished Good
6212012000020698001,SiBore Drill SB431 Complete Accessory Bag,,USD 3036.68,SiBore Drill - Parts,,,0.00,0.00,0.00,0.00,true,,goods,1,,,Active,KIT,SB431-AB,,,,,USD 816.13,SiBore Drill - Part,,Finished Goods,fifo,,,0.00,USD 0.00,"3/8""-16 x 2.25"" Grade 8 YellowZinc Bolt",SB3822,2.000000,Assembly,Finished Good
6212012000020698001,SiBore Drill SB431 Complete Accessory Bag,,USD 3036.68,SiBore Drill - Parts,,,0.00,0.00,0.00,0.00,true,,goods,1,,,Active,KIT,SB431-AB,,,,,USD 816.13,SiBore Drill - Part,,Finished Goods,fifo,,,0.00,USD 0.00,"3/8""-16 Nylock Nut",SB3803,2.000000,Assembly,Finished Good
6212012000020698001,SiBore Drill SB431 Complete Accessory Bag,,USD 3036.68,SiBore Drill - Parts,,,0.00,0.00,0.00,0.00,true,,goods,1,,,Active,KIT,SB431-AB,,,,,USD 816.13,SiBore Drill - Part,,Finished Goods,fifo,,,0.00,USD 0.00,"SiBore Drill - 32"" Extension",SB3200,3.000000,Assembly,Finished Good
6212012000020698001,SiBore Drill SB431 Complete Accessory Bag,,USD 3036.68,SiBore Drill - Parts,,,0.00,0.00,0.00,0.00,true,,goods,1,,,Active,KIT,SB431-AB,,,,,USD 816.13,SiBore Drill - Part,,Finished Goods,fifo,,,0.00,USD 0.00,"SiBore Drill - 36"" Drill Rod w/ Coupling Nut",SB3600,8.000000,Assembly,Finished Good
6212012000020698001,SiBore Drill SB431 Complete Accessory Bag,,USD 3036.68,SiBore Drill - Parts,,,0.00,0.00,0.00,0.00,true,,goods,1,,,Active,KIT,SB431-AB,,,,,USD 816.13,SiBore Drill - Part,,Finished Goods,fifo,,,0.00,USD 0.00,SiBore Drill - Swivel Cable Puller,SB1500,1.000000,Assembly,Finished Good
6212012000020698001,SiBore Drill SB431 Complete Accessory Bag,,USD 3036.68,SiBore Drill - Parts,,,0.00,0.00,0.00,0.00,true,,goods,1,,,Active,KIT,SB431-AB,,,,,USD 816.13,SiBore Drill - Part,,Finished Goods,fifo,,,0.00,USD 0.00,SiBore Drill - MicroBore Adapter,SB9000,1.000000,Assembly,Finished Good
6212012000020698001,SiBore Drill SB431 Complete Accessory Bag,,USD 3036.68,SiBore Drill - Parts,,,0.00,0.00,0.00,0.00,true,,goods,1,,,Active,KIT,SB431-AB,,,,,USD 816.13,SiBore Drill - Part,,Finished Goods,fifo,,,0.00,USD 0.00,"4mm Hex Key ""L"" tool",MT0004,1.000000,Assembly,Finished Good
6212012000020698001,SiBore Drill SB431 Complete Accessory Bag,,USD 3036.68,SiBore Drill - Parts,,,0.00,0.00,0.00,0.00,true,,goods,1,,,Active,KIT,SB431-AB,,,,,USD 816.13,SiBore Drill - Part,,Finished Goods,fifo,,,0.00,USD 0.00,"SiBore Drill - 1"" Bore Head",SB1000,2.000000,Assembly,Finished Good
6212012000020698001,SiBore Drill SB431 Complete Accessory Bag,,USD 3036.68,SiBore Drill - Parts,,,0.00,0.00,0.00,0.00,true,,goods,1,,,Active,KIT,SB431-AB,,,,,USD 816.13,SiBore Drill - Part,,Finished Goods,fifo,,,0.00,USD 0.00,"SiBore Drill - 9/16"" Combo Wrench",SB122,2.000000,Assembly,Finished Good
