Item ID,Item Name,SKU,UPC,MPN,EAN,ISBN,Is Returnable Item,Brand,Manufacturer,Description,Rate,Account,Account Code,Package Weight,Package Length,Package Width,Package Height,Dimension Unit,Weight Unit,Is Receivable Service,Taxable,Exemption Reason,Product Type,Source,Reference ID,Last Sync Time,Status,Usage unit,Unit Name,Purchase Rate,Purchase Account,Purchase Account Code,Purchase Description,Inventory Account,Inventory Account Code,Inventory Valuation Method,Reorder Point,Vendor,Opening Stock,Opening Stock Value,Stock On Hand,Item Type,Sellable,Purchasable,Track Inventory,TrackSerialNumber,Enable Bin Tracking,Is Combo Product,TAG.Inventory Type,TAG.Trade Shows 2025,CF.Inventory Type
6212012000000425817,Suction Head (fuel filter) EK6101/EK7651H/EK8100,163499-1,,,,,true,,Makita USA,010-114-010,USD 43.50,GeoRipper - Parts,4100,0.00,0.00,0.00,0.00,in,lb,,true,,goods,2,,,Active,EA,,USD 19.25,GeoRipper - Part,5100,163499-1,Finished Goods,1210,fifo,5.00,"Makita USA, Inc.",,,4.00,Inventory,true,true,true,false,false,false,,,
6212012000000425830,Primer - EK6101,168398-2,,,,,true,,Makita USA,010-155-011,USD 18.18,GeoRipper - Parts,4100,0.00,0.00,0.00,0.00,in,lb,,true,,goods,2,,,Active,EA,,USD 8.58,GeoRipper - Part,5100,"PRIMER PUMP, EK7651H",Finished Goods,1210,fifo,1.00,"Makita USA, Inc.",,,3.00,Inventory,true,true,true,false,false,false,,,
6212012000000425843,Starter Assy EK8100,123357-3,,,,,true,,Makita USA,Recoil Assembly,USD 72.53,GeoRipper - Parts,4100,0.00,0.00,0.00,0.00,in,lb,,true,,goods,2,,,Active,EA,,USD 34.54,GeoRipper - Part,5100,,Finished Goods,1210,fifo,3.00,"Makita USA, Inc.",,,1.00,Inventory,true,true,true,false,false,false,,,
6212012000000425856,"Ignition Coil Cpl., EK6101",123479-9,,,,,true,,Makita USA,,USD 208.36,GeoRipper - Parts,4100,0.00,0.00,0.00,0.00,in,lb,,true,,goods,2,,,Active,EA,,USD 88.26,GeoRipper - Part,5100,,Finished Goods,1210,fifo,1.00,"Makita USA, Inc.",,,2.00,Inventory,true,true,true,false,false,false,,,
6212012000000425869,Starter Assy EK7651H,125919-3,,,,,true,,Makita USA,Recoil Assembly,USD 62.99,GeoRipper - Parts,4100,0.00,0.00,0.00,0.00,,,,true,,goods,2,,,Active,EA,,USD 24.75,GeoRipper - Part,5100,,Finished Goods,1210,fifo,2.00,"Makita USA, Inc.",,,4.00,Inventory,true,true,true,false,false,false,,,
6212012000000425882,Clutch Drum EK7651H,125945-2,,,,,true,,Makita USA,,USD 63.30,GeoRipper - Parts,4100,0.00,0.00,0.00,0.00,,,,true,,goods,2,,,Active,EA,,USD 24.75,GeoRipper - Part,5100,,Finished Goods,1210,fifo,1.00,"Makita USA, Inc.",,,1.00,Inventory,true,true,true,false,false,false,,,
6212012000000425895,Cylinder/Piston Set EK8100,135794-9,,,,,true,,Makita USA,,USD 403.85,GeoRipper - Parts,4100,0.00,0.00,0.00,0.00,in,lb,,true,,goods,2,,,Active,EA,,USD 210.84,GeoRipper - Part,5100,,Finished Goods,1210,fifo,2.00,"Makita USA, Inc.",,,4.00,Inventory,true,true,true,false,false,false,,,
6212012000000425908,Belt Cover EK6101,143438-7,,,,,true,,Makita USA,,USD 77.35,GeoRipper - Parts,4100,0.00,0.00,0.00,0.00,in,lb,,true,,goods,2,,,Active,EA,,USD 29.76,GeoRipper - Part,5100,,Finished Goods,1210,fifo,5.00,"Makita USA, Inc.",,,3.00,Inventory,true,true,true,false,false,false,,,
6212012000000425921,Air Tube CPL EK6101,143439-5,,,,,true,,Makita USA,,USD 167.42,GeoRipper - Parts,4100,0.00,0.00,0.00,0.00,in,lb,,true,,goods,2,,,Active,EA,,USD 70.94,GeoRipper - Part,5100,,Finished Goods,1210,fifo,2.00,"Makita USA, Inc.",,,3.00,Inventory,true,true,true,false,false,false,,,
6212012000000425934,CRANK CASE CL. SIDE ASS'Y EK6101,143449-2,,,,,true,,Makita USA,,USD 305.45,GeoRipper - Parts,4100,0.00,0.00,0.00,0.00,in,lb,,true,,goods,2,,,Active,EA,,USD 107.43,GeoRipper - Part,5100,,Finished Goods,1210,fifo,1.00,"Makita USA, Inc.",,,2.00,Inventory,true,true,true,false,false,false,,,
6212012000000425947,Flywheel CPL EK6101,143450-7,,,,,true,,Makita USA,,USD 146.48,GeoRipper - Parts,4100,0.00,0.00,0.00,0.00,,,,true,,goods,2,,,Active,EA,,USD 52.25,GeoRipper - Part,5100,,Finished Goods,1210,fifo,2.00,"Makita USA, Inc.",,,2.00,Inventory,true,true,true,false,false,false,,,
6212012000000425960,Recoil Starter Complete EK6101,143454-9,,,,,true,,Makita USA,,USD 103.92,GeoRipper - Parts,4100,0.00,0.00,0.00,0.00,in,lb,,true,,goods,2,,,Active,EA,,USD 50.85,GeoRipper - Part,5100,,Finished Goods,1210,fifo,5.00,"Makita USA, Inc.",,,5.00,Inventory,true,true,true,false,false,false,,,
6212012000000425973,Ignition Coil - EK8100,161310-1,,,,,true,,Makita USA,,USD 248.43,GeoRipper - Parts,4100,0.00,0.00,0.00,0.00,,,,true,,goods,2,,,Active,EA,,USD 118.30,GeoRipper - Part,5100,,Finished Goods,1210,fifo,1.00,"Makita USA, Inc.",,,3.00,Inventory,true,true,true,false,false,false,,,
6212012000000425986,Carburetor EK8100 EK7301,162532-2,,,,,true,,Makita USA,(DPC7331 DPC8132) 161315-1,USD 216.51,GeoRipper - Parts,4100,0.00,0.00,0.00,0.00,in,lb,,true,,goods,2,,,Inactive,EA,,USD 81.09,GeoRipper - Part,5100,DISCONTINUED,Finished Goods,1210,fifo,1.00,"Makita USA, Inc.",,,0.00,Inventory,true,true,true,false,false,false,,,
6212012000000425999,Clutch Drum EK6101,161387-6,,,,,true,,Makita USA,,USD 64.94,GeoRipper - Parts,4100,0.00,0.00,0.00,0.00,in,lb,,true,,goods,2,,,Active,EA,,USD 35.30,GeoRipper - Part,5100,,Finished Goods,1210,fifo,2.00,"Makita USA, Inc.",,,2.00,Inventory,true,true,true,false,false,false,,,
6212012000000426012,Muffler EK6101,161392-3,,,,,true,,Makita USA,,USD 99.74,GeoRipper - Parts,4100,0.00,0.00,0.00,0.00,,,,true,,goods,2,,,Active,EA,,USD 37.95,GeoRipper - Part,5100,,Finished Goods,1210,fifo,5.00,"Makita USA, Inc.",,,5.00,Inventory,true,true,true,false,false,false,,,
6212012000000426025,Carburetor for EK6101,161395-7,,,,,true,,Makita USA,,USD 204.75,GeoRipper - Parts,4100,0.00,0.00,0.00,0.00,in,lb,,true,,goods,2,,,Active,EA,,USD 86.76,GeoRipper - Part,5100,,Finished Goods,1210,fifo,1.00,"Makita USA, Inc.",,,4.00,Inventory,true,true,true,false,false,false,,,
6212012000000426038,Dust Bag - EK7651H,166106-5,,,,,true,,Makita USA,,USD 6.29,GeoRipper - Parts,4100,0.00,0.00,0.00,0.00,,,,true,,goods,2,,,Active,EA,,USD 2.20,GeoRipper - Part,5100,,Finished Goods,1210,fifo,4.00,"Makita USA, Inc.",,,3.00,Inventory,true,true,true,false,false,false,,,
6212012000000426051,Clutch EK6101,168510-4,,,,,true,,Makita USA,3 Clutch Shoes and Springs,USD 68.79,GeoRipper - Parts,4100,0.00,0.00,0.00,0.00,in,lb,,true,,goods,2,,,Active,EA,,USD 28.09,GeoRipper - Part,5100,,Finished Goods,1210,fifo,2.00,"Makita USA, Inc.",,,2.00,Inventory,true,true,true,false,false,false,,,
6212012000000426064,Sparkplug EK7651H,168652-4,,,,,true,,Makita USA,,USD 18.51,GeoRipper - Parts,4100,0.00,0.00,0.00,0.00,in,lb,,true,,goods,2,,,Active,EA,,USD 10.51,GeoRipper - Part,5100,,Finished Goods,1210,fifo,2.00,"Makita USA, Inc.",,,5.00,Inventory,true,true,true,false,false,false,,,
6212012000000426077,Carburetor Replacement EK7651H,168815-2,,,,,true,,Makita USA,,USD 272.43,GeoRipper - Parts,4100,0.00,0.00,0.00,0.00,in,lb,,true,,goods,2,,,Active,EA,,USD 152.43,GeoRipper - Part,5100,,Finished Goods,1210,fifo,1.00,"Makita USA, Inc.",,,0.00,Inventory,true,true,true,false,false,false,,,
6212012000000426090,Clutch EK7651H,168834-8,,,,,true,,Makita USA,3 Clutch Shoes and Springs,USD 63.30,GeoRipper - Parts,4100,0.00,0.00,0.00,0.00,,,,true,,goods,2,,,Active,EA,,USD 22.55,GeoRipper - Part,5100,,Finished Goods,1210,fifo,1.00,"Makita USA, Inc.",,,0.00,Inventory,true,true,true,false,false,false,,,
6212012000000426103,Starter Knob - EK6101 EK8100,181-164-010,,,,,true,,Makita USA,,USD 4.19,GeoRipper - Parts,4100,0.00,0.00,0.00,0.00,in,lb,,true,,goods,2,,,Active,EA,,USD 1.71,GeoRipper - Part,5100,,Finished Goods,1210,fifo,1.00,"Makita USA, Inc.",,,15.00,Inventory,true,true,true,false,false,false,,,
6212012000000426116,"TOOL KIT, EK7651H",195488-8,,,,,true,,Makita USA,,USD 20.75,GeoRipper - Parts,4100,0.00,0.00,0.00,0.00,,,,true,,goods,2,,,Active,Kit,,USD 8.80,GeoRipper - Part,5100,,Finished Goods,1210,fifo,,"Makita USA, Inc.",,,0.00,Inventory,true,true,true,false,false,false,,,
6212012000000426129,Pre Filter EK7651H,198172-4,,,,,true,,Makita USA,,USD 5.24,GeoRipper - Parts,4100,0.00,0.00,0.00,0.00,,,,true,,goods,2,,,Active,EA,,USD 1.54,GeoRipper - Part,5100,,Finished Goods,1210,fifo,2.00,"Makita USA, Inc.",,,4.00,Inventory,true,true,true,false,false,false,,,
6212012000000426142,Bar Adapter Assembly - TerraTrencher to Powerhead - Dolmar 6100 w/ 3 Tees,20MB-BA-D,,,,,true,,,,USD 95.59,GeoRipper - Parts,4100,0.00,0.00,0.00,0.00,,,,true,,goods,2,,,Inactive,EA,,USD 45.75,GeoRipper - Part,5100,,Finished Goods,1210,fifo,,,,,3.00,Inventory,true,true,true,false,false,false,,,
6212012000000426155,Bar Adapter Assembly - TerraTrencher to Powerhead - Dolmar 7910 w/ 3 Tees,20MB-BA-D7910,,,,,true,,,,USD 95.59,GeoRipper - Parts,4100,0.00,0.00,0.00,0.00,,,,true,,goods,2,,,Inactive,EA,,USD 45.75,GeoRipper - Part,5100,,Finished Goods,1210,fifo,,,,,10.00,Inventory,true,true,true,false,false,false,,,
6212012000000426168,Bar Adapter Assembly - TerraTrencher to Powerhead - Stihl w/ 3 Tees,20MB-BA-S,,,,,true,,,,USD 96.40,GeoRipper - Parts,4100,0.00,0.00,0.00,0.00,,,,true,,goods,2,,,Inactive,EA,,USD 46.14,GeoRipper - Part,5100,,Finished Goods,1210,fifo,,,,,7.00,Inventory,true,true,true,false,false,false,,,
6212012000000426181,Bar Adapter Spacer shim for Stihl,20MB-BAS-S,,,,,true,,,,USD 22.71,GeoRipper - Parts,4100,0.00,0.00,0.00,0.00,,,,true,,goods,2,,,Inactive,EA,,USD 10.87,GeoRipper - Part,5100,,Finished Goods,1210,fifo,,,,,4.00,Inventory,true,true,true,false,false,false,,,
6212012000000426194,Bar Adapter Tees (Set of 3),20MB-BAT,,,,,true,,,,USD 22.71,GeoRipper - Parts,4100,0.00,0.00,0.00,0.00,,,,true,,goods,2,,,Inactive,set,,USD 10.87,GeoRipper - Part,5100,,Finished Goods,1210,fifo,,,,,6.00,Inventory,true,true,true,false,false,false,,,
6212012000000426207,BEARING 6201LLU EK6101,210148-2,,,,,true,,Makita USA,Axle Bearing,USD 8.15,GeoRipper - Parts,4100,0.00,0.00,0.00,0.00,in,lb,,true,,goods,2,,,Active,EA,,USD 5.60,GeoRipper - Part,5100,,Finished Goods,1210,fifo,2.00,"Makita USA, Inc.",,,19.00,Inventory,true,true,true,false,false,false,,,
6212012000000426220,Clutch Drum Bearing 6901 EK6101,211168-9,,,,,true,,Makita USA,EK6101 clutch drum bearing 6901 (two required per machine),USD 24.68,GeoRipper - Parts,4100,0.00,0.00,0.00,0.00,in,lb,,true,,goods,2,,,Active,EA,,USD 14.75,GeoRipper - Part,5100,,Finished Goods,1210,fifo,1.00,"Makita USA, Inc.",,,10.00,Inventory,true,true,true,false,false,false,,,
6212012000000426233,RADIAL RING EK6101,213814-0,,,,,true,,Makita USA,,USD 14.76,GeoRipper - Parts,4100,0.00,0.00,0.00,0.00,in,lb,,true,,goods,2,,,Active,EA,,USD 4.92,GeoRipper - Part,5100,,Finished Goods,1210,fifo,2.00,"Makita USA, Inc.",,,4.00,Inventory,true,true,true,false,false,false,,,
6212012000000426246,Washer - EK6101,216217-7,,,,,true,,Makita USA,315-221-041 spacer under pulley,USD 3.40,GeoRipper - Parts,4100,0.00,0.00,0.00,0.00,in,lb,,true,,goods,2,,,Active,EA,,USD 1.44,GeoRipper - Part,5100,,Finished Goods,1210,fifo,4.00,"Makita USA, Inc.",,,39.00,Inventory,true,true,true,false,false,false,,,
6212012000000426259,Pulley EK7651H Makita,222174-9,,,,,true,,Makita USA,,USD 20.99,GeoRipper - Parts,4100,0.00,0.00,0.00,0.00,in,lb,,true,,goods,2,,,Active,EA,,USD 3.75,GeoRipper - Part,5100,,Finished Goods,1210,fifo,5.00,"Makita USA, Inc.",,,56.00,Inventory,true,true,true,false,false,false,,,
6212012000000426272,Drive Chain Guard - Captured Screw Replacement,22DA-CGS,,,,,true,,,,USD 28.38,GeoRipper - Parts,4100,0.00,0.00,0.00,0.00,,,,true,,goods,2,,,Inactive,EA,,USD 13.59,GeoRipper - Part,5100,,Finished Goods,1210,fifo,,,,,10.00,Inventory,true,true,true,false,false,false,,,
6212012000000426285,Drive Chain 219 - 94 pin Stihl,22DA-DC-94-S,,,,,true,,,,USD 82.44,GeoRipper - Parts,4100,0.00,0.00,0.00,0.00,,,,true,,goods,2,,,Inactive,EA,,USD 39.46,GeoRipper - Part,5100,,Finished Goods,1210,fifo,,,,,2.00,Inventory,true,true,true,false,false,false,,,
6212012000000426298,Drive Chain 219 - 96 pin Dolmar 6100,22DA-DC-96-D,,,,,true,,,,USD 82.44,GeoRipper - Parts,4100,0.00,0.00,0.00,0.00,,,,true,,goods,2,,,Inactive,EA,,USD 39.46,GeoRipper - Part,5100,,Finished Goods,1210,fifo,,,,,1.00,Inventory,true,true,true,false,false,false,,,
6212012000000426311,Drive Chain 219 - 98 pin Dolmar 7910,22DA-DC-98-D,,,,,true,,,,USD 82.44,GeoRipper - Parts,4100,0.00,0.00,0.00,0.00,,,,true,,goods,2,,,Inactive,EA,,USD 39.46,GeoRipper - Part,5100,,Finished Goods,1210,fifo,,,,,17.00,Inventory,true,true,true,false,false,false,,,
6212012000000426324,Driven Sprocket Plate 55T (219) assembly with hub - includes 3 shear bolts and nyloc nuts,22DA-DSA,,,,,true,,,,USD 184.88,GeoRipper - Parts,4100,0.00,0.00,0.00,0.00,,,,true,,goods,2,,,Inactive,EA,,USD 69.32,GeoRipper - Part,5100,,Finished Goods,1210,fifo,,,,,7.00,Inventory,true,true,true,false,false,false,,,
6212012000000426337,Drive Sprocket 219 - 16 Tooth for Dolmar,22DA-DS-D,,,,,true,,,,USD 66.45,GeoRipper - Parts,4100,0.00,0.00,0.00,0.00,,,,true,,goods,2,,,Inactive,EA,,USD 31.81,GeoRipper - Part,5100,,Finished Goods,1210,fifo,,,,,5.00,Inventory,true,true,true,false,false,false,,,
6212012000000426350,Drive Sprocket 219 - 16 Tooth for Stihl,22DA-DS-S,,,,,true,,,,USD 62.41,GeoRipper - Parts,4100,0.00,0.00,0.00,0.00,,,,true,,goods,2,,,Inactive,EA,,USD 29.87,GeoRipper - Part,5100,,Finished Goods,1210,fifo,,,,,6.00,Inventory,true,true,true,false,false,false,,,
6212012000000426363,Compression Spring 11 - BBX7600,234212-5,,,,,true,,Makita USA,,USD 4.19,GeoRipper - Parts,4100,0.00,0.00,0.00,0.00,,,,true,,goods,2,,,Active,EA,,USD 1.49,GeoRipper - Part,5100,,Finished Goods,1210,fifo,1.00,"Makita USA, Inc.",,,3.00,Inventory,true,true,true,false,false,false,,,
6212012000000426376,Compression Spring 13 - EK7651H,234213-3,,,,,true,,Makita USA,,USD 3.14,GeoRipper - Parts,4100,0.00,0.00,0.00,0.00,in,lb,,true,,goods,2,,,Active,EA,,USD 1.15,GeoRipper - Part,5100,,Finished Goods,1210,fifo,1.00,"Makita USA, Inc.",,,7.00,Inventory,true,true,true,false,false,false,,,
6212012000000426389,Compression Spring 16 - EK7651H,234214-1,,,,,true,,Makita USA,,USD 3.14,GeoRipper - Parts,4100,0.00,0.00,0.00,0.00,,,,true,,goods,2,,,Active,EA,,USD 1.15,GeoRipper - Part,5100,,Finished Goods,1210,fifo,1.00,"Makita USA, Inc.",,,2.00,Inventory,true,true,true,false,false,false,,,
6212012000000426402,COMPRESSION SPRING 6 EK7651H EK8100 BELT ADJUSTER,234215-9,,,,,true,,Makita USA,,USD 2.92,GeoRipper - Parts,4100,0.00,0.00,0.00,0.00,,,,true,,goods,2,,,Active,EA,,USD 1.10,GeoRipper - Part,5100,,Finished Goods,1210,fifo,2.00,"Makita USA, Inc.",,,4.00,Inventory,true,true,true,false,false,false,,,
6212012000000426415,COMPRESSION SPRING 8 EK7651H,234216-7,,,,,true,,Makita USA,,USD 1.25,GeoRipper - Parts,4100,0.00,0.00,0.00,0.00,in,lb,,true,,goods,2,,,Active,EA,,USD 0.55,GeoRipper - Part,5100,,Finished Goods,1210,fifo,1.00,"Makita USA, Inc.",,,100.00,Inventory,true,true,true,false,false,false,,,
6212012000000426428,Hexagonal Nut M8X1 - Makita Part,264022-6,,,,,true,,Makita USA,,USD 1.85,GeoRipper - Parts,4100,0.00,0.00,0.00,0.00,,,,true,,goods,2,,,Active,EA,,USD 0.88,GeoRipper - Part,5100,,Finished Goods,1210,fifo,5.00,"Makita USA, Inc.",,,4.00,Inventory,true,true,true,false,false,false,,,
6212012000000426441,SQUARE NUT M6 EK7651H EK8100,264112-5,,,,,true,,Makita USA,,USD 2.19,GeoRipper - Parts,4100,0.00,0.00,0.00,0.00,,,,true,,goods,2,,,Active,EA,,USD 0.88,GeoRipper - Part,5100,,Finished Goods,1210,fifo,2.00,"Makita USA, Inc.",,,3.00,Inventory,true,true,true,false,false,false,,,
6212012000000426454,Muffler SCREW M5X16 EK6101,266605-8,,,,,true,,Makita USA,,USD 2.43,GeoRipper - Parts,4100,0.00,0.00,0.00,0.00,in,lb,,true,,goods,2,,,Active,EA,,USD 1.40,GeoRipper - Part,5100,,Finished Goods,1210,fifo,10.00,"Makita USA, Inc.",,,20.00,Inventory,true,true,true,false,false,false,,,
6212012000000426467,H.L. Socket Head Bolt M6X30 - EK7651H,266659-5,,,,,true,,Makita USA,,USD 1.25,GeoRipper - Parts,4100,0.00,0.00,0.00,0.00,,,,true,,goods,2,,,Active,EA,,USD 0.65,GeoRipper - Part,5100,,Finished Goods,1210,fifo,1.00,"Makita USA, Inc.",,,10.00,Inventory,true,true,true,false,false,false,,,
6212012000000426480,"H.L. COLLAR BOLT M6, EK7301",266689-6,,,,,true,,Makita USA,,USD 1.16,GeoRipper - Parts,4100,0.00,0.00,0.00,0.00,,,,true,,goods,2,,,Active,EA,,USD 0.55,GeoRipper - Part,5100,,Finished Goods,1210,fifo,3.00,"Makita USA, Inc.",,,98.00,Inventory,true,true,true,false,false,false,,,
6212012000000426493,M8X25X1.25 - EK7651H Hex Bolt,266690-1,,,,,true,,Makita USA,M8x1.25x25 & M8 High Collar Washer,USD 2.31,GeoRipper - Parts,4100,0.00,0.00,0.00,0.00,in,lb,,true,,goods,2,,,Active,EA,,USD 1.10,GeoRipper - Part,5100,,Finished Goods,1210,fifo,,"Makita USA, Inc.",,,0.00,Inventory,true,true,true,false,false,false,,,
6212012000000426506,Belt Tension Screw M6 EK7651H EK8100,266691-9,,,,,true,,Makita USA,,USD 2.75,GeoRipper - Parts,4100,0.00,0.00,0.00,0.00,,,,true,,goods,2,,,Active,EA,,USD 0.55,GeoRipper - Part,5100,,Finished Goods,1210,fifo,2.00,"Makita USA, Inc.",,,5.00,Inventory,true,true,true,false,false,false,,,
6212012000000426519,Spring Washer 8 - Makita Part,267822-3,,,,,true,,Makita USA,,USD 0.30,GeoRipper - Parts,4100,0.00,0.00,0.00,0.00,in,lb,,true,,goods,2,,,Active,EA,,USD 0.12608,GeoRipper - Part,5100,,Finished Goods,1210,fifo,200.00,"Makita USA, Inc.",,,115.00,Inventory,true,true,true,false,false,false,,,
6212012000000426532,Eccentric Disk - EK6101,310675-0,,,,,true,,Makita USA,,USD 7.76,GeoRipper - Parts,4100,0.00,0.00,0.00,0.00,,,,true,,goods,2,,,Active,EA,,USD 2.75,GeoRipper - Part,5100,,Finished Goods,1210,fifo,5.00,"Makita USA, Inc.",,,6.00,Inventory,true,true,true,false,false,false,,,
6212012000000426545,CRANK CASE GASKET EK6101,346966-3,,,,,true,,Makita USA,,USD 6.54,GeoRipper - Parts,4100,0.00,0.00,0.00,0.00,in,lb,,true,,goods,2,,,Active,EA,,USD 2.18,GeoRipper - Part,5100,,Finished Goods,1210,fifo,1.00,"Makita USA, Inc.",,,10.00,Inventory,true,true,true,false,false,false,,,
6212012000000426558,DAMPER EK6101,424788-2,,,,,true,,Makita USA,315-114-090,USD 1.56,GeoRipper - Parts,4100,0.00,0.00,0.00,0.00,in,lb,,true,,goods,2,,,Active,EA,,USD 0.55,GeoRipper - Part,5100,,Finished Goods,1210,fifo,5.00,"Makita USA, Inc.",,,7.00,Inventory,true,true,true,false,false,false,,,
6212012000000426571,Stand Support - EK6101,315-114-121,,,,,true,,Makita USA,,USD 36.40,GeoRipper - Parts,4100,0.00,0.00,0.00,0.00,,,,true,,goods,2,,,Active,EA,,USD 13.65,GeoRipper - Part,5100,,Finished Goods,1210,fifo,5.00,"Makita USA, Inc.",,,8.00,Inventory,true,true,true,false,false,false,,,
6212012000000426584,Damping Spring CPL EK6101,140F77-0,,,,,true,,Makita USA,"upper right damping spring
315-114-200",USD 12.29,GeoRipper - Parts,4100,0.00,0.00,0.00,0.00,in,lb,,true,,goods,2,,,Active,EA,,USD 4.55,GeoRipper - Part,5100,,Finished Goods,1210,fifo,1.00,"Makita USA, Inc.",,,0.00,Inventory,true,true,true,false,false,false,,,
6212012000000426597,"Damping spring cpl, EK6101 (lower front)",315-114-300,,,,,true,,Makita USA,lower front damping spring with plastic bracket for tubular handle,USD 12.58,GeoRipper - Parts,4100,0.00,0.00,0.00,0.00,in,lb,,true,,goods,2,,,Active,EA,,USD 5.12,GeoRipper - Part,5100,,Finished Goods,1210,fifo,1.00,"Makita USA, Inc.",,,0.00,Inventory,true,true,true,false,false,false,,,
6212012000000426610,"SUCTION HOSE, EK6101",315-131-031,,,,,true,,Makita USA,,USD 15.02,GeoRipper - Parts,4100,0.00,0.00,0.00,0.00,,,,true,,goods,2,,,Active,EA,,USD 7.15,GeoRipper - Part,5100,,Finished Goods,1210,fifo,5.00,"Makita USA, Inc.",,,21.00,Inventory,true,true,true,false,false,false,,,
6212012000000426623,Carburetor Repair Kit EK6101,315-153-681,,,,,true,,Makita USA,,USD 37.20,GeoRipper - Parts,4100,0.00,0.00,0.00,0.00,in,lb,,true,,goods,2,,,Active,EA,,USD 16.46,GeoRipper - Part,5100,,Finished Goods,1210,fifo,1.00,"Makita USA, Inc.",,,2.00,Inventory,true,true,true,false,false,false,,,
6212012000000426636,Inner sealing filter EK6101,315-173-020,,,,,true,,Makita USA,,USD 12.13,GeoRipper - Parts,4100,0.00,0.00,0.00,0.00,,,,true,,goods,2,,,Active,EA,,USD 3.85,GeoRipper - Part,5100,,Finished Goods,1210,fifo,0.00,"Makita USA, Inc.",,,3.00,Inventory,true,true,true,false,false,false,,,
6212012000000426649,Pulley EK6101 Makita,222188-8,,,,,true,,Makita USA,,USD 98.11,GeoRipper - Parts,4100,0.00,0.00,0.00,0.00,in,lb,,true,,goods,2,,,Active,EA,,USD 41.57,GeoRipper - Part,5100,Makita Part: 222188-8,Finished Goods,1210,fifo,5.00,"Makita USA, Inc.",,,10.00,Inventory,true,true,true,false,false,false,,,
6212012000000426662,SPACER EK6101,257386-5,,,,,true,,Makita USA,spacer between axle bearings,USD 4.40,GeoRipper - Parts,4100,0.00,0.00,0.00,0.00,in,lb,,true,,goods,2,,,Active,EA,,USD 1.65,GeoRipper - Part,5100,"315-228-021 	SPACER, EK6101
257386-5",Finished Goods,1210,fifo,5.00,"Makita USA, Inc.",,,120.00,Inventory,true,true,true,false,false,false,,,
6212012000000426675,Axle 20.0 - EK6101,326623-9,,,,,true,,Makita USA,315-228-031,USD 52.31,GeoRipper - Parts,4100,0.00,0.00,0.00,0.00,in,lb,,true,,goods,2,,,Active,EA,,USD 19.01,GeoRipper - Part,5100,,Finished Goods,1210,fifo,10.00,"Makita USA, Inc.",,,2.00,Inventory,true,true,true,false,false,false,,,
6212012000000426688,Flywheel EK7651H,318704-3,,,,,true,,Makita USA,,USD 47.49,GeoRipper - Parts,4100,0.00,0.00,0.00,0.00,,,,true,,goods,2,,,Active,EA,,USD 17.79,GeoRipper - Part,5100,,Finished Goods,1210,fifo,1.00,"Makita USA, Inc.",,,2.00,Inventory,true,true,true,false,false,false,,,
6212012000000426701,"CUTTING DEVICE, EK7651H",318722-1,,,,,true,,Makita USA,,USD 23.50,GeoRipper - Parts,4100,0.00,0.00,0.00,0.00,,,,true,,goods,2,,,Active,EA,,USD 8.81,GeoRipper - Part,5100,,Finished Goods,1210,fifo,1.00,"Makita USA, Inc.",,,69.00,Inventory,true,true,true,false,false,false,,,
6212012000000426714,Rear Outer Holder - EK7651H,318730-2,,,,,true,,Makita USA,,USD 4.62,GeoRipper - Parts,4100,0.00,0.00,0.00,0.00,,,,true,,goods,2,,,Active,EA,,USD 1.69,GeoRipper - Part,5100,,Finished Goods,1210,fifo,1.00,"Makita USA, Inc.",,,3.00,Inventory,true,true,true,false,false,false,,,
6212012000000426727,Belt Tension Plate EK7651H EK8100,346457-4,,,,,true,,Makita USA,,USD 4.62,GeoRipper - Parts,4100,0.00,0.00,0.00,0.00,,,,true,,goods,2,,,Active,EA,,USD 1.65,GeoRipper - Part,5100,,Finished Goods,1210,fifo,2.00,"Makita USA, Inc.",,,7.00,Inventory,true,true,true,false,false,false,,,
6212012000000426740,Gasket EK7301,346876-4,,,,,true,,Makita USA,Muffler Gasket for EK6101 and EK8100,USD 3.14,GeoRipper - Parts,4100,0.00,0.00,0.00,0.00,,,,true,,goods,2,,,Active,EA,,USD 1.10,GeoRipper - Part,5100,,Finished Goods,1210,fifo,5.00,"Makita USA, Inc.",,,9.00,Inventory,true,true,true,false,false,false,,,
6212012000000426753,CYLINDER BASE GASKET EK6101,346950-8,,,,,true,,Makita USA,,USD 4.71,GeoRipper - Parts,4100,0.00,0.00,0.00,0.00,in,lb,,true,,goods,2,,,Active,EA,,USD 1.65,GeoRipper - Part,5100,,Finished Goods,1210,fifo,2.00,"Makita USA, Inc.",,,6.00,Inventory,true,true,true,false,false,false,,,
6212012000000426766,GASKET AIR VALVE EK6101,346955-8,,,,,true,,Makita USA,,USD 1.54,GeoRipper - Parts,4100,0.00,0.00,0.00,0.00,in,lb,,true,,goods,2,,,Active,EA,,USD 0.55,GeoRipper - Part,5100,,Finished Goods,1210,fifo,,"Makita USA, Inc.",,,1.00,Inventory,true,true,true,false,false,false,,,
6212012000000426779,Base Shield EK6101,346958-2,,,,,true,,Makita USA,,USD 50.39,GeoRipper - Parts,4100,0.00,0.00,0.00,0.00,,,,true,,goods,2,,,Active,EA,,USD 22.20,GeoRipper - Part,5100,,Finished Goods,1210,fifo,5.00,"Makita USA, Inc.",,,0.00,Inventory,true,true,true,false,false,false,,,
6212012000000426792,"COOLING PLATE, EK6101",346959-0,,,,,true,,Makita USA,,USD 2.09,GeoRipper - Parts,4100,0.00,0.00,0.00,0.00,,,,true,,goods,2,,,Active,EA,,USD 0.55,GeoRipper - Part,5100,,Finished Goods,1210,fifo,1.00,"Makita USA, Inc.",,,2.00,Inventory,true,true,true,false,false,false,,,
6212012000000426805,Pre Filter EK8100,395-173-081,,,,,true,,Makita USA,blue foam pre filter,USD 15.95,GeoRipper - Parts,4100,0.00,0.00,0.00,0.00,in,lb,,true,,goods,2,,,Inactive,EA,,USD 5.67,GeoRipper - Part,5100,DISCONTINUED,Finished Goods,1210,fifo,2.00,"Makita USA, Inc.",,,0.00,Inventory,true,true,true,false,false,false,,,
6212012000000426818,Hand Mitt TerraTrencher - Leather,36AC-HM-TT,,,,,true,,,,USD 55.51,GeoRipper - Parts,4100,0.00,0.00,0.00,0.00,,,,true,,goods,2,,,Inactive,EA,,USD 26.57,GeoRipper - Part,5100,,Finished Goods,1210,fifo,,,,,3.00,Inventory,true,true,true,false,false,false,,,
6212012000000426831,SUCTION HOSE EK8100,394-131-210,,,,,true,,Makita USA,EK8100 suction hose ,USD 27.31,GeoRipper - Parts,4100,0.00,0.00,0.00,0.00,in,lb,,true,,goods,2,,,Active,Kit,,USD 9.74,GeoRipper - Part,5100,,Finished Goods,1210,fifo,1.00,"Makita USA, Inc.",,,1.00,Inventory,true,true,true,false,false,false,,,
6212012000000426844,Air Filter EK8100,424701-0,,,,,true,,Makita USA,,USD 15.74,GeoRipper - Parts,4100,0.00,0.00,0.00,0.00,in,lb,,true,,goods,2,,,Active,EA,,USD 4.40,GeoRipper - Part,5100,,Finished Goods,1210,fifo,2.00,"Makita USA, Inc.",,,3.00,Inventory,true,true,true,false,false,false,,,
6212012000000426857,"RUBBER FOOT, EK6101",424781-6,,,,,true,,Makita USA,,USD 3.14,GeoRipper - Parts,4100,0.00,0.00,0.00,0.00,,,,true,,goods,2,,,Active,EA,,USD 1.10,GeoRipper - Part,5100,,Finished Goods,1210,fifo,5.00,"Makita USA, Inc.",,,7.00,Inventory,true,true,true,false,false,false,,,
6212012000000426870,Air Filter EK6101,424789-0,,,,,true,,Makita USA,,USD 15.74,GeoRipper - Parts,4100,0.00,0.00,0.00,0.00,,,,true,,goods,2,,,Active,EA,,USD 7.15,GeoRipper - Part,5100,,Finished Goods,1210,fifo,5.00,"Makita USA, Inc.",,,7.00,Inventory,true,true,true,false,false,false,,,
6212012000000426883,Paper Air Filter EK7651H,442165-6,,,,,true,,Makita USA,,USD 15.74,GeoRipper - Parts,4100,0.00,0.00,0.00,0.00,,,,true,,goods,2,,,Active,EA,,USD 6.60,GeoRipper - Part,5100,,Finished Goods,1210,fifo,2.00,"Makita USA, Inc.",,,0.00,Inventory,true,true,true,false,false,false,,,
6212012000000426896,Front Inner Holder - EK7651H,452740-0,,,,,true,,Makita USA,,USD 3.14,GeoRipper - Parts,4100,0.00,0.00,0.00,0.00,,,,true,,goods,2,,,Active,EA,,USD 1.15,GeoRipper - Part,5100,,Finished Goods,1210,fifo,1.00,"Makita USA, Inc.",,,2.00,Inventory,true,true,true,false,false,false,,,
6212012000000426909,Belt Cover EK8100 W/O Hardware,455831-6,,,,,true,,Makita USA,,USD 63.59,GeoRipper - Parts,4100,0.00,0.00,0.00,0.00,,,,true,,goods,2,,,Active,EA,,USD 25.74,GeoRipper - Part,5100,,Finished Goods,1210,fifo,5.00,"Makita USA, Inc.",,,5.00,Inventory,true,true,true,false,false,false,,,
6212012000000426922,Belt Cover EK7651H,455936-2,,,,,true,,Makita USA,,USD 26.24,GeoRipper - Parts,4100,0.00,0.00,0.00,0.00,,,,true,,goods,2,,,Active,EA,,USD 8.25,GeoRipper - Part,5100,,Finished Goods,1210,fifo,1.00,"Makita USA, Inc.",,,5.00,Inventory,true,true,true,false,false,false,,,
6212012000000426949,MXF314 belt,786-3P-15,,,,,true,,,,USD 34.85,GeoRipper - Parts,4100,0.00,0.00,0.00,0.00,,,,true,,goods,2,,,Inactive,EA,,USD 12.41,GeoRipper - Part,5100,,Finished Goods,1210,fifo,10.00,B&B manufacturing,,,11.00,Inventory,true,true,true,false,false,false,,,
6212012000000426962,Screw 5X15 - EK6101,913-850-155,,,,,true,,Makita USA,,USD 1.62,GeoRipper - Parts,4100,0.00,0.00,0.00,0.00,in,lb,,true,,goods,2,,,Active,EA,,USD 0.77,GeoRipper - Part,5100,,Finished Goods,1210,fifo,4.00,"Makita USA, Inc.",,,6.00,Inventory,true,true,true,false,false,false,,,
6212012000000426975,RETAINING RING 32X1.2 EK6101,234388-8,,,,,true,,Makita USA,929-232-120,USD 1.44,GeoRipper - Parts,4100,0.00,0.00,0.00,0.00,in,lb,,true,,goods,2,,,Active,EA,,USD 0.61,GeoRipper - Part,5100,,Finished Goods,1210,fifo,1.00,"Makita USA, Inc.",,,1.00,Inventory,true,true,true,false,false,false,,,
6212012000000426988,"CYLINDER/PISTON SET, EK6101",183J68-2,,,,,true,,Makita USA,957-130-315,USD 391.70,GeoRipper - Parts,4100,0.00,0.00,0.00,0.00,in,lb,,true,,goods,2,,,Active,EA,,USD 221.07,GeoRipper - Part,5100,,Finished Goods,1210,fifo,1.00,"Makita USA, Inc.",,,0.00,Inventory,true,true,true,false,false,false,,,
6212012000000427001,Carburetor Rebuild Kit EK8100,957-151-180,,,,,true,,Makita USA,"SET DIAPHRAGM/GASKETS (WALBRO), DPC8112",USD 46.45,GeoRipper - Parts,4100,0.00,0.00,0.00,0.00,in,lb,,true,,goods,2,,,Active,EA,,USD 17.40,GeoRipper - Part,5100,,Finished Goods,1210,fifo,1.00,"Makita USA, Inc.",,,0.00,Inventory,true,true,true,false,false,false,,,
6212012000000427014,FUEL TUBE - EA4300 EK6101,965-452-660,,,,,true,,Makita USA,EK-6101 orange fuel line,USD 17.52,GeoRipper - Parts,4100,0.00,0.00,0.00,0.00,,,,true,,goods,2,,,Active,EA,,USD 6.60,GeoRipper - Part,5100,,Finished Goods,1210,fifo,1.00,"Makita USA, Inc.",,,2.00,Inventory,true,true,true,false,false,false,,,
6212012000000427027,cylinder base gasket EK8100,346873-0,,,,,true,,Makita USA,965-531-160,USD 4.18,GeoRipper - Parts,4100,0.00,0.00,0.00,0.00,in,lb,,true,,goods,2,,,Active,EA,,USD 1.49,GeoRipper - Part,5100,,Finished Goods,1210,fifo,2.00,"Makita USA, Inc.",,,7.00,Inventory,true,true,true,false,false,false,,,
6212012000000427040,Sparkplug BPMR7A EK6101 EK8100,965-603-021,,,,,true,,Makita USA,,USD 6.29,GeoRipper - Parts,4100,0.00,0.00,0.00,0.00,in,lb,,true,,goods,2,,,Active,EA,,USD 2.97,GeoRipper - Part,5100,,Finished Goods,1210,fifo,5.00,"Makita USA, Inc.",,,19.00,Inventory,true,true,true,false,false,false,,,
6212012000000427053,Engine Kit Box,BX-1,,,,,true,,,,USD 10.62,GeoRipper - Parts,4100,0.00,0.00,0.00,0.00,,,,true,,goods,2,,,Active,EA,,USD 3.98,GeoRipper - Part,5100,,Finished Goods,1210,fifo,0.00,,,,47.00,Inventory,true,true,true,false,false,false,,,
6212012000000427066,"Large GeoRipper Box ""B""",BX-3,,,,,true,,,,USD 20.85,GeoRipper - Parts,4100,0.00,36.00,15.00,25.00,in,lb,,true,,goods,2,,,Active,EA,,USD 14.65,GeoRipper - Part,5100,,Finished Goods,1210,fifo,50.00,,,,20.00,Inventory,true,true,true,false,false,false,,,
6212012000000427079,"Small GeoRipper Box ""A""",BX-4,,,,,true,,,,USD 18.81,GeoRipper - Parts,4100,0.00,32.00,15.00,20.00,in,lb,,true,,goods,2,,,Active,EA,,USD 9.30,GeoRipper - Part,5100,CCBOX ID: OUTER A,Finished Goods,1210,fifo,100.00,,,,218.00,Inventory,true,true,true,false,false,false,,,
6212012000000427092,"GeoRipper Box ""Stabilizer""",BX-5,,,,,true,,,,USD 4.21,GeoRipper - Parts,4100,0.00,0.00,0.00,0.00,,,,true,,goods,2,,,Active,EA,,USD 1.87,GeoRipper - Part,5100,,Finished Goods,1210,fifo,400.00,,,,676.00,Inventory,true,true,true,false,false,false,,,
6212012000000427105,GeoRipper Box Tray,BX-6,,,,,true,,,,USD 5.71,GeoRipper - Parts,4100,0.00,0.00,0.00,0.00,,,,true,,goods,2,,,Active,EA,,USD 3.60,GeoRipper - Part,5100,,Finished Goods,1210,fifo,200.00,,,,259.00,Inventory,true,true,true,false,false,false,,,
6212012000000427118,Accessory Box,BX-7,,,,,true,,,,USD 6.18,GeoRipper - Parts,4100,0.00,0.00,0.00,0.00,,,,true,,goods,2,,,Active,EA,,USD 3.20,GeoRipper - Part,5100,,Finished Goods,1210,fifo,10.00,,,,0.00,Inventory,true,true,true,false,false,false,,,
6212012000000427131,"EZ Kart - Rod 3/4"" (D) X 28"" (L)",EZ1.1.1,,,,,true,GeoRipper,,Welding Parts for Axle,USD 12.00,GeoRipper - Parts,4100,0.00,0.00,0.00,0.00,,,,true,,goods,2,,,Active,pcs,Pieces,USD 4.50,GeoRipper - Part,5100,,Finished Goods,1210,fifo,1.00,,,,86.00,Inventory,true,true,true,false,false,false,,,
6212012000000427144,"EZ Kart - 3/4"" SAE Washers",EZ1.1.2,,,,,true,GeoRipper,,Welding Parts for Axle,USD 2.61,GeoRipper - Parts,4100,0.00,0.00,0.00,0.00,,,,true,,goods,2,,,Active,pcs,Pieces,USD 0.98,GeoRipper - Part,5100,,Finished Goods,1210,fifo,1.00,,,,885.00,Inventory,true,true,true,false,false,false,,,
6212012000000427157,EZ Kart - Spindle (indexing plate),EZ1.1.3,,,,,true,GeoRipper,,Welding Parts for Axle,USD 15.62,GeoRipper - Parts,4100,0.00,0.00,0.00,0.00,,,,true,,goods,2,,,Active,pcs,Pieces,USD 5.86,GeoRipper - Part,5100,,Finished Goods,1210,fifo,1.00,,,,2709.00,Inventory,true,true,true,false,false,false,,,
6212012000000427170,EZ Kart - GR5 Locking Plate,EZ1.1.4,,,,,true,GeoRipper,,Welding Parts for Axle,USD 8.07,GeoRipper - Parts,4100,0.00,0.00,0.00,0.00,,,,true,,goods,2,,,Active,pcs,Pieces,USD 3.03,GeoRipper - Part,5100,,Finished Goods,1210,fifo,1.00,,,,671.00,Inventory,true,true,true,false,false,false,,,
6212012000000427183,EZ Kart - Locking Bar Plate,EZ1.1.5,,,,,true,GeoRipper,,Welding Parts for Axle,USD 5.94,GeoRipper - Parts,4100,0.00,0.00,0.00,0.00,,,,true,,goods,2,,,Active,pcs,Pieces,USD 2.23,GeoRipper - Part,5100,,Finished Goods,1210,fifo,400.00,,,,1353.00,Inventory,true,true,true,false,false,false,,,
6212012000000427210,Rotating Handle Mount,EZ1.1.6-20A,,,,,true,GeoRipper,,Welding Parts for Axle,USD 9.87,GeoRipper - Parts,4100,0.00,0.00,0.00,0.00,,,,true,,goods,2,,,Active,EA,,USD 3.50,GeoRipper - Part,5100,,Finished Goods,1210,fifo,1.00,Ordinance Engineering Pte Ltd,,,212.00,Inventory,true,true,true,false,false,false,,,
6212012000000427223,EZ Kart - Locking Bar (RAW),EZ1.11M,,,,,true,,,,USD 17.58,GeoRipper - Parts,4100,0.00,0.00,0.00,0.00,,,,true,,goods,2,,,Active,pcs,Pieces,USD 6.59,GeoRipper - Part,5100,,Finished Goods,1210,fifo,,,,,500.00,Inventory,true,true,true,false,false,false,,,
6212012000000427236,EZ Kart - Locking Bar Bright Green Powder Coat,EZ1.11P,,,,,false,,,,USD 3.05,GeoRipper - Parts,4100,0.00,0.00,0.00,0.00,,,false,true,,service,2,,,Active,pcs,Pieces,USD 1.0056,GeoRipper - Part,5100,"ESP Part Number: GR EZ-1-7 GRN
Green Powder",Finished Goods,1210,,,,,,,Sales and Purchases,true,true,false,false,false,false,,,
6212012000000427247,3mm X 14mm Slotted Spring Pin (ISO 8752) A2 Stainless Steel,EZ1.11.1,,,,,true,GeoRipper,,,USD 0.24,GeoRipper - Parts,4100,0.00,0.00,0.00,0.00,,,,true,,goods,2,,,Active,pcs,Pieces,USD 0.09856,GeoRipper - Part,5100,,Finished Goods,1210,fifo,400.00,,,,619.00,Inventory,true,true,true,false,false,false,,,
6212012000000427260,EZ Kart - Snap Pin for Kart Handle,EZ1.12,,,,,true,GeoRipper,,,USD 3.36,GeoRipper - Parts,4100,0.00,0.00,0.00,0.00,in,lb,,true,,goods,2,,,Active,pcs,Pieces,USD 1.59,GeoRipper - Part,5100,14-22SW-G8LP,Finished Goods,1210,fifo,400.00,,,,207.00,Inventory,true,true,true,false,false,false,,,
6212012000000427273,EZ Kart - Lynch Pin for Axle,EZ1.13,,,,,true,GeoRipper,,,USD 2.24,GeoRipper - Parts,4100,0.00,0.00,0.00,0.00,in,lb,,true,,goods,2,,,Active,pcs,Pieces,USD 0.558,GeoRipper - Part,5100,,Finished Goods,1210,fifo,800.00,,,,544.00,Inventory,true,true,true,false,false,false,,,
6212012000000427286,EZ Kart - Pipe Lynch Pin,EZ1.16,,,,,true,GeoRipper,,,USD 1.47,GeoRipper - Parts,4100,0.00,0.00,0.00,0.00,in,lb,,true,,goods,2,,,Active,pcs,Pieces,USD 0.55,GeoRipper - Part,5100,Sparex part # 12794,Finished Goods,1210,fifo,400.00,,,,1714.00,Inventory,true,true,true,false,false,false,,,
6212012000000427299,EZ Kart - Lower Handle Bright Green Powder Coat,EZ1.2P,,,,,false,GeoRipper,,,USD 6.98,GeoRipper - Parts,4100,0.00,0.00,0.00,0.00,,,false,true,,service,2,,,Active,pcs,Pieces,USD 2.15,GeoRipper - Part,5100,,Finished Goods,1210,,,,,,,Sales and Purchases,true,true,false,false,false,false,,,
6212012000000427310,EZ Kart - Upper Handle Bright Green Powder Coating,EZ1.3P,,,,,false,GeoRipper,,,USD 8.94,GeoRipper - Parts,4100,0.00,0.00,0.00,0.00,,,false,true,,service,2,,,Active,pcs,Pieces,USD 3.35,GeoRipper - Part,5100,,Finished Goods,1210,,,,,,,Sales and Purchases,true,true,false,false,false,false,,,
6212012000000427321,EZ Kart - Axle Wheel Hub,EZ1.9.1,,,,,true,GeoRipper,,3D Printed,USD 8.00,GeoRipper - Parts,4100,0.00,0.00,0.00,0.00,,,,true,,goods,2,,,Active,EA,,USD 3.00,GeoRipper - Part,5100,,Finished Goods,1210,fifo,,,,,1.00,Inventory,true,true,true,false,false,false,,,
6212012000000427334,EZ Kart - Upper Throttle Lever,EZ2002,810075760590,,810075760590,,true,GeoRipper,MiniTrencher,,USD 12.50,GeoRipper - Parts,4100,0.20,4.00,8.00,2.00,in,lb,,true,,goods,2,,,Active,pcs,Pieces,USD 1.365,GeoRipper - Part,5100,Vendor part no: BL-396P,Finished Goods,1210,fifo,400.00,,,,469.00,Inventory,true,true,true,false,false,false,,,
6212012000000427347,EZ Kart - Lower Throttle - Velcro Strap,EZ3.4,,,,,true,GeoRipper,,,USD 3.74,GeoRipper - Parts,4100,0.00,0.00,0.00,0.00,,,,true,,goods,2,,,Active,pcs,Pieces,USD 1.40,GeoRipper - Part,5100,,Finished Goods,1210,fifo,400.00,,,,-1.00,Inventory,true,true,true,false,false,false,,,
6212012000000427360,EZ Kart - Lower Throttle - Reset Spring,EZ3.5,,,,,true,GeoRipper,,,USD 0.54,GeoRipper - Parts,4100,0.00,0.00,0.00,0.00,,,,true,,goods,2,,,Active,pcs,Pieces,USD 0.20,GeoRipper - Part,5100,,Finished Goods,1210,fifo,400.00,,,,161.00,Inventory,true,true,true,false,false,false,,,
6212012000000427373,EZ Kart - Lower Throttle - M4 X .7 X 35 Phillips Pan Machine Screw,EZ3.6,,,,,true,GeoRipper,,,USD 0.24,GeoRipper - Parts,4100,0.00,0.00,0.00,0.00,in,lb,,true,,goods,2,,,Active,pcs,Pieces,USD 0.0845,GeoRipper - Part,5100,,Finished Goods,1210,fifo,400.00,,,,76.00,Inventory,true,true,true,false,false,false,,,
6212012000000427386,EZ Kart - Lower Throttle - M4 Nylon Locking Nut,EZ3.7,,,,,true,GeoRipper,,,USD 0.08,GeoRipper - Parts,4100,0.00,0.00,0.00,0.00,in,lb,,true,,goods,2,,,Active,pcs,Pieces,USD 0.03,GeoRipper - Part,5100,,Finished Goods,1210,fifo,400.00,,,,709.00,Inventory,true,true,true,false,false,false,,,
6212012000000427413,EZ Kart Axle - Clamp A,EZ4005,,,,,true,GeoRipper,,,USD 23.61,GeoRipper - Parts,4100,0.00,0.00,0.00,0.00,,,,true,,goods,2,,,Active,EA,,USD 7.49,GeoRipper - Part,5100,"NWT QUOTE: 31963
Part GRPEZ-29-21A",Finished Goods,1210,fifo,400.00,Northwest Technologies,,,274.00,Inventory,true,true,true,false,false,false,,,
6212012000000427426,EZ Kart Axle - Clamp B,EZ4006,,,,,true,GeoRipper,,,USD 20.25,GeoRipper - Parts,4100,0.00,0.00,0.00,0.00,,,,true,,goods,2,,,Active,EA,,USD 6.43,GeoRipper - Part,5100,"NWT Quote: 31964
Part No. GRPEZ-30-21A",Finished Goods,1210,fifo,400.00,Northwest Technologies,,,285.00,Inventory,true,true,true,false,false,false,,,
6212012000000427439,Clear PVC Tubing,EZ5.1,,,,,true,GeoRipper,,,USD 73.00,GeoRipper - Parts,4100,0.00,0.00,0.00,0.00,in,lb,,true,,goods,2,,,Inactive,pcs,Pieces,USD 20.40,GeoRipper - Part,5100,"Kent Elastomer Order Info:
K8202 Clear PVC 
Length: 25FT +/- 0.750
ID: 0.875 +/- 0.030
OD: 1.000 +/- 0.025
Cut Angle: 90degrees +/- 15",Finished Goods,1210,fifo,10.00,,,,13.00,Inventory,true,true,true,false,false,false,,,
6212012000000427452,EZ Kart Pull Strap Buckle,EZ6001,,,,,true,GeoRipper,MiniTrencher,,USD 3.99,GeoRipper - Parts,4100,0.20,4.00,2.00,1.00,in,lb,,true,,goods,2,,,Active,EA,,USD 1.39,GeoRipper - Part,5100,,Finished Goods,1210,fifo,3.00,,,,7.00,Inventory,true,true,true,false,false,false,,,
6212012000000427473,Shipping (NT),FRNT,,,,,false,,,,USD 1.00,Freight,4900,0.00,0.00,0.00,0.00,in,lb,false,true,,service,2,,,Active,EA,,USD 0.00,Freight - COGS,5900,,Finished Goods,1210,,,,,,,Sales and Purchases,true,true,false,false,false,false,,,
6212012000000427484,Shipping and Handling,FTR,,,,,false,,,,USD 1.00,Freight,4900,0.00,0.00,0.00,0.00,in,lb,false,true,,service,2,,,Active,EA,,USD 0.00,Freight - COGS,5900,,Finished Goods,1210,,,,,,,Sales and Purchases,true,true,false,false,false,false,,,
6212012000000427495,GR Miscellaneous - Becca DO NOT USE,GR MISC,,,,,true,,,GR MISC - Please describe what the part is here!,USD 0.00,GeoRipper - Parts,4100,0.00,0.00,0.00,0.00,in,lb,,true,,goods,2,,,Active,EA,,USD 0.00,GeoRipper - Part,5100,,Finished Goods,1210,fifo,,,,,5065.00,Inventory,true,true,true,false,false,false,,,
6212012000000427508,M5 Nylock hex nut,GR5.11,,,,,true,GeoRipper,,Mud Flap/Dirt Deflector,USD 0.07,GeoRipper - Parts,4100,0.00,0.00,0.00,0.00,in,lb,,true,,goods,2,,,Active,EA,,USD 0.027,GeoRipper - Part,5100,,Finished Goods,1210,fifo,3600.00,,,,2842.00,Inventory,true,true,true,false,false,false,,,
6212012000000427521,M5 x 18mm fender washer,GR5.12,,,,,true,GeoRipper,,Mud Flap/Dirt Deflector,USD 0.35,GeoRipper - Parts,4100,0.00,0.00,0.00,0.00,in,lb,,true,,goods,2,,,Active,EA,,USD 0.15,GeoRipper - Part,5100,,Finished Goods,1210,fifo,3600.00,,,,2022.00,Inventory,true,true,true,false,false,false,,,
6212012000000427534,M12 X 1.75 X 30 Bolt 18mm Head,GR5.3,,,,,true,GeoRipper,,Bar Clamp Bolt,USD 1.11,GeoRipper - Parts,4100,0.00,0.00,0.00,0.00,in,lb,,true,,goods,2,,,Active,pcs,Pieces,USD 0.4718,GeoRipper - Part,5100,Hex Head bolt must be 18mm,Finished Goods,1210,fifo,1200.00,,,,3752.00,Inventory,true,true,true,false,false,false,,,
6212012000000427547,M12 Split Lock Washer,GR5.4,,,,,true,GeoRipper,,Bar Clamp Lock Washer,USD 0.11,GeoRipper - Parts,4100,0.00,0.00,0.00,0.00,in,lb,,true,,goods,2,,,Active,pcs,Pieces,USD 0.056,GeoRipper - Part,5100,,Finished Goods,1210,fifo,1200.00,,,,3539.00,Inventory,true,true,true,false,false,false,,,
6212012000000427560,M5 X .8 X 16 Phillips Flat Machine Screw Plated,GR5.8,,,,,true,GeoRipper,,Mud Flap Screw,USD 0.19,GeoRipper - Parts,4100,0.00,0.00,0.00,0.00,,,,true,,goods,2,,,Active,pcs,Pieces,USD 0.07,GeoRipper - Part,5100,,Finished Goods,1210,fifo,3600.00,,,,2349.00,Inventory,true,true,true,false,false,false,,,
6212012000000427573,GR5 - Husqvarna K770/K970 Series III,GR5H,,,,,true,GeoRipper,,GeoRipper Adapter for Husqvarna K770/K970 Series III PowerCutter,USD 393.54,GeoRipper - Parts,4100,0.00,0.00,0.00,0.00,,,,true,,goods,2,,,Inactive,EA,,USD 147.56,GeoRipper - Part,5100,,Finished Goods,1210,fifo,0.00,,,,105.00,Inventory,true,true,true,false,false,false,,,
6212012000000427586,M8 X 1.25 X 35 Hex Bolt,MT0835,,,,,true,GeoRipper,,,USD 0.50,GeoRipper - Parts,4100,0.00,0.00,0.00,0.00,in,lb,,true,,goods,2,,,Active,pcs,Pieces,USD 0.1752,GeoRipper - Part,5100,,Finished Goods,1210,fifo,750.00,,,,1894.00,Inventory,true,true,true,false,false,false,,,
6212012000000427599,M6 X 1 X 30 Hex Bolt,GR8.3,,,,,true,GeoRipper,,,USD 0.19,GeoRipper - Parts,4100,0.00,0.00,0.00,0.00,in,lb,,true,,goods,2,,,Active,pcs,Pieces,USD 0.0825,GeoRipper - Part,5100,,Finished Goods,1210,fifo,2400.00,,,,947.00,Inventory,true,true,true,false,false,false,,,
6212012000000427612,M6 X 1 Nylon Insert Locking Nut,GR8.4,,,,,true,GeoRipper,,,USD 0.08,GeoRipper - Parts,4100,0.00,0.00,0.00,0.00,in,lb,,true,,goods,2,,,Active,pcs,Pieces,USD 0.0224,GeoRipper - Part,5100,,Finished Goods,1210,fifo,2400.00,,,,920.00,Inventory,true,true,true,false,false,false,,,
6212012000000427639,M8x1.25x25 Countersunk Hex Socket bolt,GRE15,,,,,true,GeoRipper,,BoM8x1.25x25 Countersunk Hex Socketlt [Milwaukee Kit Item],USD 0.98,GeoRipper - Parts,4100,0.00,0.00,0.00,0.00,,,,true,,goods,2,,,Active,EA,,USD 0.35,GeoRipper - Part,5100,,Finished Goods,1210,fifo,3.00,Vancouver Bolt and Supply Inc.,,,353.00,Inventory,true,true,true,false,false,false,,,
6212012000000427652,M5 x 16MM HEX CAP SCREW 10.9 FULL THREAD PLATED,GRE5,,,,,true,GeoRipper,,M5 x 16MM HEX CAP SCREW 10.9 FULL THREAD PLATED [Milwaukee Kit Item],USD 0.63,GeoRipper - Parts,4100,0.00,0.00,0.00,0.00,,,,true,,goods,2,,,Active,EA,,USD 0.2253,GeoRipper - Part,5100,,Finished Goods,1210,fifo,6.00,Vancouver Bolt and Supply Inc.,,,60.00,Inventory,true,true,true,false,false,false,,,
6212012000000427665,GR Engine kit for Makita EK8100,GRK M 8100,,,,,true,GeoRipper,,GR Engine kit for Makita EK8100 [Original GRM Stock],USD 327.64,GeoRipper - Parts,4100,0.00,0.00,0.00,0.00,,,,true,,goods,2,,,Inactive,Box,,USD 122.85,GeoRipper - Part,5100,,Finished Goods,1210,fifo,,,,,37.00,Inventory,true,true,true,false,false,false,,,
6212012000000427678,GeoRipper Assembly Kit Stihl TS700,GRK S 700,,,,,true,GeoRipper,,GeoRipper Assembly Kit Stihl TS700 [Original GRM Stock],USD 228.38,GeoRipper - Parts,4100,0.00,0.00,0.00,0.00,in,lb,,true,,goods,2,,,Inactive,Box,,USD 85.63,GeoRipper - Part,5100,,Finished Goods,1210,fifo,,,,,0.00,Inventory,true,true,true,false,false,false,,,
6212012000000427691,Engine Kit Husqvarna K770/K970 Series III,GRKH770/970NZ,,,,,true,GeoRipper,,Engine Kit for Husqvarna K770/K970 Series III [3-Hole Arm-Mounting] engines.,USD 229.99,GeoRipper - Parts,4100,0.00,0.00,0.00,0.00,,,,true,,goods,2,,,Inactive,Box,,USD 90.55,GeoRipper - Part,5100,,Finished Goods,1210,fifo,,,,,101.00,Inventory,true,true,true,false,false,false,,,
6212012000000427718,O-Ring,GRKM61.6,,,,,true,GeoRipper,,55mm (ID) x 65mm (OD) O-Ring,USD 0.67,GeoRipper - Parts,4100,0.00,0.00,0.00,0.00,,,,true,,goods,2,,,Active,pcs,Pieces,USD 0.22,GeoRipper - Part,5100,Pacific Rubber pn 02165-197 N70,Finished Goods,1210,fifo,400.00,Pacific Rubber,,,625.00,Inventory,true,true,true,false,false,false,,,
6212012000000427731,M8x1.25 Nylon Insert Locking Nut,GRKM61.8,,,,,true,GeoRipper,,Nylock Nut for GeoRipper Series 6,USD 0.08,GeoRipper - Parts,4100,0.00,0.00,0.00,0.00,in,lb,,true,,goods,2,,,Active,pcs,Pieces,USD 0.03,GeoRipper - Part,5100,,Finished Goods,1210,fifo,100.00,,,,276.00,Inventory,true,true,true,false,false,false,,,
6212012000000427744,M8 X 10 shoulder bolt,GRKM7681.11,,,,,true,GeoRipper,Vancouver Bolt,For 720ARM,USD 2.09,GeoRipper - Parts,4100,0.00,0.00,0.00,0.00,,,,true,,goods,2,,,Active,EA,,USD 0.9374,GeoRipper - Part,5100,,Finished Goods,1210,fifo,60.00,Vancouver Bolt and Supply Inc.,,,254.00,Inventory,true,true,true,false,false,false,,,
6212012000000427757,M8 High Collar Lock Washer,GRKM7681.12,,,,,true,GeoRipper,Vancouver Bolt,For 720ARM,USD 0.11,GeoRipper - Parts,4100,0.00,0.00,0.00,0.00,,,,true,,goods,2,,,Active,EA,,USD 0.03,GeoRipper - Part,5100,,Finished Goods,1210,fifo,60.00,Vancouver Bolt and Supply Inc.,,,245.00,Inventory,true,true,true,false,false,false,,,
6212012000000427770,M8 X 1.25 Flanged Nyloc Nut,GRKM7681.6,,,,,true,GeoRipper,,For all Makita GeoRipper and T/As except Husky,USD 0.70,GeoRipper - Parts,4100,0.00,0.00,0.00,0.00,in,lb,,true,,goods,2,,,Active,EA,,USD 0.28,GeoRipper - Part,5100,".8CNNFZ
M8-1.25 NYLOC FLANGE LOCK NUT PLATED",Finished Goods,1210,fifo,600.00,Vancouver Bolt and Supply Inc.,,,844.00,Inventory,true,true,true,false,false,false,,,
6212012000000427783,8.5mm (ID) - 15.75mm (OD) Light Washer,GRKM7681.8,,,,,true,GeoRipper,,Light Washer for GeoRipper Series 7 & 8,USD 0.03,GeoRipper - Parts,4100,0.00,0.00,0.00,0.00,,,,true,,goods,2,,,Active,pcs,Pieces,USD 0.01,GeoRipper - Part,5100,,Finished Goods,1210,fifo,0.00,,,,279.00,Inventory,true,true,true,false,false,false,,,
6212012000000427796,GeoRipper Owner's Manual,GR-LIT-OM,,,,,true,GeoRipper,,,USD 3.71,GeoRipper - Parts,4100,0.00,0.00,0.00,0.00,in,lb,,true,,goods,2,,,Active,EA,,USD 1.28181,GeoRipper - Part,5100,,Finished Goods,1210,fifo,400.00,,,,1080.00,Inventory,true,true,true,false,false,false,,,
6212012000000427809,"GeoRipper Poster 36"" x 48""",GR-LIT-PO,,,,,true,GeoRipper,,,USD 2.37,GeoRipper - Parts,4100,0.00,0.00,0.00,0.00,in,lb,,true,,goods,2,,,Active,EA,,USD 14.80,GeoRipper - Part,5100,,Finished Goods,1210,fifo,25.00,,,,23.00,Inventory,true,true,true,false,false,false,,,
6212012000000427822,GeoRipper Tri-Fold Brochures,GR-LIT-TB,,,,,true,GeoRipper,,,USD 2.37,GeoRipper - Parts,4100,0.00,0.00,0.00,0.00,,,,true,,goods,2,,,Active,EA,,USD 1.00,GeoRipper - Part,5100,,Finished Goods,1210,fifo,1000.00,,,,3710.00,Inventory,true,true,true,false,false,false,,,
6212012000000427835,GeoRipper T/A Tri-Fold Brochures,GR-LIT-TBTA,,,,,true,GeoRipper,,,USD 2.37,GeoRipper - Parts,4100,0.00,0.00,0.00,0.00,,,,true,,goods,2,,,Active,EA,,USD 1.00,GeoRipper - Part,5100,,Finished Goods,1210,fifo,1000.00,,,,2702.00,Inventory,true,true,true,false,false,false,,,
6212012000000427848,GeoRipper Warranty Postcard,GR-LIT-WP,,,,,true,GeoRipper,,,USD 2.37,GeoRipper - Parts,4100,0.00,0.00,0.00,0.00,in,lb,,true,,goods,2,,,Active,EA,,USD 0.23514,GeoRipper - Part,5100,,Finished Goods,1210,fifo,400.00,,,,1541.00,Inventory,true,true,true,false,false,false,,,
6212012000000427861,Makita EK6101,GRM61,,,,,true,GeoRipper,,Makita EK6101 PowerCutter for GeoRipper 6,USD 1728.30,GeoRipper - Parts,4100,0.00,0.00,0.00,0.00,in,lb,,true,,goods,2,,,Inactive,Box,,USD 648.00,GeoRipper - Part,5100,,Finished Goods,1210,fifo,0.00,,,,4.00,Inventory,true,true,true,false,false,false,,,
6212012000000427874,Makita EK7651H,GRM76,,,,,true,GeoRipper,,,USD 2251.20,GeoRipper - Parts,4100,0.00,0.00,0.00,0.00,,,,true,,goods,2,,,Inactive,Box,,USD 874.00,GeoRipper - Part,5100,,Finished Goods,1210,fifo,32.00,,,,0.00,Inventory,true,true,true,false,false,false,,,
6212012000000427887,Makita EK8100,GRM81,,,,,true,GeoRipper,,,USD 2251.20,GeoRipper - Parts,4100,0.00,0.00,0.00,0.00,,,,true,,goods,2,,,Inactive,Box,,USD 844.00,GeoRipper - Part,5100,,Finished Goods,1210,fifo,32.00,,,,0.00,Inventory,true,true,true,false,false,false,,,
6212012000000427900,Digging Sprocket (9 Tooth) for Husqvarna K760-K970 (NZ),GRPH 7602,,,,,true,GeoRipper,,,USD 92.46,GeoRipper - Parts,4100,0.00,0.00,0.00,0.00,in,lb,,true,,goods,2,,,Active,EA,,USD 34.67,GeoRipper - Part,5100,,Finished Goods,1210,fifo,0.00,,,,21.00,Inventory,true,true,true,false,false,false,,,
6212012000000427913,Digging Sprocket (9 Tooth) for Stihl TS700 (NZ),GRPS 90,,,,,true,GeoRipper,,,USD 107.09,GeoRipper - Parts,4100,0.00,0.00,0.00,0.00,in,lb,,true,,goods,2,,,Inactive,EA,,USD 40.05,GeoRipper - Part,5100,,Finished Goods,1210,fifo,,,,,0.00,Inventory,true,true,true,false,false,false,,,
6212012000000427926,Sticker - Large Round,GRS1,,,,,true,GeoRipper,,,USD 2.22,GeoRipper - Parts,4100,0.00,0.00,0.00,0.00,,,,true,,goods,2,,,Active,EA,,USD 0.83,GeoRipper - Part,5100,,Finished Goods,1210,fifo,200.00,,,,471.00,Inventory,true,true,true,false,false,false,,,
6212012000000427939,Sticker - Small Round,GRS2,,,,,true,GeoRipper,,,USD 1.70,GeoRipper - Parts,4100,0.00,0.00,0.00,0.00,in,lb,,true,,goods,2,,,Active,EA,,USD 0.64,GeoRipper - Part,5100,,Finished Goods,1210,fifo,,,,,164.00,Inventory,true,true,true,false,false,false,,,
6212012000000427952,Sticker - 811 - Call Before You Dig,GRS3,,,,,true,GeoRipper,,,USD 1.12,GeoRipper - Parts,4100,0.00,0.00,0.00,0.00,in,lb,,true,,goods,2,,,Active,EA,,USD 0.476,GeoRipper - Part,5100,,Finished Goods,1210,fifo,200.00,,,,1548.00,Inventory,true,true,true,false,false,false,,,
6212012000000427965,Sticker - Small Rectangle,GRS4,,,,,true,GeoRipper,,,USD 1.94,GeoRipper - Parts,4100,0.00,0.00,0.00,0.00,in,lb,,true,,goods,2,,,Active,EA,,USD 0.73,GeoRipper - Part,5100,,Finished Goods,1210,fifo,200.00,,,,354.00,Inventory,true,true,true,false,false,false,,,
6212012000000427978,Sticker - Large Rectange,GRS5,,,,,true,GeoRipper,,,USD 3.12,GeoRipper - Parts,4100,0.00,0.00,0.00,0.00,in,lb,,true,,goods,2,,,Active,EA,,USD 1.17,GeoRipper - Part,5100,,Finished Goods,1210,fifo,0.00,,,,19.00,Inventory,true,true,true,false,false,false,,,
6212012000000427991,Sticker - GR WARNING,GRS6,,,,,true,GeoRipper,,,USD 0.75,GeoRipper - Parts,4100,0.00,0.00,0.00,0.00,in,lb,,true,,goods,2,,,Active,EA,,USD 0.28,GeoRipper - Part,5100,,Finished Goods,1210,fifo,200.00,,,,1570.00,Inventory,true,true,true,false,false,false,,,
6212012000000428004,Sticker - Arched,GRS7,,,,,true,GeoRipper,,,USD 1.05,GeoRipper - Parts,4100,0.00,0.00,0.00,0.00,in,lb,,true,,goods,2,,,Active,EA,,USD 1.00,GeoRipper - Part,5100,,Finished Goods,1210,fifo,0.00,,,,26.00,Inventory,true,true,true,false,false,false,,,
6212012000000428017,Sticker - EZ Kart Warning,GRS8,,,,,true,GeoRipper,,,USD 1.25,GeoRipper - Parts,4100,0.00,0.00,0.00,0.00,in,lb,,true,,goods,2,,,Active,EA,,USD 0.508,GeoRipper - Part,5100,,Finished Goods,1210,fifo,200.00,,,,202.00,Inventory,true,true,true,false,false,false,,,
6212012000000428032,Warehouse Hourly Labor,Labor30,,,,,false,GeoRipper,,Labor Service for Warehouse Hourly,USD 90.00,GeoRipper - Parts,4100,0.00,0.00,0.00,0.00,,,false,true,,service,2,,,Active,Hrs,,USD 30.00,GeoRipper - Part,5100,,Finished Goods,1210,,,,,,,Sales and Purchases,true,true,false,false,false,false,,,
6212012000000428043,Owners Manual - GeoRipperT/A,GRTA-LIT-OM,,,,,true,GeoRipper,,,USD 10.67,GeoRipper - Parts,4100,0.00,0.00,0.00,0.00,in,lb,,true,,goods,2,,,Active,EA,,USD 4.00,GeoRipper - Part,5100,,Finished Goods,1210,fifo,150.00,,,,273.00,Inventory,true,true,true,false,false,false,,,
6212012000000428056,Spacer,MT0010,,,,,true,GeoRipper,,Spacer between bearing and labyrinth on all GeoRipperT/A models.,USD 2.09,GeoRipper - Parts,4100,0.00,0.00,0.00,0.00,in,lb,,true,,goods,2,,,Active,EA,,USD 0.23,GeoRipper - Part,5100,,Finished Goods,1210,fifo,400.00,,,,7382.00,Inventory,true,true,true,false,false,false,,,
6212012000000428069,Wire retainer Stihl 500i,MT0011,,,,,true,GeoRipper,,,USD 2.98,GeoRipper - Parts,4100,0.00,0.00,0.00,0.00,,,,true,,goods,2,,,Active,EA,,USD 0.00,GeoRipper - Part,5100,,Finished Goods,1210,fifo,7.00,,,,8.00,Inventory,true,true,true,false,false,false,,,
6212012000000428082,Belt cover plug Stihl T/A,MT0012,,,,,true,GeoRipper,,,USD 1.98,GeoRipper - Parts,4100,0.00,0.00,0.00,0.00,,,,true,,goods,2,,,Active,EA,,USD 0.25,GeoRipper - Part,5100,,Finished Goods,1210,fifo,7.00,,,,8.00,Inventory,true,true,true,false,false,false,,,
6212012000000428109,13mm Embossed Wrench,MT0013,,,,,true,GeoRipper,,13mm Combo Wrench embossed with GeoRipper(R) logo,USD 3.14,GeoRipper - Parts,4100,0.00,0.00,0.00,0.00,in,lb,,true,,goods,2,,,Active,pcs,Pieces,USD 0.45,GeoRipper - Part,5100,13mm Combo Wrench embossed with GeoRipper(R) logo,Finished Goods,1210,fifo,500.00,Taizhou Shiyue Trade Co. LTD,,,1921.00,Inventory,true,true,true,false,false,false,,,
6212012000000428122,Belt tensioner cap Stihl T/A,MT0014,,,,,true,GeoRipper,,,USD 2.18,GeoRipper - Parts,4100,0.00,0.00,0.00,0.00,,,,true,,goods,2,,,Active,EA,,USD 0.81,GeoRipper - Part,5100,,Finished Goods,1210,fifo,90.00,,,,32.00,Inventory,true,true,true,false,false,false,,,
6212012000000428135,18mm Embossed Wrench,MT0018,,,,,true,GeoRipper,,18mm Combo Wrench embossed with GeoRipper(R) logo,USD 3.74,GeoRipper - Parts,4100,0.00,0.00,0.00,0.00,in,lb,,true,,goods,2,,,Active,pcs,Pieces,USD 0.63,GeoRipper - Part,5100,18mm Combo Wrench embossed with GeoRipper(R) logo,Finished Goods,1210,fifo,500.00,Taizhou Shiyue Trade Co. LTD,,,1006.00,Inventory,true,true,true,false,false,false,,,
6212012000000428148,R40 Snap Ring,MT0040,,,,,true,GeoRipper,,,USD 2.21,GeoRipper - Parts,4100,0.00,0.00,0.00,0.00,in,lb,,true,,goods,2,,,Active,EA,,USD 0.33,GeoRipper - Part,5100,,Finished Goods,1210,fifo,1000.00,,,,760.00,Inventory,true,true,true,false,false,false,,,
6212012000000428161,Foam Insert - GeoRipperT/A Box,MT0091,,,,,true,GeoRipper,,"Foam Insert for all GeoRipperT/A models
Instapak® Quick Room Temperature",USD 24.93,GeoRipper - Parts,4100,0.00,0.00,0.00,0.00,in,lb,,true,,goods,2,,,Active,EA,,USD 5.40,GeoRipper - Part,5100,"CCBOX Item # 178017
S-11817B",Finished Goods,1210,fifo,100.00,,,,90.00,Inventory,true,true,true,false,false,false,,,
6212012000000428174,Green PVC Tool Bag,MT0099,,,,,true,GeoRipper,,PVC Tool Bag with GeoRipper Logo,USD 2.61,GeoRipper - Parts,4100,0.00,0.00,0.00,0.00,,,,true,,goods,2,,,Active,pcs,Pieces,USD 0.23,GeoRipper - Part,5100,PVC Tool Bag with GeoRipper Logo,Finished Goods,1210,fifo,500.00,Taizhou Shiyue Trade Co. LTD,,,513.00,Inventory,true,true,true,false,false,false,,,
6212012000000428187,M8 Zinc Plated Washer,MT0800,,,,,true,GeoRipper,,,USD 0.53,GeoRipper - Parts,4100,0.00,0.00,0.00,0.00,in,lb,,true,,goods,2,,,Active,EA,,USD 0.02,GeoRipper - Part,5100,,Finished Goods,1210,fifo,1000.00,,,,4612.00,Inventory,true,true,true,false,false,false,,,
6212012000000428200,M8 Acorn Nut,MT0801,,,,,true,GeoRipper,,M8-1.25 ACORN CAP NUT SS,USD 0.93,GeoRipper - Parts,4100,0.00,0.00,0.00,0.00,in,lb,,true,,goods,2,,,Active,EA,,USD 0.2987,GeoRipper - Part,5100,".8CNCAS 
M8-1.25 ACORN CAP NUT SS",Finished Goods,1210,fifo,3.00,,,,562.00,Inventory,true,true,true,false,false,false,,,
6212012000000428213,M8 x 1.25 Hex Nut,MT0802,,,,,true,GeoRipper,,M8-1.25 COARSE HEX FINISH NUT GR 10.9 ZINC PLATRD,USD 0.17,GeoRipper - Parts,4100,0.00,0.00,0.00,0.00,in,lb,,true,,goods,2,,,Active,EA,,USD 0.05,GeoRipper - Part,5100,".8CNFH1Z 
M8-1.25 COARSE HEX FINISH NUT GR 10.9 ZINC PLATED",Finished Goods,1210,fifo,400.00,,,,1796.00,Inventory,true,true,true,false,false,false,,,
6212012000000428226,M8 x 1.25 Square Nut,MT0803,,,,,true,GeoRipper,,M8-1.25 Stihl T/A Tension Nut,USD 0.49,GeoRipper - Parts,4100,0.00,0.00,0.00,0.00,in,lb,,true,,goods,2,,,Active,EA,,USD 0.176,GeoRipper - Part,5100,".8CNSQZ
M8-1.25 SQUARE NUT ZINC PLATED",Finished Goods,1210,fifo,300.00,Vancouver Bolt and Supply Inc.,,,329.00,Inventory,true,true,true,false,false,false,,,
6212012000000428239,M8 split lock washer zinc plated,MT0804,,,,,true,GeoRipper,,M8 Split Lock washer clear zinc plated,USD 0.05,GeoRipper - Parts,4100,0.00,0.00,0.00,0.00,in,lb,,true,,goods,2,,,Active,EA,,USD 0.0236,GeoRipper - Part,5100,.8NLOCZ M8 Split Lock washer clear zinc plated,Finished Goods,1210,fifo,600.00,Vancouver Bolt and Supply Inc.,,,905.00,Inventory,true,true,true,false,false,false,,,
6212012000000428252,M8 x 1.25 x 12 Bolt for Safety Bar,MT0812,,,,,true,GeoRipper,,M8-1.25 X 12 HEX CAP SCREW 8.8 FULL THREAD PLATED,USD 0.30,GeoRipper - Parts,4100,0.00,0.00,0.00,0.00,in,lb,,true,,goods,2,,,Active,EA,,USD 0.1205,GeoRipper - Part,5100,".8C12HCSZ/FT 
M8-1.25 X 12 HEX CAP SCREW 8.8 FULL THREAD PLATED",Finished Goods,1210,fifo,600.00,Vancouver Bolt and Supply Inc.,,,1180.00,Inventory,true,true,true,false,false,false,,,
6212012000000428265,S1000 TENSION NUT RETAINING SCREWS,MT0822,,,,,true,GeoRipper,,"M5-0.80X22 MM,(FT) 10.9 BUTTON SOCKET CAP ZINC",USD 0.49,GeoRipper - Parts,4100,0.00,0.00,0.00,0.00,in,lb,,true,,goods,2,,,Active,EA,,USD 0.17,GeoRipper - Part,5100,"M5-0.80X22 MM,(FT) 10.9 BUTTON SOCKET CAPS COARSE
ISO 7380 ZINC-BAKE",Finished Goods,1210,fifo,400.00,Vancouver Bolt and Supply Inc.,,,522.00,Inventory,true,true,true,false,false,false,,,
6212012000000428278,M8 x 1.25 x 25 Hex Cap Screw,MT0825,,,,,true,GeoRipper,,,USD 0.32,GeoRipper - Parts,4100,0.00,0.00,0.00,0.00,in,lb,,true,,goods,2,,,Active,EA,,USD 0.1196,GeoRipper - Part,5100,,Finished Goods,1210,fifo,600.00,Vancouver Bolt and Supply Inc.,,,5681.00,Inventory,true,true,true,false,false,false,,,
6212012000000428291,M8 x 1.25 x 50 Hex Bolt,MT0850,,,,,true,GeoRipper,,Clamp Bolts for all Makita GeoRipper and Makita T/As,USD 1.58,GeoRipper - Parts,4100,0.00,0.00,0.00,0.00,in,lb,,true,,goods,2,,,Active,EA,,USD 0.25,GeoRipper - Part,5100,,Finished Goods,1210,fifo,1000.00,,,,1810.00,Inventory,true,true,true,false,false,false,,,
6212012000000428304,M8 x 1.25 x 65 Zinc-Plated Hex Bolt,MT0865,,,,,true,GeoRipper,,Clamping Bolts for Husky T/As,USD 1.67,GeoRipper - Parts,4100,0.00,0.00,0.00,0.00,in,lb,,true,,goods,2,,,Active,EA,,USD 0.3172,GeoRipper - Part,5100,".8C65HCSZ/PT 
M8-1.25 X 65 HEX CAP SCREW 8.8 PARTIAL THREAD",Finished Goods,1210,fifo,300.00,,,,469.00,Inventory,true,true,true,false,false,false,,,
6212012000000428317,S1000 belt tension bolt,MT0870,,,,,true,GeoRipper,,"M8-1.25 X 70 HEX CAP SCREW 8.8 PARTIAL THREAD
PLATED",USD 0.99,GeoRipper - Parts,4100,0.00,0.00,0.00,0.00,in,lb,,true,,goods,2,,,Active,EA,,USD 0.3512,GeoRipper - Part,5100,".8C70HCSZ/PT 
M8-1.25 X 70 HEX CAP SCREW 8.8 PARTIAL THREAD
PLATED",Finished Goods,1210,fifo,300.00,Vancouver Bolt and Supply Inc.,,,434.00,Inventory,true,true,true,false,false,false,,,
6212012000000428344,Safety Bar PowderCoat - 500 Series GeoRipperT/A,MT7502,,,,,false,GeoRipper,,PowderCoat Green,USD 10.71,GeoRipper - Parts,4100,0.00,0.00,0.00,0.00,,,false,true,,service,2,,,Active,EA,,USD 5.00,GeoRipper - Part,5100,,Finished Goods,1210,,,Accurate Machine and Mfg Inc,,,,Sales and Purchases,true,true,false,false,false,false,,,
6212012000000428355,Safety Bar PowderCoat - 700 Series GeoRipperT/A,MT7702,,,,,false,GeoRipper,,PowderCoat Green,USD 10.71,GeoRipper - Parts,4100,0.00,0.00,0.00,0.00,,,false,true,,service,2,,,Active,EA,,USD 5.00,GeoRipper - Part,5100,,Finished Goods,1210,,,Accurate Machine and Mfg Inc,,,,Sales and Purchases,true,true,false,false,false,false,,,
6212012000000428366,GeoRipper 7 Series Makita Cutting Arm Attachment,MT9076,,,,,true,GeoRipper,,,USD 400.00,GeoRipper - Parts,4100,0.00,0.00,0.00,0.00,in,lb,,true,,goods,2,,,Inactive,Kit,,USD 150.00,GeoRipper - Part,5100,,Finished Goods,1210,fifo,0.00,,,,198.00,Inventory,true,true,true,false,false,false,,,
6212012000000428379,GeoRipper 8 Series Makita Cutting Arm Attachment,MT9081,,,,,true,GeoRipper,,,USD 450.00,GeoRipper - Parts,4100,0.00,0.00,0.00,0.00,in,lb,,true,,goods,2,,,Active,Kit,,USD 219.52,GeoRipper - Part,5100,,Finished Goods,1210,fifo,0.00,,,,254.00,Inventory,true,true,true,false,false,false,,,
6212012000000428406,Box - New Chain,MT95015,,,,,true,GeoRipper,,,USD 13.67,GeoRipper - Parts,4100,0.00,0.00,0.00,0.00,in,lb,,true,,goods,2,,,Active,EA,,USD 5.38,GeoRipper - Part,5100,CCBOX # 95015,Finished Goods,1210,fifo,,SupplyOne Northwest,,,246.00,Inventory,true,true,true,false,false,false,,,
6212012000000428419,Box - Bar 500,MT95016A,,,,,true,GeoRipper,,[CC BOX #181423],USD 13.67,GeoRipper - Parts,4100,0.00,0.00,0.00,0.00,in,lb,,true,,goods,2,,,Active,EA,,USD 5.38,GeoRipper - Part,5100,CCBOX # 95016A,Finished Goods,1210,fifo,100.00,SupplyOne Northwest,,,844.00,Inventory,true,true,true,false,false,false,,,
6212012000000428432,Box - Bar 700,MT95016B,,,,,true,GeoRipper,,[CC BOX #181249],USD 15.80,GeoRipper - Parts,4100,0.00,0.00,0.00,0.00,in,lb,,true,,goods,2,,,Active,EA,,USD 5.75,GeoRipper - Part,5100,CCBOX # 95016A,Finished Goods,1210,fifo,100.00,SupplyOne Northwest,,,300.00,Inventory,true,true,true,false,false,false,,,
6212012000000428445,Box - TASPACER,MT95192,,,,,true,GeoRipper,,,USD 2.80,GeoRipper - Parts,4100,0.00,0.00,0.00,0.00,in,lb,,true,,goods,2,,,Active,EA,,USD 1.10,GeoRipper - Part,5100,CCBOX # 95192,Finished Goods,1210,fifo,200.00,SupplyOne Northwest,,,45.00,Inventory,true,true,true,false,false,false,,,
6212012000000428458,Box - EZ100,MT95193,,,,,true,GeoRipper,,,USD 14.70,GeoRipper - Parts,4100,0.00,29.00,13.00,6.00,in,lb,,true,,goods,2,,,Active,EA,,USD 5.35,GeoRipper - Part,5100,CCBOX # 95193,Finished Goods,1210,fifo,100.00,SupplyOne Northwest,,,129.00,Inventory,true,true,true,false,false,false,,,
6212012000000428471,Box - TA500,MT95195,,,,,true,GeoRipper,,,USD 10.08,GeoRipper - Parts,4100,0.00,0.00,0.00,0.00,in,lb,,true,,goods,2,,,Active,EA,,USD 3.97,GeoRipper - Part,5100,CCBOX # 95195,Finished Goods,1210,fifo,100.00,SupplyOne Northwest,,,264.00,Inventory,true,true,true,false,false,false,,,
6212012000000428484,Box - TA700EZ,MT95196,,,,,true,GeoRipper,,,USD 13.67,GeoRipper - Parts,4100,0.00,0.00,0.00,0.00,in,lb,,true,,goods,2,,,Active,EA,,USD 5.38,GeoRipper - Part,5100,CCBOX # 95196,Finished Goods,1210,fifo,100.00,SupplyOne Northwest,,,222.00,Inventory,true,true,true,false,false,false,,,
6212012000000428497,Box - TA700,MT95197,,,,,true,GeoRipper,,,USD 11.05,GeoRipper - Parts,4100,0.00,0.00,0.00,0.00,in,lb,,true,,goods,2,,,Active,EA,,USD 4.35,GeoRipper - Part,5100,CCBOX # 95197,Finished Goods,1210,fifo,100.00,SupplyOne Northwest,,,280.00,Inventory,true,true,true,false,false,false,,,
6212012000000428524,S1000 powder coating,S1000P,,,,,false,GeoRipper,,,USD 55.35,GeoRipper - Parts,4100,0.00,0.00,0.00,0.00,,,false,true,,service,2,,,Active,pcs,Pieces,USD 20.00,GeoRipper - Part,5100,,Finished Goods,1210,,,,,,,Sales and Purchases,true,true,false,false,false,false,,,
6212012000000428535,"16"" Digging Bar",16GR3.1 26A,,,,,true,GeoRipper,,,USD 83.99,GeoRipper - Parts,4100,0.00,0.00,0.00,0.00,in,lb,,true,,goods,2,,,Active,pcs,Pieces,USD 14.85,GeoRipper - Part,5100,,Finished Goods,1210,fifo,200.00,Ordinance Engineering Pte Ltd,,,100.00,Inventory,true,true,true,false,false,false,,,
6212012000000428548,"20"" Digging Bar",20GR3.1,,,,,true,GeoRipper,,,USD 106.04,GeoRipper - Parts,4100,0.00,0.00,0.00,0.00,,,,true,,goods,2,,,Active,pcs,Pieces,USD 16.75,GeoRipper - Part,5100,,Finished Goods,1210,fifo,500.00,,,,933.00,Inventory,true,true,true,false,false,false,,,
6212012000000428561,"27"" Digging Bar",27GR3.1,,,,,true,GeoRipper,,Bar Only,USD 148.04,GeoRipper - Parts,4100,0.00,0.00,0.00,0.00,in,lb,,true,,goods,2,,,Active,pcs,Pieces,USD 25.11,GeoRipper - Part,5100,,Finished Goods,1210,fifo,200.00,,,,658.00,Inventory,true,true,true,false,false,false,,,
6212012000000428574,GeoRipper(r)T/A Casting fits Echo CSG-7410,E1000,,,,,true,GeoRipper,,,USD 235.00,GeoRipper - Parts,4100,0.00,0.00,0.00,0.00,,,,true,,goods,2,,,Active,EA,,USD 57.00,GeoRipper - Part,5100,,Finished Goods,1210,fifo,75.00,Ordinance Engineering Pte Ltd,,,69.00,Inventory,true,true,true,false,false,false,,,
6212012000000428587,EZ Kart - Axle,EZ1.1,,,,,true,GeoRipper,,Finished Axle,USD 136.11,GeoRipper - Parts,4100,0.00,0.00,0.00,0.00,in,lb,,true,,goods,2,,,Active,Unit,,USD 70.18,GeoRipper - Part,5100,,Finished Goods,1210,fifo,400.00,,,,0.00,Inventory,true,true,true,false,false,false,,,
6212012000000428600,EZ Kart - Handle Spring,EZ1.10,,,,,true,GeoRipper,,,USD 9.33,GeoRipper - Parts,4100,0.00,0.00,0.00,0.00,,,,true,,goods,2,,,Active,pcs,Pieces,USD 3.50,GeoRipper - Part,5100,,Finished Goods,1210,fifo,500.00,,,,23.00,Inventory,true,true,true,false,false,false,,,
6212012000000428613,EZ Kart - Lower Handle (RAW),EZ1.2M,,,,,true,GeoRipper,,,USD 24.50,GeoRipper - Parts,4100,0.00,0.00,0.00,0.00,in,lb,,true,,goods,2,,,Active,pcs,Pieces,USD 11.65,GeoRipper - Part,5100,"Drawing NO. EZ1.2(M/P)-19A file GRP07
Tubular Quote No. 47787 Part No. EZ1.2-19A
Labor & Material Mild Steel 1.00"" x .049
TO PRINT (DWG NO: EZ1.2(M/P)-19A - attached)
NO FINISH
MACHINED HOLES
DO NOT CRUSH - Pack Delicate",Finished Goods,1210,fifo,,,,,400.00,Inventory,true,true,true,false,false,false,,,
6212012000000428626,EZ Kart - Upper Handle (RAW),EZ1.3M,,,,,true,GeoRipper,,,USD 64.24,GeoRipper - Parts,4100,0.00,0.00,0.00,0.00,in,lb,,true,,goods,2,,,Active,pcs,Pieces,USD 23.90,GeoRipper - Part,5100,"Drawing No. EZ1.3(M/P)-19A file GRPEZ 06
Tubular Quote No. 47787 Part No. EZ1.3-19A
Labor & Material Mild Steel .875"" x .065 wall
TO PRINT (DWG No. EZ1.3(M/P)-19A - attached)
NO FINISH
MACHINED HOLES
DO NOT CRUSH - Pack Delicate",Finished Goods,1210,fifo,,,,,400.00,Inventory,true,true,true,false,false,false,,,
6212012000000428639,EZ Kart - Wheel,EZ1.9,,,,,true,GeoRipper,,,USD 13.47,GeoRipper - Parts,4100,0.00,0.00,0.00,0.00,in,lb,,true,,goods,2,,,Active,pcs,Pieces,USD 6.50,GeoRipper - Part,5100,,Finished Goods,1210,fifo,400.00,,,,496.00,Inventory,true,true,true,false,false,false,,,
6212012000000428652,EZ Kart - Handle Grip,EZ2001,810075760583,,810075760583,,true,GeoRipper,MiniTrencher,,USD 6.50,GeoRipper - Parts,4100,0.12,1.50,1.50,5.00,in,lb,,true,,goods,2,,,Active,pcs,Pieces,USD 0.98,GeoRipper - Part,5100,F&R Cycle part # 163-144,Finished Goods,1210,fifo,400.00,,,,512.00,Inventory,true,true,true,false,false,false,,,
6212012000000428665,EZ Kart - Throttle Cable,EZ3001,810075760644,,810075760644,,true,GeoRipper,MiniTrencher,,USD 70.00,GeoRipper - Parts,4100,0.50,8.00,8.00,1.00,in,lb,,true,,goods,2,,,Active,pcs,Pieces,USD 4.37,GeoRipper - Part,5100,,Finished Goods,1210,fifo,400.00,,,,312.00,Inventory,true,true,true,false,false,false,,,
6212012000000428678,EZ Kart Lower Throttle Housing,EZ6.1,,,,,true,GeoRipper,,,USD 13.18,GeoRipper - Parts,4100,0.00,0.00,0.00,0.00,,,,true,,goods,2,,,Active,EA,,USD 4.40,GeoRipper - Part,5100,,Finished Goods,1210,fifo,400.00,,,,41.00,Inventory,true,true,true,false,false,false,,,
6212012000000428691,EZ Kart Lower Throttle Lever,EZ6.2,,,,,true,GeoRipper,,,USD 13.18,GeoRipper - Parts,4100,0.00,0.00,0.00,0.00,,,,true,,goods,2,,,Active,EA,,USD 4.00,GeoRipper - Part,5100,,Finished Goods,1210,fifo,400.00,,,,776.00,Inventory,true,true,true,false,false,false,,,
6212012000000428718,EZ KART - Lower Throttle Housing Index,EZ6.3,,,,,true,GeoRipper,,,USD 8.39,GeoRipper - Parts,4100,0.00,0.00,0.00,0.00,in,lb,,true,,goods,2,,,Active,EA,,USD 2.52,GeoRipper - Part,5100,,Finished Goods,1210,fifo,400.00,Element 13 Precision,,,244.00,Inventory,true,true,true,false,false,false,,,
6212012000000428731,EZ Kart - Pull Strap Assembly,EZ6000,810075760620,,810075760620,,true,GeoRipper,MiniTrencher,"Includes nylon straps, metal tabs, D-slide & buckle",USD 25.00,GeoRipper - Parts,4100,0.90,9.00,6.00,3.00,in,lb,,true,,goods,2,,,Active,Kit,,USD 9.30,GeoRipper - Part,5100,,Finished Goods,1210,fifo,400.00,,,,595.00,Inventory,true,true,true,false,false,false,,,
6212012000000428744,Bar End Plate - Threaded,GR0.1,,,,,true,GeoRipper,MiniTrencher,,USD 18.93,GeoRipper - Parts,4100,0.29,3.75,0.75,0.375,in,lb,,true,,goods,2,,,Active,EA,,USD 7.00,GeoRipper - Part,5100,,Finished Goods,1210,fifo,1200.00,Ordinance Engineering Pte Ltd,,,444.00,Inventory,true,true,true,false,false,false,,,
6212012000000428757,Bar End Plate - Countersunk,GR0.2,,,,,true,GeoRipper,MiniTrencher,,USD 18.93,GeoRipper - Parts,4100,0.29,3.75,0.75,0.375,in,lb,,true,,goods,2,,,Active,EA,,USD 7.00,GeoRipper - Part,5100,,Finished Goods,1210,fifo,1200.00,Ordinance Engineering Pte Ltd,,,450.00,Inventory,true,true,true,false,false,false,,,
6212012000000428784,M8x1.25x20 Countersunk 5mm Hex Drive Bolt 12.9grade,GR0.3.2,,,,,true,GeoRipper,Vancouver Bolt,M8x1.25x20 Countersunk 5mm Hex Drive Bolt 12.9 grade,USD 0.72,GeoRipper - Parts,4100,0.00,0.00,0.00,0.00,in,lb,,true,,goods,2,,,Active,EA,,USD 0.31,GeoRipper - Part,5100,".8C20KFCZ
M8x1.25x20 Countersunk 5mm Hex Drive Bolt 12.9 grade",Finished Goods,1210,fifo,4000.00,Vancouver Bolt and Supply Inc.,,,1368.00,Inventory,true,true,true,false,false,false,,,
6212012000000428797,6 Tooth Nose Sprocket,GR1.1,,,,,true,GeoRipper,MiniTrencher,,USD 24.27,GeoRipper - Parts,4100,0.20,2.20,2.20,0.35,in,lb,,true,,goods,2,,,Active,EA,,USD 9.00,GeoRipper - Part,5100,,Finished Goods,1210,fifo,600.00,Ordinance Engineering Pte Ltd,,,179.00,Inventory,true,true,true,false,false,false,,,
6212012000000428810,Bearing (Sealed) 6002-RS2,GR1.2,,,,,true,GeoRipper,,Sealed Bearing 6002-RS2,USD 6.80,GeoRipper - Parts,4100,0.00,0.00,0.00,0.00,in,lb,,true,,goods,2,,,Active,pcs,Pieces,USD 3.30,GeoRipper - Part,5100,,Finished Goods,1210,fifo,600.00,,,,1429.00,Inventory,true,true,true,false,false,false,,,
6212012000000428823,11 Tooth Nose Sprocket,GR2.1,,,,,true,GeoRipper,MiniTrencher,,USD 24.27,GeoRipper - Parts,4100,0.20,2.20,2.20,0.35,in,lb,,true,,goods,2,,,Active,EA,,USD 9.00,GeoRipper - Part,5100,,Finished Goods,1210,fifo,600.00,Ordinance Engineering Pte Ltd,,,720.00,Inventory,true,true,true,false,false,false,,,
6212012000000428836,Right Digging Tooth 2020 Revision A (RAW),GR4.1M-20A,,,,,true,GeoRipper,,,USD 0.50,GeoRipper - Parts,4100,0.00,0.00,0.00,0.00,,,,true,,goods,2,,,Active,pcs,Pieces,USD 0.19,GeoRipper - Part,5100,"""B"" Tooth",Finished Goods,1210,fifo,,,,,0.00,Inventory,true,true,true,false,false,false,,,
6212012000000428849,Left Digging Tooth 2020 Revision A (RAW),GR4.2M-20A,,,,,true,GeoRipper,,,USD 0.50,GeoRipper - Parts,4100,0.00,0.00,0.00,0.00,,,,true,,goods,2,,,Active,pcs,Pieces,USD 0.19,GeoRipper - Part,5100,"""A"" Tooth",Finished Goods,1210,fifo,,,,,0.00,Inventory,true,true,true,false,false,false,,,
6212012000000428862,5-pitch Chain Segment,GR4.3,,,,,true,GeoRipper,,,USD 1.73,GeoRipper - Parts,4100,0.00,0.00,0.00,0.00,in,lb,,true,,goods,2,,,Active,pcs,Pieces,USD 0.90,GeoRipper - Part,5100,"Peer SKU 50HR X 5P RLEE
COO = China
15K Shipped Quarterly
",Finished Goods,1210,fifo,20000.00,,,,28280.00,Inventory,true,true,true,false,false,false,,,
6212012000000428875,3-pitch Chain Segment,GR4.3.3,,,,,true,GeoRipper,,,USD 1.73,GeoRipper - Parts,4100,0.00,0.00,0.00,0.00,,,,true,,goods,2,,,Active,pcs,Pieces,USD 0.47,GeoRipper - Part,5100,"PEER SKU 50HR X 3P RLEE
COO = China
5K Shipped Quarterly",Finished Goods,1210,fifo,,,,,20000.00,Inventory,true,true,true,false,false,false,,,
6212012000000428888,Rivet pin and backing plate,GR4.4,,,,,true,GeoRipper,,,USD 0.67,GeoRipper - Parts,4100,0.00,0.00,0.00,0.00,in,lb,,true,,goods,2,,,Active,pcs,Pieces,USD 0.62,GeoRipper - Part,5100,"PEER SKU: 50H SP R/L WITH EXTENDED PINS
COO = China
15K Shipped Quarterly",Finished Goods,1210,fifo,20000.00,,,,58468.00,Inventory,true,true,true,false,false,false,,,
6212012000000428901,Bar Clamp Washer - Slotted,GR5.2,,,,,true,GeoRipper,MiniTrencher,Washer only,USD 12.59,GeoRipper - Parts,4100,0.25,2.75,1.18,0.25,in,lb,,true,,goods,2,,,Active,EA,,USD 3.09,GeoRipper - Part,5100,,Finished Goods,1210,fifo,600.00,Northwest Technologies,,,97.00,Inventory,true,true,true,false,false,false,,,
6212012000000428914,Chain Tension Block,GR8.1-21A,,,,,true,GeoRipper,,,USD 45.20,GeoRipper - Parts,4100,0.00,0.00,0.00,0.00,,,,true,,goods,2,,,Active,pcs,Pieces,USD 6.80,GeoRipper - Part,5100,"S375 Steel, Black Zinc Plating",Finished Goods,1210,fifo,750.00,Ordinance Engineering Pte Ltd,,,176.00,Inventory,true,true,true,false,false,false,,,
6212012000000428927,Flange 6 Series,GRKM61.2-20A,,,,,true,GeoRipper,,,USD 12.11,GeoRipper - Parts,4100,0.00,0.00,0.00,0.00,,,,true,,goods,2,,,Active,EA,,USD 4.50,GeoRipper - Part,5100,Machined and Clear Zinc Plated,Finished Goods,1210,fifo,0.00,Ordinance Engineering Pte Ltd,,,128.00,Inventory,true,true,true,false,false,false,,,
6212012000000428940,Labyrinth 6 Series,GRKM61.3-20A,,,,,true,GeoRipper,,,USD 8.00,GeoRipper - Parts,4100,0.00,0.00,0.00,0.00,,,,true,,goods,2,,,Active,EA,,USD 3.00,GeoRipper - Part,5100,,Finished Goods,1210,fifo,0.00,Ordinance Engineering Pte Ltd,,,243.00,Inventory,true,true,true,false,false,false,,,
6212012000000428953,Clamp A - 6 Series,GRKM61.4,,,,,true,GeoRipper,,Clamp Plate Under Belt Cover,USD 9.33,GeoRipper - Parts,4100,0.00,0.00,0.00,0.00,,,,true,,goods,2,,,Active,pcs,Pieces,USD 3.39,GeoRipper - Part,5100,"NWT: Quote 29551
LASER, ZINC PLATE",Finished Goods,1210,fifo,0.00,Northwest Technologies,,,83.00,Inventory,true,true,true,false,false,false,,,
6212012000000428966,Clamp B - 6 Series,GRKM61.5,,,,,true,GeoRipper,,Clamp Plate Under GR Adapter,USD 15.59,GeoRipper - Parts,4100,0.00,0.00,0.00,0.00,,,,true,,goods,2,,,Active,pcs,Pieces,USD 4.95,GeoRipper - Part,5100,"NWT: Quote 29556
Laser, Zinc Plate",Finished Goods,1210,fifo,0.00,Northwest Technologies,,,81.00,Inventory,true,true,true,false,false,false,,,
6212012000000428979,GeoRipper T/A Casting for Milwaukee MX314,MX1000,,,,,true,GeoRipper,,,USD 64.50,GeoRipper - Parts,4100,0.00,0.00,0.00,0.00,,,,true,,goods,2,,,Active,EA,,USD 21.50,GeoRipper - Part,5100,Casting for GeoRipperTA Milwaukee MX314,Finished Goods,1210,fifo,250.00,,,,491.00,Inventory,true,true,true,false,false,false,,,
6212012000000428992,Large Pulley - MX,MX1001,,,,,true,GeoRipper,,,USD 91.00,GeoRipper - Parts,4100,0.00,0.00,0.00,0.00,in,lb,,true,,goods,2,,,Active,EA,,USD 33.00,GeoRipper - Part,5100,Machined in Alu 6061,Finished Goods,1210,fifo,500.00,Ordinance Engineering Pte Ltd,,,895.00,Inventory,true,true,true,false,false,false,,,
6212012000000429005,Bushing - MX,MX1002,,,,,true,GeoRipper,,,USD 46.00,GeoRipper - Parts,4100,0.00,0.00,0.00,0.00,in,lb,,true,,goods,2,,,Active,EA,,USD 16.50,GeoRipper - Part,5100,Machined in Alu 6061,Finished Goods,1210,fifo,250.00,Ordinance Engineering Pte Ltd,,,449.00,Inventory,true,true,true,false,false,false,,,
6212012000000429018,Small Pulley - MX,MX1003,,,,,true,GeoRipper,,,USD 38.00,GeoRipper - Parts,4100,0.00,0.00,0.00,0.00,in,lb,,true,,goods,2,,,Active,EA,,USD 13.50,GeoRipper - Part,5100,Machined in Alu 6061,Finished Goods,1210,fifo,250.00,Ordinance Engineering Pte Ltd,,,449.00,Inventory,true,true,true,false,false,false,,,
6212012000000429031,Husqvarna T/A Casting,H1000,,,,,true,GeoRipper,,Husqvarna T/A Casting,USD 104.99,GeoRipper - Parts,4100,0.00,0.00,0.00,0.00,,,,true,,goods,2,,,Active,EA,,USD 55.50,GeoRipper - Part,5100,,Finished Goods,1210,fifo,250.00,,,,173.00,Inventory,true,true,true,false,false,false,,,
6212012000000429044,Pulley for 'The GeoRipper' & Husqvarna K770 GeoRipperT/A,H1001,810075760491,,810075760491,,true,GeoRipper,MiniTrencher,,USD 69.30,GeoRipper - Parts,4100,0.19,3.58,3.58,0.69,in,lb,,true,,goods,2,,,Active,EA,,USD 4.50,GeoRipper - Part,5100,,Finished Goods,1210,fifo,500.00,,,,773.00,Inventory,true,true,true,false,false,false,,,
6212012000000429057,Pulley for Husqvarna K970 GeoRipperT/A,H1002,810075760507,,810075760507,,true,GeoRipper,MiniTrencher,,USD 69.30,GeoRipper - Parts,4100,0.19,3.58,3.58,0.69,in,lb,,true,,goods,2,,,Active,EA,,USD 4.50,GeoRipper - Part,5100,,Finished Goods,1210,fifo,250.00,,,,286.00,Inventory,true,true,true,false,false,false,,,
6212012000000429084,Makita T/A Casting,M1000,,,,,true,GeoRipper,,Makita T/A Casting,USD 120.28,GeoRipper - Parts,4100,0.00,0.00,0.00,0.00,,,,true,,goods,2,,,Active,EA,,USD 45.10,GeoRipper - Part,5100,"TurboCast Part Number (Raw): GR M1000 
Machine Part Number GR M1000-20A/RA
Dully Oil Quenched, Tempered
Clear Zinc Plating .005 - .010 mm thickness",Finished Goods,1210,fifo,0.00,Turbo2 Cast Pvt. Ltd.,,,63.00,Inventory,true,true,true,false,false,false,,,
6212012000000429097,Pulley for Makita EK7651H/EK8100 GeoRipperT/A,M1001,810075760538,,810075760538,,true,GeoRipper,MiniTrencher,,USD 69.30,GeoRipper - Parts,4100,0.18,4.00,4.00,0.60,in,lb,,true,,goods,2,,,Active,EA,,USD 4.50,GeoRipper - Part,5100,,Finished Goods,1210,fifo,300.00,,,,340.00,Inventory,true,true,true,false,false,false,,,
6212012000000429110,Bearing - 6203 RS,MT0062,,,,,true,GeoRipper,,For 7/8 Series and All GeoRipper T/As,USD 13.40,GeoRipper - Parts,4100,0.00,0.00,0.00,0.00,in,lb,,true,,goods,2,,,Active,EA,,USD 3.98,GeoRipper - Part,5100,,Finished Goods,1210,fifo,1000.00,,,,881.00,Inventory,true,true,true,false,false,false,,,
6212012000000429123,Double Chain Rivet Pin and Backing Plate,MT4002,,,,,true,GeoRipper,,,USD 5.24,GeoRipper - Parts,4100,0.00,0.00,0.00,0.00,in,lb,,true,,goods,2,,,Active,EA,,USD 1.96,GeoRipper - Part,5100,,Finished Goods,1210,fifo,,,,,0.00,Inventory,true,true,true,false,false,false,,,
6212012000000429136,Double Chain #50-2 Connecting Link,MT4005,,,,,true,GeoRipper,,,USD 5.24,GeoRipper - Parts,4100,0.00,0.00,0.00,0.00,in,lb,,true,,goods,2,,,Active,EA,,USD 1.30,GeoRipper - Part,5100,,Finished Goods,1210,fifo,250.00,,,,18.00,Inventory,true,true,true,false,false,false,,,
6212012000000429163,#50H Backing Plate,MT4003,,,,,true,GeoRipper,,,USD 0.39,GeoRipper - Parts,4100,0.00,0.00,0.00,0.00,,,,true,,goods,2,,,Active,EA,,USD 0.145,GeoRipper - Part,5100,,Finished Goods,1210,fifo,800.00,Red Boar Chain & Fastener,,,1862.00,Inventory,true,true,true,false,false,false,,,
6212012000000429176,#50H Heavy Connecting Link Spring Clip,MT4004,,,,,true,GeoRipper,,,USD 4.19,GeoRipper - Parts,4100,0.00,0.00,0.00,0.00,in,lb,,true,,goods,2,,,Active,EA,,USD 0.672,GeoRipper - Part,5100,RedBoarChain Item Code: #50HC/L,Finished Goods,1210,fifo,600.00,Red Boar Chain & Fastener,,,645.00,Inventory,true,true,true,false,false,false,,,
6212012000000429189,Safety Bar LaserCut - 500 Series GeoRipperT/A,MT7501,,,,,true,GeoRipper,,"No PowderCoat, laser cut only",USD 50.36,GeoRipper - Parts,4100,0.00,0.00,0.00,0.00,,,,true,,goods,2,,,Active,EA,,USD 23.50,GeoRipper - Part,5100,,Finished Goods,1210,fifo,,Accurate Machine and Mfg Inc,,,0.00,Inventory,true,true,true,false,false,false,,,
6212012000000429202,Safety Bar LaserCut - 700 Series GeoRipperT/A,MT7701,,,,,true,GeoRipper,,"No PowderCoat, laser cut only",USD 50.36,GeoRipper - Parts,4100,0.00,0.00,0.00,0.00,,,,true,,goods,2,,,Active,EA,,USD 23.50,GeoRipper - Part,5100,,Finished Goods,1210,fifo,,Accurate Machine and Mfg Inc,,,0.00,Inventory,true,true,true,false,false,false,,,
6212012000000429215,Dirt Deflector,MT8001,810075760422,,,,true,GeoRipper,MiniTrencher,Dirt Deflector for GeoRipper Adapter,USD 27.50,GeoRipper - Parts,4100,0.29,10.00,11.00,9.00,in,lb,,true,,goods,2,,,Active,pcs,Pieces,USD 10.00,GeoRipper - Part,5100,,Finished Goods,1210,fifo,600.00,,,,494.00,Inventory,true,true,true,false,false,false,,,
6212012000000429228,Mud Flap A,MT8002,810075760439,,810075760439,,true,GeoRipper,MiniTrencher,Top Mud flap (A) for GeoRipper Adapter,USD 17.60,GeoRipper - Parts,4100,0.20,6.25,8.00,0.01,in,lb,,true,,goods,2,,,Active,pcs,Pieces,USD 2.42,GeoRipper - Part,5100,,Finished Goods,1210,fifo,600.00,,,,1230.00,Inventory,true,true,true,false,false,false,,,
6212012000000429241,Mud Flap B,MT8003,810075760446,,810075760446,,true,GeoRipper,MiniTrencher,Side Mud flap (B) for GeoRipper Adapter,USD 17.60,GeoRipper - Parts,4100,0.15,5.50,6.30,0.01,in,lb,,true,,goods,2,,,Active,pcs,Pieces,USD 1.75,GeoRipper - Part,5100,,Finished Goods,1210,fifo,600.00,,,,1084.00,Inventory,true,true,true,false,false,false,,,
6212012000000429254,Minitrencher Drive Sprocket for GeoRipper and GeoRipper(R)T/A,MT9001,810075760255,,810075760255,,true,GeoRipper,MiniTrencher,Drive sprocket fits all GeoRipper T/As,USD 104.50,GeoRipper - Parts,4100,0.25,2.00,2.00,1.00,in,lb,,true,,goods,2,,,Active,EA,,USD 6.34,GeoRipper - Part,5100,,Finished Goods,1210,fifo,1000.00,Ordinance Engineering Pte Ltd,,,129.00,Inventory,true,true,true,false,false,false,,,
6212012000000429267,Drive Axle for all GeoRipperT/A,MT9002,810075760460,,810075760460,,true,GeoRipper,MiniTrencher,Drive Axle for All GeoRipper & GeoRipper T/As (EXCEPT 6-Series),USD 86.90,GeoRipper - Parts,4100,0.25,1.00,1.00,2.70,in,lb,,true,,goods,2,,,Active,EA,,USD 4.88,GeoRipper - Part,5100,,Finished Goods,1210,fifo,1000.00,Ordinance Engineering Pte Ltd,,,185.00,Inventory,true,true,true,false,false,false,,,
6212012000000429280,Labyrinth for all GeoRipperT/A,MT9003,810075760477,,810075760477,,true,GeoRipper,MiniTrencher,,USD 49.50,GeoRipper - Parts,4100,0.15,2.25,2.25,0.30,in,lb,,true,,goods,2,,,Active,EA,,USD 3.41,GeoRipper - Part,5100,,Finished Goods,1210,fifo,1000.00,Ordinance Engineering Pte Ltd,,,279.00,Inventory,true,true,true,false,false,false,,,
6212012000000429293,Minitrencher Drive Sprocket for 6 Series Trencher,MT9601,,,,,true,GeoRipper,MiniTrencher,,USD 104.50,GeoRipper - Parts,4100,0.25,2.00,2.00,1.00,in,lb,,true,,goods,2,,,Active,EA,,USD 6.50,GeoRipper - Part,5100,,Finished Goods,1210,fifo,150.00,Ordinance Engineering Pte Ltd,,,1680.00,Inventory,true,true,true,false,false,false,,,
6212012000000429320,Belt for Makita EK7651H & Stihl TS420/TS500i,MTB45-76,810075760545,,810075760545,,true,GeoRipper,MiniTrencher,,USD 28.60,GeoRipper - Parts,4100,0.12,4.00,6.00,1.00,in,lb,,true,,goods,2,,,Active,EA,,USD 2.43,GeoRipper - Part,5100,D&D SKU 315J5,Finished Goods,1210,fifo,300.00,D&D Global Power Drive Belts,,,133.00,Inventory,true,true,true,false,false,false,,,
6212012000000429333,Belt for Makita EK6101,MTB61-00,,,,,true,GeoRipper,,Makita Part #: 965-300-510,USD 28.60,GeoRipper - Parts,4100,0.00,0.00,0.00,0.00,in,lb,,true,,goods,2,,,Active,EA,,USD 4.14,GeoRipper - Part,5100,D&D SKU 315J6,Finished Goods,1210,fifo,50.00,D&D Global Power Drive Belts,,,122.00,Inventory,true,true,true,false,false,false,,,
6212012000000429346,"Belt for 'The GeoRipper', Husqvarna K770 & Echo CSG-7410",MTB77-00,810075760514,,810075760514,,true,GeoRipper,MiniTrencher,Belt fits GR457 Serial #s 0-659,USD 28.60,GeoRipper - Parts,4100,0.12,4.00,6.00,1.00,in,lb,,true,,goods,2,,,Active,EA,,USD 3.24,GeoRipper - Part,5100,D&D SKU 323J6,Finished Goods,1210,fifo,600.00,D&D Global Power Drive Belts,,,552.00,Inventory,true,true,true,false,false,false,,,
6212012000000429359,Belt for Makita EK8100,MTB81-00,810075760552,,810075760552,,true,GeoRipper,MiniTrencher,,USD 28.60,GeoRipper - Parts,4100,0.12,4.00,6.00,1.00,in,lb,,true,,goods,2,,,Active,EA,,USD 2.62,GeoRipper - Part,5100,D&D SKU 340J5,Finished Goods,1210,fifo,50.00,D&D Global Power Drive Belts,,,216.00,Inventory,true,true,true,false,false,false,,,
6212012000000429372,Belt for Husqvarna K970,MTB97-00,810075760521,,810075760521,,true,GeoRipper,MiniTrencher,,USD 28.60,GeoRipper - Parts,4100,0.12,4.00,6.00,1.00,in,lb,,true,,goods,2,,,Active,EA,,USD 2.44,GeoRipper - Part,5100,D&D SKU 340K4,Finished Goods,1210,fifo,200.00,D&D Global Power Drive Belts,,,314.00,Inventory,true,true,true,false,false,false,,,
6212012000000429385,Stihl T/A Casting,S1000,,,,,true,GeoRipper,,Stihl T/A Casting,USD 160.02,GeoRipper - Parts,4100,0.00,0.00,0.00,0.00,,,,true,,goods,2,,,Active,EA,,USD 60.00,GeoRipper - Part,5100,,Finished Goods,1210,fifo,300.00,Ordinance Engineering Pte Ltd,,,251.00,Inventory,true,true,true,false,false,false,,,
6212012000000429398,Pulley for Stihl TS420/TS500i GeoRipperT/A,S1001,810075760569,,810075760569,,true,GeoRipper,MiniTrencher,,USD 69.30,GeoRipper - Parts,4100,0.15,3.15,3.15,0.75,in,lb,,true,,goods,2,,,Active,EA,,USD 4.50,GeoRipper - Part,5100,,Finished Goods,1210,fifo,300.00,,,,439.00,Inventory,true,true,true,false,false,false,,,
6212012000000429425,TPO,TPO,,,,,true,,,,USD 17.51,GeoRipper - Parts,4100,0.00,0.00,0.00,0.00,,,,true,,goods,2,,,Active,EA,,USD 6.565,GeoRipper - Part,5100,"34.5x36x.100"" Black, Utility TPO
min. order 290 sheets",Finished Goods,1210,fifo,1.00,SPARTECH,,,290.00,Inventory,true,true,true,false,false,false,,,
6212012000000429438,Right Digging Tooth Hardening,GR4.1P,,,,,false,,,Hardening Service for Right Digging Tooth,USD 0.16,GeoRipper - Parts,4100,0.00,0.00,0.00,0.00,,,false,true,,service,2,,,Active,pcs,Pieces,USD 0.063,GeoRipper - Part,5100,"Tooth 'A' (Right) 8620 Material Case Harden Max HRC .045"" to .055"" depth 450F Core Temper",Finished Goods,1210,,,,,,,Sales and Purchases,true,true,false,false,false,false,,,
6212012000000429449,Left Digging Tooth Hardening,GR4.2P,,,,,false,,,Hardening Service for Left Digging Tooth,USD 0.16,GeoRipper - Parts,4100,0.00,0.00,0.00,0.00,,,false,true,,service,2,,,Active,pcs,Pieces,USD 0.063,GeoRipper - Part,5100,"Tooth 'B' (Left) 8620 Material Case Harden Max HRC .045"" to .055"" depth 450F Core Temper",Finished Goods,1210,,,,,,,Sales and Purchases,true,true,false,false,false,false,,,
6212012000000429460,GeoRipper Adapter Plate - Makita (RAW),MGR5.1M,,,,,true,,,GeoRipper Adapter Raw Goods,USD 226.70,GeoRipper - Parts,4100,0.00,0.00,0.00,0.00,,,,true,,goods,2,,,Inactive,pcs,Pieces,USD 85.00,GeoRipper - Part,5100,,Finished Goods,1210,fifo,,,,,0.00,Inventory,true,true,true,false,false,false,,,
6212012000000429473,Georipper Adapter Plate - Makita Clear Zinc Plating,MGR5.1P,,,,,false,,,,USD 13.58,GeoRipper - Parts,4100,0.00,0.00,0.00,0.00,,,false,true,,service,2,,,Active,pcs,Pieces,USD 5.09,GeoRipper - Part,5100,"Pickle and Zinc Clear .0002/.0004
Inspect and Pack to Protect",Finished Goods,1210,,,,,,,Sales and Purchases,true,true,false,false,false,false,,,
6212012000000429484,Fees,FEE,,,,,false,,,,USD 0.01,GeoRipper - Parts,4100,0.00,0.00,0.00,0.00,in,lb,false,true,,service,2,,,Active,EA,,USD 0.01,GeoRipper - Part,5100,,Finished Goods,1210,,,,,,,Sales and Purchases,true,true,false,false,false,false,,,
6212012000000429495,International Pallet,iPall,,,,,true,,ULine,Plastic Export Pallet for International Shipping,USD 25.00,GeoRipper - Parts,4100,14.00,40.00,48.00,6.00,in,lb,,true,,goods,2,,,Active,EA,,USD 23.00,GeoRipper - Part,5100,ULINE SKU: H-1730,Finished Goods,1210,fifo,2.00,,,,18.00,Inventory,true,true,true,false,false,false,,,
6212012000000429508,"FRONT OUTER HOLDER, EK7651H",318728-9,,,,,true,,Makita USA,,USD 7.99,GeoRipper - Parts,4100,0.00,0.00,0.00,0.00,in,lb,,true,,goods,2,,,Active,EA,,USD 2.66,GeoRipper - Part,5100,,Finished Goods,1210,fifo,1.00,"Makita USA, Inc.",,,8.00,Inventory,true,true,true,false,false,false,,,
6212012000000429521,"CENTER OUTER HOLDER, EK7651H",452741-8,,,,,true,,Makita USA,,USD 5.89,GeoRipper - Parts,4100,0.00,0.00,0.00,0.00,in,lb,,true,,goods,2,,,Active,EA,,USD 1.96,GeoRipper - Part,5100,,Finished Goods,1210,fifo,1.00,"Makita USA, Inc.",,,6.00,Inventory,true,true,true,false,false,false,,,
6212012000000429534,"CENTER INNER HOLDER, EK7651H",318729-7,,,,,true,,Makita USA,,USD 5.89,GeoRipper - Parts,4100,0.00,0.00,0.00,0.00,in,lb,,true,,goods,2,,,Active,EA,,USD 1.96,GeoRipper - Part,5100,,Finished Goods,1210,fifo,1.00,"Makita USA, Inc.",,,4.00,Inventory,true,true,true,false,false,false,,,
6212012000000429547,Belt for Adapted Milwaukee MX314,MTB31-00,810075760811,,810075760811,,true,GeoRipper,MiniTrencher,,USD 28.60,GeoRipper - Parts,4100,0.12,4.00,6.00,1.00,in,lb,,true,,goods,2,,,Active,EA,,USD 2.44,GeoRipper - Part,5100,D&D SKU 310J5,Finished Goods,1210,fifo,200.00,D&D Global Power Drive Belts,,,1004.00,Inventory,true,true,true,false,false,false,,,
6212012000000429560,GeoRipper Trencher Snowflake Ornament,19696425936020194400,,,,,false,Printify,,,USD 15.55,Merch,4400,0.00,0.00,0.00,0.00,in,lb,false,true,,service,2,,,Active,EA,,USD 0.00,,,,,,,,,,,,Sales,true,false,false,false,false,false,,,
6212012000000429571,GeoRipper Mintrencher Trucker Hat,33108649178487066142,,,,,false,Printify,,,USD 25.91,Merch,4400,0.00,0.00,0.00,0.00,in,lb,false,true,,service,2,,,Active,EA,,USD 0.00,,,,,,,,,,,,Sales,true,false,false,false,false,false,,,
6212012000000429582,GeoRipper Youth Hooded Sweatshirt,29615924260712243942,,,,,false,Printify,,,USD 42.03,Merch,4400,0.00,0.00,0.00,0.00,in,lb,false,true,,service,2,,,Active,EA,,USD 0.00,,,,,,,,,,,,Sales,true,false,false,false,false,false,,,
6212012000000429593,GeoRipper Brand Sweatshirt,31759254162814060465,,,,,false,Printify,,,USD 41.11,Merch,4400,0.00,0.00,0.00,0.00,in,lb,false,true,,service,2,,,Active,EA,,USD 0.00,,,,,,,,,,,,Sales,true,false,false,false,false,false,,,
6212012000000429604,GeoRipper Trencher Basic T-Shirt,35749883712690250239,,,,,false,Printify,,,USD 12.51,Merch,4400,0.00,0.00,0.00,0.00,in,lb,false,true,,service,2,,,Active,EA,,USD 0.00,,,,,,,,,,,,Sales,true,false,false,false,false,false,,,
6212012000000429615,GeoRipper Trencher Jersey,10124688798952165314,,,,,false,Printify,,,USD 43.53,Merch,4400,0.00,0.00,0.00,0.00,in,lb,false,true,,service,2,,,Active,EA,,USD 0.00,,,,,,,,,,,,Sales,true,false,false,false,false,false,,,
6212012000000429626,GeoReaper Trencher Stickers,31450268770186746639,,,,,false,Printify,,,USD 2.32,Merch,4400,0.00,0.00,0.00,0.00,in,lb,false,true,,service,2,,,Active,EA,,USD 0.00,,,,,,,,,,,,Sales,true,false,false,false,false,false,,,
6212012000000429637,GeoRipper Nation Stickers,12283709758171768893,,,,,false,Printify,,,USD 2.32,Merch,4400,0.00,0.00,0.00,0.00,in,lb,false,true,,service,2,,,Active,EA,,USD 0.00,,,,,,,,,,,,Sales,true,false,false,false,false,false,,,
6212012000000429648,GeoRipper Jersey Tank,44582815017697451118,,,,,false,Printify,,,USD 24.18,Merch,4400,0.00,0.00,0.00,0.00,in,lb,false,true,,service,2,,,Active,EA,,USD 0.00,,,,,,,,,,,,Sales,true,false,false,false,false,false,,,
6212012000000429659,GeoReaper Minitrencher Long Sleeve Tee,21807375251202872885,,,,,false,Printify,,,USD 38.70,Merch,4400,0.00,0.00,0.00,0.00,in,lb,false,true,,service,2,,,Active,EA,,USD 0.00,,,,,,,,,,,,Sales,true,false,false,false,false,false,,,
6212012000000429670,GeoReaper Hooded Sweatshirt,17027888103576626407,,,,,false,Printify,,,USD 47.63,Merch,4400,0.00,0.00,0.00,0.00,in,lb,false,true,,service,2,,,Active,EA,,USD 0.00,,,,,,,,,,,,Sales,true,false,false,false,false,false,,,
6212012000000429681,GeoRipper Hooded Sweatshirt,12450963377231088745,,,,,false,Printify,,,USD 47.63,Merch,4400,0.00,0.00,0.00,0.00,in,lb,false,true,,service,2,,,Active,EA,,USD 0.00,,,,,,,,,,,,Sales,true,false,false,false,false,false,,,
6212012000000429692,GeoRipper MiniTrencher Logo Tee,12390517832343283765,,,,,false,Printify,,,USD 12.98,Merch,4400,0.00,0.00,0.00,0.00,in,lb,false,true,,service,2,,,Active,EA,,USD 0.00,,,,,,,,,,,,Sales,true,false,false,false,false,false,,,
6212012000000429703,GeoRipper Minitrencher Insulated Tumbler,54104739764055132066,,,,,false,Printify,,,USD 37.09,Merch,4400,0.00,0.00,0.00,0.00,in,lb,false,true,,service,2,,,Active,EA,,USD 0.00,,,,,,,,,,,,Sales,true,false,false,false,false,false,,,
6212012000000429714,Makita 40V max XGT BL Earth Auger Kit,GGD01M1,,,,,true,,,Makita 40V max XGT BL Earth Auger Kit w/ Batt. Charger and 4Ah XGT Battery,USD 1078.00,SiBore Drill - Parts,4300,0.00,0.00,0.00,0.00,in,lb,,true,,goods,2,,,Active,EA,,USD 755.00,SiBore Drill - Part,5300,Makita 40V max XGT BL Earth Auger Kit w/ Batt. Charger and 4Ah XGT Battery,Finished Goods,1210,fifo,,"Makita USA, Inc.",,,7.00,Inventory,true,true,true,false,false,false,,,
6212012000000429727,SiBore Drill - Lower Body Assembly,SB0200,,,,,true,,,,USD 1.00,SiBore Drill - Parts,4300,0.00,0.00,0.00,0.00,in,lb,,true,,goods,2,,,Inactive,EA,,USD 1.00,SiBore Drill - Part,5300,,Finished Goods,1210,fifo,,,,,0.00,Inventory,true,true,true,false,false,false,,,
6212012000000429754,SiBore Drill - General Epic 242SBD Auger,SB242SBD,,,,,true,,,,USD 1226.70,SiBore Drill - Parts,4300,0.00,0.00,0.00,0.00,in,lb,,true,,goods,2,,,Active,EA,,USD 654.58,SiBore Drill - Part,5300,General Part No. 242SBD,Finished Goods,1210,fifo,35.00,General Equipment,,,33.00,Inventory,true,true,true,false,false,false,,,
6212012000000429767,"SiBore Drill - 4"" Auger Bit",SB4000,,,,,true,,,,USD 295.00,SiBore Drill - Parts,4300,0.00,0.00,0.00,0.00,in,lb,,true,,goods,2,,,Active,EA,,USD 113.10,SiBore Drill - Part,5300,"General Part No. 2350-4E
Paint BLACK",Finished Goods,1210,fifo,25.00,,,,42.00,Inventory,true,true,true,false,false,false,,,
6212012000000429780,"SiBore Drill - 6"" Auger Bit",SB6000,,,,,true,,,,USD 313.00,SiBore Drill - Parts,4300,0.00,0.00,0.00,0.00,in,lb,,true,,goods,2,,,Active,EA,,USD 120.64,SiBore Drill - Part,5300,"General Part No. 2350-6E
Paint Black",Finished Goods,1210,fifo,5.00,,,,11.00,Inventory,true,true,true,false,false,false,,,
6212012000000429793,"SiBore Drill - 32"" Auger Extension",SB9999,,,,,true,,,,USD 160.00,SiBore Drill - Parts,4300,0.00,0.00,0.00,0.00,in,lb,,true,,goods,2,,,Inactive,EA,,USD 54.70,SiBore Drill - Part,5300,,Finished Goods,1210,fifo,,,,,0.00,Inventory,true,true,true,false,false,false,,,
6212012000000429806,SiBore Drill - Motor/Accessory Stand,SB0100,,,,,true,,,,USD 115.00,SiBore Drill - Parts,4300,0.00,0.00,0.00,0.00,in,lb,,true,,goods,2,,,Inactive,EA,,USD 45.00,SiBore Drill - Part,5300,,Finished Goods,1210,fifo,,,,,0.00,Inventory,true,true,true,false,false,false,,,
6212012000000429819,SiBore Drill - Shipping Box,SBBOX1,,,,,true,,,,USD 26.04,SiBore Drill - Parts,4300,0.00,0.00,0.00,0.00,in,lb,,true,,goods,2,,,Active,EA,,USD 9.80,SiBore Drill - Part,5300,,Finished Goods,1210,fifo,50.00,,,,69.00,Inventory,true,true,true,false,false,false,,,
6212012000000429832,SiBore Drill - Makita Adapter Plate,SB9100,,,,,true,,,,USD 61.20,SiBore Drill - Parts,4300,0.00,0.00,0.00,0.00,in,lb,,true,,goods,2,,,Active,EA,,USD 22.95,SiBore Drill - Part,5300,,Finished Goods,1210,fifo,25.00,Accurate Machine and Mfg Inc,,,13.00,Inventory,true,true,true,false,false,false,,,
6212012000000429845,SiBore Drill - Makita Drive Adapter,SB9200,,,,,true,,,,USD 115.00,SiBore Drill - Parts,4300,0.00,0.00,0.00,0.00,in,lb,,true,,goods,2,,,Active,EA,,USD 45.00,SiBore Drill - Part,5300,,Finished Goods,1210,fifo,25.00,,,,18.00,Inventory,true,true,true,false,false,false,,,
6212012000000429858,SiBore Drill - Makita Bushing,SB9300,,,,,true,,,,USD 1.00,SiBore Drill - Parts,4300,0.00,0.00,0.00,0.00,in,lb,,true,,goods,2,,,Active,EA,,USD 1.00,SiBore Drill - Part,5300,,Finished Goods,1210,fifo,,,,,120.00,Inventory,true,true,true,false,false,false,,,
6212012000000429871,"SiBore Drill - 1"" Bore Head",SB1000,,,,,true,,,,USD 175.00,SiBore Drill - Parts,4300,0.00,0.00,0.00,0.00,in,lb,,true,,goods,2,,,Active,EA,,USD 65.50,SiBore Drill - Part,5300,,Finished Goods,1210,fifo,,,,,456.00,Inventory,true,true,true,false,false,false,,,
6212012000000429884,SiBore Drill - Swivel Cable Puller,SB1500,,,,,true,,,,USD 170.00,SiBore Drill - Parts,4300,0.00,0.00,0.00,0.00,in,lb,,true,,goods,2,,,Active,EA,,USD 62.95,SiBore Drill - Part,5300,,Finished Goods,1210,fifo,0.00,,,,332.00,Inventory,true,true,true,false,false,false,,,
6212012000000429897,"SiBore Drill - 36"" Drill Rods",SB7200,,,,,true,,,,USD 160.00,SiBore Drill - Parts,4300,0.00,0.00,0.00,0.00,in,lb,,true,,goods,2,,,Inactive,EA,,USD 1.00,SiBore Drill - Part,5300,,Finished Goods,1210,fifo,,,,,0.00,Inventory,true,true,true,false,false,false,,,
6212012000000429910,"SiBore Drill - 2"" Auger Bit",SB2000,,,,,true,,,,USD 212.28,SiBore Drill - Parts,4300,0.00,0.00,0.00,0.00,in,lb,,true,,goods,2,,,Active,EA,,USD 109.04,SiBore Drill - Part,5300,"General Part No. 2350-2E
Paint BLACK",Finished Goods,1210,fifo,25.00,General Equipment,,,42.00,Inventory,true,true,true,false,false,false,,,
6212012000000429923,"SiBore Drill - 3"" Auger Bit",SB3000,,,,,true,,,,USD 287.00,SiBore Drill - Parts,4300,0.00,0.00,0.00,0.00,in,lb,,true,,goods,2,,,Active,EA,,USD 107.30,SiBore Drill - Part,5300,"General Part No. 2350-3E
Paint PMS 375C",Finished Goods,1210,fifo,5.00,General Equipment,,,7.00,Inventory,true,true,true,false,false,false,,,
6212012000000429936,"SiBore Drill - 8"" Auger Bit",SB8000,,,,,true,,,,USD 335.00,SiBore Drill - Parts,4300,0.00,0.00,0.00,0.00,in,lb,,true,,goods,2,,,Active,EA,,USD 128.76,SiBore Drill - Part,5300,"General Part No. 2350-8E
Paint PMS 375C",Finished Goods,1210,fifo,,General Equipment,,,4.00,Inventory,true,true,true,false,false,false,,,
6212012000000429949,"SiBore Drill - 1"" Round Yoke L600 Series",SB2150,,,,,true,,,,USD 53.39,SiBore Drill - Parts,4300,0.00,0.00,0.00,0.00,in,lb,,true,,goods,2,,,Active,EA,,USD 27.78,SiBore Drill - Part,5300,,Finished Goods,1210,fifo,25.00,,,,0.00,Inventory,true,true,true,false,false,false,,,
6212012000000429962,"SiBore Drill - 3/4"" Round Yoke L600 Series",SB2151,,,,,true,,,,USD 53.39,SiBore Drill - Parts,4300,0.00,0.00,0.00,0.00,in,lb,,true,,goods,2,,,Active,EA,,USD 27.78,SiBore Drill - Part,5300,,Finished Goods,1210,fifo,25.00,,,,5.00,Inventory,true,true,true,false,false,false,,,
6212012000000429975,SiBore Drill - L600 Series AG U-Joint Kit,SB2152,,,,,true,,,,USD 47.09,SiBore Drill - Parts,4300,0.00,0.00,0.00,0.00,in,lb,,true,,goods,2,,,Active,Kit,,USD 24.50,SiBore Drill - Part,5300,,Finished Goods,1210,fifo,25.00,,,,5.00,Inventory,true,true,true,false,false,false,,,
6212012000000429988,"SiBore Drill 2-1/4"" x 20'-0"" HREW Tube A513T1",SB0101,,,,,true,,,,USD 526.80,SiBore Drill - Parts,4300,0.00,0.00,0.00,0.00,in,lb,,true,,goods,2,,,Active,EA,,USD 0.00,SiBore Drill - Part,5300,HREW Tube $/P PDMSTEEL,Finished Goods,1210,fifo,,,,,0.00,Inventory,true,true,true,false,false,false,,,
6212012000000430001,"SiBore Drill 1"" x 1"" Square Tube",SB0102,,,,,true,,,,USD 91.44,SiBore Drill - Parts,4300,0.00,0.00,0.00,0.00,in,lb,,true,,goods,2,,,Active,EA,,USD 36.00,SiBore Drill - Part,5300,A513 50.58/P,Finished Goods,1210,fifo,,,,,25.59,Inventory,true,true,true,false,false,false,,,
6212012000000430014,"SiBore Drill 3/16"" x 1-1/2"" x 20'",SB0103,,,,,true,,,,USD 142.37,SiBore Drill - Parts,4300,0.00,0.00,0.00,0.00,in,lb,,true,,goods,2,,,Active,EA,,USD 56.05,SiBore Drill - Part,5300,18.306/P PDM STEEL,Finished Goods,1210,fifo,,,,,0.00,Inventory,true,true,true,false,false,false,,,
6212012000000430027,"SiBore Drill 1/4"" x 1"" x 20' Arched Skid Plate Support",SB0104,,,,,true,,,,USD 152.91,SiBore Drill - Parts,4300,0.00,0.00,0.00,0.00,in,lb,,true,,goods,2,,,Active,EA,,USD 60.20,SiBore Drill - Part,5300,16.90/P PDM STEEL,Finished Goods,1210,fifo,,,,,0.00,Inventory,true,true,true,false,false,false,,,
6212012000000430040,"SiBore Drill 1/8"" x 2-1/2"" x 20' Skid Plate",SB0105,,,,,true,,,,USD 84.79,SiBore Drill - Parts,4300,0.00,0.00,0.00,0.00,in,lb,,true,,goods,2,,,Active,EA,,USD 33.38,SiBore Drill - Part,5300,25.95/P PDM STEEL,Finished Goods,1210,fifo,,,,,0.50,Inventory,true,true,true,false,false,false,,,
6212012000000430053,"SiBore Drill 3/8"" x 3/8"" x 12"" Key Stock Spacer for Skid Plate",SB0106,,,,,true,,,,USD 10.65,SiBore Drill - Parts,4300,0.00,0.00,0.00,0.00,in,lb,,true,,goods,2,,,Active,EA,,USD 4.19,SiBore Drill - Part,5300,,Finished Goods,1210,fifo,,,,,1.00,Inventory,true,true,true,false,false,false,,,
6212012000000430066,"SiBore Drill 1""D x 20' CRS Round Stock Main Shaft",SB0107,,,,,true,,,,USD 481.53,SiBore Drill - Parts,4300,0.00,0.00,0.00,0.00,in,lb,,true,,goods,2,,,Active,EA,,USD 189.58,SiBore Drill - Part,5300,77.812/P PDM STEEL,Finished Goods,1210,fifo,,,,,0.924813,Inventory,true,true,true,false,false,false,,,
6212012000000430079,"SiBore Drill 3/4"" x 20' Round Stock Drive Shaft",SB0108,,,,,true,,,,USD 111.13,SiBore Drill - Parts,4300,0.00,0.00,0.00,0.00,in,lb,,true,,goods,2,,,Active,EA,,USD 42.66,SiBore Drill - Part,5300,43.75/P PDM STEEL,Finished Goods,1210,fifo,10.00,,,,25.511079,Inventory,true,true,true,false,false,false,,,
6212012000000430092,"SiBore Drill 1/4"" x 1"" x 20' Drive Shaft Connecting Tabs",SB0109,,,,,true,,,,USD 281.43,SiBore Drill - Parts,4300,0.00,0.00,0.00,0.00,in,lb,,true,,goods,2,,,Active,EA,,USD 110.80,SiBore Drill - Part,5300,16.90/P PDM STEEL,Finished Goods,1210,fifo,,,,,0.00,Inventory,true,true,true,false,false,false,,,
6212012000000430105,"SiBore Drill 1"" x 14GA Bushing",SB0110,,,,,true,,,,USD 2.92,SiBore Drill - Parts,4300,0.00,0.00,0.00,0.00,in,lb,,true,,goods,2,,,Active,EA,,USD 1.15,SiBore Drill - Part,5300,,Finished Goods,1210,fifo,50.00,,,,80.00,Inventory,true,true,true,false,false,false,,,
6212012000000430118,SiBore Drill Pull Ring,SB0111,,,,,true,,,,USD 3.81,SiBore Drill - Parts,4300,0.00,0.00,0.00,0.00,in,lb,,true,,goods,2,,,Active,EA,,USD 1.50,SiBore Drill - Part,5300,,Finished Goods,1210,fifo,,,,,0.00,Inventory,true,true,true,false,false,false,,,
6212012000000430131,"SiBore Drill 3/16"" x 3/16"" x 12"" Shear Key",SB0112,,,,,true,,,,USD 2.80,SiBore Drill - Parts,4300,0.00,0.00,0.00,0.00,in,lb,,true,,goods,2,,,Active,EA,,USD 1.10,SiBore Drill - Part,5300,,Finished Goods,1210,fifo,5.00,,,,131.13,Inventory,true,true,true,false,false,false,,,
6212012000000430144,"SiBore Drill 1/4"" x 1/4""  x 12"" Shear Key",SB0113,,,,,true,,,,USD 5.06,SiBore Drill - Parts,4300,0.00,0.00,0.00,0.00,in,lb,,true,,goods,2,,,Active,EA,,USD 1.99,SiBore Drill - Part,5300,,Finished Goods,1210,fifo,5.00,,,,18.00,Inventory,true,true,true,false,false,false,,,
6212012000000430157,SiBore Drill R16 RS2 Bearing,SB0114,,,,,true,,,,USD 15.24,SiBore Drill - Parts,4300,0.00,0.00,0.00,0.00,in,lb,,true,,goods,2,,,Active,EA,,USD 6.00,SiBore Drill - Part,5300,,Finished Goods,1210,fifo,100.00,,,,80.00,Inventory,true,true,true,false,false,false,,,
6212012000000430170,"SiBore Drill 1-1/4 x .120 x 20'-0"" HREW Tube A513TI",SB0115,,,,,true,,,,USD 164.92,SiBore Drill - Parts,4300,0.00,0.00,0.00,0.00,in,lb,,true,,goods,2,,,Active,EA,,USD 64.93,SiBore Drill - Part,5300,64.93/P PDM Steel,Finished Goods,1210,fifo,5.00,,,,10.486,Inventory,true,true,true,false,false,false,,,
6212012000000430183,"SiBore Drill 1-1/2 x .120 x 20'-0"" HREW Tube A513T1",SB0116,,,,,true,,,,USD 204.80,SiBore Drill - Parts,4300,0.00,0.00,0.00,0.00,in,lb,,true,,goods,2,,,Active,EA,,USD 80.63,SiBore Drill - Part,5300,80.63/P PDM Steel,Finished Goods,1210,fifo,1.00,,,,0.615,Inventory,true,true,true,false,false,false,,,
6212012000000430196,SiBore Drill - Coupler Nut,SB0118,,,,,true,,,,USD 13.90,SiBore Drill - Parts,4300,0.00,0.00,0.00,0.00,in,lb,,true,,goods,2,,,Active,EA,,USD 5.47,SiBore Drill - Part,5300,,Finished Goods,1210,fifo,,,,,1654.00,Inventory,true,true,true,false,false,false,,,
6212012000000430209,ECHO CSG7410,CSG7410,,,,,true,,,,USD 2283.46,GeoRipper - Parts,4100,0.00,0.00,0.00,0.00,in,lb,,true,,goods,2,,,Active,EA,,USD 899.00,GeoRipper - Part,5100,,Finished Goods,1210,fifo,,,,,0.00,Inventory,true,true,true,false,false,false,,,
6212012000000430236,"SiBore Drill 1-1/2"" x 1-1/2"" x 20' Angle",SB0119,,,,,true,,,,USD 59.91,SiBore Drill - Parts,4300,0.00,0.00,0.00,0.00,in,lb,,true,,goods,2,,,Active,EA,,USD 23.586,SiBore Drill - Part,5300,PDM Steel,Finished Goods,1210,fifo,,PDM Steel Service Centers Inc.,,,1.5458,Inventory,true,true,true,false,false,false,,,
6212012000000430249,"SiBore Drill 1"" x 1"" x 1/8"" Angle 20'-0""",SB0120,,,,,true,,,,USD 38.88,SiBore Drill - Parts,4300,0.00,0.00,0.00,0.00,in,lb,,true,,goods,2,,,Active,EA,,USD 15.308,SiBore Drill - Part,5300,,Finished Goods,1210,fifo,,PDM Steel Service Centers Inc.,,,9.8944,Inventory,true,true,true,false,false,false,,,
6212012000000430264,powder coat - black,PD-1000,,,,,false,,,,USD 10.16,SiBore Drill - Parts,4300,0.00,0.00,0.00,0.00,in,lb,false,true,,service,2,,,Active,Part,,USD 4.00,SiBore Drill - Part,5300,,Finished Goods,1210,,,,,,,Sales and Purchases,true,true,false,false,false,false,,,
6212012000000430275,SiBore Drill - Tray,SBBOX2,,,,,true,,,,USD 10.65,SiBore Drill - Parts,4300,0.00,0.00,0.00,0.00,in,lb,,true,,goods,2,,,Active,EA,,USD 3.55,SiBore Drill - Part,5300,,Finished Goods,1210,fifo,50.00,,,,101.00,Inventory,true,true,true,false,false,false,,,
6212012000000430288,MT7208S - Georipper Engine,MT7208,,,,,true,,,"TO BE INCLUDED IN EVERY ORDER
SKU: GRS9
SKU: GRS10
SKU: GRS6
SKU: GRS3",USD 675.00,GeoRipper - Parts,4100,0.00,0.00,0.00,0.00,in,lb,,true,,goods,2,,,Active,EA,,USD 225.00,GeoRipper - Part,5100,TopWeTools G7208S Concrete Saw - Specialized with parts removed.,Finished Goods,1210,fifo,600.00,,,,193.00,Inventory,true,true,true,false,false,false,,,
6212012000000430301,SiBore Swivel And Bore Bolt,SB0800,,,,,true,,,,USD 7.50,SiBore Drill - Parts,4300,0.00,0.00,0.00,0.00,in,lb,,true,,goods,2,,,Active,EA,,USD 2.50,SiBore Drill - Part,5300,,Finished Goods,1210,fifo,100.00,,,,623.00,Inventory,true,true,true,false,false,false,,,
6212012000000430314,Left Leg GeoRipper eB Makita Adapter,MT9990L,,,,,true,,,,USD 19.30,GeoRipper - Parts,4100,0.00,0.00,0.00,0.00,in,lb,,true,,goods,2,,,Active,EA,,USD 7.60,GeoRipper - Part,5100,,Finished Goods,1210,fifo,25.00,,,,52.00,Inventory,true,true,true,false,false,false,,,
6212012000000430327,Right Leg GeoRipper eB Makita Adapter,MT9990R,,,,,true,,,,USD 19.30,GeoRipper - Parts,4100,0.00,0.00,0.00,0.00,in,lb,,true,,goods,2,,,Active,EA,,USD 7.60,GeoRipper - Part,5100,,Finished Goods,1210,fifo,25.00,,,,52.00,Inventory,true,true,true,false,false,false,,,
6212012000000430340,"3/8"" GeoRipper eB Main Adapter Plate",MT9991,,,,,true,,,,USD 41.91,GeoRipper - Parts,4100,0.00,0.00,0.00,0.00,in,lb,,true,,goods,2,,,Active,EA,,USD 16.50,GeoRipper - Part,5100,,Finished Goods,1210,fifo,25.00,,,,52.00,Inventory,true,true,true,false,false,false,,,
6212012000000430353,11GA Curved Deflector GeoRipper eB Makita,MT9992,,,,,true,,,,USD 35.05,GeoRipper - Parts,4100,0.00,0.00,0.00,0.00,in,lb,,true,,goods,2,,,Active,EA,,USD 13.80,GeoRipper - Part,5100,,Finished Goods,1210,fifo,25.00,,,,54.00,Inventory,true,true,true,false,false,false,,,
6212012000000430366,SiBore Motor Mount,SB0300,,,,,true,,,,USD 26.54,SiBore Drill - Parts,4300,0.00,0.00,0.00,0.00,in,lb,,true,,goods,2,,,Active,EA,,USD 10.45,SiBore Drill - Part,5300,"As PER Redlined Drawings Dated 1/14/2025
Material to be .187 Mild Steel
2 Each 3/8-16 PEM Nut Inserts installed",Finished Goods,1210,fifo,50.00,,,,362.00,Inventory,true,true,true,false,false,false,,,
6212012000000430379,G1000 GeoRipper Adapter for Greenworks,G1000,,,,,true,,,,USD 213.60,GeoRipper - Parts,4100,0.00,0.00,0.00,0.00,in,lb,,true,,goods,2,,,Active,EA,,USD 80.00,GeoRipper - Part,5100,,Finished Goods,1210,fifo,,,,,109.00,Inventory,true,true,true,false,false,false,,,
6212012000000430392,GW Collar Adapter,GW1100,,,,,true,,,,USD 39.99,GeoRipper - Parts,4100,0.00,0.00,0.00,0.00,in,lb,,true,,goods,2,,,Active,EA,,USD 15.00,GeoRipper - Part,5100,,Finished Goods,1210,fifo,,,,,319.00,Inventory,true,true,true,false,false,false,,,
6212012000000430405,Axle Adapter for Makita e/B,MT8008,,,,,true,,,,USD 49.99,GeoRipper - Parts,4100,0.00,0.00,0.00,0.00,in,lb,,true,,goods,2,,,Active,EA,,USD 15.00,GeoRipper - Part,5100,,Finished Goods,1210,fifo,,,,,1.00,Inventory,true,true,true,false,false,false,,,
6212012000000430418,"SiBore GeoRipper 16"" / 215e*",SBGR-4215e*,,,,,true,,,,USD 4499.00,SiBore Drill - Parts,4300,0.00,0.00,0.00,0.00,in,lb,,true,,goods,2,,,Inactive,EA,,USD 1.00,SiBore Drill - Part,5300,,Finished Goods,1210,,,,,,,Sales and Purchases,true,true,false,false,false,false,,,
6212012000000430429,"SiBore GeoRipper 16"" / 216e*",SBGR-4216e*,,,,,true,,,,USD 4499.00,SiBore Drill - Parts,4300,0.00,0.00,0.00,0.00,in,lb,,true,,goods,2,,,Inactive,EA,,USD 1.00,SiBore Drill - Part,5300,,Finished Goods,1210,,,,,,,Sales and Purchases,true,true,false,false,false,false,,,
6212012000000430440,"SiBore GeoRipper 20"" / 216e*",SBGR-5216e*,,,,,true,,,,USD 4799.00,SiBore Drill - Parts,4300,0.00,0.00,0.00,0.00,in,lb,,true,,goods,2,,,Inactive,EA,,USD 1.00,SiBore Drill - Part,5300,,Finished Goods,1210,,,,,,,Sales and Purchases,true,true,false,false,false,false,,,
6212012000000430451,"SiBore GeoRipper 20"" / 215e*",SBGR-5215e*,,,,,true,,,,USD 4799.00,SiBore Drill - Parts,4300,0.00,0.00,0.00,0.00,in,lb,,true,,goods,2,,,Inactive,EA,,USD 1.00,SiBore Drill - Part,5300,,Finished Goods,1210,,,,,,,Sales and Purchases,true,true,false,false,false,false,,,
6212012000000430462,"SiBore GeoRipper 20"" / 431e*",SBGR-5431e*,,,,,true,,,,USD 6599.00,SiBore Drill - Parts,4300,0.00,0.00,0.00,0.00,in,lb,,true,,goods,2,,,Inactive,EA,,USD 1.00,SiBore Drill - Part,5300,,Finished Goods,1210,,,,,,,Sales and Purchases,true,true,false,false,false,false,,,
6212012000000430473,"SiBore GeoRipper 16"" / 431e*",SBGR-4431e*,,,,,true,,,,USD 6299.00,SiBore Drill - Parts,4300,0.00,0.00,0.00,0.00,in,lb,,true,,goods,2,,,Inactive,EA,,USD 1.00,SiBore Drill - Part,5300,,Finished Goods,1210,,,,,,,Sales and Purchases,true,true,false,false,false,false,,,
6212012000000430484,GeoRipper e/B 400 w/ MAKITA*,GREB400-MAK*,,,,,true,,,,USD 2999.00,GeoRipper - Parts,4100,0.00,0.00,0.00,0.00,in,lb,,true,,goods,2,,,Inactive,EA,,USD 1.00,GeoRipper - Part,5100,,Finished Goods,1210,,,,,,,Sales and Purchases,true,true,false,false,false,false,,,
6212012000000430495,GeoRipper e/B 500 GW*,GREB500-GW*,,,,,true,,,,USD 3299.00,GeoRipper - Parts,4100,0.00,0.00,0.00,0.00,in,lb,,true,,goods,2,,,Active,EA,,USD 1.00,GeoRipper - Part,5100,,Finished Goods,1210,,,,,,,Sales and Purchases,true,true,false,false,false,false,,,
6212012000000430506,GeoRipper e/B 500 w/ MAKITA*,GREB500-MAK*,,,,,true,,,,USD 3299.00,GeoRipper - Parts,4100,0.00,0.00,0.00,0.00,in,lb,,true,,goods,2,,,Inactive,EA,,USD 1.00,GeoRipper - Part,5100,,Finished Goods,1210,,,,,,,Sales and Purchases,true,true,false,false,false,false,,,
6212012000000430517,GeoRipper e/B 400 GW*,GREB400-GW*,,,,,true,,,,USD 2999.00,GeoRipper - Parts,4100,0.00,0.00,0.00,0.00,in,lb,,true,,goods,2,,,Active,EA,,USD 1.00,GeoRipper - Part,5100,,Finished Goods,1210,,,,,,,Sales and Purchases,true,true,false,false,false,false,,,
6212012000000430528,The GeoRipper 16*,GR416*,,,,,true,,,,USD 1999.00,GeoRipper - Parts,4100,0.00,0.00,0.00,0.00,in,lb,,true,,goods,2,,,Inactive,EA,,USD 1.00,GeoRipper - Part,5100,,Finished Goods,1210,,,,,,,Sales and Purchases,true,true,false,false,false,false,,,
6212012000000430539,The GeoRipper 20*,GR520*,,,,,true,,,,USD 2499.99,GeoRipper - Parts,4100,0.00,0.00,0.00,0.00,in,lb,,true,,goods,2,,,Active,EA,,USD 1.00,GeoRipper - Part,5100,,Finished Goods,1210,,,,,,,Sales and Purchases,true,true,false,false,false,false,,,
6212012000000430550,The GeoRipper 27 w/ EZ Kart*,GR727*,,,,,true,,,,USD 2999.00,GeoRipper - Parts,4100,0.00,0.00,0.00,0.00,in,lb,,true,,goods,2,,,Active,EA,,USD 1.00,GeoRipper - Part,5100,,Finished Goods,1210,,,,,,,Sales and Purchases,true,true,false,false,false,false,,,
6212012000000430561,"3/8""-16 x 1"" Grade 8 YellowZinc Bolt",SB38010,,,,,true,,,,USD 0.81,SiBore Drill - Parts,4300,0.00,0.00,0.00,0.00,in,lb,,true,,goods,2,,,Active,EA,,USD 0.27,SiBore Drill - Part,5300,,Finished Goods,1210,fifo,50.00,Vancouver Bolt and Supply Inc.,,,97.00,Inventory,true,true,true,false,false,false,,,
6212012000000430574,"3/8""-16 x 2"" Grade 8 YellowZinc Bolt",SB3820,,,,,true,,,,USD 0.85,SiBore Drill - Parts,4300,0.00,0.00,0.00,0.00,in,lb,,true,,goods,2,,,Active,EA,,USD 0.3662,SiBore Drill - Part,5300,"37C200HCS8Z
3/8-16 X 2 HEX CAP SCREW GRADE 8 YELLOW ZINC PLATED",Finished Goods,1210,fifo,125.00,Vancouver Bolt and Supply Inc.,,,244.00,Inventory,true,true,true,false,false,false,,,
6212012000000430587,"3/8""-16 x 2.5"" Grade 8 YellowZinc Bolt",SB3825,,,,,true,,,,USD 0.81,SiBore Drill - Parts,4300,0.00,0.00,0.00,0.00,in,lb,,true,,goods,2,,,Active,EA,,USD 0.27,SiBore Drill - Part,5300,,Finished Goods,1210,fifo,25.00,Vancouver Bolt and Supply Inc.,,,93.00,Inventory,true,true,true,false,false,false,,,
6212012000000430600,"3/8""-16 Nylock Nut",SB3803,,,,,true,,,,USD 0.42,SiBore Drill - Parts,4300,0.00,0.00,0.00,0.00,in,lb,,true,,goods,2,,,Active,EA,,USD 0.14,SiBore Drill - Part,5300,"37CNNE8Z
3/8-16 UNC NYLON INSERT LOCK NUT GRADE 8 (C) YELLOW ZINC
PLATED",Finished Goods,1210,fifo,200.00,Vancouver Bolt and Supply Inc.,,,579.00,Inventory,true,true,true,false,false,false,,,
6212012000000430613,"1/4""-20 x 2.5"" Pan Head Screw",SB1425,,,,,true,,,,USD 0.51,SiBore Drill - Parts,4300,0.00,0.00,0.00,0.00,in,lb,,true,,goods,2,,,Active,EA,,USD 0.17,SiBore Drill - Part,5300,,Finished Goods,1210,fifo,50.00,Vancouver Bolt and Supply Inc.,,,212.00,Inventory,true,true,true,false,false,false,,,
6212012000000430626,M12-1.75 x 80mm Grade 10.9 Clear Zinc Bolt,SB1280,,,,,true,,,,USD 2.28,SiBore Drill - Parts,4300,0.00,0.00,0.00,0.00,in,lb,,true,,goods,2,,,Active,EA,,USD 0.805,SiBore Drill - Part,5300,,Finished Goods,1210,fifo,50.00,Vancouver Bolt and Supply Inc.,,,120.00,Inventory,true,true,true,false,false,false,,,
6212012000000430639,"3/8"" split lock washer GR8 yellow zinc",SB3807,,,,,true,,,,USD 0.51,SiBore Drill - Parts,4300,0.00,0.00,0.00,0.00,in,lb,,true,,goods,2,,,Active,EA,,USD 0.18,SiBore Drill - Part,5300,"3/8"" split lock washer HI alloy MZ2",Finished Goods,1210,fifo,50.00,Vancouver Bolt and Supply Inc.,,,174.00,Inventory,true,true,true,false,false,false,,,
6212012000000430652,Bar Nose Block - RAW,MT10001,,,,,true,,,,USD 2.67,GeoRipper - Parts,4100,0.00,0.00,0.00,0.00,in,lb,,true,,goods,2,,,Inactive,EA,,USD 1.00,GeoRipper - Part,5100,Nose Block to GR5 GeoRipper Adapter - No Plating,Finished Goods,1210,fifo,25.00,,,,100.00,Inventory,true,true,true,false,false,false,,,
6212012000000430679,Starter Assembly,GR10010,,,,,true,,,,USD 2.67,GeoRipper - Parts,4100,0.00,0.00,0.00,0.00,in,lb,,true,,goods,2,,,Active,EA,,USD 1.00,GeoRipper - Part,5100,"Includes recoil cartridge, pull chord, handle and green plastic cover",Finished Goods,1210,fifo,10.00,TopweTools,,,0.00,Inventory,true,true,true,false,false,false,,,
6212012000000430706,"SiBore Drill - 2-1/4"" x 12"" DOM (2.000"" ID)",SB0101A,,,,,true,,,,USD 25.34,SiBore Drill - Parts,4300,0.00,0.00,0.00,0.00,in,lb,,true,,goods,2,,,Active,EA,,USD 9.94,SiBore Drill - Part,5300,"DOM-A513 TYPE 5    (2.000 ID)
2.250 OD X 0.125 W X 12""",Finished Goods,1210,fifo,,Industrial Tube and Steel Corp,,,0.00,Inventory,true,true,true,false,false,false,,,
6212012000000430719,"3/8""-16 x 2.25"" Grade 8 YellowZinc Bolt",SB3822,,,,,true,,,,USD 0.81,SiBore Drill - Parts,4300,0.00,0.00,0.00,0.00,in,lb,,true,,goods,2,,,Active,EA,,USD 0.27,SiBore Drill - Part,5300,,Finished Goods,1210,fifo,50.00,Vancouver Bolt and Supply Inc.,,,151.00,Inventory,true,true,true,false,false,false,,,
6212012000000430732,Drive Pulley for Echo CSG-7410 Power Cutters,E1001,810075760750,,810075760750,,true,GeoRipper,,,USD 108.90,GeoRipper - Parts,4100,0.00,0.00,0.00,0.00,in,lb,,true,,goods,2,,,Active,EA,,USD 4.50,GeoRipper - Part,5100,,Finished Goods,1210,fifo,,,,,0.00,Inventory,true,true,true,false,false,false,,,
6212012000000430759,The GeoRipper Starter Sticker,GRS9,,,,,true,,,,USD 0.81,GeoRipper - Parts,4100,0.00,0.00,0.00,0.00,in,lb,,true,,goods,2,,,Active,pcs,Pieces,USD 0.49,GeoRipper - Part,5100,,Finished Goods,1210,fifo,200.00,Minuteman Press,,,423.00,Inventory,true,true,true,false,false,false,,,
6212012000000430772,The GeoRipper Belt Cover Sticker,GRS10,,,,,true,,,,USD 0.81,GeoRipper - Parts,4100,0.00,0.00,0.00,0.00,in,lb,,true,,goods,2,,,Active,pcs,Pieces,USD 0.30,GeoRipper - Part,5100,,Finished Goods,1210,fifo,200.00,Minuteman Press,,,451.00,Inventory,true,true,true,false,false,false,,,
6212012000000430785,New Georipper Belt Cover Adapter,GR4572,,,,,true,,,,USD 9.00,GeoRipper - Parts,4100,0.00,0.00,0.00,0.00,in,lb,,true,,goods,2,,,Active,pcs,Pieces,USD 3.00,GeoRipper - Part,5100,,Finished Goods,1210,fifo,,,,,3.00,Inventory,true,true,true,false,false,false,,,
6212012000000430798,Heat Shield for Stihl,MT0015,,,,,true,,,,USD 3.00,GeoRipper - Parts,4100,0.00,0.00,0.00,0.00,in,lb,,true,,goods,2,,,Active,pcs,Pieces,USD 1.14,GeoRipper - Part,5100,,Finished Goods,1210,fifo,5.00,,,,31.00,Inventory,true,true,true,false,false,false,,,
6212012000000430811,12 x 9 x 9 Uline Box,MT1299,,,,,true,,,Shipping Box,USD 2.79,GeoRipper - Parts,4100,0.00,12.00,9.00,9.00,in,lb,,true,,goods,2,,,Active,box,Box,USD 0.93,GeoRipper - Part,5100,,Finished Goods,1210,fifo,20.00,,,,59.00,Inventory,true,true,true,false,false,false,,,
6212012000000430824,10 x 10 x 5 Uline Box,MT10105,,,,,true,,,Shipping Box,USD 3.12,GeoRipper - Parts,4100,0.00,10.00,10.00,5.00,in,lb,,true,,goods,2,,,Active,box,Box,USD 1.04,GeoRipper - Part,5100,,Finished Goods,1210,fifo,20.00,,,,59.00,Inventory,true,true,true,false,false,false,,,
6212012000000430837,24 x 12 x 4,MT24124,,,,,true,,,Shipping Box,USD 10.32,GeoRipper - Parts,4100,0.00,24.00,12.00,4.00,in,lb,,true,,goods,2,,,Active,box,Box,USD 3.44,GeoRipper - Part,5100,,Finished Goods,1210,fifo,,,,,-10.00,Inventory,true,true,true,false,false,false,,,
6212012000000430850,Blank Chain Box,MT95015B,,,,,true,,,Shipping Box,USD 1.00,GeoRipper - Parts,4100,0.00,0.00,0.00,0.00,in,lb,,true,,goods,2,,,Active,box,Box,USD 0.61,GeoRipper - Part,5100,,Finished Goods,1210,fifo,,SupplyOne Northwest,,,355.00,Inventory,true,true,true,false,false,false,,,
6212012000000430863,48 x 12 x 6 Uline Box,MT48126,,,,,true,,,,USD 13.50,GeoRipper - Parts,4100,0.00,48.00,12.00,6.00,in,lb,,true,,goods,2,,,Active,box,Box,USD 4.50,GeoRipper - Part,5100,,Finished Goods,1210,fifo,,,,,1.00,Inventory,true,true,true,false,false,false,,,
6212012000000430876,Stopper EK6101,315-114-180,,,,,true,,,,USD 3.30,GeoRipper - Parts,4100,0.00,0.00,0.00,0.00,in,lb,,true,,goods,2,,,Active,EA,,USD 1.10,GeoRipper - Part,5100,,Finished Goods,1210,fifo,,"Makita USA, Inc.",,,2.00,Inventory,true,true,true,false,false,false,,,
6212012000000430889,310J Belt,MTB310J,,,,,true,,,,USD 8.94,GeoRipper - Parts,4100,0.00,0.00,0.00,0.00,in,lb,,true,,goods,2,,,Active,pcs,Pieces,USD 2.98,GeoRipper - Part,5100,Milwaukee belt with extra rib. not in use at this time ,Finished Goods,1210,fifo,,D&D Global Power Drive Belts,,,315.00,Inventory,true,true,true,false,false,false,,,
6212012000000430902,Clutch Shoe Screw,266947-0,,,,,true,,,,USD 3.09,GeoRipper - Parts,4100,0.00,0.00,0.00,0.00,in,lb,,true,,goods,2,,,Active,pcs,Pieces,USD 1.03,GeoRipper - Part,5100,Clutch Shoe Screws for Makita,Finished Goods,1210,fifo,,"Makita USA, Inc.",,,6.00,Inventory,true,true,true,false,false,false,,,
6212012000000430915,SiBore Drill- Lower Unit Powdercoat,SB0250P,,,,,false,,,,USD 15.00,SiBore Drill - Parts,4300,0.00,0.00,0.00,0.00,in,lb,false,true,,service,2,,,Active,EA,,USD 5.00,SiBore Drill - Part,5300,"Lower unit powder coating
 PMS 375C Bright Green",Finished Goods,1210,,,,,,,Sales and Purchases,true,true,false,false,false,false,,,
6212012000000430926,"SiBore Drill 1""D x 15"" CRS Round Stock Main Shaft",SB0107A,,,,,true,,,,USD 37.32,SiBore Drill - Parts,4300,0.00,0.00,0.00,0.00,in,lb,,true,,goods,2,,,Active,EA,,USD 13.98,SiBore Drill - Part,5300,"4140 CF ANN BAR
1.000 DIA X 15""",Finished Goods,1210,fifo,,,,,0.00,Inventory,true,true,true,false,false,false,,,
6212012000000430939,Safety Bar LaserCut - 400 Series GeoRipperT/A,MT7401,,,,,true,GeoRipper,,"No PowderCoat, laser cut only",USD 50.36,GeoRipper - Parts,4100,0.00,0.00,0.00,0.00,in,lb,,true,,goods,2,,,Active,EA,,USD 23.50,GeoRipper - Part,5100,,Finished Goods,1210,fifo,,Accurate Machine and Mfg Inc,,,0.00,Inventory,true,true,true,false,false,false,,,
6212012000000430952,Sticker - Hand Entanglement/Chain Drive,GRS11,,,,,true,,,,USD 2.21,GeoRipper - Parts,4100,0.00,1.25,1.397,0.01,in,lb,,true,,goods,2,,,Active,pcs,Pieces,USD 0.26,GeoRipper - Part,5100,,Finished Goods,1210,fifo,150.00,Minuteman Press,,,1030.00,Inventory,true,true,true,false,false,false,,,
6212012000000430965,Single Chain Box,BX-12,,,,,true,GeoRipper,,,USD 13.67,GeoRipper - Parts,4100,0.00,0.00,0.00,0.00,in,lb,,true,,goods,2,,,Active,EA,,USD 3.80,GeoRipper - Part,5100,1000ct price CCBOX #,Finished Goods,1210,fifo,500.00,SupplyOne Northwest,,,947.00,Inventory,true,true,true,false,false,false,,,
6212012000000430978,SiBore Owner's Manual,SB-LIT-OM,,,,,true,,,,USD 3.71,SiBore Drill - Parts,4300,0.00,0.00,0.00,0.00,in,lb,,true,,goods,2,,,Active,EA,,USD 1.0201,SiBore Drill - Part,5300,,Finished Goods,1210,fifo,50.00,,,,2253.00,Inventory,true,true,true,false,false,false,,,
6212012000000430991,"Sticker - 16"" Chain Box Label",GRS12,,,,,true,,,,USD 0.75,GeoRipper - Parts,4100,0.00,0.00,0.00,0.00,in,lb,,true,,goods,2,,,Active,pcs,Pieces,USD 0.34,GeoRipper - Part,5100,,Finished Goods,1210,fifo,100.00,Minuteman Press,,,780.00,Inventory,true,true,true,false,false,false,,,
6212012000000431004,"Sticker - 20"" Chain Label",GRS13,,,,,true,,,,USD 0.75,GeoRipper - Parts,4100,0.00,0.00,0.00,0.00,in,lb,,true,,goods,2,,,Active,pcs,Pieces,USD 0.34,GeoRipper - Part,5100,,Finished Goods,1210,fifo,100.00,Minuteman Press,,,538.00,Inventory,true,true,true,false,false,false,,,
6212012000000431017,"Sticker - 27"" Chain Label",GRS14,,,,,true,,,,USD 0.75,GeoRipper - Parts,4100,0.00,0.00,0.00,0.00,in,lb,,true,,goods,2,,,Active,pcs,Pieces,USD 0.33,GeoRipper - Part,5100,,Finished Goods,1210,fifo,100.00,Minuteman Press,,,817.00,Inventory,true,true,true,false,false,false,,,
6212012000000431044,82V Dual Port Charger - GreenWorks,GW82DPC8A,,,,,true,,,,USD 149.99,GeoRipper - Parts,4100,0.00,0.00,0.00,0.00,in,lb,,true,,goods,2,,,Active,EA,,USD 100.00,GeoRipper - Part,5100,GreenWorks ERP: 2958302,Finished Goods,1210,fifo,,GreenWorks (Jiangsu) Co LTD,,,19.00,Inventory,true,true,true,false,false,false,,,
6212012000000431057,82V 8Ah Battery w/ Bluetooth and Digital Readout - GreenWorks,GW82BD800,,,,,true,,,,USD 549.00,GeoRipper - Parts,4100,0.00,0.00,0.00,0.00,in,lb,,true,,goods,2,,,Active,EA,,USD 279.99,GeoRipper - Part,5100,GreenWorks ERP: 2965902,Finished Goods,1210,fifo,,GreenWorks (Jiangsu) Co LTD,,,4.00,Inventory,true,true,true,false,false,false,,,
6212012000000431070,"82V 12"" 2.5kW Power Cutter Tool Only - GreenWorks",GW82PC12,,,,,true,,,,USD 599.00,GeoRipper - Parts,4100,0.00,0.00,0.00,0.00,in,lb,,true,,goods,2,,,Active,EA,,USD 325.00,GeoRipper - Part,5100,GreenWorks ERP: 1501402,Finished Goods,1210,fifo,,GreenWorks (Jiangsu) Co LTD,,,4.00,Inventory,true,true,true,false,false,false,,,
6212012000000431083,"SiBore Drill - 7/16"" Combo Wrench",SB121,,,,,true,,,,USD 1.25,SiBore Drill - Parts,4300,0.00,0.00,0.00,0.00,in,lb,,true,,goods,2,,,Active,EA,,USD 0.38,SiBore Drill - Part,5300,,Finished Goods,1210,fifo,50.00,,,,138.00,Inventory,true,true,true,false,false,false,,,
6212012000000431096,"SiBore Drill - 9/16"" Combo Wrench",SB122,,,,,true,,,,USD 1.50,SiBore Drill - Parts,4300,0.00,0.00,0.00,0.00,in,lb,,true,,goods,2,,,Active,EA,,USD 0.47,SiBore Drill - Part,5300,,Finished Goods,1210,fifo,150.00,,,,1156.00,Inventory,true,true,true,false,false,false,,,
6212012000000431109,"4mm Hex Key ""L"" tool",MT0004,,,,,true,GeoRipper,,,USD 0.99,GeoRipper - Parts,4100,0.00,0.00,0.00,0.00,in,lb,,true,,goods,2,,,Active,pcs,Pieces,USD 0.075,GeoRipper - Part,5100,,Finished Goods,1210,fifo,50.00,Taizhou Shiyue Trade Co. LTD,,,60.00,Inventory,true,true,true,false,false,false,,,
6212012000000431122,"SiBore Drill - 3/16"" Hex Key ""L"" shaped tool",SB123,,,,,true,,,,USD 0.99,SiBore Drill - Parts,4300,0.00,0.00,0.00,0.00,in,lb,,true,,goods,2,,,Active,EA,,USD 0.055,SiBore Drill - Part,5300,,Finished Goods,1210,fifo,50.00,,,,62.00,Inventory,true,true,true,false,false,false,,,
6212012000000431135,GeoRipper Adapter,GR-1000,,,,,true,GeoRipper,,"GeoRipper Adapter for 416, 520 and 727",USD 104.99,GeoRipper - Parts,4100,0.00,0.00,0.00,0.00,in,lb,,true,,goods,2,,,Active,EA,,USD 50.00,GeoRipper - Part,5100,Version: 24A,Finished Goods,1210,fifo,100.00,Ordinance Engineering Pte Ltd,,,150.00,Inventory,true,true,true,false,false,false,,,
6212012000000431148,SiBore Drill Lower Unit Assembly and Upper Drive Shaft Assembly,24-02100,,,,,true,,,,USD 378.57,SiBore Drill - Parts,4300,0.00,0.00,0.00,0.00,in,lb,,true,,goods,2,,,Active,set,,USD 265.00,SiBore Drill - Part,5300,,Finished Goods,1210,fifo,5.00,,,,-1.00,Inventory,true,true,true,false,false,false,,,
6212012000000431161,"NEEDLE CAGE, EA7900",212133-1,,,,,true,,Makita USA,,USD 27.00,GeoRipper - Parts,4100,0.00,0.00,0.00,0.00,in,lb,,true,,goods,2,,,Active,EA,,USD 13.32,GeoRipper - Part,5100,,Finished Goods,1210,fifo,0.00,,,,0.00,Inventory,true,true,true,false,false,false,,,
6212012000000431174,"TANK CAP ASS'Y, EK6101",315-114-350,,,,,true,,,Fuel tank cap,USD 12.00,GeoRipper - Parts,4100,0.00,0.00,0.00,0.00,in,lb,,true,,goods,2,,,Active,ea,,USD 5.20,GeoRipper - Part,5100,,Finished Goods,1210,fifo,,,,,1.00,Inventory,true,true,true,false,false,false,,,
6212012000000431187,"PISTON RING 47, EK6101",257384-9,,,,,true,,,,USD 15.49,GeoRipper - Parts,4100,0.00,0.00,0.00,0.00,in,lb,,true,,goods,2,,,Active,ea,,USD 7.50,GeoRipper - Part,5100,,Finished Goods,1210,fifo,0.00,,,,3.00,Inventory,true,true,true,false,false,false,,,
6212012000000431200,H.L. M5x12 Screw EK8100,266974-7,,,,,true,,,,USD 2.00,GeoRipper - Parts,4100,0.00,0.00,0.00,0.00,in,lb,,true,,goods,2,,,Active,EA,,USD 0.97,GeoRipper - Part,5100,,Finished Goods,1210,fifo,,,,,4.00,Inventory,true,true,true,false,false,false,,,
6212012000000431213,SiBore Tri-Fold Brochures,SB-LIT-TB,,,,,true,GeoRipper,,,USD 2.37,SiBore Drill - Parts,4300,0.00,0.00,0.00,0.00,in,lb,,true,,goods,2,,,Active,EA,,USD 1.00,SiBore Drill - Part,5300,,Finished Goods,1210,fifo,500.00,,,,2745.00,Inventory,true,true,true,false,false,false,,,
6212012000000431226,#50 Standard Backing Plate,MT4006,,,,,true,GeoRipper,,,USD 0.39,GeoRipper - Parts,4100,0.00,0.00,0.00,0.00,in,lb,,true,,goods,2,,,Active,EA,,USD 0.145,GeoRipper - Part,5100,,Finished Goods,1210,fifo,500.00,Red Boar Chain & Fastener,,,3607.00,Inventory,true,true,true,false,false,false,,,
6212012000000431239,Drive Adapter for GreenWorks,G1002,,,,,true,,,,USD 35.00,GeoRipper - Parts,4100,0.00,0.00,0.00,0.00,in,lb,,true,,goods,2,,,Active,EA,,USD 1.00,GeoRipper - Part,5100,,Finished Goods,1210,fifo,25.00,,,,182.00,Inventory,true,true,true,false,false,false,,,
6212012000000431252,Square Nut M5,MT7208-1,,,,,true,,,,USD 1.35,GeoRipper - Parts,4100,0.00,0.00,0.00,0.00,in,lb,,true,,goods,2,,,Active,ea,,USD 0.30,GeoRipper - Part,5100,GT7208 part # 1,Finished Goods,1210,fifo,10.00,,,,374.00,Inventory,true,true,true,false,false,false,,,
6212012000000431265,Shock spring seat,MT7208-2,,,,,true,,,,USD 6.00,GeoRipper - Parts,4100,0.00,0.00,0.00,0.00,in,lb,,true,,goods,2,,,Active,ea,,USD 2.00,GeoRipper - Part,5100,GT7208 part # 2,Finished Goods,1210,fifo,,,,,27.00,Inventory,true,true,true,false,false,false,,,
6212012000000431278,Cross self-tapping screw 5*16,MT7208-3,,,,,true,,,,USD 6.00,GeoRipper - Parts,4100,0.00,0.00,0.00,0.00,in,lb,,true,,goods,2,,,Active,ea,,USD 2.00,GeoRipper - Part,5100,GT7208 part # 3,Finished Goods,1210,fifo,,,,,27.00,Inventory,true,true,true,false,false,false,,,
6212012000000431291,Shock spring,MT7208-4,,,,,true,,,,USD 6.00,GeoRipper - Parts,4100,0.00,0.00,0.00,0.00,in,lb,,true,,goods,2,,,Active,ea,,USD 2.00,GeoRipper - Part,5100,GT7208 part # 4,Finished Goods,1210,fifo,,,,,28.00,Inventory,true,true,true,false,false,false,,,
6212012000000431304,Fuel tank lower guard plate,MT7208-5,,,,,true,,,,USD 8.01,GeoRipper - Parts,4100,0.00,0.00,0.00,0.00,in,lb,,true,,goods,2,,,Active,ea,,USD 2.67,GeoRipper - Part,5100,GT7208 part # 5,Finished Goods,1210,fifo,,,,,30.00,Inventory,true,true,true,false,false,false,,,
6212012000000431317,Switch,MT7208-6,,,,,true,,,,USD 8.01,GeoRipper - Parts,4100,0.00,0.00,0.00,0.00,in,lb,,true,,goods,2,,,Active,ea,,USD 2.67,GeoRipper - Part,5100,GT7208 part # 6,Finished Goods,1210,fifo,,,,,20.00,Inventory,true,true,true,false,false,false,,,
6212012000000431330,Fuel tank antishock gasket,MT7208-7,,,,,true,,,,USD 8.01,GeoRipper - Parts,4100,0.00,0.00,0.00,0.00,in,lb,,true,,goods,2,,,Active,ea,,USD 2.67,GeoRipper - Part,5100,GT7208 part # 7,Finished Goods,1210,fifo,,,,,30.00,Inventory,true,true,true,false,false,false,,,
6212012000000431343,Fuel tank,MT7208-8,,,,,true,,,,USD 7.44,GeoRipper - Parts,4100,0.00,0.00,0.00,0.00,in,lb,,true,,goods,2,,,Active,ea,,USD 2.48,GeoRipper - Part,5100,GT7208 part # 8,Finished Goods,1210,fifo,,,,,0.00,Inventory,true,true,true,false,false,false,,,
6212012000000431356,Control arm,MT7208-9,,,,,true,,,,USD 7.44,GeoRipper - Parts,4100,0.00,0.00,0.00,0.00,in,lb,,true,,goods,2,,,Active,ea,,USD 2.48,GeoRipper - Part,5100,GT7208 part # 9,Finished Goods,1210,fifo,,,,,0.00,Inventory,true,true,true,false,false,false,,,
6212012000000431369,Trigger,MT7208-10,,,,,true,,,,USD 7.44,GeoRipper - Parts,4100,0.00,0.00,0.00,0.00,in,lb,,true,,goods,2,,,Active,ea,,USD 2.48,GeoRipper - Part,5100,GT7208 part # 10,Finished Goods,1210,fifo,,,,,0.00,Inventory,true,true,true,false,false,false,,,
6212012000000431382,Trigger spring,MT7208-11,,,,,true,,,,USD 7.44,GeoRipper - Parts,4100,0.00,0.00,0.00,0.00,in,lb,,true,,goods,2,,,Active,ea,,USD 2.48,GeoRipper - Part,5100,GT7208 part # 11,Finished Goods,1210,fifo,,,,,0.00,Inventory,true,true,true,false,false,false,,,
6212012000000431395,Pin 3*38,MT7208-12,,,,,true,,,,USD 7.44,GeoRipper - Parts,4100,0.00,0.00,0.00,0.00,in,lb,,true,,goods,2,,,Active,ea,,USD 2.48,GeoRipper - Part,5100,GT7208 part # 12,Finished Goods,1210,fifo,,,,,0.00,Inventory,true,true,true,false,false,false,,,
6212012000000431408,Throttle push rod,MT7208-13,,,,,true,,,,USD 3.00,GeoRipper - Parts,4100,0.00,0.00,0.00,0.00,in,lb,,true,,goods,2,,,Active,ea,,USD 1.00,GeoRipper - Part,5100,GT7208 part # 13,Finished Goods,1210,fifo,10.00,,,,27.00,Inventory,true,true,true,false,false,false,,,
6212012000000431421,Oil pipe,MT7208-14,,,,,true,,,,USD 9.00,GeoRipper - Parts,4100,0.00,0.00,0.00,0.00,in,lb,,true,,goods,2,,,Active,ea,,USD 3.00,GeoRipper - Part,5100,GT7208 part # 14,Finished Goods,1210,fifo,10.00,,,,20.00,Inventory,true,true,true,false,false,false,,,
6212012000000431434,Fuel filter,MT7208-15,,,,,true,,,,USD 15.00,GeoRipper - Parts,4100,0.00,0.00,0.00,0.00,in,lb,,true,,goods,2,,,Active,ea,,USD 5.00,GeoRipper - Part,5100,GT7208 part # 15,Finished Goods,1210,fifo,10.00,,,,16.00,Inventory,true,true,true,false,false,false,,,
6212012000000431447,O-ring 3*25,MT7208-16,,,,,true,,,,USD 3.00,GeoRipper - Parts,4100,0.00,0.00,0.00,0.00,in,lb,,true,,goods,2,,,Active,ea,,USD 1.00,GeoRipper - Part,5100,GT7208 part # 16,Finished Goods,1210,fifo,10.00,,,,28.00,Inventory,true,true,true,false,false,false,,,
6212012000000431460,Oil cap,MT7208-17,,,,,true,,,,USD 3.00,GeoRipper - Parts,4100,0.00,0.00,0.00,0.00,in,lb,,true,,goods,2,,,Active,ea,,USD 1.00,GeoRipper - Part,5100,GT7208 part # 17,Finished Goods,1210,fifo,10.00,,,,26.00,Inventory,true,true,true,false,false,false,,,
6212012000000431473,Oil bubble,MT7208-18,,,,,true,,,,USD 3.00,GeoRipper - Parts,4100,0.00,0.00,0.00,0.00,in,lb,,true,,goods,2,,,Active,ea,,USD 1.00,GeoRipper - Part,5100,GT7208 part # 18,Finished Goods,1210,fifo,10.00,,,,28.00,Inventory,true,true,true,false,false,false,,,
6212012000000431486,Inlet pipe,MT7208-19,,,,,true,,,from carburetor to primer bulb,USD 6.00,GeoRipper - Parts,4100,0.00,0.00,0.00,0.00,in,lb,,true,,goods,2,,,Active,ea,,USD 2.00,GeoRipper - Part,5100,GT7208 part # 19,Finished Goods,1210,fifo,10.00,,,,18.00,Inventory,true,true,true,false,false,false,,,
6212012000000431499,Oil return pipe,MT7208-20,,,,,true,,,from primer bulb to fuel tank,USD 6.00,GeoRipper - Parts,4100,0.00,0.00,0.00,0.00,in,lb,,true,,goods,2,,,Active,ea,,USD 2.00,GeoRipper - Part,5100,GT7208 part # 20,Finished Goods,1210,fifo,10.00,,,,24.00,Inventory,true,true,true,false,false,false,,,
6212012000000431512,Throttle lever,MT7208-21,,,,,true,,,,USD 6.00,GeoRipper - Parts,4100,0.00,0.00,0.00,0.00,in,lb,,true,,goods,2,,,Active,ea,,USD 2.00,GeoRipper - Part,5100,GT7208 part # 21,Finished Goods,1210,fifo,10.00,,,,24.00,Inventory,true,true,true,false,false,false,,,
6212012000000431525,Throttle lever cover,MT7208-22,,,,,true,,,,USD 6.00,GeoRipper - Parts,4100,0.00,0.00,0.00,0.00,in,lb,,true,,goods,2,,,Active,ea,,USD 2.00,GeoRipper - Part,5100,GT7208 part # 22,Finished Goods,1210,fifo,10.00,,,,29.00,Inventory,true,true,true,false,false,false,,,
6212012000000431538,Balancer,MT7208-23,,,,,true,,,,USD 6.00,GeoRipper - Parts,4100,0.00,0.00,0.00,0.00,in,lb,,true,,goods,2,,,Active,ea,,USD 2.00,GeoRipper - Part,5100,GT7208 part # 23,Finished Goods,1210,fifo,10.00,,,,30.00,Inventory,true,true,true,false,false,false,,,
6212012000000431551,Balancer seat,MT7208-24,,,,,true,,,,USD 3.00,GeoRipper - Parts,4100,0.00,0.00,0.00,0.00,in,lb,,true,,goods,2,,,Active,ea,,USD 1.00,GeoRipper - Part,5100,GT7208 part # 24,Finished Goods,1210,fifo,10.00,,,,30.00,Inventory,true,true,true,false,false,false,,,
6212012000000431564,Hexagon socket head combination screw M5*25,MT7208-25,,,,,true,,,Pull Start Screws,USD 0.95,GeoRipper - Parts,4100,0.00,0.00,0.00,0.00,in,lb,,true,,goods,2,,,Active,ea,,USD 0.21,GeoRipper - Part,5100,GT7208 part # 25,Finished Goods,1210,fifo,,,,,393.00,Inventory,true,true,true,false,false,false,,,
6212012000000431577,Starter cover,MT7208-26,,,,,true,,,,USD 3.74,GeoRipper - Parts,4100,0.00,0.00,0.00,0.00,in,lb,,true,,goods,2,,,Active,ea,,USD 0.83,GeoRipper - Part,5100,GT7208 part # 26,Finished Goods,1210,fifo,,,,,0.00,Inventory,true,true,true,false,false,false,,,
6212012000000431590,Starter handle,MT7208-27,,,,,true,,,,USD 3.74,GeoRipper - Parts,4100,0.00,0.00,0.00,0.00,in,lb,,true,,goods,2,,,Active,ea,,USD 0.83,GeoRipper - Part,5100,GT7208 part # 27,Finished Goods,1210,fifo,,,,,0.00,Inventory,true,true,true,false,false,false,,,
6212012000000431603,Starter handle  cover,MT7208-28,,,,,true,,,,USD 3.74,GeoRipper - Parts,4100,0.00,0.00,0.00,0.00,in,lb,,true,,goods,2,,,Active,ea,,USD 0.83,GeoRipper - Part,5100,GT7208 part # 28,Finished Goods,1210,fifo,,,,,0.00,Inventory,true,true,true,false,false,false,,,
6212012000000431616,Small coil spring,MT7208-29,,,,,true,,,,USD 3.74,GeoRipper - Parts,4100,0.00,0.00,0.00,0.00,in,lb,,true,,goods,2,,,Active,ea,,USD 0.83,GeoRipper - Part,5100,GT7208 part # 29,Finished Goods,1210,fifo,,,,,0.00,Inventory,true,true,true,false,false,false,,,
6212012000000431629,Small coil spring plastic cover,MT7208-30,,,,,true,,,,USD 3.74,GeoRipper - Parts,4100,0.00,0.00,0.00,0.00,in,lb,,true,,goods,2,,,Active,ea,,USD 0.83,GeoRipper - Part,5100,GT7208 part # 30,Finished Goods,1210,fifo,,,,,0.00,Inventory,true,true,true,false,false,false,,,
6212012000000431642,Start cord 950,MT7208-31,,,,,true,,,,USD 3.74,GeoRipper - Parts,4100,0.00,0.00,0.00,0.00,in,lb,,true,,goods,2,,,Active,ea,,USD 0.83,GeoRipper - Part,5100,GT7208 part # 31,Finished Goods,1210,fifo,,,,,0.00,Inventory,true,true,true,false,false,false,,,
6212012000000431655,Big sheave,MT7208-32,,,,,true,,,,USD 3.74,GeoRipper - Parts,4100,0.00,0.00,0.00,0.00,in,lb,,true,,goods,2,,,Active,ea,,USD 0.83,GeoRipper - Part,5100,GT7208 part # 32,Finished Goods,1210,fifo,,,,,0.00,Inventory,true,true,true,false,false,false,,,
6212012000000431668,Big coil spring,MT7208-33,,,,,true,,,,USD 3.74,GeoRipper - Parts,4100,0.00,0.00,0.00,0.00,in,lb,,true,,goods,2,,,Active,ea,,USD 0.83,GeoRipper - Part,5100,GT7208 part # 33,Finished Goods,1210,fifo,,,,,0.00,Inventory,true,true,true,false,false,false,,,
6212012000000431681,Sheave Cover,MT7208-34,,,,,true,,,,USD 3.74,GeoRipper - Parts,4100,0.00,0.00,0.00,0.00,in,lb,,true,,goods,2,,,Active,ea,,USD 0.83,GeoRipper - Part,5100,GT7208 part # 34,Finished Goods,1210,fifo,,,,,0.00,Inventory,true,true,true,false,false,false,,,
6212012000000431694,Big gasket 5*16*1.5,MT7208-35,,,,,true,,,,USD 3.74,GeoRipper - Parts,4100,0.00,0.00,0.00,0.00,in,lb,,true,,goods,2,,,Active,ea,,USD 0.83,GeoRipper - Part,5100,GT7208 part # 35,Finished Goods,1210,fifo,,,,,0.00,Inventory,true,true,true,false,false,false,,,
6212012000000431707,Cross pan head tapping screws 5*16,MT7208-36,,,,,true,,,,USD 3.74,GeoRipper - Parts,4100,0.00,0.00,0.00,0.00,in,lb,,true,,goods,2,,,Active,ea,,USD 0.83,GeoRipper - Part,5100,GT7208 part # 36,Finished Goods,1210,fifo,,,,,0.00,Inventory,true,true,true,false,false,false,,,
6212012000000431720,Shroud,MT7208-37,,,,,true,,,,USD 7.50,GeoRipper - Parts,4100,0.00,0.00,0.00,0.00,in,lb,,true,,goods,2,,,Active,ea,,USD 2.50,GeoRipper - Part,5100,GT7208 part # 37,Finished Goods,1210,fifo,10.00,,,,23.00,Inventory,true,true,true,false,false,false,,,
6212012000000431733,Hexagon socket head combination screw M5*20,MT7208-38,,,,,true,,,,USD 1.35,GeoRipper - Parts,4100,0.00,0.00,0.00,0.00,in,lb,,true,,goods,2,,,Active,ea,,USD 0.30,GeoRipper - Part,5100,GT7208 part # 38,Finished Goods,1210,fifo,10.00,,,,431.00,Inventory,true,true,true,false,false,false,,,
6212012000000431746,Ignition coil,MT7208-39,,,,,true,,,,USD 56.65,GeoRipper - Parts,4100,0.00,0.00,0.00,0.00,in,lb,,true,,goods,2,,,Active,ea,,USD 20.60,GeoRipper - Part,5100,GT7208 part # 39,Finished Goods,1210,fifo,10.00,,,,12.00,Inventory,true,true,true,false,false,false,,,
6212012000000431759,Hexagon Nut with Washer M8*1,MT7208-40,,,,,true,,,,USD 1.35,GeoRipper - Parts,4100,0.00,0.00,0.00,0.00,in,lb,,true,,goods,2,,,Active,ea,,USD 0.30,GeoRipper - Part,5100,GT7208 part # 40,Finished Goods,1210,fifo,10.00,,,,25.00,Inventory,true,true,true,false,false,false,,,
6212012000000431772,Flywheel,MT7208-41,,,,,true,,,,USD 39.60,GeoRipper - Parts,4100,0.00,0.00,0.00,0.00,in,lb,,true,,goods,2,,,Active,ea,,USD 14.40,GeoRipper - Part,5100,GT7208 part # 41,Finished Goods,1210,fifo,10.00,,,,49.00,Inventory,true,true,true,false,false,false,,,
6212012000000431785,Flameout line,MT7208-42,,,,,true,,,,USD 6.30,GeoRipper - Parts,4100,0.00,0.00,0.00,0.00,in,lb,,true,,goods,2,,,Active,ea,,USD 2.10,GeoRipper - Part,5100,GT7208 part # 42,Finished Goods,1210,fifo,10.00,,,,28.00,Inventory,true,true,true,false,false,false,,,
6212012000000431798,Half round key 3*13,MT7208-43,,,,,true,,,,USD 3.00,GeoRipper - Parts,4100,0.00,0.00,0.00,0.00,in,lb,,true,,goods,2,,,Active,ea,,USD 1.00,GeoRipper - Part,5100,GT7208 part # 43,Finished Goods,1210,fifo,10.00,,,,25.00,Inventory,true,true,true,false,false,false,,,
6212012000000431811,Big cross head M5*8,MT7208-44,,,,,true,,,,USD 1.35,GeoRipper - Parts,4100,0.00,0.00,0.00,0.00,in,lb,,true,,goods,2,,,Active,ea,,USD 0.30,GeoRipper - Part,5100,GT7208 part # 44,Finished Goods,1210,fifo,10.00,,,,102.00,Inventory,true,true,true,false,false,false,,,
6212012000000431824,Oil plate of left crankcase,MT7208-45,,,,,true,,,,USD 4.20,GeoRipper - Parts,4100,0.00,0.00,0.00,0.00,in,lb,,true,,goods,2,,,Active,ea,,USD 1.40,GeoRipper - Part,5100,GT7208 part # 45,Finished Goods,1210,fifo,10.00,,,,31.00,Inventory,true,true,true,false,false,false,,,
6212012000000431837,Oil seal 15*26*5,MT7208-46,,,,,true,,,,USD 4.20,GeoRipper - Parts,4100,0.00,0.00,0.00,0.00,in,lb,,true,,goods,2,,,Active,ea,,USD 1.40,GeoRipper - Part,5100,GT7208 part # 46,Finished Goods,1210,fifo,10.00,,,,29.00,Inventory,true,true,true,false,false,false,,,
6212012000000431850,Crankcase,MT7208-47,,,,,true,,,,USD 53.08,GeoRipper - Parts,4100,0.00,0.00,0.00,0.00,in,lb,,true,,goods,2,,,Active,ea,,USD 19.30,GeoRipper - Part,5100,GT7208 part # 47,Finished Goods,1210,fifo,10.00,,,,28.00,Inventory,true,true,true,false,false,false,,,
6212012000000431863,Crankcase rubber shock,MT7208-48,,,,,true,,,,USD 3.00,GeoRipper - Parts,4100,0.00,0.00,0.00,0.00,in,lb,,true,,goods,2,,,Active,ea,,USD 1.00,GeoRipper - Part,5100,GT7208 part # 48,Finished Goods,1210,fifo,,,,,0.00,Inventory,true,true,true,false,false,false,,,
6212012000000431876,Crankcase gasket,MT7208-49,,,,,true,,,,USD 3.00,GeoRipper - Parts,4100,0.00,0.00,0.00,0.00,in,lb,,true,,goods,2,,,Active,ea,,USD 1.00,GeoRipper - Part,5100,GT7208 part # 49,Finished Goods,1210,fifo,10.00,,,,27.00,Inventory,true,true,true,false,false,false,,,
6212012000000431889,Pin sleeve 5*7*12,MT7208-50,,,,,true,,,,USD 3.00,GeoRipper - Parts,4100,0.00,0.00,0.00,0.00,in,lb,,true,,goods,2,,,Active,ea,,USD 1.00,GeoRipper - Part,5100,GT7208 part # 50,Finished Goods,1210,fifo,10.00,,,,61.00,Inventory,true,true,true,false,false,false,,,
6212012000000431902,Open bearing 6202,MT7208-51,,,,,true,,,,USD 3.30,GeoRipper - Parts,4100,0.00,0.00,0.00,0.00,in,lb,,true,,goods,2,,,Active,ea,,USD 1.10,GeoRipper - Part,5100,GT7208 part # 51,Finished Goods,1210,fifo,10.00,,,,54.00,Inventory,true,true,true,false,false,false,,,
6212012000000431915,Crankshaft cover,MT7208-52,,,,,true,,,,USD 8.40,GeoRipper - Parts,4100,0.00,0.00,0.00,0.00,in,lb,,true,,goods,2,,,Active,ea,,USD 2.80,GeoRipper - Part,5100,GT7208 part # 52,Finished Goods,1210,fifo,10.00,,,,61.00,Inventory,true,true,true,false,false,false,,,
6212012000000431928,Crankshaft,MT7208-53,,,,,true,,,,USD 51.15,GeoRipper - Parts,4100,0.00,0.00,0.00,0.00,in,lb,,true,,goods,2,,,Active,ea,,USD 18.60,GeoRipper - Part,5100,GT7208 part # 53,Finished Goods,1210,fifo,10.00,,,,30.00,Inventory,true,true,true,false,false,false,,,
6212012000000431941,Needling 12*15*14.7,MT7208-54,,,,,true,,,,USD 5.70,GeoRipper - Parts,4100,0.00,0.00,0.00,0.00,in,lb,,true,,goods,2,,,Active,ea,,USD 1.90,GeoRipper - Part,5100,GT7208 part # 54,Finished Goods,1210,fifo,,,,,0.00,Inventory,true,true,true,false,false,false,,,
6212012000000431954,Piston pin spring 12,MT7208-55,,,,,true,,,,USD 5.70,GeoRipper - Parts,4100,0.00,0.00,0.00,0.00,in,lb,,true,,goods,2,,,Active,ea,,USD 1.90,GeoRipper - Part,5100,GT7208 part # 55,Finished Goods,1210,fifo,,,,,0.00,Inventory,true,true,true,false,false,false,,,
6212012000000431967,Piston pin 12*33,MT7208-56,,,,,true,,,,USD 5.70,GeoRipper - Parts,4100,0.00,0.00,0.00,0.00,in,lb,,true,,goods,2,,,Active,ea,,USD 1.90,GeoRipper - Part,5100,GT7208 part # 56,Finished Goods,1210,fifo,,,,,0.00,Inventory,true,true,true,false,false,false,,,
6212012000000431980,Piston,MT7208-57,,,,,true,,,,USD 5.70,GeoRipper - Parts,4100,0.00,0.00,0.00,0.00,in,lb,,true,,goods,2,,,Active,ea,,USD 1.90,GeoRipper - Part,5100,GT7208 part # 57,Finished Goods,1210,fifo,,,,,0.00,Inventory,true,true,true,false,false,false,,,
6212012000000431993,Piston ring,MT7208-58,,,,,true,,,,USD 5.70,GeoRipper - Parts,4100,0.00,0.00,0.00,0.00,in,lb,,true,,goods,2,,,Active,ea,,USD 1.90,GeoRipper - Part,5100,GT7208 part # 58,Finished Goods,1210,fifo,,,,,0.00,Inventory,true,true,true,false,false,false,,,
6212012000000432006,Cylinder gasket,MT7208-59,,,,,true,,,,USD 3.00,GeoRipper - Parts,4100,0.00,0.00,0.00,0.00,in,lb,,true,,goods,2,,,Active,ea,,USD 1.00,GeoRipper - Part,5100,GT7208 part # 59,Finished Goods,1210,fifo,10.00,,,,17.00,Inventory,true,true,true,false,false,false,,,
6212012000000432019,Hexagon socket head combination screw M5*35,MT7208-60,,,,,true,,,,USD 1.35,GeoRipper - Parts,4100,0.00,0.00,0.00,0.00,in,lb,,true,,goods,2,,,Active,ea,,USD 0.30,GeoRipper - Part,5100,GT7208 part # 60,Finished Goods,1210,fifo,,,,,0.00,Inventory,true,true,true,false,false,false,,,
6212012000000432032,Muffler,MT7208-61,,,,,true,,,,USD 15.09,GeoRipper - Parts,4100,0.00,0.00,0.00,0.00,in,lb,,true,,goods,2,,,Active,ea,,USD 5.03,GeoRipper - Part,5100,GT7208 part # 61,Finished Goods,1210,fifo,,,,,0.00,Inventory,true,true,true,false,false,false,,,
6212012000000432045,Muffler gasket,MT7208-62,,,,,true,,,,USD 15.09,GeoRipper - Parts,4100,0.00,0.00,0.00,0.00,in,lb,,true,,goods,2,,,Active,ea,,USD 5.03,GeoRipper - Part,5100,GT7208 part # 62,Finished Goods,1210,fifo,,,,,0.00,Inventory,true,true,true,false,false,false,,,
6212012000000432058,Muffler air guide pad,MT7208-63,,,,,true,,,,USD 15.09,GeoRipper - Parts,4100,0.00,0.00,0.00,0.00,in,lb,,true,,goods,2,,,Active,ea,,USD 5.03,GeoRipper - Part,5100,GT7208 part # 63,Finished Goods,1210,fifo,,,,,0.00,Inventory,true,true,true,false,false,false,,,
6212012000000432071,Cylinder,MT7208-64,,,,,true,,,,USD 88.83,GeoRipper - Parts,4100,0.00,0.00,0.00,0.00,in,lb,,true,,goods,2,,,Active,ea,,USD 32.30,GeoRipper - Part,5100,GT7208 part # 64,Finished Goods,1210,fifo,10.00,,,,20.00,Inventory,true,true,true,false,false,false,,,
6212012000000432084,Hexagon socket head combination screw M5*30,MT7208-65,,,,,true,,,,USD 1.35,GeoRipper - Parts,4100,0.00,0.00,0.00,0.00,in,lb,,true,,goods,2,,,Active,ea,,USD 0.30,GeoRipper - Part,5100,GT7208 part # 65,Finished Goods,1210,fifo,10.00,,,,96.00,Inventory,true,true,true,false,false,false,,,
6212012000000432097,Spark plug,MT7208-66,,,,,true,,,,USD 10.20,GeoRipper - Parts,4100,0.00,0.00,0.00,0.00,in,lb,,true,,goods,2,,,Active,ea,,USD 3.40,GeoRipper - Part,5100,GT7208 part # 66,Finished Goods,1210,fifo,10.00,,,,11.00,Inventory,true,true,true,false,false,false,,,
6212012000000432110,Wind shield,MT7208-67,,,,,true,,,,USD 6.30,GeoRipper - Parts,4100,0.00,0.00,0.00,0.00,in,lb,,true,,goods,2,,,Active,ea,,USD 2.10,GeoRipper - Part,5100,GT7208 part # 67,Finished Goods,1210,fifo,10.00,,,,29.00,Inventory,true,true,true,false,false,false,,,
6212012000000432123,Pressure reducing valve,MT7208-68,,,,,true,,,,USD 6.00,GeoRipper - Parts,4100,0.00,0.00,0.00,0.00,in,lb,,true,,goods,2,,,Active,ea,,USD 2.00,GeoRipper - Part,5100,GT7208 part # 68,Finished Goods,1210,fifo,10.00,,,,29.00,Inventory,true,true,true,false,false,false,,,
6212012000000432136,Cylinder shock spring,MT7208-69,,,,,true,,,,USD 4.20,GeoRipper - Parts,4100,0.00,0.00,0.00,0.00,in,lb,,true,,goods,2,,,Active,ea,,USD 1.40,GeoRipper - Part,5100,GT7208 part # 69,Finished Goods,1210,fifo,10.00,,,,51.00,Inventory,true,true,true,false,false,false,,,
6212012000000432149,Cylinder shock spring seat,MT7208-70,,,,,true,,,,USD 4.20,GeoRipper - Parts,4100,0.00,0.00,0.00,0.00,in,lb,,true,,goods,2,,,Active,ea,,USD 1.40,GeoRipper - Part,5100,GT7208 part # 70,Finished Goods,1210,fifo,10.00,,,,33.00,Inventory,true,true,true,false,false,false,,,
6212012000000432162,Inlet pipe seat,MT7208-71,,,,,true,,,,USD 4.20,GeoRipper - Parts,4100,0.00,0.00,0.00,0.00,in,lb,,true,,goods,2,,,Active,ea,,USD 1.40,GeoRipper - Part,5100,GT7208 part # 71,Finished Goods,1210,fifo,10.00,,,,20.00,Inventory,true,true,true,false,false,false,,,
6212012000000432175,Hexagon socket head screw M5*10,MT7208-72,,,,,true,,,,USD 1.35,GeoRipper - Parts,4100,0.00,0.00,0.00,0.00,in,lb,,true,,goods,2,,,Active,ea,,USD 0.30,GeoRipper - Part,5100,GT7208 part # 72,Finished Goods,1210,fifo,,,,,0.00,Inventory,true,true,true,false,false,false,,,
6212012000000432188,Negative pressure nozzle 4,MT7208-73,,,,,true,,,,USD 6.00,GeoRipper - Parts,4100,0.00,0.00,0.00,0.00,in,lb,,true,,goods,2,,,Active,ea,,USD 2.00,GeoRipper - Part,5100,GT7208 part # 73,Finished Goods,1210,fifo,10.00,,,,28.00,Inventory,true,true,true,false,false,false,,,
6212012000000432201,Double hole intake pipe,MT7208-74,,,,,true,,,,USD 4.20,GeoRipper - Parts,4100,0.00,0.00,0.00,0.00,in,lb,,true,,goods,2,,,Active,ea,,USD 1.40,GeoRipper - Part,5100,GT7208 part # 74,Finished Goods,1210,fifo,10.00,,,,362.00,Inventory,true,true,true,false,false,false,,,
6212012000000432214,Negative pressure pipe,MT7208-75,,,,,true,,,,USD 6.00,GeoRipper - Parts,4100,0.00,0.00,0.00,0.00,in,lb,,true,,goods,2,,,Active,ea,,USD 2.00,GeoRipper - Part,5100,GT7208 part # 75,Finished Goods,1210,fifo,10.00,,,,19.00,Inventory,true,true,true,false,false,false,,,
6212012000000432227,Hexagon socket head combination screw M5*14,MT7208-76,,,,,true,,,,USD 1.35,GeoRipper - Parts,4100,0.00,0.00,0.00,0.00,in,lb,,true,,goods,2,,,Active,ea,,USD 0.30,GeoRipper - Part,5100,GT7208 part # 76,Finished Goods,1210,fifo,10.00,,,,227.00,Inventory,true,true,true,false,false,false,,,
6212012000000432240,Inlet pipe flange,MT7208-77,,,,,true,,,,USD 4.20,GeoRipper - Parts,4100,0.00,0.00,0.00,0.00,in,lb,,true,,goods,2,,,Active,ea,,USD 1.40,GeoRipper - Part,5100,GT7208 part # 77,Finished Goods,1210,fifo,10.00,,,,27.00,Inventory,true,true,true,false,false,false,,,
6212012000000432253,Carburetor,MT7208-78,,,,,true,,,,USD 111.65,GeoRipper - Parts,4100,0.00,0.00,0.00,0.00,in,lb,,true,,goods,2,,,Active,ea,,USD 40.60,GeoRipper - Part,5100,GT7208 part # 78,Finished Goods,1210,fifo,10.00,,,,9.00,Inventory,true,true,true,false,false,false,,,
6212012000000432266,Carburetor gasket,MT7208-79,,,,,true,,,,USD 3.00,GeoRipper - Parts,4100,0.00,0.00,0.00,0.00,in,lb,,true,,goods,2,,,Active,ea,,USD 1.00,GeoRipper - Part,5100,GT7208 part # 79,Finished Goods,1210,fifo,10.00,,,,16.00,Inventory,true,true,true,false,false,false,,,
6212012000000432279,Air filter seat,MT7208-80,,,,,true,,,,USD 6.30,GeoRipper - Parts,4100,0.00,0.00,0.00,0.00,in,lb,,true,,goods,2,,,Active,ea,,USD 2.10,GeoRipper - Part,5100,GT7208 part # 80,Finished Goods,1210,fifo,10.00,,,,25.00,Inventory,true,true,true,false,false,false,,,
6212012000000432292,Vent connector,MT7208-81,,,,,true,,,,USD 3.00,GeoRipper - Parts,4100,0.00,0.00,0.00,0.00,in,lb,,true,,goods,2,,,Active,ea,,USD 1.00,GeoRipper - Part,5100,GT7208 part # 81,Finished Goods,1210,fifo,10.00,,,,28.00,Inventory,true,true,true,false,false,false,,,
6212012000000432305,U-shaped bead,MT7208-82,,,,,true,,,,USD 3.00,GeoRipper - Parts,4100,0.00,0.00,0.00,0.00,in,lb,,true,,goods,2,,,Active,ea,,USD 1.00,GeoRipper - Part,5100,GT7208 part # 82,Finished Goods,1210,fifo,10.00,,,,30.00,Inventory,true,true,true,false,false,false,,,
6212012000000432318,Intake pipe bushing,MT7208-84,,,,,true,,,,USD 12.30,GeoRipper - Parts,4100,0.00,0.00,0.00,0.00,in,lb,,true,,goods,2,,,Active,ea,,USD 4.10,GeoRipper - Part,5100,GT7208 part # 84,Finished Goods,1210,fifo,10.00,,,,5.00,Inventory,true,true,true,false,false,false,,,
6212012000000432331,Intake elbow,MT7208-85,,,,,true,,,,USD 12.30,GeoRipper - Parts,4100,0.00,0.00,0.00,0.00,in,lb,,true,,goods,2,,,Active,ea,,USD 4.10,GeoRipper - Part,5100,GT7208 part # 85,Finished Goods,1210,fifo,10.00,,,,39.00,Inventory,true,true,true,false,false,false,,,
6212012000000432344,Intake pipe fixing iron,MT7208-86,,,,,true,,,,USD 3.00,GeoRipper - Parts,4100,0.00,0.00,0.00,0.00,in,lb,,true,,goods,2,,,Active,ea,,USD 1.00,GeoRipper - Part,5100,GT7208 part # 86,Finished Goods,1210,fifo,10.00,,,,30.00,Inventory,true,true,true,false,false,false,,,
6212012000000432357,Hexagon socket head combination screw M5*55,MT7208-87,,,,,true,,,,USD 1.35,GeoRipper - Parts,4100,0.00,0.00,0.00,0.00,in,lb,,true,,goods,2,,,Active,ea,,USD 0.30,GeoRipper - Part,5100,GT7208 part # 86,Finished Goods,1210,fifo,10.00,,,,118.00,Inventory,true,true,true,false,false,false,,,
6212012000000432370,Intake pipe holder,MT7208-88,,,,,true,,,,USD 4.20,GeoRipper - Parts,4100,0.00,0.00,0.00,0.00,in,lb,,true,,goods,2,,,Active,ea,,USD 1.40,GeoRipper - Part,5100,GT7208 part # 88,Finished Goods,1210,fifo,10.00,,,,21.00,Inventory,true,true,true,false,false,false,,,
6212012000000432383,Adjust the cam,MT7208-89,,,,,true,,,,USD 4.20,GeoRipper - Parts,4100,0.00,0.00,0.00,0.00,in,lb,,true,,goods,2,,,Active,ea,,USD 1.40,GeoRipper - Part,5100,GT7208 part # 89,Finished Goods,1210,fifo,10.00,,,,190.00,Inventory,true,true,true,false,false,false,,,
6212012000000432396,Hexagon socket head combination screw M5*45,MT7208-90,,,,,true,,,,USD 1.35,GeoRipper - Parts,4100,0.00,0.00,0.00,0.00,in,lb,,true,,goods,2,,,Active,ea,,USD 0.30,GeoRipper - Part,5100,GT7208 part # 90,Finished Goods,1210,fifo,10.00,,,,178.00,Inventory,true,true,true,false,false,false,,,
6212012000000432409,Right crankcase oil seal pressure plate,MT7208-91,,,,,true,,,,USD 4.20,GeoRipper - Parts,4100,0.00,0.00,0.00,0.00,in,lb,,true,,goods,2,,,Active,ea,,USD 1.40,GeoRipper - Part,5100,GT7208 part # 91,Finished Goods,1210,fifo,10.00,,,,26.00,Inventory,true,true,true,false,false,false,,,
6212012000000432422,Clutch drum  bearing gasket,MT7208-92,,,,,true,,,,USD 4.50,GeoRipper - Parts,4100,0.00,0.00,0.00,0.00,in,lb,,true,,goods,2,,,Active,ea,,USD 1.50,GeoRipper - Part,5100,GT7208 part # 92,Finished Goods,1210,fifo,10.00,,,,30.00,Inventory,true,true,true,false,false,false,,,
6212012000000432435,Bearing 6001,MT7208-93,,,,,true,,,,USD 4.20,GeoRipper - Parts,4100,0.00,0.00,0.00,0.00,in,lb,,true,,goods,2,,,Active,ea,,USD 1.40,GeoRipper - Part,5100,GT7208 part # 93,Finished Goods,1210,fifo,10.00,,,,58.00,Inventory,true,true,true,false,false,false,,,
6212012000000432448,"Clutch drum 14""and 16""",MT7208-94,,,,,true,,,,USD 3.00,GeoRipper - Parts,4100,0.00,0.00,0.00,0.00,in,lb,,true,,goods,2,,,Active,ea,,USD 1.00,GeoRipper - Part,5100,GT7208 part # 94,Finished Goods,1210,fifo,10.00,,,,28.00,Inventory,true,true,true,false,false,false,,,
6212012000000432461,Gasket 10*22*3,MT7208-95,,,,,true,,,,USD 1.80,GeoRipper - Parts,4100,0.00,0.00,0.00,0.00,in,lb,,true,,goods,2,,,Active,ea,,USD 0.40,GeoRipper - Part,5100,GT7208 part # 95,Finished Goods,1210,fifo,10.00,,,,29.00,Inventory,true,true,true,false,false,false,,,
6212012000000432474,Clutch gasket 10*48*1.5,MT7208-96,,,,,true,,,,USD 1.80,GeoRipper - Parts,4100,0.00,0.00,0.00,0.00,in,lb,,true,,goods,2,,,Active,ea,,USD 0.40,GeoRipper - Part,5100,GT7208 part # 96,Finished Goods,1210,fifo,10.00,,,,29.00,Inventory,true,true,true,false,false,false,,,
6212012000000432487,Clutch,MT7208-97,,,,,true,,,,USD 34.10,GeoRipper - Parts,4100,0.00,0.00,0.00,0.00,in,lb,,true,,goods,2,,,Active,ea,,USD 12.40,GeoRipper - Part,5100,GT7208 part # 97,Finished Goods,1210,fifo,10.00,,,,26.00,Inventory,true,true,true,false,false,false,,,
6212012000000432500,Side cover,MT7208-99,,,,,true,,,,USD 14.40,GeoRipper - Parts,4100,0.00,0.00,0.00,0.00,in,lb,,true,,goods,2,,,Active,ea,,USD 4.80,GeoRipper - Part,5100,GT7208 part # 99,Finished Goods,1210,fifo,10.00,,,,266.00,Inventory,true,true,true,false,false,false,,,
6212012000000432513,Protecting Belt  cover Green,MT7208-100,,,,,true,,,,USD 10.20,GeoRipper - Parts,4100,0.00,0.00,0.00,0.00,in,lb,,true,,goods,2,,,Active,ea,,USD 3.40,GeoRipper - Part,5100,GT7208 part # 100,Finished Goods,1210,fifo,10.00,,,,211.00,Inventory,true,true,true,false,false,false,,,
6212012000000432526,Hex Flange Nut M8,MT7208-101,,,,,true,,,,USD 1.80,GeoRipper - Parts,4100,0.00,0.00,0.00,0.00,in,lb,,true,,goods,2,,,Active,ea,,USD 0.40,GeoRipper - Part,5100,GT7208 part # 101,Finished Goods,1210,fifo,10.00,,,,90.00,Inventory,true,true,true,false,false,false,,,
6212012000000432539,Lower cover,MT7208-108,,,,,true,,,,USD 15.00,GeoRipper - Parts,4100,0.00,0.00,0.00,0.00,in,lb,,true,,goods,2,,,Active,ea,,USD 5.00,GeoRipper - Part,5100,GT7208 part # 108,Finished Goods,1210,fifo,10.00,,,,5.00,Inventory,true,true,true,false,false,false,,,
6212012000000432552,Air filter,MT7208-109,,,,,true,,,,USD 9.00,GeoRipper - Parts,4100,0.00,0.00,0.00,0.00,in,lb,,true,,goods,2,,,Active,ea,,USD 3.00,GeoRipper - Part,5100,GT7208 part # 109,Finished Goods,1210,fifo,10.00,,,,37.00,Inventory,true,true,true,false,false,false,,,
6212012000000432565,Middle cover,MT7208-110,,,,,true,,,,USD 15.00,GeoRipper - Parts,4100,0.00,0.00,0.00,0.00,in,lb,,true,,goods,2,,,Active,ea,,USD 5.00,GeoRipper - Part,5100,GT7208 part # 110,Finished Goods,1210,fifo,10.00,,,,29.00,Inventory,true,true,true,false,false,false,,,
6212012000000432578,Hexagon socket head combination screw M5*50,MT7208-111,,,,,true,,,,USD 1.35,GeoRipper - Parts,4100,0.00,0.00,0.00,0.00,in,lb,,true,,goods,2,,,Active,ea,,USD 0.30,GeoRipper - Part,5100,GT7208 part # 111,Finished Goods,1210,fifo,,,,,0.00,Inventory,true,true,true,false,false,false,,,
6212012000000432591,sealing strip 3,MT7208-112,,,,,true,,,,USD 1.80,GeoRipper - Parts,4100,0.00,0.00,0.00,0.00,in,lb,,true,,goods,2,,,Active,ea,,USD 0.40,GeoRipper - Part,5100,GT7208 part # 112,Finished Goods,1210,fifo,10.00,,,,69.00,Inventory,true,true,true,false,false,false,,,
6212012000000432604,Air filter sponge,MT7208-113,,,,,true,,,,USD 3.00,GeoRipper - Parts,4100,0.00,0.00,0.00,0.00,in,lb,,true,,goods,2,,,Active,ea,,USD 1.00,GeoRipper - Part,5100,GT7208 part # 113,Finished Goods,1210,fifo,10.00,,,,30.00,Inventory,true,true,true,false,false,false,,,
6212012000000432617,Top cover,MT7208-114,,,,,true,,,,USD 1.80,GeoRipper - Parts,4100,0.00,0.00,0.00,0.00,in,lb,,true,,goods,2,,,Active,ea,,USD 0.40,GeoRipper - Part,5100,GT7208 part # 114,Finished Goods,1210,fifo,10.00,,,,80.00,Inventory,true,true,true,false,false,false,,,
6212012000000432630,Hexagon socket head combination screw M5*16,MT7208-115,,,,,true,,,,USD 1.35,GeoRipper - Parts,4100,0.00,0.00,0.00,0.00,in,lb,,true,,goods,2,,,Active,ea,,USD 0.30,GeoRipper - Part,5100,GT7208 part # 115,Finished Goods,1210,fifo,10.00,,,,180.00,Inventory,true,true,true,false,false,false,,,
6212012000000432643,Shock spring seat iron,MT7208-116,,,,,true,,,,USD 3.00,GeoRipper - Parts,4100,0.00,0.00,0.00,0.00,in,lb,,true,,goods,2,,,Active,ea,,USD 1.00,GeoRipper - Part,5100,GT7208 part # 116,Finished Goods,1210,fifo,10.00,,,,28.00,Inventory,true,true,true,false,false,false,,,
6212012000000432656,Crankcase shock spring seat iron,MT7208-117,,,,,true,,,,USD 4.20,GeoRipper - Parts,4100,0.00,0.00,0.00,0.00,in,lb,,true,,goods,2,,,Active,ea,,USD 1.40,GeoRipper - Part,5100,GT7208 part # 117,Finished Goods,1210,fifo,10.00,,,,79.00,Inventory,true,true,true,false,false,false,,,
6212012000000432669,Crankcase shock spring,MT7208-118,,,,,true,,,,USD 4.20,GeoRipper - Parts,4100,0.00,0.00,0.00,0.00,in,lb,,true,,goods,2,,,Active,ea,,USD 1.40,GeoRipper - Part,5100,GT7208 part # 118,Finished Goods,1210,fifo,10.00,,,,40.00,Inventory,true,true,true,false,false,false,,,
6212012000000432682,Handle,MT7208-119,,,,,true,,,,USD 27.50,GeoRipper - Parts,4100,0.00,0.00,0.00,0.00,in,lb,,true,,goods,2,,,Active,ea,,USD 10.00,GeoRipper - Part,5100,GT7208 part # 119,Finished Goods,1210,fifo,10.00,,,,31.00,Inventory,true,true,true,false,false,false,,,
6212012000000432695,Cross self-tapping screws 5*12,MT7208-120,,,,,true,,,,USD 1.35,GeoRipper - Parts,4100,0.00,0.00,0.00,0.00,in,lb,,true,,goods,2,,,Active,ea,,USD 0.30,GeoRipper - Part,5100,GT7208 part # 120,Finished Goods,1210,fifo,10.00,,,,92.00,Inventory,true,true,true,false,false,false,,,
6212012000000432708,Limit sleeve,MT7208-121,,,,,true,,,,USD 2.25,GeoRipper - Parts,4100,0.00,0.00,0.00,0.00,in,lb,,true,,goods,2,,,Active,ea,,USD 0.50,GeoRipper - Part,5100,GT7208 part # 121,Finished Goods,1210,fifo,10.00,,,,29.00,Inventory,true,true,true,false,false,false,,,
6212012000000432721,Handle fixed block,MT7208-122,,,,,true,,,,USD 2.25,GeoRipper - Parts,4100,0.00,0.00,0.00,0.00,in,lb,,true,,goods,2,,,Active,ea,,USD 0.50,GeoRipper - Part,5100,GT7208 part # 122,Finished Goods,1210,fifo,10.00,,,,29.00,Inventory,true,true,true,false,false,false,,,
6212012000000432734,Right support foot,MT7208-123,,,,,true,,,,USD 3.00,GeoRipper - Parts,4100,0.00,0.00,0.00,0.00,in,lb,,true,,goods,2,,,Active,ea,,USD 1.00,GeoRipper - Part,5100,GT7208 part # 123,Finished Goods,1210,fifo,10.00,,,,29.00,Inventory,true,true,true,false,false,false,,,
6212012000000432747,Left support foot,MT7208-124,,,,,true,,,,USD 3.00,GeoRipper - Parts,4100,0.00,0.00,0.00,0.00,in,lb,,true,,goods,2,,,Active,ea,,USD 1.00,GeoRipper - Part,5100,GT7208 part # 124,Finished Goods,1210,fifo,10.00,,,,31.00,Inventory,true,true,true,false,false,false,,,
6212012000000432760,Hexagon socket head combination screw M5*40,MT7208-125,,,,,true,,,,USD 1.35,GeoRipper - Parts,4100,0.00,0.00,0.00,0.00,in,lb,,true,,goods,2,,,Active,ea,,USD 0.30,GeoRipper - Part,5100,GT7208 part # 125,Finished Goods,1210,fifo,10.00,,,,172.00,Inventory,true,true,true,false,false,false,,,
6212012000000432773,Lower guard,MT7208-126,,,,,true,,,,USD 3.00,GeoRipper - Parts,4100,0.00,0.00,0.00,0.00,in,lb,,true,,goods,2,,,Active,ea,,USD 1.00,GeoRipper - Part,5100,GT7208 part # 126,Finished Goods,1210,fifo,10.00,,,,30.00,Inventory,true,true,true,false,false,false,,,
6212012000000432786,EZ Kart Lower Throttle Adapter GreenWorks,EZ3GW,,,,,true,,MiniTrencher,,USD 4.99,GeoRipper - Parts,4100,0.00,0.00,0.00,0.00,in,lb,,true,,goods,2,,,Active,EA,,USD 0.30,GeoRipper - Part,5100,,Finished Goods,1210,fifo,2.00,,,,12.00,Inventory,true,true,true,false,false,false,,,
6212012000000432799,M4-0.70 x 20mm Hex cap screw,MT0420,,,,,true,GeoRipper,,,USD 0.32,GeoRipper - Parts,4100,0.00,0.00,0.00,0.00,in,lb,,true,,goods,2,,,Active,EA,,USD 0.10,GeoRipper - Part,5100,"M4-0.70 x 20mm Hex Cap Screw Grade 8.8 Full Thread Zinc plated
.4C20HCSZ/FT",Finished Goods,1210,fifo,,Vancouver Bolt and Supply Inc.,,,1091.00,Inventory,true,true,true,false,false,false,,,
6212012000000432812,Belt cover Orange K770 K970,MT7208-100-H,,,,,true,,,,USD 10.20,GeoRipper - Parts,4100,0.00,0.00,0.00,0.00,in,lb,,true,,goods,2,,,Active,EA,,USD 3.40,GeoRipper - Part,5100,,Finished Goods,1210,fifo,,,,,1.00,Inventory,true,true,true,false,false,false,,,
6212012000000432825,SiBore Drill - MicroBore Coupler Nut,SB1250,,,,,true,,,,USD 85.00,SiBore Drill - Parts,4300,0.00,0.00,0.00,0.00,in,lb,,true,,goods,2,,,Active,EA,,USD 5.47,SiBore Drill - Part,5300,,Finished Goods,1210,fifo,200.00,,,,974.00,Inventory,true,true,true,false,false,false,,,
6212012000000432838,SiBore Accessory Bag,SBACCBAG,,,,,true,,,,USD 49.99,SiBore Drill - Parts,4300,0.00,0.00,0.00,0.00,in,lb,,true,,goods,2,,,Active,EA,,USD 21.00,SiBore Drill - Part,5300,,Finished Goods,1210,fifo,100.00,,,,447.00,Inventory,true,true,true,false,false,false,,,
6212012000000432851,Permatex ThreadLocker Orange 5g,25005,,,,,true,,,,USD 13.48,GeoRipper - Parts,4100,0.00,0.00,0.00,0.00,in,lb,,true,,goods,2,,,Active,EA,,USD 9.99,GeoRipper - Part,5100,,Finished Goods,1210,fifo,,,,,14.00,Inventory,true,true,true,false,false,false,,,
6212012000000432864,GeoRipper e/B Tri-Fold Brochures,GReB-LIT-TB,,,,,true,GeoRipper,,,USD 2.37,GeoRipper - Parts,4100,0.00,0.00,0.00,0.00,in,lb,,true,,goods,2,,,Active,EA,,USD 1.00,GeoRipper - Part,5100,,Finished Goods,1210,fifo,1000.00,,,,1499.00,Inventory,true,true,true,false,false,false,,,
6212012000000432877,GeoRipper Tri-Fold Brochures - Spanish,GR-LIT-TBSP,,,,,true,GeoRipper,,,USD 2.37,GeoRipper - Parts,4100,0.00,0.00,0.00,0.00,in,lb,,true,,goods,2,,,Active,EA,,USD 1.00,GeoRipper - Part,5100,"Spanish Version of ""The GeoRipper"" Brochure",Finished Goods,1210,fifo,100.00,,,,1911.00,Inventory,true,true,true,false,false,false,,,
6212012000000432890,"Flat Head Screw M6X22, XAD0",251463-5,,,,,true,,Makita USA,Reverse thread screw for drill chuck ,USD 2.05,GeoRipper - Parts,4100,0.00,0.00,0.00,0.00,in,lb,,true,,goods,2,,,Active,EA,,USD 0.87,GeoRipper - Part,5100,,Finished Goods,1210,fifo,,,,,5.00,Inventory,true,true,true,false,false,false,,,
6212012000000432903,"Drill Chuck S-13, XAD03",763250-5,,,,,true,,,Makita Drill Chuck,USD 81.18,GeoRipper - Parts,4100,0.00,0.00,0.00,0.00,in,lb,,true,,goods,2,,,Active,EA,,USD 34.40,GeoRipper - Part,5100,,Finished Goods,1210,fifo,,,,,1.00,Inventory,true,true,true,false,false,false,,,
6212012000000432916,SiBore Tri-Fold Brochures - Spanish,SB-LIT-TBSP,,,,,true,,,,USD 2.37,SiBore Drill - Parts,4300,0.00,0.00,0.00,0.00,in,lb,,true,,goods,2,,,Active,EA,,USD 1.00,SiBore Drill - Part,5300,Spanish Version of SiBore Brochure,Finished Goods,1210,fifo,100.00,,,,1947.00,Inventory,true,true,true,false,false,false,,,
6212012000000432929,M8-1.25 X 25 UNC HEX HEAD FLANGE BOLT GRADE 10.9,MT0825F,,,,,true,GeoRipper,,,USD 1.39,GeoRipper - Parts,4100,0.00,0.00,0.00,0.00,in,lb,,true,,goods,2,,,Active,EA,,USD 0.4626,GeoRipper - Part,5100,".8C25BHF1Z
M8-1.25 X 25 UNC HEX HEAD FLANGE BOLT GRADE 10.9",Finished Goods,1210,fifo,200.00,Vancouver Bolt and Supply Inc.,,,791.00,Inventory,true,true,true,false,false,false,,,
6212012000000432942,"Sticker - 16"" Bar Box 400MM",GRS15,,,,,true,,,,USD 2.22,GeoRipper - Parts,4100,0.00,4.50,0.80,0.10,in,lb,,true,,goods,2,,,Active,EA,,USD 0.75,GeoRipper - Part,5100,400MM Labels - Cardboard box background,Finished Goods,1210,fifo,,,,,675.00,Inventory,true,true,true,false,false,false,,,
6212012000000432955,"Sticker - 16"" Bar Box SKU Label",GRS16,,,,,true,,,,USD 2.22,GeoRipper - Parts,4100,0.00,3.00,2.00,0.10,in,lb,,true,,goods,2,,,Active,EA,,USD 0.75,GeoRipper - Part,5100,SKU Labels - Cardboard box background,Finished Goods,1210,fifo,,,,,663.00,Inventory,true,true,true,false,false,false,,,
6212012000000432968,Belt for 'The GeoRipper',MTB72-00,,,,,true,GeoRipper,MiniTrencher,Belt fits GR457 Serial #s 660+,USD 28.60,GeoRipper - Parts,4100,0.12,4.00,6.00,1.00,in,lb,,true,,goods,2,,,Active,EA,,USD 4.47,GeoRipper - Part,5100,D&D SKU 340J6,Finished Goods,1210,fifo,,D&D Global Power Drive Belts,,,1773.00,Inventory,true,true,true,false,false,false,,,
6212012000000432981,T27 Wrench,T27W,,,,,true,,,,USD 3.08,GeoRipper - Parts,4100,0.00,0.00,0.00,0.00,in,lb,,true,,goods,2,,,Active,EA,,USD 1.31,GeoRipper - Part,5100,,Finished Goods,1210,fifo,,,,,14.00,Inventory,true,true,true,false,false,false,,,
6212012000000432994,INTAKE FLANGE GASKET EK6101,422641-6,,,,,true,,,,USD 8.36,GeoRipper - Parts,4100,0.00,0.00,0.00,0.00,in,lb,,true,,goods,2,,,Active,EA,,USD 2.92,GeoRipper - Part,5100,,Finished Goods,1210,fifo,,,,,0.00,Inventory,true,true,true,false,false,false,,,
6212012000000433943,EZ Kart - Locking Bar6.2,EZ1.11,,,,,false,,,,USD 20.62,GeoRipper - Parts,4100,0.00,0.00,0.00,0.00,in,lb,,true,,goods,2,,,Active,pcs,Pieces,USD 7.73,GeoRipper - Part,5100,,Finished Goods,1210,fifo,200.00,,,,151.00,Inventory,true,true,true,false,false,true,,,
6212012000000433960,EZ Kart - Lower Handle,EZ1.2,,,,,false,,,,USD 37.10,GeoRipper - Parts,4100,0.00,0.00,0.00,0.00,,,,true,,goods,2,,,Active,pcs,Pieces,USD 13.80,GeoRipper - Part,5100,,Finished Goods,1210,fifo,400.00,,,,97.00,Inventory,true,true,true,false,false,true,,,
6212012000000433977,EZ Kart - Upper Handle,EZ1.3,,,,,false,,,,USD 73.17,GeoRipper - Parts,4100,0.00,0.00,0.00,0.00,,,,true,,goods,2,,,Active,pcs,Pieces,USD 27.25,GeoRipper - Part,5100,,Finished Goods,1210,fifo,400.00,,,,79.00,Inventory,true,true,true,false,false,true,,,
6212012000000433994,EZ Kart Wheel and Hub (2 ea),EZ5000,810075760620,22A,810075760620,,false,GeoRipper,Makita USA,,USD 50.00,GeoRipper - Parts,4100,3.69,12.00,12.00,8.00,,,,true,,goods,2,,,Active,set,,USD 16.10,GeoRipper - Part,5100,,Finished Goods,1210,fifo,,,,,0.00,Inventory,true,true,true,false,false,true,,,
6212012000000434011,EZ Kart - Lower Throttle Assembly,EZ6,,,,,false,,,,USD 60.63,GeoRipper - Parts,4100,0.00,0.00,0.00,0.00,,,,true,,goods,2,,,Active,EA,,USD 12.60,GeoRipper - Part,5100,,Finished Goods,1210,fifo,,,,,31.00,Inventory,true,true,true,false,false,true,,,
6212012000000434038,Right Digging Tooth,GR4.1,,,,,false,,,,USD 0.66,GeoRipper - Parts,4100,0.00,0.00,0.00,0.00,,,,true,,goods,2,,,Active,pcs,Pieces,USD 0.19,GeoRipper - Part,5100,,Finished Goods,1210,fifo,,,,,33367.00,Inventory,true,true,true,false,false,true,,,
6212012000000434055,Left Digging Tooth,GR4.2,,,,,false,,,,USD 0.66,GeoRipper - Parts,4100,0.00,0.00,0.00,0.00,,,,true,,goods,2,,,Active,pcs,Pieces,USD 0.19,GeoRipper - Part,5100,,Finished Goods,1210,fifo,,,,,32938.00,Inventory,true,true,true,false,false,true,,,
6212012000000434072,Chain Tensioning Block Assembly,GR8,,,,,false,,,,USD 47.24,GeoRipper - Parts,4100,0.00,0.00,0.00,0.00,,,,true,,goods,2,,,Active,Kit,,USD 7.21,GeoRipper - Part,5100,,Finished Goods,1210,fifo,,,,,174.00,Inventory,true,true,true,false,false,true,,,
6212012000000434095,GeoRipper Adapter Plate - Makita,MGR5.1,,,,,false,,,,USD 240.27,GeoRipper - Parts,4100,0.00,0.00,0.00,0.00,,,,true,,goods,2,,,Active,pcs,Pieces,USD 90.09,GeoRipper - Part,5100,,Finished Goods,1210,fifo,,,,,63.00,Inventory,true,true,true,false,false,true,,,
6212012000000434112,GeoRipper Trencher Bar End Set,MT1000,810075760088,20A,810075760088,,true,GeoRipper,MiniTrencher,,USD 63.80,GeoRipper - Parts,4100,0.58,3.75,0.75,0.375,,,,true,,goods,2,,,Active,kit,,USD 14.68,GeoRipper - Part,5100,,Finished Goods,1210,fifo,,,,,1.00,Inventory,true,true,true,false,false,true,,,
6212012000000434131,GeoRipper Minitrencher 6-Tooth Nose Sprocket with Bearing,MT1500,810075760095,20A,810075760095,,true,GeoRipper,MiniTrencher,​Replace using Permatex 25210 High Strength Removable Threadlocker Orange. 3X the strength of Blue Thread locker. Ideal for High Vibration Applications,USD 81.40,GeoRipper - Parts,4100,0.21,2.20,2.20,0.35,,,,true,,goods,2,,,Active,Kit,,USD 11.55,GeoRipper - Part,5100,,Finished Goods,1210,fifo,,,,,13.00,Inventory,true,true,true,false,false,true,,,
6212012000000434148,GeoRipper Minitrencher 11-Tooth Nose Sprocket with Bearing,MT1700,810075760101,20A,810075760101,,false,GeoRipper,MiniTrencher,Replace using Permatex 25210 High Strength Removable Threadlocker Orange. 3X the strength of Blue Thread locker. Ideal for High Vibration Applications,USD 81.40,GeoRipper - Parts,4100,0.25,2.20,2.20,0.35,,,,true,,goods,2,,,Active,pcs,Pieces,USD 11.55,GeoRipper - Part,5100,,Finished Goods,1210,fifo,,,,,26.00,Inventory,true,true,true,false,false,true,,,
6212012000000434165,GeoRipper Trencher Bar Clamp Assembly,MT2000,810075760224,21A,810075760224,,false,GeoRipper,MiniTrencher,,USD 22.00,GeoRipper - Parts,4100,0.37,2.75,1.18,1.00,,,,true,,goods,2,,,Active,kit,,USD 3.81,GeoRipper - Part,5100,,Finished Goods,1210,fifo,,,,,8.00,Inventory,true,true,true,false,false,true,,,
6212012000000434184,Safety Bar - 500 Series GeoRipperT/A,MT7500,,,,,false,,,,USD 122.15,GeoRipper - Parts,4100,0.00,0.00,0.00,0.00,in,lb,,true,,goods,2,,,Active,EA,,USD 28.50,GeoRipper - Part,5100,,Finished Goods,1210,fifo,,,,,162.00,Inventory,true,true,true,false,false,true,,,
6212012000000434203,Safety Bar - 700 Series GeoRipperT/A,MT7700,,,,,false,,,,USD 130.00,GeoRipper - Parts,4100,0.00,0.00,0.00,0.00,in,lb,,true,,goods,2,,,Active,EA,,USD 28.50,GeoRipper - Part,5100,,Finished Goods,1210,fifo,50.00,,,,110.00,Inventory,true,true,true,false,false,true,,,
6212012000000434222,GeoRipper Dirt/Mud Deflector Kit,MT8000,810075760231,22A,810075760231,,false,GeoRipper,MiniTrencher,,USD 63.80,GeoRipper - Parts,4100,0.62,10.00,11.00,9.00,in,lb,,true,,goods,2,,,Active,Kit,,USD 14.71,GeoRipper - Part,5100,,Finished Goods,1210,fifo,,,,,0.00,Inventory,true,true,true,false,false,true,,,
6212012000000434247,GeoRipper 700,GR700,,,,,false,,,,USD 2751.09,GeoRipper - Parts,4100,0.00,0.00,0.00,0.00,,,,true,,goods,2,,,Inactive,ea,,USD 1043.72,GeoRipper - Part,5100,,Finished Goods,1210,fifo,,,,,0.00,Inventory,true,true,true,false,false,true,,,
6212012000000434326,GeoRipper 800,GR800,,,,,false,,,,USD 2899.65,GeoRipper - Parts,4100,0.00,0.00,0.00,0.00,,,,true,,goods,2,,,Inactive,ea,,USD 1018.97,GeoRipper - Part,5100,,Finished Goods,1210,fifo,,,,,0.00,Inventory,true,true,true,false,false,true,,,
6212012000000434405,GeoRipper Assembly Kit - Makita Series 6,GRKM61,,,,,false,,,,USD 146.99,GeoRipper - Parts,4100,0.00,0.00,0.00,0.00,,,,true,,goods,2,,,Inactive,Box,,USD 54.13,GeoRipper - Part,5100,,Finished Goods,1210,fifo,,,,,5.00,Inventory,true,true,true,false,false,true,,,
6212012000000434436,Throttle Assembly for EZ Kart,EZ3000,810075760606,22A,810075760606,,false,GeoRipper,MiniTrencher,Includes all part necessary for the lower throttle attachment to Power cutter. Does not include throttle cable,USD 39.22,GeoRipper - Parts,4100,0.62,4.00,6.00,4.00,,,,true,,goods,2,,,Active,,,USD 12.60,GeoRipper - Part,5100,,Finished Goods,1210,fifo,,,,,0.00,Inventory,true,true,true,false,false,true,,,
6212012000000434463,Pulley Retrofit Kit for MX314 Milwaukee Battery-powered Cut Saw,MX2000,,,,,false,,,,USD 174.00,GeoRipper - Parts,4100,0.00,0.00,0.00,0.00,,,,true,,goods,2,,,Active,Kit,,USD 98.44,GeoRipper - Part,5100,,Finished Goods,1210,fifo,,,,,0.00,Inventory,true,true,true,false,false,true,,,
6212012000000434484,Master Connecting Link - 5 Pack,MT4004-5,,,,,false,,,Includes (5) #50H master connecting link with spring clip closure,USD 15.75,GeoRipper - Parts,4100,0.00,0.00,0.00,0.00,,,,true,,goods,2,,,Active,Pack,,USD 2.60,GeoRipper - Part,5100,,Finished Goods,1210,fifo,,,,,0.00,Inventory,true,true,true,false,false,true,,,
6212012000000434499,"SiBore Drill - 32"" Extension",SB3200,,,,,false,,,,USD 160.00,SiBore Drill - Parts,4300,0.00,0.00,0.00,0.00,,,,true,,goods,2,,,Active,EA,,USD 42.15,SiBore Drill - Part,5300,,Finished Goods,1210,fifo,,,,,34.00,Inventory,true,true,true,false,false,true,,,
6212012000000434524,SiBore Drill - MicroBore Coupling Nut,SB1250*,,,,,false,,,,USD 85.00,SiBore Drill - Parts,4300,0.00,0.00,0.00,0.00,,,,true,,goods,2,,,Inactive,EA,,USD 4.50,SiBore Drill - Part,5300,,Finished Goods,1210,fifo,,,,,0.00,Inventory,true,true,true,false,false,true,,,
6212012000000434541,SiBore Drill MicroBore Drill Rod,SB3601,,,,,false,,,,USD 41.02,SiBore Drill - Parts,4300,0.00,0.00,0.00,0.00,,,,true,,goods,2,,,Active,EA,,USD 14.61,SiBore Drill - Part,5300,,Finished Goods,1210,fifo,,,,,0.00,Inventory,true,true,true,false,false,true,,,
6212012000000434558,SiBore Drill MicroBore Lower Drive Adapter Shaft,SB9050,,,,,false,,,,USD 25.59,SiBore Drill - Parts,4300,0.00,0.00,0.00,0.00,,,,true,,goods,2,,,Active,EA,,USD 8.69,SiBore Drill - Part,5300,,Finished Goods,1210,fifo,,,,,4.00,Inventory,true,true,true,false,false,true,,,
6212012000000434575,SiBore Drill - Accessory Stand,SB0900,,,,,false,,,,USD 118.58,SiBore Drill - Parts,4300,0.00,0.00,0.00,0.00,,,,true,,goods,2,,,Active,EA,,USD 41.25,SiBore Drill - Part,5300,,Finished Goods,1210,fifo,,,,,27.00,Inventory,true,true,true,false,false,true,,,
6212012000000434598,GeoRipper e/B Electric Adapter,MT5000-MAK,,,,,false,,,,USD 174.99,GeoRipper - Parts,4100,0.00,0.00,0.00,0.00,,,,true,,goods,2,,,Active,EA,,USD 65.50,GeoRipper - Part,5100,,Finished Goods,1210,fifo,,,,,10.00,Inventory,true,true,true,false,false,true,,,
6212012000000434621,The GeoRipper Engine,GR457,,,,,false,,,Engine without Bar and Chains,USD 1360.06,GeoRipper - Parts,4100,0.00,0.00,0.00,0.00,in,lb,,true,,goods,2,,,Active,Kit,,USD 372.39,GeoRipper - Part,5100,,Finished Goods,1210,fifo,,,,,12.00,Inventory,true,true,true,false,false,true,,,
6212012000000434708,SiBore Drive Shaft,SB0240,,,,,false,,,lower unit driveshaft,USD 119.40,SiBore Drill - Parts,4300,0.00,0.00,0.00,0.00,in,lb,,true,,goods,2,,,Active,EA,,USD 45.84,SiBore Drill - Part,5300,,Finished Goods,1210,fifo,,,,,2.00,Inventory,true,true,true,false,false,true,,,
6212012000000434729,Safety Bar - 400 Series GeoRipperT/A,MT7400,,,,,false,,,,USD 100.99,GeoRipper - Parts,4100,0.00,0.00,0.00,0.00,in,lb,,true,,goods,2,,,Active,EA,,USD 28.50,GeoRipper - Part,5100,,Finished Goods,1210,fifo,50.00,,,,350.00,Inventory,true,true,true,false,false,true,,,
6212012000000434748,Pull Start Ass'y MT7208,MT7208-25-36,,,,,true,,,"ATTENTION!!!
The GeoRipper handheld trenchers are equipped with the GeoRipper EZ start system. Please follow these instructions EVERY TIME you start your GeoRipper handheld trencher.
1. Turn engine ""on""
2. Pull choke out all the way on initial ""cold"" start.
3. Press decompression button on opposite side of engine.
4. Gently pull the starter pull string up, releasing before you get to the end of the pull rope.
5. Repeat 3-5 if necessary.",USD 44.99,GeoRipper - Parts,4100,0.00,0.00,0.00,0.00,in,lb,,true,,goods,2,,,Active,ea,,USD 14.96,GeoRipper - Part,5100,,Finished Goods,1210,fifo,10.00,,,,363.00,Inventory,true,true,true,false,false,true,,,
6212012000000434785,Fuel Tank Base Ass'y MT7208-8-12,MT7208-8-12,,,,,false,,,"Constituents..
1) [MT7208-8]Fuel tank - 1 ea
2) [MT7208-9]Control arm - 1 ea
3) [MT7208-10]Trigger - 1 ea
4) [MT7208-11]Trigger spring - 1 ea
5) [MT7208-12]Pin 3*38 - 1 ea",USD 44.10,GeoRipper - Parts,4100,0.00,0.00,0.00,0.00,in,lb,,true,,goods,2,,,Active,ea,,USD 12.40,GeoRipper - Part,5100,"Constituents..
1) [MT7208-8]Fuel tank - 1 ea
2) [MT7208-9]Control arm - 1 ea
3) [MT7208-10]Trigger - 1 ea
4) [MT7208-11]Trigger spring - 1 ea
5) [MT7208-12]Pin 3*38 - 1 ea",Finished Goods,1210,fifo,10.00,,,,24.00,Inventory,true,true,true,false,false,true,,,
6212012000000434808,Piston Set MT7208,MT7208-54-58,,,,,false,,,"Constituents..
1) [MT7208-54]Needling 12*15*14.7 - 1 ea
2) [MT7208-55]Piston pin spring 12 - 1 ea
3) [MT7208-56]Piston pin 12*33 - 1 ea
4) [MT7208-57]Piston - 1 ea
5) [MT7208-58]Piston ring - 1 ea",USD 26.13,GeoRipper - Parts,4100,0.00,0.00,0.00,0.00,,,,true,,goods,2,,,Active,ea,,USD 9.50,GeoRipper - Part,5100,,Finished Goods,1210,fifo,10.00,,,,18.00,Inventory,true,true,true,false,false,true,,,
6212012000000434831,Muffler Set,MT7208-61-63,,,,,false,,,"Constituents..
1) [MT7208-61]Muffler - 1 ea
2) [MT7208-62]Muffler gasket - 1 ea
3) [MT7208-63]Muffler air guide pad - 1 ea",USD 41.50,GeoRipper - Parts,4100,0.00,0.00,0.00,0.00,,,,true,,goods,2,,,Active,ea,,USD 15.09,GeoRipper - Part,5100,,Finished Goods,1210,fifo,10.00,,,,27.00,Inventory,true,true,true,false,false,true,,,
6212012000000434850,Emergency Repair Pack,MT-99999,,,,,false,,,"Includes: Master connecting link, (3) nose screws, nose bearing, (2) axle bearing, (2) bar clamp bolts, (2) split washers & ThreadLocker Orange",USD 79.99,GeoRipper - Parts,4100,0.00,0.00,0.00,0.00,,,,true,,goods,2,,,Active,Pack,,USD 23.00,GeoRipper - Part,5100,,Finished Goods,1210,fifo,,,,,0.00,Inventory,true,true,true,false,false,true,,,
6212012000000435439,GeoRipper Minitrencher Universal EZ Kart,EZ100,810075760071,,810075760071,,true,GeoRipper,MiniTrencher,,USD 566.00,GeoRipper - Parts,4100,15.00,29.00,12.00,6.00,in,lb,,true,,goods,2,,,Active,Kit,,USD 191.26,GeoRipper - Part,5100,,Finished Goods,1210,fifo,,,,,3.00,Inventory,true,true,true,false,false,true,,,
6212012000000435496,GeoRipper Adapter - Makita,MGR5,,,,,false,,,,USD 290.38,GeoRipper - Parts,4100,0.00,0.00,0.00,0.00,,,,true,,goods,2,,,Inactive,Kit,,USD 109.30,GeoRipper - Part,5100,,Finished Goods,1210,fifo,,,,,62.00,Inventory,true,true,true,false,false,true,,,
6212012000000435529,"16"" Digging Chain (Single Chain)",MT4400,,,,,true,,,,USD 100.00,GeoRipper - Parts,4100,0.00,0.00,0.00,0.00,,,,true,,goods,2,,,Active,EA,,USD 25.67,GeoRipper - Part,5100,,Finished Goods,1210,fifo,,,,,214.00,Inventory,true,true,true,false,false,true,,,
6212012000000435556,"16"" Wide Digging Chain (Single)",MT4450,,,,,true,,,,USD 175.00,GeoRipper - Parts,4100,0.00,0.00,0.00,0.00,in,lb,,true,,goods,2,,,Active,Kit,,USD 44.42,GeoRipper - Part,5100,,Finished Goods,1210,fifo,,,,,2.00,Inventory,true,true,true,false,false,true,,,
6212012000000435587,"20"" Digging Chain (Single Chain)",MT4500,810075761177,,,,true,,MiniTrencher,,USD 125.00,GeoRipper - Parts,4100,5.00,9.00,9.00,3.00,,,,true,,goods,2,,,Active,Kit,,USD 29.51,GeoRipper - Part,5100,,Finished Goods,1210,fifo,,,,,157.00,Inventory,true,true,true,false,false,true,,,
6212012000000435614,"GeoRipper Minitrencher 20"" Wide Digging Chain",MT4550,810075760217,22A,810075760217,,false,GeoRipper,MiniTrencher,,USD 200.00,GeoRipper - Parts,4100,5.00,9.00,9.00,4.00,in,lb,,true,,goods,2,,,Active,Kit,,USD 46.76,GeoRipper - Part,5100,,Finished Goods,1210,fifo,,,,,0.00,Inventory,true,true,true,false,false,true,,,
6212012000000435645,"27"" Digging Chain (Single Chain)",MT4700,,,,,true,,MiniTrencher,,USD 150.00,GeoRipper - Parts,4100,5.00,9.00,9.00,3.00,,,,true,,goods,2,,,Active,Kit,,USD 37.62,GeoRipper - Part,5100,,Finished Goods,1210,fifo,,,,,37.00,Inventory,true,true,true,false,false,true,,,
6212012000000435672,"27"" Wide Digging Chain (Single)",MT4750,,,,,false,,,,USD 446.24,GeoRipper - Parts,4100,0.00,0.00,0.00,0.00,,,,true,,goods,2,,,Inactive,Kit,,USD 49.96,GeoRipper - Part,5100,,Finished Goods,1210,fifo,,,,,0.00,Inventory,true,true,true,false,false,true,,,
6212012000000435699,GeoRipper Minitrencher 20-Inch Digging Bar,MT3500,810075760156,22A,810075760156,,false,GeoRipper,MiniTrencher,,USD 264.00,GeoRipper - Parts,4100,3.60,3.00,24.00,2.00,,,,true,,goods,2,,,Active,Kit,,USD 57.03,GeoRipper - Part,5100,,Finished Goods,1210,fifo,,,,,13.00,Inventory,true,true,true,false,false,true,,,
6212012000000435726,GeoRipper Minitrencher 27-Inch Digging Bar,MT3700,810075760163,22A,810075760163,,true,GeoRipper,MiniTrencher,,USD 308.00,GeoRipper - Parts,4100,5.20,3.00,36.00,2.00,in,lb,,true,,goods,2,,,Active,kit,,USD 65.39,GeoRipper - Part,5100,,Finished Goods,1210,fifo,,,,,1.00,Inventory,true,true,true,false,false,true,,,
6212012000000435755,"Complete 16"" Digging Bar",MT3400,,,,,false,,,,USD 230.00,GeoRipper - Parts,4100,0.00,0.00,0.00,0.00,in,lb,,true,,goods,2,,,Active,pcs,Pieces,USD 49.75,GeoRipper - Part,5100,,Finished Goods,1210,fifo,,,,,27.00,Inventory,true,true,true,false,false,true,,,
6212012000000435786,"27"" Arborist Digging Chain (Single)",MT4730,,,,,false,,,,USD 446.24,GeoRipper - Parts,4100,0.00,0.00,0.00,0.00,,,,true,,goods,2,,,Inactive,Kit,,USD 60.31,GeoRipper - Part,5100,,Finished Goods,1210,fifo,,,,,0.00,Inventory,true,true,true,false,false,true,,,
6212012000000435813,Handle Assembly for EZ Kart,EZ2000,810075760583,22A,810075760583,,false,GeoRipper,MiniTrencher,"Includes Upper & Lower Handles, hardware, EZ2001 & EZ2002",USD 145.00,GeoRipper - Parts,4100,3.20,29.00,12.00,6.00,,,,true,,goods,2,,,Active,set,,USD 52.03,GeoRipper - Part,5100,,Finished Goods,1210,fifo,,,,,0.00,Inventory,true,true,true,false,false,true,,,
6212012000000435846,SiBore Drill - Lower Unit,SB0250,,,,,false,,,,USD 735.62,SiBore Drill - Parts,4300,0.00,0.00,0.00,0.00,,,,true,,goods,2,,,Active,Unit,,USD 253.75,SiBore Drill - Part,5300,,Finished Goods,1210,fifo,,,,,325.00,Inventory,true,true,true,false,false,true,,,
6212012000000435895,"SiBore Drill - 36"" Drill Rod w/ Coupling Nut",SB3600,,,,,false,,,,USD 190.00,SiBore Drill - Parts,4300,0.00,0.00,0.00,0.00,,,,true,,goods,2,,,Active,EA,,USD 20.08,SiBore Drill - Part,5300,,Finished Goods,1210,fifo,,,,,0.00,Inventory,true,true,true,false,false,true,,,
6212012000000435912,SiBore Drill - MicroBore Adapter,SB9000,,,,,false,,,,USD 250.00,SiBore Drill - Parts,4300,0.00,0.00,0.00,0.00,in,lb,,true,,goods,2,,,Active,EA,,USD 75.28,SiBore Drill - Part,5300,,Finished Goods,1210,fifo,,,,,8.00,Inventory,true,true,true,false,false,true,,,
6212012000000435941,Fuel Tank Ass'y MT7208,MT7208-FTASSY,,,,,false,,,,USD 84.81,GeoRipper - Parts,4100,0.00,0.00,0.00,0.00,,,,true,,goods,2,,,Active,EA,,USD 30.84,GeoRipper - Part,5100,,Finished Goods,1210,fifo,2.00,,,,1.00,Inventory,true,true,true,false,false,true,,,
6212012000000435974,SB215 to SB216 Conversion Kit,SBCK216,,,,,false,,,Kit to convert a SiBore SB215 to SB216,USD 999.99,SiBore Drill - Parts,4300,0.00,0.00,0.00,0.00,in,lb,,true,,goods,2,,,Active,Kit,,USD 370.41,SiBore Drill - Part,5300,,Finished Goods,1210,fifo,,,,,0.00,Inventory,true,true,true,false,false,true,,,
6212012000000437569,GeoRipper 600,GR600,,,,,false,,,,USD 2262.79,GeoRipper - Parts,4100,0.00,0.00,0.00,0.00,,,,true,,goods,2,,,Active,ea,,USD 821.00,GeoRipper - Part,5100,,Finished Goods,1210,fifo,,,,,0.00,Inventory,true,true,true,false,false,true,,,
6212012000000437628,"16"" Digging Chain (2-Pack)",MT4402,,,,,false,GeoRipper,MiniTrencher,,USD 180.00,GeoRipper - Parts,4100,9.00,9.00,9.00,4.00,,,,true,,goods,2,,,Inactive,Box,,USD 48.46,GeoRipper - Part,5100,,Finished Goods,1210,fifo,,,,,0.00,Inventory,true,true,true,false,false,true,,,
6212012000000437645,GeoRipper 20-Inch Minitrencher Digging Chains (2 Pack),MT4502,810075760187,22A,871075760187,,false,GeoRipper,MiniTrencher,,USD 225.00,GeoRipper - Parts,4100,9.00,9.00,9.00,4.00,,,,true,,goods,2,,,Inactive,Box,,USD 56.14,GeoRipper - Part,5100,,Finished Goods,1210,fifo,,,,,0.00,Inventory,true,true,true,false,false,true,,,
6212012000000437662,GeoRipper 27-Inch Minitrencher Digging Chain (2 Pack),MT4702,810075760415,22A,810075760415,,false,GeoRipper,MiniTrencher,,USD 270.00,GeoRipper - Parts,4100,13.00,9.00,9.00,4.00,,,,true,,goods,2,,,Inactive,Box,,USD 69.98,GeoRipper - Part,5100,,Finished Goods,1210,fifo,,,,,3.00,Inventory,true,true,true,false,false,true,,,
6212012000000437679,GeoRipper 620 R.I.P. KIT,MTRIP620,,,,,false,,,"6-SERIES ONLY
Kit includes: 2 digging chains, 6-tooth nose sprocket, drive sprocket, belt, and con-link",USD 250.00,GeoRipper - Parts,4100,0.00,0.00,0.00,0.00,in,lb,,true,,goods,2,,,Active,Kit,,USD 70.00,GeoRipper - Part,5100,,Finished Goods,1210,fifo,,,,,0.00,Inventory,true,true,true,false,false,true,,,
6212012000000437704,GeoRipper(R) 27-Inch R.I.P. Kit,MTRIP700,,,,,true,,,,USD 282.00,GeoRipper - Parts,4100,0.00,0.00,0.00,0.00,in,lb,,true,,goods,2,,,Active,Kit,,USD 83.01,GeoRipper - Part,5100,,Finished Goods,1210,fifo,,,,,1.00,Inventory,true,true,true,false,false,true,,,
6212012000000437727,GeoRipper 20-Inch Size Matters Trencher Conversion Kit,MTSMK20,,,,,false,,,,USD 308.00,GeoRipper - Parts,4100,0.00,0.00,0.00,0.00,in,lb,,true,,goods,2,,,Active,Kit,,USD 112.31,GeoRipper - Part,5100,,Finished Goods,1210,fifo,,,,,-2.00,Inventory,true,true,true,false,false,true,,,
6212012000000437746,GeoRipper 27-Inch Size Matters Trencher Conversion Kit,MTSMK27,,,,,true,,,,USD 425.00,GeoRipper - Parts,4100,0.00,0.00,0.00,0.00,in,lb,,true,,goods,2,,,Active,Kit,,USD 140.75,GeoRipper - Part,5100,,Finished Goods,1210,fifo,,,,,0.00,Inventory,true,true,true,false,false,true,,,
6212012000000437763,GeoRipper(R)T/A MX500 W/EZ,GRTA-MX500,,,,,true,,,,USD 1900.00,GeoRipper - Units,4000,0.00,0.00,0.00,0.00,in,lb,,true,,goods,2,,,Active,EA,,USD 562.05,Georipper - Unit,5000,,Finished Goods,1210,fifo,,,,,0.00,Inventory,true,true,true,false,false,true,,,
6212012000000437864,GeoRipper(R)T/A S500 W/EZ Kart,GRTA-S500,810075760675,22A,810075760675,,false,GeoRipper,MiniTrencher,,USD 1900.00,GeoRipper - Units,4000,36.00,30.00,12.00,6.00,in,lb,,true,,goods,2,,,Active,EA,,USD 507.93,Georipper - Unit,5000,,Finished Goods,1210,fifo,,,,,0.00,Inventory,true,true,true,false,false,true,,,
6212012000000437971,GeoRipper(R)T/A S500 with EZ Kart,GRTA-S500EZ,810075760354,22A,810075760354,,false,GeoRipper,MiniTrencher,,USD 2310.00,GeoRipper - Units,4000,50.00,36.00,12.00,12.00,in,lb,,true,,goods,2,,,Active,EA,,USD 519.42,Georipper - Unit,5000,,Finished Goods,1210,fifo,,,,,0.00,Inventory,true,true,true,false,false,true,,,
6212012000000438078,GeoRipper(R) 20-Inch R.I.P. Kit,MTRIP500,,,,,false,,,"All 20"" GeoRipper models aside from 6-series
Kit includes 2 digging chains, 6-tooth nose sprocket, drive sprocket, and con-link",USD 250.00,GeoRipper - Parts,4100,0.00,0.00,0.00,0.00,,,,true,,goods,2,,,Active,Kit,,USD 74.55,GeoRipper - Part,5100,,Finished Goods,1210,fifo,,,,,0.00,Inventory,true,true,true,false,false,true,,,
6212012000000438101,"SiBore Drill - SB216 Gas Powered w/ 2"" and 4"" Auger",SB216,,,,,true,,,"Includes: General 242H Earth Auger w/ Honda GX35 4-Cycle Multi-Directional Motor
Handle Assembly
Twist Throttle
Transmission
**Add SB242SBD in separate line**",USD 3785.00,SiBore Drill - Units,4200,0.00,0.00,0.00,0.00,in,lb,,true,,goods,2,,,Active,EA,,USD 652.23,SiBore Drill - Unit,5200,,Finished Goods,1210,fifo,,,,,8.00,Inventory,true,true,true,false,false,true,,,
6212012000000438154,"SiBore Drill - SB216e Battery Powered w/ 2"" and 4"" Auger",SB216e,,,,,false,,,"Includes: 
2"" & 4"" Auger Bits
(3) 32"" Extensions
Accessory Bag",USD 3950.00,SiBore Drill - Units,4200,0.00,0.00,0.00,0.00,in,lb,,true,,goods,2,,,Active,EA,,USD 1465.46,SiBore Drill - Unit,5200,,Finished Goods,1210,fifo,,,,,1.00,Inventory,true,true,true,false,false,true,,,
6212012000000438209,"SiBore Drill - SB215 Gas Powered 1"" MicroBore",SB215,,,,,false,,,,USD 4100.00,SiBore Drill - Units,4200,0.00,0.00,0.00,0.00,in,lb,,true,,goods,2,,,Active,EA,,USD 732.22,SiBore Drill - Unit,5200,,Finished Goods,1210,fifo,,,,,1.00,Inventory,true,true,true,false,false,true,,,
6212012000000438260,"SiBore Drill - SB215e Battery Powered 1"" MicroBore",SB215e,,,,,false,,,,USD 4325.00,SiBore Drill - Units,4200,0.00,0.00,0.00,0.00,in,lb,,true,,goods,2,,,Active,EA,,USD 1536.25,SiBore Drill - Unit,5200,,Finished Goods,1210,fifo,,,,,1.00,Inventory,true,true,true,false,false,true,,,
6212012000000438315,"SiBore Drill - SB431 Gas Powered 1"" MicroBore / 2"" & 4"" Auger Combo",SB431,,,,,true,,,,USD 4999.00,SiBore Drill - Units,4200,0.00,0.00,0.00,0.00,in,lb,,true,,goods,2,,,Active,EA,,USD 1081.63,SiBore Drill - Unit,5200,,Finished Goods,1210,fifo,,,,,3.00,Inventory,true,true,true,false,false,true,,,
6212012000000438376,"SiBore Drill - SB431e Battery Powered 1"" MicroBore / 2"" & 4"" Auger Combo",SB431e,,,,,false,,,,USD 4999.00,SiBore Drill - Units,4200,0.00,0.00,0.00,0.00,in,lb,,true,,goods,2,,,Active,EA,,USD 1866.08,SiBore Drill - Unit,5200,,Finished Goods,1210,fifo,,,,,0.00,Inventory,true,true,true,false,false,true,,,
6212012000000438439,GeoRipper(R)T/A E700 W/EZ,GRTA-E700,810075760385,22A,810075760385,,false,GeoRipper,MiniTrencher,,USD 2100.00,GeoRipper - Units,4000,56.00,36.00,12.00,12.00,in,lb,,true,,goods,2,,,Active,EA,,USD 528.26,Georipper - Unit,5000,,Finished Goods,1210,fifo,,,,,0.00,Inventory,true,true,true,false,false,true,,,
6212012000000438534,"SiBore Drill - SB215e-NM Battery Powered 1"" MicroBore - No Motor",SB215e-NM,,,,,false,,,,USD 2700.00,SiBore Drill - Units,4200,0.00,0.00,0.00,0.00,,,,true,,goods,2,,,Active,EA,,USD 782.38,SiBore Drill - Unit,5200,,Finished Goods,1210,fifo,,,,,0.00,Inventory,true,true,true,false,false,true,,,
6212012000000438575,"SiBore Drill - SB216e-NM Battery Powered w/ 2"" and 4"" Auger - No Motor",SB216e-NM,,,,,false,,,"Includes: 
2""  & 4"" Auger Drill Bit
(2) 48"" Extensions
Accessory Stand
",USD 2700.00,SiBore Drill - Units,4200,0.00,0.00,0.00,0.00,,,,true,,goods,2,,,Active,EA,,USD 699.97,SiBore Drill - Unit,5200,,Finished Goods,1210,fifo,,,,,0.00,Inventory,true,true,true,false,false,true,,,
6212012000000438604,"SiBore Drill - SB431e-NM Battery Powered 1"" MicroBore / 2"" & 4"" Auger Combo - No Motor",SB431e-NM,,,,,false,,,,USD 3999.00,SiBore Drill - Units,4200,0.00,0.00,0.00,0.00,,,,true,,goods,2,,,Active,EA,,USD 1061.89,SiBore Drill - Unit,5200,,Finished Goods,1210,fifo,,,,,0.00,Inventory,true,true,true,false,false,true,,,
6212012000000438637,GeoRipper(R)T/A H400 W/EZ,GRTA-H400,810075760378,22A,810075760378,,false,GeoRipper,MiniTrencher,,USD 1700.00,GeoRipper - Units,4000,46.00,36.00,12.00,12.00,in,lb,,true,,goods,2,,,Active,EA,,USD 499.19,Georipper - Unit,5000,,Finished Goods,1210,fifo,,,,,0.00,Inventory,true,true,true,false,false,true,,,
6212012000000438740,GeoRipper(R) 16-Inch R.I.P. Kit,MTRIP400,,,,,true,,,,USD 225.00,GeoRipper - Parts,4100,0.00,0.00,0.00,0.00,,,,true,,goods,2,,,Active,Kit,,USD 61.49,GeoRipper - Part,5100,,Finished Goods,1210,fifo,,,,,1.00,Inventory,true,true,true,false,false,true,,,
6212012000000438763,GeoRipper 16-Inch Size Matters Trencher Conversion Kit,MTSMK16,,,,,false,,,,USD 283.00,GeoRipper - Parts,4100,0.00,0.00,0.00,0.00,in,lb,,true,,goods,2,,,Active,Kit,,USD 98.21,GeoRipper - Part,5100,,Finished Goods,1210,fifo,,,,,0.00,Inventory,true,true,true,false,false,true,,,
6212012000000438780,"(2) 27""[700mm] Max Digging Depth Chain",MT4700-2,,,,,false,,,"DO NOT USE THIS SKU
A pack of (2) chains",USD 270.00,GeoRipper - Parts,4100,0.00,0.00,0.00,0.00,in,lb,,true,,goods,2,,,Inactive,Box,,USD 64.60,GeoRipper - Part,5100,,Finished Goods,1210,fifo,,,,,0.00,Inventory,true,true,true,false,false,true,,,
6212012000000438797,GeoRipper(R)T/A E500 W/EZ,GRTA-E500,810075760729,23A,810075760729,,false,GeoRipper,MiniTrencher,,USD 1800.00,GeoRipper - Units,4000,48.00,36.00,12.00,12.00,in,lb,,true,,goods,2,,,Active,EA,,USD 503.68,Georipper - Unit,5000,,Finished Goods,1210,fifo,,,,,0.00,Inventory,true,true,true,false,false,true,,,
6212012000000438894,GeoRipper e/B 500 w/ MAKITA XGT 40V,GREB500-MAK,,,,,false,,,,USD 3200.00,GeoRipper - Parts,4100,0.00,0.00,0.00,0.00,in,lb,,true,,goods,2,,,Active,EA,,USD 1003.04,GeoRipper - Part,5100,,Finished Goods,1210,fifo,,,,,0.00,Inventory,true,true,true,false,false,true,,,
6212012000000438961,GeoRipper e/B 400 w/ MAKITA XGT 40V,GREB400-MAK,,,,,false,,,,USD 3000.00,GeoRipper - Units,4000,0.00,0.00,0.00,0.00,in,lb,,true,,goods,2,,,Inactive,EA,,USD 990.32,Georipper - Unit,5000,,Finished Goods,1210,fifo,,,,,0.00,Inventory,true,true,true,false,false,true,,,
6212012000000439028,GeoRipper e/B 400 for Makita 40V XGT Motor - Kit,GREB400-MAK-NM,,,,,false,,,,USD 1900.00,GeoRipper - Parts,4100,0.00,0.00,0.00,0.00,,,,true,,goods,2,,,Inactive,EA,,USD 235.32,GeoRipper - Part,5100,,Finished Goods,1210,fifo,,,,,0.00,Inventory,true,true,true,false,false,true,,,
6212012000000439089,GeoRipper 616 R.I.P. KIT,MTRIP616,,,,,true,,,,USD 230.00,GeoRipper - Parts,4100,0.00,0.00,0.00,0.00,in,lb,,true,,goods,2,,,Active,Kit,,USD 65.61,GeoRipper - Part,5100,,Finished Goods,1210,fifo,,,,,0.00,Inventory,true,true,true,false,false,true,,,
6212012000000439114,SB216 to SB215 Conversion Kit,SBCK215,,,,,false,,,Kit to convert a SiBore SB216 to SB215,USD 1299.99,SiBore Drill - Parts,4300,0.00,0.00,0.00,0.00,in,lb,,true,,goods,2,,,Active,Kit,,USD 450.87,SiBore Drill - Part,5300,,Finished Goods,1210,fifo,,,,,0.00,Inventory,true,true,true,false,false,true,,,
6212012000000440296,"20"" Digging Chain Bulk Pack - 25 Box / 50 chains",MT4502-25,810075760453,22A,810075760453,,false,GeoRipper,MiniTrencher,,USD 13000.00,GeoRipper - Parts,4100,225.00,32.00,15.00,20.00,,,,true,,goods,2,,,Inactive,Case,,USD 1255.56,GeoRipper - Part,5100,,Finished Goods,1210,fifo,,,,,0.00,Inventory,true,true,true,false,false,true,,,
6212012000000440313,GR20-EK7651H-EZ-G,GR20-EK7651H-EZ,,,,,false,,,,USD 3850.00,GeoRipper - Units,4000,0.00,0.00,0.00,0.00,in,lb,,true,,goods,2,,,Inactive,Box,,USD 1413.88,Georipper - Unit,5000,,Finished Goods,1210,fifo,,,,,0.00,Inventory,true,true,true,false,false,true,,,
6212012000000440340,GR20-EK7651H-G,GR20-EK7651H-G,,,,,false,,,,USD 3450.00,GeoRipper - Units,4000,0.00,0.00,0.00,0.00,in,lb,,true,,goods,2,,,Inactive,Box,,USD 1233.83,Georipper - Unit,5000,,Finished Goods,1210,fifo,,,,,0.00,Inventory,true,true,true,false,false,true,,,
6212012000000440365,Original GeoRipper 620 Trencher,GR620,,,,,false,,,,USD 2991.45,GeoRipper - Units,4000,0.00,0.00,0.00,0.00,in,lb,,true,,goods,2,,,Inactive,ea,,USD 947.89,Georipper - Unit,5000,,Finished Goods,1210,fifo,,,,,0.00,Inventory,true,true,true,false,false,true,,,
6212012000000440390,Original GeoRipper 720 Trencher,GR720,,,,,false,,,,USD 3516.45,GeoRipper - Units,4000,0.00,0.00,0.00,0.00,in,lb,,true,,goods,2,,,Active,ea,,USD 1170.61,Georipper - Unit,5000,,Finished Goods,1210,fifo,,,,,0.00,Inventory,true,true,true,false,false,true,,,
6212012000000440415,Original GeoRipper 820 Trencher,GR820,,,,,false,,,,USD 3568.95,GeoRipper - Units,4000,0.00,0.00,0.00,0.00,in,lb,,true,,goods,2,,,Inactive,ea,,USD 1145.86,Georipper - Unit,5000,,Finished Goods,1210,fifo,,,,,0.00,Inventory,true,true,true,false,false,true,,,
6212012000000440440,Original GeoRipper 827 Trencher,GR827,,,,,false,,,,USD 4408.95,GeoRipper - Units,4000,0.00,0.00,0.00,0.00,in,lb,,true,,goods,2,,,Inactive,ea,,USD 1356.22,Georipper - Unit,5000,,Finished Goods,1210,fifo,,,,,0.00,Inventory,true,true,true,false,false,true,,,
6212012000000440467,GeoRipper 716,GR716,,,,,false,,,,USD 3148.95,GeoRipper - Units,4000,0.00,0.00,0.00,0.00,in,lb,,true,,goods,2,,,Inactive,ea,,USD 1151.03,Georipper - Unit,5000,,Finished Goods,1210,fifo,,,,,0.00,Inventory,true,true,true,false,false,true,,,
6212012000000440492,GeoRipper 816,GR816,,,,,false,,,,USD 3306.45,GeoRipper - Units,4000,0.00,0.00,0.00,0.00,in,lb,,true,,goods,2,,,Inactive,ea,,USD 1217.69,Georipper - Unit,5000,,Finished Goods,1210,fifo,,,,,0.00,Inventory,true,true,true,false,false,true,,,
6212012000000440517,GeoRipper(R)T/A H500 with EZ Kart,GRTA-H500EZ,810075760378,22A,810075760378,,false,GeoRipper,MiniTrencher,,USD 1800.00,GeoRipper - Units,4000,46.00,36.00,12.00,12.00,in,lb,,true,,goods,2,,,Inactive,EA,,USD 515.30,Georipper - Unit,5000,,Finished Goods,1210,fifo,,,,,0.00,Inventory,true,true,true,false,false,true,,,
6212012000000440616,GeoRipper(R)T/A H700 with EZ Kart,GRTA-H700EZ,81007576385,22A,81007576385,,false,GeoRipper,MiniTrencher,,USD 2520.00,GeoRipper - Units,4000,56.00,36.00,12.00,12.00,in,lb,,true,,goods,2,,,Active,EA,,USD 555.72,Georipper - Unit,5000,,Finished Goods,1210,fifo,,,,,0.00,Inventory,true,true,true,false,false,true,,,
6212012000000440713,GeoRipper(R)T/A M500 with EZ Kart,GRTA-M500EZ,810075760361,22A,810075760361,,false,GeoRipper,MiniTrencher,,USD 2205.00,GeoRipper - Units,4000,48.00,36.00,12.00,12.00,in,lb,,true,,goods,2,,,Inactive,EA,,USD 516.49,Georipper - Unit,5000,,Finished Goods,1210,fifo,,,,,0.00,Inventory,true,true,true,false,false,true,,,
6212012000000440812,GeoRipper(R)T/A M700 with EZ Kart,GRTA-M700EZ,810075760408,22A,870075760408,,true,GeoRipper,MiniTrencher,,USD 2520.00,GeoRipper - Units,4000,55.00,36.00,12.00,12.00,in,lb,,true,,goods,2,,,Active,EA,,USD 542.98,Georipper - Unit,5000,,Finished Goods,1210,fifo,,,,,2.00,Inventory,true,true,true,false,false,true,,,
6212012000000440907,GeoRipper(R)T/A MX500 with EZ Kart,GRTA-MX500EZ,810075760712,23A,810075760712,,false,GeoRipper,MiniTrencher,,USD 1900.00,GeoRipper - Units,4000,33.00,30.00,12.00,6.00,in,lb,,true,,goods,2,,,Active,EA,,USD 568.56,Georipper - Unit,5000,,Finished Goods,1210,fifo,,,,,1.00,Inventory,true,true,true,false,false,true,,,
6212012000000441006,GeoRipper(R)T/A S700 W/EZ,GRTA-S700,810075760705,22A,81075760705,,false,GeoRipper,MiniTrencher,,USD 2200.00,GeoRipper - Units,4000,42.00,36.00,12.00,6.00,in,lb,,true,,goods,2,,,Active,EA,,USD 532.51,Georipper - Unit,5000,,Finished Goods,1210,fifo,,,,,0.00,Inventory,true,true,true,false,false,true,,,
6212012000000441111,GeoRipper(R)T/A S700 with EZ Kart,GRTA-S700EZ,810075760385,22A,810075760385,,false,GeoRipper,MiniTrencher,,USD 2625.00,GeoRipper - Units,4000,56.00,36.00,12.00,12.00,in,lb,,true,,goods,2,,,Active,EA,,USD 553.92,Georipper - Unit,5000,,Finished Goods,1210,fifo,,,,,0.00,Inventory,true,true,true,false,false,true,,,
6212012000000441216,"27"" Digging Chain Bulk Pack - 25 Box / 50 chains",MT4702-25,810075760484,22A,810075760484,,false,GeoRipper,MiniTrencher,,USD 14893.56,GeoRipper - Parts,4100,325.00,32.00,15.00,20.00,,,,true,,goods,2,,,Inactive,Case,,USD 1752.56,GeoRipper - Part,5100,,Finished Goods,1210,fifo,,,,,0.00,Inventory,true,true,true,false,false,true,,,
6212012000000441233,GeoRipper(R)T/A E700 with EZ Kart,GRTA-E700EZ,810075760385,22A,810075760385,,false,GeoRipper,MiniTrencher,,USD 2625.00,GeoRipper - Units,4000,56.00,36.00,12.00,12.00,in,lb,,true,,goods,2,,,Active,EA,,USD 546.42,Georipper - Unit,5000,,Finished Goods,1210,fifo,,,,,1.00,Inventory,true,true,true,false,false,true,,,
6212012000000441334,"SiBore / GeoRipper e/B Combo Kit w/ Makita 40V XGT Motor 16""/216e",SBGR-4216e,,,,,false,,,,USD 4800.00,SiBore Drill - Units,4200,0.00,0.00,0.00,0.00,,,,true,,goods,2,,,Inactive,EA,,USD 1735.29,SiBore Drill - Unit,5200,,Finished Goods,1210,fifo,,,,,0.00,Inventory,true,true,true,false,false,true,,,
6212012000000441371,"SiBore / GeoRipper e/B Combo Kit w/ Makita 40V XGT Motor 16""/431e",SBGR-4431e,,,,,false,,,,USD 5700.00,SiBore Drill - Units,4200,0.00,0.00,0.00,0.00,,,,true,,goods,2,,,Inactive,EA,,USD 2180.16,SiBore Drill - Unit,5200,,Finished Goods,1210,fifo,,,,,0.00,Inventory,true,true,true,false,false,true,,,
6212012000000441416,"SiBore / GeoRipper e/B Combo Kit w/ Makita 40V XGT Motor 16""/215e",SBGR-4215e,,,,,false,,,,USD 5000.00,SiBore Drill - Units,4200,0.00,0.00,0.00,0.00,,,,true,,goods,2,,,Inactive,EA,,USD 1801.57,SiBore Drill - Unit,5200,,Finished Goods,1210,fifo,,,,,0.00,Inventory,true,true,true,false,false,true,,,
6212012000000441554,GeoRipper(R)T/A E500 with EZ Kart,GRTA-E500EZ,810075760729,23A,810075760729,,false,GeoRipper,MiniTrencher,,USD 1800.00,GeoRipper - Units,4000,48.00,36.00,12.00,12.00,in,lb,,true,,goods,2,,,Active,EA,,USD 507.59,Georipper - Unit,5000,,Finished Goods,1210,fifo,,,,,0.00,Inventory,true,true,true,false,false,true,,,
6212012000000444526,GeoRipper 616,GR616,,,,,false,,,,USD 2791.45,GeoRipper - Units,4000,0.00,0.00,0.00,0.00,in,lb,,true,,goods,2,,,Inactive,ea,,USD 936.67,Georipper - Unit,5000,,Finished Goods,1210,fifo,,,,,0.00,Inventory,true,true,true,false,false,true,,,
6212012000000444551,GeoRipper(R)T/A H500 W/EZ,GRTA-H500,810076760668,22A,810076750668,,false,GeoRipper,MiniTrencher,,USD 1800.00,GeoRipper - Units,4000,32.00,30.00,12.00,6.00,in,lb,,true,,goods,2,,,Active,EA,,USD 480.39,Georipper - Unit,5000,,Finished Goods,1210,fifo,,,,,0.00,Inventory,true,true,true,false,false,true,,,
6212012000000444592,GeoRipper(R)T/A H700 W/EZ,GRTA-H700,810075760699,22A,810075760699,,false,GeoRipper,MiniTrencher,,USD 2100.00,GeoRipper - Units,4000,38.00,36.00,12.00,6.00,in,lb,,true,,goods,2,,,Active,EA,,USD 530.99,Georipper - Unit,5000,,Finished Goods,1210,fifo,,,,,0.00,Inventory,true,true,true,false,false,true,,,
6212012000000444691,GeoRipper(R)T/A M500 W/EZ,GRTA-M500,810075760651,22A,810075760651,,false,GeoRipper,MiniTrencher,,USD 2100.00,GeoRipper - Units,4000,34.00,30.00,12.00,6.00,in,lb,,true,,goods,2,,,Inactive,EA,,USD 493.59,Georipper - Unit,5000,,Finished Goods,1210,fifo,,,,,0.00,Inventory,true,true,true,false,false,true,,,
6212012000000444788,GeoRipper(R)T/A M700 W/EZ,GRTA-M700,810075760682,22A,810075760682,,false,GeoRipper,MiniTrencher,,USD 2100.00,GeoRipper - Units,4000,41.00,36.00,12.00,6.00,in,lb,,true,,goods,2,,,Inactive,EA,,USD 352.78,Georipper - Unit,5000,,Finished Goods,1210,fifo,,,,,0.00,Inventory,true,true,true,false,false,true,,,
6212012000000444881,The GeoRipper 16,GR416,,,,,true,,MiniTrencher,,USD 1999.99,GeoRipper - Units,4000,65.00,32.00,15.00,20.00,in,lb,,true,,goods,2,,,Active,Kit,,USD 556.45,Georipper - Unit,5000,,Finished Goods,1210,fifo,,,,,10.00,Inventory,true,true,true,false,false,true,,,
6212012000000444914,"(2) 16""[400mm] Max Digging Depth Chain",MT4400-2,,,,,false,,,"DO NOT USE THIS SKU
A pack of (2) chains",USD 180.00,GeoRipper - Parts,4100,0.00,0.00,0.00,0.00,in,lb,,true,,goods,2,,,Inactive,Box,,USD 43.08,GeoRipper - Part,5100,,Finished Goods,1210,fifo,,,,,0.00,Inventory,true,true,true,false,false,true,,,
6212012000000444931,"(2) 20""[500mm] Max Digging Depth Chain",MT4500-2,,,,,false,,,"DO NOT USE THIS SKU
A pack of (2) chains",USD 225.00,GeoRipper - Parts,4100,0.00,0.00,0.00,0.00,in,lb,,true,,goods,2,,,Inactive,Box,,USD 48.52,GeoRipper - Part,5100,,Finished Goods,1210,fifo,,,,,0.00,Inventory,true,true,true,false,false,true,,,
6212012000000444948,"(6) 16""[400mm] Max Digging Depth Chain",MT4400-6,,,,,false,,,"DO NOT USE THIS SKU
A pack of (6) chains",USD 480.00,GeoRipper - Parts,4100,0.00,0.00,0.00,0.00,in,lb,,true,,goods,2,,,Inactive,Box,,USD 129.24,GeoRipper - Part,5100,,Finished Goods,1210,fifo,,,,,0.00,Inventory,true,true,true,false,false,true,,,
6212012000000444965,"(6) 20""[500mm] Max Digging Depth Chain",MT4500-6,,,,,false,,,"DO NOT USE THIS SKU
A pack of (6) chains",USD 600.00,GeoRipper - Parts,4100,0.00,0.00,0.00,0.00,in,lb,,true,,goods,2,,,Inactive,Box,,USD 145.56,GeoRipper - Part,5100,,Finished Goods,1210,fifo,,,,,0.00,Inventory,true,true,true,false,false,true,,,
6212012000000444982,"(6) 27""[700mm] Max Digging Depth Chain",MT4700-6,,,,,false,,,"DO NOT USE THIS SKU
A pack of (6) chains",USD 720.00,GeoRipper - Parts,4100,0.00,0.00,0.00,0.00,in,lb,,true,,goods,2,,,Inactive,Box,,USD 193.80,GeoRipper - Part,5100,,Finished Goods,1210,fifo,,,,,0.00,Inventory,true,true,true,false,false,true,,,
6212012000000444999,"(24) 16""[400mm] Max Digging Depth Chain",MT4400-24,,,,,false,,,"DO NOT USE THIS SKU
A pack of (24) chains",USD 1800.00,GeoRipper - Parts,4100,0.00,0.00,0.00,0.00,in,lb,,true,,goods,2,,,Inactive,Box,,USD 516.96,GeoRipper - Part,5100,,Finished Goods,1210,fifo,,,,,0.00,Inventory,true,true,true,false,false,true,,,
6212012000000445014,"(24) 20""[500mm] Max Digging Depth Chain",MT4500-24,,,,,false,,,"DO NOT USE THIS SKU
A pack of (24) chains",USD 2250.00,GeoRipper - Parts,4100,0.00,0.00,0.00,0.00,in,lb,,true,,goods,2,,,Inactive,Box,,USD 582.24,GeoRipper - Part,5100,,Finished Goods,1210,fifo,,,,,0.00,Inventory,true,true,true,false,false,true,,,
6212012000000445029,"(24) 27""[700mm] Max Digging Depth Chain",MT4700-24,,,,,false,,,"DO NOT USE THIS SKU
A pack of (24) chains",USD 2700.00,GeoRipper - Parts,4100,0.00,0.00,0.00,0.00,in,lb,,true,,goods,2,,,Inactive,Box,,USD 775.20,GeoRipper - Part,5100,,Finished Goods,1210,fifo,,,,,0.00,Inventory,true,true,true,false,false,true,,,
6212012000000445044,GeoRipper(R)T/A H500 W/O EZ Kart,GRTA-H500-NOEZ,810075760378,22A,810075760378,,false,GeoRipper,MiniTrencher,,USD 1500.00,GeoRipper - Units,4000,32.00,30.00,12.00,6.00,in,lb,,true,,goods,2,,,Active,EA,,USD 319.28,Georipper - Unit,5000,,Finished Goods,1210,fifo,,,,,0.00,Inventory,true,true,true,false,false,true,,,
6212012000000445143,GeoRipper(R)T/A H700 W/O EZ Kart,GRTA-H700-NOEZ,810075760392,22A,810075760392,,false,GeoRipper,MiniTrencher,,USD 1800.00,GeoRipper - Units,4000,38.00,36.00,12.00,6.00,in,lb,,true,,goods,2,,,Active,EA,,USD 337.60,Georipper - Unit,5000,,Finished Goods,1210,fifo,,,,,0.00,Inventory,true,true,true,false,false,true,,,
6212012000000445238,GeoRipper(R)T/A E400 W/O EZ Kart,GRTA-E400-NOEZ,810075761276,23A,810075761276,,false,GeoRipper,MiniTrencher,,USD 1400.00,GeoRipper - Units,4000,48.00,36.00,12.00,12.00,in,lb,,true,,goods,2,,,Active,EA,,USD 293.85,Georipper - Unit,5000,,Finished Goods,1210,fifo,,,,,0.00,Inventory,true,true,true,false,false,true,,,
6212012000000445329,GeoRipper(R)T/A E700 W/O EZ Kart,GRTA-E700-NOEZ,810075760736,22A,810075760736,,false,GeoRipper,MiniTrencher,,USD 1800.00,GeoRipper - Units,4000,56.00,36.00,12.00,12.00,in,lb,,true,,goods,2,,,Active,EA,,USD 333.81,Georipper - Unit,5000,,Finished Goods,1210,fifo,,,,,0.00,Inventory,true,true,true,false,false,true,,,
6212012000000445418,GeoRipper(R)T/A MX500 W/O EZ Kart,GRTA-MX500-NOEZ,810075760712,,810075760712,,false,,,,USD 1600.00,GeoRipper - Units,4000,0.00,0.00,0.00,0.00,in,lb,,true,,goods,2,,,Active,EA,,USD 367.18,Georipper - Unit,5000,,Finished Goods,1210,fifo,,,,,0.00,Inventory,true,true,true,false,false,true,,,
6212012000000445517,GeoRipper(R)T/A S500 W/O EZ Kart,GRTA-S500-NOEZ,810075760354,22A,810075760354,,false,GeoRipper,MiniTrencher,,USD 1600.00,GeoRipper - Units,4000,36.00,30.00,12.00,6.00,in,lb,,true,,goods,2,,,Active,EA,,USD 313.06,Georipper - Unit,5000,,Finished Goods,1210,fifo,,,,,-4.00,Inventory,true,true,true,false,false,true,,,
6212012000000445622,GeoRipper(R)T/A S700 W/O EZ Kart,GRTA-S700-NOEZ,810075760385,22A,810075760385,,false,GeoRipper,MiniTrencher,,USD 1900.00,GeoRipper - Units,4000,36.00,30.00,12.00,6.00,in,lb,,true,,goods,2,,,Active,EA,,USD 339.12,Georipper - Unit,5000,,Finished Goods,1210,fifo,,,,,0.00,Inventory,true,true,true,false,false,true,,,
6212012000000445727,GeoRipper(R)T/A E400 W/ EZ Kart,GRTA-E400,810075761276,23A,810075761276,,false,GeoRipper,MiniTrencher,,USD 1700.00,GeoRipper - Units,4000,48.00,36.00,12.00,12.00,in,lb,,true,,goods,2,,,Active,EA,,USD 488.72,Georipper - Unit,5000,,Finished Goods,1210,fifo,,,,,0.00,Inventory,true,true,true,false,false,true,,,
6212012000000445824,GeoRipper(R)T/A S400 W/ EZ Kart,GRTA-S400,810075761252,22A,810075761252,,false,GeoRipper,MiniTrencher,,USD 1800.00,GeoRipper - Units,4000,36.00,30.00,12.00,6.00,in,lb,,true,,goods,2,,,Active,EA,,USD 492.97,Georipper - Unit,5000,,Finished Goods,1210,fifo,,,,,0.00,Inventory,true,true,true,false,false,true,,,
6212012000000445931,The GeoRipper 20,GR520,,,,,true,,MiniTrencher,,USD 2499.99,GeoRipper - Units,4000,55.00,32.00,15.00,20.00,in,lb,,true,,goods,2,,,Active,Kit,,USD 571.41,Georipper - Unit,5000,,Finished Goods,1210,fifo,,,,,1.00,Inventory,true,true,true,false,false,true,,,
6212012000000445964,The GeoRipper 27,GR727-NOEZ,,,,,false,,MiniTrencher,,USD 2599.99,GeoRipper - Units,4000,65.00,32.00,15.00,20.00,in,lb,,true,,goods,2,,,Active,Kit,,USD 595.99,Georipper - Unit,5000,,Finished Goods,1210,fifo,,,,,2.00,Inventory,true,true,true,false,false,true,,,
6212012000000445997,The GeoRipper 27 Includes EZ Kart,GR727,,,,,true,,Makita USA,,USD 2799.99,GeoRipper - Units,4000,70.00,36.00,15.00,25.00,in,lb,,true,,goods,2,,,Active,Kit,,USD 794.47,Georipper - Unit,5000,,Finished Goods,1210,fifo,,,,,0.00,Inventory,true,true,true,false,false,true,,,
6212012000000446032,GeoRipper(R)T/A M700 NOEZ,GRTA-M700-NOEZ,810075760682,22A,810075760682,,false,GeoRipper,MiniTrencher,,USD 1800.00,GeoRipper - Units,4000,41.00,36.00,12.00,6.00,in,lb,,true,,goods,2,,,Inactive,EA,,USD 322.35,Georipper - Unit,5000,,Finished Goods,1210,fifo,,,,,0.00,Inventory,true,true,true,false,false,true,,,
6212012000000446123,GeoRipper e/B 400 GW,GREB400-GW,,,,,false,,,,USD 2999.00,GeoRipper - Parts,4100,0.00,0.00,0.00,0.00,in,lb,,true,,goods,2,,,Active,EA,,USD 1013.06,GeoRipper - Part,5100,,Finished Goods,1210,fifo,,,,,0.00,Inventory,true,true,true,false,false,true,,,
6212012000000446210,GeoRipper e/B 500 GW,GREB500-GW,,,,,true,,,,USD 3200.00,GeoRipper - Parts,4100,0.00,0.00,0.00,0.00,in,lb,,true,,goods,2,,,Active,EA,,USD 1029.89,GeoRipper - Part,5100,,Finished Goods,1210,fifo,,,,,8.00,Inventory,true,true,true,false,false,true,,,
6212012000000446297,The GeoRipper 20 w/ EZ Kart,GR520EZ,,,,,false,,Makita USA,,USD 2999.00,GeoRipper - Units,4000,70.00,36.00,15.00,25.00,in,lb,,true,,goods,2,,,Active,Kit,,USD 759.08,Georipper - Unit,5000,,Finished Goods,1210,fifo,,,,,0.00,Inventory,true,true,true,false,false,true,,,
6212012000000446332,GeoRipper e/B GW,GREB-GW00,,,,,false,,,"Converted Motor - No Bar, No Chains",USD 1783.33,GeoRipper - Parts,4100,0.00,0.00,0.00,0.00,in,lb,,true,,goods,2,,,Active,EA,,USD 879.87,GeoRipper - Part,5100,,Finished Goods,1210,fifo,,,,,0.00,Inventory,true,true,true,false,false,true,,,
6212012000000447067,GeoRipper(R)T/A H400 W/O EZ Kart,GRTA-H400-NOEZ,810075761238,22A,810075761238,,false,GeoRipper,MiniTrencher,,USD 1400.00,GeoRipper - Units,4000,46.00,30.00,11.00,6.00,in,lb,,true,,goods,2,,,Active,EA,,USD 303.48,Georipper - Unit,5000,,Finished Goods,1210,fifo,,,,,0.00,Inventory,true,true,true,false,false,true,,,
6212012000000447166,GeoRipper(R)T/A E500 W/O EZ Kart,GRTA-E500-NOEZ,810075760729,23A,810075760729,,false,GeoRipper,MiniTrencher,,USD 1500.00,GeoRipper - Units,4000,48.00,36.00,12.00,12.00,in,lb,,true,,goods,2,,,Active,EA,,USD 308.81,Georipper - Unit,5000,,Finished Goods,1210,fifo,,,,,0.00,Inventory,true,true,true,false,false,true,,,
6212012000000447257,GeoRipper(R)T/A MX400 W/O EZ Kart,GRTA-MX400-NOEZ,810075761290,,810075761290,,false,,,,USD 1500.00,GeoRipper - Units,4000,0.00,0.00,0.00,0.00,in,lb,,true,,goods,2,,,Active,EA,,USD 352.22,Georipper - Unit,5000,,Finished Goods,1210,fifo,,,,,1.00,Inventory,true,true,true,false,false,true,,,
6212012000000447352,GeoRipper(R)T/A S400 W/O EZ Kart,GRTA-S400-NOEZ,810075761252,22A,810075761252,,false,GeoRipper,MiniTrencher,,USD 1500.00,GeoRipper - Units,4000,36.00,30.00,12.00,6.00,in,lb,,true,,goods,2,,,Active,EA,,USD 298.10,Georipper - Unit,5000,,Finished Goods,1210,fifo,,,,,0.00,Inventory,true,true,true,false,false,true,,,
6212012000000447457,GeoRipper(R)T/A MX400 with EZ Kart,GRTA-MX400,810075760712,23A,810075760712,,false,GeoRipper,MiniTrencher,,USD 1800.00,GeoRipper - Units,4000,33.00,30.00,12.00,6.00,in,lb,,true,,goods,2,,,Active,EA,,USD 547.09,Georipper - Unit,5000,,Finished Goods,1210,fifo,,,,,0.00,Inventory,true,true,true,false,false,true,,,
6212012000000447556,GeoRipper e/B 500 for Greenworks - Kit,GREB500-GW-NM,,,,,false,,,,USD 905.90,GeoRipper - Parts,4100,0.00,0.00,0.00,0.00,in,lb,,true,,goods,2,,,Active,Kit,,USD 207.60,GeoRipper - Part,5100,,Finished Goods,1210,fifo,,,,,0.00,Inventory,true,true,true,false,false,true,,,
6212012000000447617,GeoRipper e/B 500 for Makita 40V XGT Motor - Kit,GREB500-MAK-NM,,,,,false,,,,USD 2100.00,GeoRipper - Parts,4100,0.00,0.00,0.00,0.00,in,lb,,true,,goods,2,,,Inactive,EA,,USD 248.04,GeoRipper - Part,5100,,Finished Goods,1210,fifo,,,,,0.00,Inventory,true,true,true,false,false,true,,,
6212012000000447678,GeoRipper e/B 400 for Greenworks - Kit,GREB400-GW-NM,,,,,false,,,,USD 800.00,GeoRipper - Parts,4100,0.00,0.00,0.00,0.00,in,lb,,true,,goods,2,,,Active,Kit,,USD 250.97,GeoRipper - Part,5100,,Finished Goods,1210,fifo,,,,,0.00,Inventory,true,true,true,false,false,true,,,
6212012000000447858,"SiBore / GeoRipper e/B Combo Kit w/ Makita 40V XGT Motor 20""/215e",SBGR-5215e,,,,,false,,,,USD 5200.00,SiBore Drill - Units,4200,0.00,0.00,0.00,0.00,in,lb,,true,,goods,2,,,Inactive,EA,,USD 1834.54,SiBore Drill - Unit,5200,,Finished Goods,1210,fifo,,,,,0.00,Inventory,true,true,true,false,false,true,,,
6212012000000447893,"SiBore / GeoRipper e/B Combo Kit w/ Makita 40V XGT Motor 20""/216e",SBGR-5216e,,,,,false,,,,USD 4800.00,SiBore Drill - Units,4200,0.00,0.00,0.00,0.00,in,lb,,true,,goods,2,,,Inactive,EA,,USD 1748.01,SiBore Drill - Unit,5200,,Finished Goods,1210,fifo,,,,,0.00,Inventory,true,true,true,false,false,true,,,
6212012000000447930,"SiBore / GeoRipper e/B Combo Kit w/ Makita 40V XGT Motor 20""/431e",SBGR-5431e,,,,,false,,,,USD 5900.00,SiBore Drill - Units,4200,0.00,0.00,0.00,0.00,in,lb,,true,,goods,2,,,Inactive,EA,,USD 2192.88,SiBore Drill - Unit,5200,,Finished Goods,1210,fifo,,,,,0.00,Inventory,true,true,true,false,false,true,,,
6212012000000678053,Bright Green Powder Coat,MT3000P,,,,,true,,,,USD 40.00,GeoRipper - Parts,4100,0.00,0.00,0.00,0.00,in,lb,,true,,goods,1,,,Active,lb,Pounds,USD 16.00,GeoRipper - Part,5100,,Finished Goods,1210,fifo,,,,,175.00,Inventory,true,true,true,false,false,false,,,
6212012000000678094,GeoRipper T/A Owner's Manual,GR-LIT-OMTA,,,,,true,,,,USD 5.00,GeoRipper - Parts,4100,0.00,0.00,0.00,0.00,in,lb,,true,,goods,1,,,Inactive,EA,,USD 0.00,GeoRipper - Part,5100,,Finished Goods,1210,fifo,,,,,0.00,Inventory,true,true,true,false,false,false,,,
6212012000000793664,Customer AR Adjustment,ADJUST,,,,,false,,,Used only for AR balance adjustments. Does not affect inventory,USD 1.00,General Income,,0.00,0.00,0.00,0.00,,,,true,,service,1,,,Active,,,USD 0.00,,,,,,,,,,,,Sales,true,false,false,false,false,false,,,
6212012000001913099,SPINDLE - GGD01,327C19-5,,,,,false,,,Makita Earth Auger Part,USD 24.87,SiBore Drill - Parts,4300,0.00,0.00,0.00,0.00,,,,true,,goods,1,,,Active,EA,,USD 9.35,SiBore Drill - Part,5300,Makita Earth Auger Part,Finished Goods,1210,fifo,,,,,70.00,Inventory,true,true,true,false,false,false,,,
6212012000001913110,BEARING RETAINER 32-43 CPL - GGD01,141S89-4,,,,,false,,,Makita Earth Auger Part,USD 13.17,SiBore Drill - Parts,4300,0.00,0.00,0.00,0.00,,,,true,,goods,1,,,Active,EA,,USD 4.95,SiBore Drill - Part,5300,Makita Earth Auger Part,Finished Goods,1210,fifo,,,,,71.00,Inventory,true,true,true,false,false,false,,,
6212012000002055001,Shock Spring Assembly,MT7208-2-4,,,,,true,,,"Assembly of parts MT7208-2, 3, & 4",USD 23.00,GeoRipper - Parts,4100,0.00,0.00,0.00,0.00,in,lb,,true,,goods,1,,,Active,KIT,,USD 6.00,GeoRipper - Part,5100,"Assembly of parts MT7208-2, 3, & 4",Finished Goods,1210,fifo,,,,,26.00,Inventory,true,true,true,false,false,true,,,
6212012000002055020,Fuel Switch Assembly,MT7208-5-7,,,,,true,,,"Assembly of parts MT7208-5, 6 & 7",USD 30.48,GeoRipper - Parts,4100,0.00,0.00,0.00,0.00,in,lb,,true,,goods,1,,,Active,KIT,,USD 12.00,GeoRipper - Part,5100,"Assembly of parts MT7208-5, 6 & 7",Finished Goods,1210,fifo,,,,,0.00,Inventory,true,true,true,false,false,true,,,
6212012000002429090,Plug Cap EK7651H,424105-6,,,,,false,,,,USD 7.81,Sales,,0.00,0.00,0.00,0.00,,,,true,,goods,1,,,Active,EA,,USD 0.00,,,,,,,,,,,,Sales,true,false,false,false,false,false,,,
6212012000002429439,SUCTION PIPE EK6101,424777-7,,,,,false,,,,USD 5.22,Sales,,0.00,0.00,0.00,0.00,,,,true,,goods,1,,,Active,EA,,USD 0.00,,,,,,,,,,,,Sales,true,false,false,false,false,false,,,
6212012000002449585,GeoRipper Brown Hat,GR-BNHAT,,,,,false,,,,USD 0.00,Merch,4400,0.00,0.00,0.00,0.00,in,lb,,true,,goods,1,,,Active,EA,,USD 0.00,,,,,,,,,,,,Sales,true,false,false,false,false,false,,,
6212012000002449596,GeoRipper Black Hat,GR-BLHAT,,,,,false,,,,USD 0.00,Merch,4400,0.00,0.00,0.00,0.00,in,lb,,true,,goods,1,,,Active,EA,,USD 0.00,,,,,,,,,,,,Sales,true,false,false,false,false,false,,,
6212012000002449607,SiBore Drill Black Hat,SB-BLHAT,,,,,false,,,,USD 0.00,Merch,4400,0.00,0.00,0.00,0.00,in,lb,,true,,goods,1,,,Active,EA,,USD 0.00,,,,,,,,,,,,Sales,true,false,false,false,false,false,,,
6212012000002449618,SiBore Drill Brown Hat,SB-BNHAT,,,,,false,,,,USD 0.00,Merch,4400,0.00,0.00,0.00,0.00,in,lb,,true,,goods,1,,,Active,EA,,USD 0.00,,,,,,,,,,,,Sales,true,false,false,false,false,false,,,
6212012000002449629,MiniTrencher Black Hat,MT-BLHAT,,,,,false,,,,USD 0.00,Merch,4400,0.00,0.00,0.00,0.00,in,lb,,true,,goods,1,,,Active,EA,,USD 0.00,,,,,,,,,,,,Sales,true,false,false,false,false,false,,,
6212012000002449640,MiniTrencher Brown Hat,MT-BNHAT,,,,,false,,,,USD 0.00,Merch,4400,0.00,0.00,0.00,0.00,in,lb,,true,,goods,1,,,Active,EA,,USD 0.00,,,,,,,,,,,,Sales,true,false,false,false,false,false,,,
6212012000002454726,TORX HEAD SCREW M5X16,251577-0,,,,,false,,,,USD 0.00,Sales,,0.00,0.00,0.00,0.00,,,,true,,goods,1,,,Active,EA,,USD 0.00,,,,,,,,,,,,Sales,true,false,false,false,false,false,,,
6212012000003166800,"PISTON RING, EA7900",257381-5,,,,,true,,,EK8100 Piston Ring,USD 22.89,GeoRipper - Parts,4100,0.00,0.00,0.00,0.00,in,lb,,true,,goods,1,,,Active,EA,,USD 16.59,GeoRipper - Part,5100,,Finished Goods,1210,fifo,,,,,1.00,Inventory,true,true,true,false,false,false,,,
6212012000004117807,M-Clips - No Plates,GR4.4x,,,,,true,,,,USD 0.67,GeoRipper - Parts,4100,0.00,0.00,0.00,0.00,in,lb,,true,,goods,1,,,Inactive,EA,,USD 0.25,GeoRipper - Part,5100,,Finished Goods,1210,fifo,,,,,2218.00,Inventory,true,true,true,false,false,false,,,
6212012000004273001,36x10x4 Box - Uline,MT361004,,,,,true,,ULine,Shipping Box,USD 8.00,GeoRipper - Parts,4100,0.00,0.00,0.00,0.00,in,lb,,true,,goods,1,,,Active,EA,,USD 2.62,GeoRipper - Part,5100,,Finished Goods,1210,fifo,,,,,31.00,Inventory,true,true,true,false,false,false,,,
6212012000004273050,Muffler - EK8101,161338-9,,,,,true,,Makita USA,,USD 110.25,GeoRipper - Parts,4100,0.00,0.00,0.00,0.00,in,lb,,true,,goods,1,,,Active,EA,,USD 41.29,GeoRipper - Part,5100,,Finished Goods,1210,fifo,,"Makita USA, Inc.",,,1.00,Inventory,true,true,true,false,false,false,,,
6212012000004277715,Dirt Deflector Sticker - CE Warning,GS17,,,,,true,,,,USD 1.50,GeoRipper - Parts,4100,0.00,0.00,0.00,0.00,in,lb,,true,,goods,1,,,Inactive,EA,,USD 0.475,GeoRipper - Part,5100,,Finished Goods,1210,fifo,,,,,687.00,Inventory,true,true,true,false,false,false,,,
6212012000004277778,Clutch Cover Sticker,GS18,,,,,true,,,,USD 1.00,GeoRipper - Parts,4100,0.00,0.00,0.00,0.00,in,lb,,true,,goods,1,,,Active,EA,,USD 0.30,GeoRipper - Part,5100,,Finished Goods,1210,fifo,,,,,826.00,Inventory,true,true,true,false,false,false,,,
6212012000004277851,"SiBore Drill Sticker - ""Pull Straight Back""",SBS20,,,,,true,,,,USD 1.00,SiBore Drill - Parts,4300,0.00,0.00,0.00,0.00,in,lb,,true,,goods,1,,,Active,EA,,USD 0.33,SiBore Drill - Part,5300,,Finished Goods,1210,fifo,,,,,915.00,Inventory,true,true,true,false,false,false,,,
6212012000004277924,"SiBore Drill Sticker - ""Back Ream Often""",SBS21,,,,,true,,,,USD 1.00,GeoRipper - Parts,4100,0.00,0.00,0.00,0.00,in,lb,,true,,goods,1,,,Active,EA,,USD 0.33,GeoRipper - Part,5100,,Finished Goods,1210,fifo,,,,,893.00,Inventory,true,true,true,false,false,false,,,
6212012000004277955,SiBore Drill Sticker - Patent Sticker,SBS22,,,,,true,,,,USD 1.75,SiBore Drill - Parts,4300,0.00,0.00,0.00,0.00,in,lb,,true,,goods,1,,,Active,EA,,USD 0.57,SiBore Drill - Part,5300,,Finished Goods,1210,fifo,,,,,474.00,Inventory,true,true,true,false,false,false,,,
6212012000004273099,Greenworks Assembly #24 - Cutting arm,R020473-00,,,,,true,,,,USD 114.99,GeoRipper - Parts,4100,0.00,0.00,0.00,0.00,in,lb,,true,,goods,1,,,Active,EA,,USD 44.99,GeoRipper - Part,5100,,Finished Goods,1210,fifo,,,,,6.00,Inventory,true,true,true,false,false,false,,,
6212012000005655773,"TANK CPL., EK7651H",140774-2,,,,,true,,,EK7651H Fuel Tank,USD 72.07,GeoRipper - Parts,4100,0.00,0.00,0.00,0.00,in,lb,,true,,goods,1,,,Active,EA,,USD 43.65,GeoRipper - Part,5100,,Finished Goods,1210,fifo,,,,,1.00,Inventory,true,true,true,false,false,false,,,
6212012000005655820,"TAPPING SCREW TORX 5.5X20, EK7651H",266475-5,,,,,true,,,,USD 2.07,GeoRipper - Parts,4100,0.00,0.00,0.00,0.00,in,lb,,true,,goods,1,,,Active,EA,,USD 1.40,GeoRipper - Part,5100,,Finished Goods,1210,fifo,,,,,1.00,Inventory,true,true,true,false,false,false,,,
6212012000006382018,"NIPPLE, EK6101",456299-9,,,,,true,,,,USD 3.20,GeoRipper - Parts,4100,0.00,0.00,0.00,0.00,in,lb,,true,,goods,1,,,Active,EA,,USD 1.91,GeoRipper - Part,5100,,Finished Goods,1210,fifo,,,,,1.00,Inventory,true,true,true,false,false,false,,,Inventory
6212012000006382057,"O‑RING 21X3, EK6101",213827-1,,,,,true,,,,USD 2.35,GeoRipper - Parts,4100,0.00,0.00,0.00,0.00,in,lb,,true,,goods,1,,,Active,EA,,USD 1.40,GeoRipper - Part,5100,,Finished Goods,1210,fifo,,,,,1.00,Inventory,true,true,true,false,false,false,,,Inventory
6212012000006382176,"FUEL LINE, EK7301",424723-0,,,,,true,,,,USD 27.87,GeoRipper - Parts,4100,0.00,0.00,0.00,0.00,in,lb,,true,,goods,1,,,Active,EA,,USD 16.59,GeoRipper - Part,5100,,Finished Goods,1210,fifo,,,,,0.00,Inventory,true,true,true,false,false,false,,,Inventory
6212012000006382189,"INNER FILTER, EK7301",424705-2,,,,,true,,,,USD 11.24,GeoRipper - Parts,4100,0.00,0.00,0.00,0.00,in,lb,,true,,goods,1,,,Active,EA,,USD 6.69,GeoRipper - Part,5100,,Finished Goods,1210,fifo,,,,,0.00,Inventory,true,true,true,false,false,false,,,Inventory
6212012000006382202,"PACKING RING, EK8100",424697-5,,,,,true,,,,USD 3.21,GeoRipper - Parts,4100,0.00,0.00,0.00,0.00,in,lb,,true,,goods,1,,,Active,EA,,USD 1.91,GeoRipper - Part,5100,,Finished Goods,1210,fifo,,,,,1.00,Inventory,true,true,true,false,false,false,,,Inventory
6212012000006489037,M8-1.25 X 40 UNC HEX CAP SCREW ZP,MT0840,,,,,true,,,,USD 0.85,SiBore Drill - Parts,4300,0.00,0.00,0.00,0.00,in,lb,,true,,goods,1,,,Active,EA,,USD 0.3662,SiBore Drill - Part,5300,"M8-1.25 X 40 UNC HEX CAP SCREW GRADE 10.9 PARTIAL THREAD
ZINC PLATED
.8C40HCS1Z/PT",Finished Goods,1210,fifo,50.00,Vancouver Bolt and Supply Inc.,,,172.00,Inventory,true,true,true,false,false,false,,,Inventory
6212012000007920607,Dirt Deflector Warning Sticker,GRS17,,,,,true,,,,USD 0.05,GeoRipper - Parts,4100,0.00,0.00,0.00,0.00,in,lb,,true,,goods,1,,,Active,EA,,USD 0.23,GeoRipper - Part,5100,,Finished Goods,1210,fifo,,,,,1014.00,Inventory,true,true,true,false,false,false,,,Literature
6212012000009182080,"GeoRipper Banner 24"" x 48""",GR-LIT-BAN,,,,,true,,,All Product,USD 20.00,GeoRipper - Parts,4100,0.00,24.00,48.00,0.10,in,lb,,true,,goods,1,,,Active,EA,,USD 10.00,GeoRipper - Part,5100,,Finished Goods,1210,fifo,,,,,26.00,Inventory,true,true,true,false,false,false,,,Literature
6212012000011278523,720 R.I.P. KIT,MTRIP720,,,,,false,,,,USD 714.99,Sales,,0.00,0.00,0.00,0.00,in,lb,,true,,goods,5,,,Active,Kit,,USD 0.00,,,,,,,,,,,,Sales,true,false,false,false,false,false,,,Finished Good
6212012000011278536,820 R.I.P. KIT,MTRIP820,,,,,false,,,,USD 714.99,Sales,,0.00,0.00,0.00,0.00,in,lb,,true,,goods,5,,,Active,Kit,,USD 0.00,,,,,,,,,,,,Sales,true,false,false,false,false,false,,,Finished Good
6212012000011278549,Lower Throttle Assembly for EZ Kart,EZ3000*do not use,,,,,false,,,Includes all part necessary for the lower throttle attachment to Power cutter. Does not include throttle cable,USD 43.00,Sales,,0.00,0.00,0.00,0.00,,,,true,,goods,5,,,Inactive,,,USD 0.00,,,,,,,,,,,,Sales,true,false,false,false,false,false,,,
6212012000011278562,GeoRipper(R)T/A M500 without Chains and bars,GRTA-M500-Intl,,,,,false,,,,USD 685.68,GeoRipper - Units,4000,0.00,0.00,0.00,0.00,in,lb,,true,,goods,5,,,Inactive,EA,,USD 0.00,,,,,,,,,,,,Sales,true,false,false,false,false,false,,,
6212012000011278575,GeoRipper 520 by MiniTrencher,MT520,,,,,false,,,"The GeoRipper MT520 includes:
20"" (500mm) digging bar
(2) 20"" (500mm) digging chains",USD 2499.99,Sales,,0.00,0.00,0.00,0.00,,,,true,,goods,5,,,Inactive,EA,,USD 0.00,,,,,,,,,,,,Sales,true,false,false,false,false,false,,,
6212012000011278588,GeoRipper 727 by MiniTrencher,MT727,,,,,false,,,"The GeoRipper MT727 includes:
27"" (700mm) digging bar
(2) 27"" (700mm) digging chains
EZ Kart included",USD 2999.99,Sales,,0.00,0.00,0.00,0.00,,,,true,,goods,5,,,Inactive,EA,,USD 0.00,,,,,,,,,,,,Sales,true,false,false,false,false,false,,,
6212012000011278601,GeoRipper 416 by MiniTrencher,MT416,,,,,false,,,"The GeoRipper MT416 includes:
16"" (400mm) digging bar
(2) 16"" (400mm) digging chains",USD 1999.99,Sales,,0.00,0.00,0.00,0.00,,,,true,,goods,5,,,Inactive,EA,,USD 0.00,,,,,,,,,,,,Sales,true,false,false,false,false,false,,,
6212012000011278614,GeoRipper e/B 500 GW - No Motor,GREB500-GW-NM*,,,,,false,,,,USD 425.00,GeoRipper - Parts,4100,0.00,0.00,0.00,0.00,in,lb,,true,,goods,5,,,Inactive,EA,,USD 0.00,,,,,,,,,,,,Sales,true,false,false,false,false,false,,,Finished Good
6212012000011278627,Crankcase - Right,MT7208-47R,,,,,false,,,,USD 53.08,GeoRipper - Parts,4100,0.00,0.00,0.00,0.00,in,lb,,true,,goods,5,,,Active,ea,,USD 0.00,,,,,,,,,,,,Sales,true,false,false,false,false,false,,,Inventory
6212012000011278666,Widget A,WidgA,,,,,false,,,,USD 5.00,Sales,,0.00,0.00,0.00,0.00,,,,true,,goods,5,,,Inactive,EA,,USD 0.00,,,,,,,,,,,,Sales,true,false,false,false,false,false,,,
6212012000011278679,Widget B,WidgB,,,,,false,,,,USD 5.00,Sales,,0.00,0.00,0.00,0.00,,,,true,,goods,5,,,Inactive,EA,,USD 0.00,,,,,,,,,,,,Sales,true,false,false,false,false,false,,,
6212012000011278692,The GeoRipper® Enhanced WarrantySKU: GR-EXTWARR,GR-EXTWARR,,,,,false,,,Enhanced Warranty,USD 550.00,Sales,,0.00,0.00,0.00,0.00,in,lb,,true,,goods,5,,,Active,EA,,USD 0.00,,,,,,,,,,,,Sales,true,false,false,false,false,false,,,Literature
6212012000011278705,Crankcase - Left,MT7208-47L,,,,,false,,,,USD 53.08,GeoRipper - Parts,4100,0.00,0.00,0.00,0.00,in,lb,,true,,goods,5,,,Active,ea,,USD 0.00,,,,,,,,,,,,Sales,true,false,false,false,false,false,,,Inventory
6212012000011278718,GeoRipper(R)T/A M500 W/O EZ Kart,GRTA-M500-NOEZ,,,,,false,,,,USD 1500.00,GeoRipper - Units,4000,0.00,0.00,0.00,0.00,in,lb,,true,,goods,5,,,Active,EA,,USD 0.00,,,,,,,,,,,,Sales,true,false,false,false,false,false,,,Finished Good
6212012000011278731,"SiBore Drill - SB115 Gas Powered 1"" MicroBore",SB115,,,,,false,,,,USD 3500.00,Sales,,0.00,0.00,0.00,0.00,in,lb,,true,,goods,5,,,Active,EA,,USD 0.00,,,,,,,,,,,,Sales,true,false,false,false,false,false,,,Finished Good
6212012000011278744,"SiBore Drill - SB115e Battery Powered 1"" MicroBore",SB115e,,,,,false,,,,USD 3500.00,Sales,,0.00,0.00,0.00,0.00,in,lb,,true,,goods,5,,,Active,EA,,USD 0.00,,,,,,,,,,,,Sales,true,false,false,false,false,false,,,Finished Good
6212012000011278757,"SiBore Drill - SB116 Gas Powered w/ 2"" Auger",SB116,,,,,false,,,"Includes: General 242H Earth Auger w/ Honda GX35 4-Cycle Multi-Directional Motor
Handle Assembly
Twist Throttle
Transmission",USD 3000.00,Sales,,0.00,0.00,0.00,0.00,,,,true,,goods,5,,,Inactive,EA,,USD 0.00,,,,,,,,,,,,Sales,true,false,false,false,false,false,,,
6212012000011278770,"SiBore Drill - SB116e Battery Powered w/ 2"" Auger",SB116e,,,,,false,,,"Includes: 
2"" Auger
32"" Extension
Accessory Bag",USD 3000.00,Sales,,0.00,0.00,0.00,0.00,,,,true,,goods,5,,,Inactive,EA,,USD 0.00,,,,,,,,,,,,Sales,true,false,false,false,false,false,,,
6212012000012724001,SiBore Drill - Makita Motor Mount,SB9101,,,,,true,,,,USD 25.00,SiBore Drill - Parts,4300,0.00,0.00,0.00,0.00,in,lb,,true,,goods,1,,,Active,EA,,USD 5.00,SiBore Drill - Part,5300,Updated Motor Mount to fit OE Lower Units,Finished Goods,1210,fifo,,Ordinance Engineering Pte Ltd,,,15.00,Inventory,true,true,true,false,false,false,,,Inventory
6212012000012724017,SiBore Drill - Upper Drive Shaft Makita,SB9102,,,,,true,,,,USD 15.00,SiBore Drill - Parts,4300,0.00,0.00,0.00,0.00,in,lb,,true,,goods,1,,,Active,EA,,USD 3.00,SiBore Drill - Part,5300,Upper Drive Shaft specifically for the Makita-based SiBore Drill,Finished Goods,1210,fifo,,,,,16.00,Inventory,true,true,true,false,false,false,,,Inventory
6212012000012692437,GeoRipper T/A Tri-Fold Brochures - Spanish,GR-LIT-TASP,,,,,true,GeoRipper,,,USD 2.37,GeoRipper - Parts,4100,0.00,0.00,0.00,0.00,in,lb,,true,,goods,1,,,Active,EA,,USD 1.00,GeoRipper - Part,5100,"Spanish Version of ""The GeoRipper T/A"" Brochure",Finished Goods,1210,fifo,100.00,,,,1933.00,Inventory,true,true,true,false,false,false,,,Literature
6212012000012895426,10 x 10 x 4 Uline Box,MT10104,,,,,true,,,Shipping Box,USD 3.12,GeoRipper - Parts,4100,0.00,10.00,10.00,4.00,in,lb,,true,,goods,1,,,Active,box,Box,USD 0.68,GeoRipper - Part,5100,,Finished Goods,1210,fifo,20.00,,,,5.00,Inventory,true,true,true,false,false,false,,,Inventory
6212012000012961228,24 x 10 x 4,MT24104,,,,,true,,,Shipping Box,USD 10.32,GeoRipper - Parts,4100,0.00,24.00,10.00,4.00,in,lb,,true,,goods,1,,,Active,box,Box,USD 1.18,GeoRipper - Part,5100,,Finished Goods,1210,fifo,,,,,1.00,Inventory,true,true,true,false,false,false,,,Inventory
6212012000013181003,SiBore Drill - Universal Joint (SN),SB2155,,,,,true,,,,USD 100.00,SiBore Drill - Parts,4300,0.00,0.00,0.00,0.00,in,lb,,true,,goods,12,,,Active,EA,,USD 38.00,SiBore Drill - Part,5300,,Finished Goods,1210,fifo,,,,,10.00,Inventory,true,true,true,false,false,false,,,Inventory
6212012000014397369,"KEY, EK7301",254042-8,,,,,true,,,,USD 2.35,GeoRipper - Parts,4100,0.00,0.00,0.00,0.00,in,lb,,true,,goods,1,,,Active,EA,,USD 1.40,GeoRipper - Part,5100,,Finished Goods,1210,fifo,,,,,0.00,Inventory,true,true,true,false,false,false,,,Inventory
6212012000016767012,Spark Plug Wrench,MTSPWRENCH,,,,,true,,,,USD 4.99,GeoRipper - Parts,4100,0.00,0.00,0.00,0.00,in,lb,,true,,goods,1,,,Active,EA,,USD 0.30,GeoRipper - Part,5100,,Finished Goods,1210,fifo,,Taizhou Shiyue Trade Co. LTD,,,247.00,Inventory,true,true,true,false,false,false,,,Inventory
6212012000018379494,"NEEDLE CAGE, EK6101",212164-0,,,,,true,,Makita USA,,USD 22.00,GeoRipper - Parts,4100,0.00,0.00,0.00,0.00,in,lb,,true,,goods,1,,,Active,EA,,USD 6.94,GeoRipper - Part,5100,,Finished Goods,1210,fifo,0.00,,,,1.00,Inventory,true,true,true,false,false,false,,,Finished Good
6212012000018623737,"SEAL, EK7651H",424418-5,,,,,true,,,,USD 8.50,GeoRipper - Parts,4100,0.00,0.00,0.00,0.00,in,lb,,true,,goods,1,,,Active,EA,,USD 3.75,GeoRipper - Part,5100,,Finished Goods,1210,fifo,0.00,,,,0.00,Inventory,true,true,true,false,false,false,,,Finished Good
6212012000019377297,EA40 Electric Auger Engine,EA40,,,,,true,,,,USD 650.00,SiBore Drill - Parts,4300,0.00,0.00,0.00,0.00,in,lb,,true,,goods,1,,,Active,EA,,USD 82.50,SiBore Drill - Part,5300,EA40 Battery powered auger - Tool Only.,Finished Goods,1210,fifo,50.00,TopweTools,,,0.00,Inventory,true,true,true,false,false,false,,,Finished Good
6212012000019377313,35CC 4-Stroke Engine,SB35CC,,,,,true,,,,USD 550.00,SiBore Drill - Parts,4300,0.00,0.00,0.00,0.00,in,lb,,true,,goods,1,,,Active,EA,,USD 46.50,SiBore Drill - Part,5300,,Finished Goods,1210,fifo,50.00,,,,0.00,Inventory,true,true,true,false,false,false,,,Inventory
6212012000019377380,SiBore Drill Handle Throttle and Gearbox Assembly,SBTHROTTLE,,,,,true,,,,USD 100.00,SiBore Drill - Parts,4300,0.00,0.00,0.00,0.00,in,lb,,true,,goods,1,,,Active,KIT,,USD 29.80,SiBore Drill - Part,5300,Parts 1-35 of D520A Earth Auger. Assembled as much as possible. Packaged as a set.,Finished Goods,1210,fifo,,,,,0.00,Inventory,true,true,true,false,false,false,,,Inventory
6212012000019942005,GeoRipper Adapter Assembled - No Dirt/Mud,GR-ADAPT,,,,,true,,,,USD 195.00,GeoRipper - Parts,4100,0.00,0.00,0.00,0.00,in,lb,,true,,goods,1,,,Active,EA,,USD 65.00,GeoRipper - Part,5100,Does not contain dirt deflector or mud flaps,Finished Goods,1210,fifo,200.00,Ordinance Engineering Pte Ltd,,,0.00,Inventory,true,true,true,false,false,false,,,Finished Good
6212012000020198266,INV ADJ - 2025 CLOSE FIX,,,,,,false,,,,USD 0.00,Sales,,0.00,0.00,0.00,0.00,in,lb,,true,,goods,1,,,Inactive,Unit,,USD 3845.67,Freight - COGS,5900,,Finished Goods,1210,fifo,,,,,0.00,Inventory,false,true,true,false,false,false,,,
6212012000020588248,EZ Kart - Universal,EZ100SN,810075760071,,0810075760071,,true,GeoRipper,Ordinance Engineering,,USD 566.00,GeoRipper - Parts,4100,20.00,29.00,13.00,6.00,in,lb,,true,,goods,1,,,Active,EA,,USD 115.00,GeoRipper - Part,5100,,Finished Goods,1210,fifo,200.00,,,,0.00,Inventory,true,true,true,false,false,false,Finished Good,,Finished Good
6212012000020651717,"CLUTCH COVER, EK7651H",455559-6,,,,,true,,Makita USA,,USD 51.89,Sales,,0.00,0.00,0.00,0.00,in,lb,,true,,goods,1,,,Active,EA,,USD 11.89,Cost of Goods Sold,,,Finished Goods,1210,fifo,,,,,0.00,Inventory,true,true,true,false,false,false,Finished Good,,Finished Good
6212012000020651732,"STARTER COVER GASKET, EK7655H",346611-0,,,,,true,,Makita USA,,USD 21.65,Sales,,0.00,0.00,0.00,0.00,in,lb,,true,,goods,1,,,Active,EA,,USD 4.65,Cost of Goods Sold,,,Finished Goods,1210,fifo,,,,,0.00,Inventory,true,true,true,false,false,false,Finished Good,,Finished Good
6212012000020698001,SiBore Drill SB431 Complete Accessory Bag,SB431-AB,,,,,true,,,,USD 3036.68,SiBore Drill - Parts,4300,0.00,0.00,0.00,0.00,in,lb,,true,,goods,1,,,Active,KIT,,USD 816.13,SiBore Drill - Part,5300,,Finished Goods,1210,fifo,,,,,0.00,Inventory,true,true,true,false,false,true,Finished Good,,Finished Good
