Purchase Order ID,Purchase Order Date,Delivery Date,Purchase Order Number,Reference#,Purchase Order Status,Vendor Name,Is Inclusive Tax,Currency Code,Exchange Rate,Template Name,Reference No,Delivery Instructions,Terms & Conditions,Shipment preference,Expected Arrival Date,Account,Account Code,Item Price,Item Name,Product ID,SKU,UPC,MPN,EAN,ISBN,Item Desc,QuantityOrdered,QuantityCancelled,QuantityReceived,QuantityBilled,Usage unit,Discount Type,Is Discount Before Tax,Discount,Discount Amount,Tax ID,Item Tax,Item Tax %,Item Tax Amount,Item Tax Type,Item Tax Authority,Item Total,Total,Adjustment,Adjustment Description,Entity Discount Percent,Entity Discount Amount,Discount Account,Discount Account Code,Project ID,Project Name,Payment Terms,Payment Terms Label,Attention,Address,City,State,Country,Code,Phone,Deliver To Customer,Recipient Address,Recipient City,Recipient State,Recipient Country,Recipient Postal Code,Recipient Phone,Submitted By,Approved By,Submitted Date,Approved Date,LINEITEM.TAG.Inventory Type,LINEITEM.TAG.Trade Shows 2025
6212012000001806158,2025-01-09,2025-04-25,TT-00790,GR Adapter,Billed,Ordinance Engineering Pte Ltd,false,USD,1.000000000000,Standard Template,GR Adapter,,,Ocean Freight,,Finished Goods,1210,50.00,GeoRipper Adapter,6212012000000431135,GR-1000,,,,,Version: 24A,500.00,0.00,500.00,500.00,EA,entity_level,true,0.00,0.0,,,,,,,25000.00,25000.00,0.00,Adjustment,0.00,0.000,,,,,0,Due on Receipt,JJ Harris,815 NE 172nd Avenue,Vancouver,Washington,U.S.A,98684,877-694-0141,,,,,,,,,,,,,
6212012000001808195,2025-01-08,2025-03-26,TT-00799,EZ Kart Straps,Billed,Maijie Industrial Co. Ltd Shanghai,false,USD,1.000000000000,Standard Template,EZ Kart Straps,,,,,Inventory Asset,,9.30,EZ Kart - Pull Strap Assembly,6212012000000428731,EZ6000,810075760620,,810075760620,,,1000.00,0.00,1000.00,1000.00,Kit,entity_level,true,0.00,0.0,,,,,,,9300.00,9300.00,0.00,Adjustment,0.00,0.000,,,,,0,Due on Receipt,MiniTrencher,,,,,,,,,,,,,,,,,,,
6212012000001808209,2025-01-15,2025-01-31,TT-00800,"16"" Bar Box Stickers",Billed,Minuteman Press,false,USD,1.000000000000,Standard Template,"16"" Bar Box Stickers",,,,,Inventory Asset,,0.8561,"Sticker - 16"" Bar Box 400MM",6212012000000432942,GRS15,,,,,400MM Labels - Brown (Job ID 17520),150.00,0.00,150.00,150.00,EA,entity_level,true,0.00,0.0,,,,,,,128.42,255.80,0.00,Adjustment,0.00,0.000,,,,,0,Due on Receipt,MiniTrencher,,,,,,,,,,,,,,,,,,,
6212012000001808209,2025-01-15,2025-01-31,TT-00800,"16"" Bar Box Stickers",Billed,Minuteman Press,false,USD,1.000000000000,Standard Template,"16"" Bar Box Stickers",,,,,Inventory Asset,,0.8492,"Sticker - 16"" Bar Box SKU Label",6212012000000432955,GRS16,,,,,SKU Labels - Brown (Job ID 17517),150.00,0.00,150.00,150.00,EA,entity_level,true,0.00,0.0,,,,,,,127.38,255.80,0.00,Adjustment,0.00,0.000,,,,,0,Due on Receipt,MiniTrencher,,,,,,,,,,,,,,,,,,,
6212012000001808239,2025-01-15,2025-01-29,TT-00801,SiBore Motor Mount,Billed,Accurate Machine and Mfg Inc,false,USD,1.000000000000,Standard Template,SiBore Motor Mount,,,,,Work In Progress,,14.45,SiBore Motor Mount,6212012000000430366,SB0300,,,,,"As PER Redlined Drawings Dated 1/14/2025
Material to be .187 Mild Steel
2 Each 3/8-16 PEM Nut Inserts installed",33.00,0.00,33.00,33.00,EA,entity_level,true,0.00,0.0,,,,,,,476.85,476.85,0.00,Adjustment,0.00,0.000,,,,,30,Net 30,MiniTrencher,,,,,,,,,,,,,,,,,,,
6212012000001808253,2025-01-17,,TT-00803,SiBore Bearing Tube & Main Shaft,Billed,Industrial Tube and Steel Corp,false,USD,1.000000000000,Standard Template,SiBore Bearing Tube & Main Shaft,,,,,Inventory Asset,,223.68,"SiBore Drill 1""D x 20' CRS Round Stock Main Shaft",6212012000000430066,SB0107,,,,,"4140 CF ANN BAR
1.000 DIA X 15""",2.00,0.00,2.00,2.00,EA,entity_level,true,0.00,0.0,,,,,,,447.36,447.36,0.00,Adjustment,0.00,0.000,,,,,30,Net 30,MiniTrencher,,,,,,,,,,,,,,,,,,,
6212012000001808267,2025-01-27,2025-04-15,TT-00804,SiBore Parts / GeoRipper Parts,Partially Billed,Ordinance Engineering Pte Ltd,false,USD,1.000000000000,Standard Template,SiBore Parts / GeoRipper Parts,'*** Ocean vessel ETD Last week of February / 1st week of March,,,,Finished Goods,1210,250.00,SiBore Drill - Lower Unit,6212012000000435846,SB0250,,,,,"Includes universal joint, fully assembled",40.00,0.00,40.00,40.00,Unit,entity_level,true,0.00,0.0,,,,,,,10000.00,37000.00,0.00,Adjustment,0.00,0.000,,,,,0,Due on Receipt,MiniTrencher,,,,,,,,,,,,,,,,,,,
6212012000001808267,2025-01-27,2025-04-15,TT-00804,SiBore Parts / GeoRipper Parts,Partially Billed,Ordinance Engineering Pte Ltd,false,USD,1.000000000000,Standard Template,SiBore Parts / GeoRipper Parts,'*** Ocean vessel ETD Last week of February / 1st week of March,,,,Finished Goods,1210,9.50,SiBore Motor Mount,6212012000000430366,SB0300,,,,,"As PER Redlined Drawings Dated 1/14/2025
Material to be .187 Mild Steel
2 Each 3/8-16 PEM Nut Inserts installed",40.00,0.00,40.00,0.00,EA,entity_level,true,0.00,0.0,,,,,,,380.00,37000.00,0.00,Adjustment,0.00,0.000,,,,,0,Due on Receipt,MiniTrencher,,,,,,,,,,,,,,,,,,,
6212012000001808267,2025-01-27,2025-04-15,TT-00804,SiBore Parts / GeoRipper Parts,Partially Billed,Ordinance Engineering Pte Ltd,false,USD,1.000000000000,Standard Template,SiBore Parts / GeoRipper Parts,'*** Ocean vessel ETD Last week of February / 1st week of March,,,,Finished Goods,1210,4.50,SiBore Drill - Swivel Cable Puller,6212012000000429884,SB1500,,,,,,100.00,0.00,100.00,25.00,EA,entity_level,true,0.00,0.0,,,,,,,450.00,37000.00,0.00,Adjustment,0.00,0.000,,,,,0,Due on Receipt,MiniTrencher,,,,,,,,,,,,,,,,,,,
6212012000001808267,2025-01-27,2025-04-15,TT-00804,SiBore Parts / GeoRipper Parts,Partially Billed,Ordinance Engineering Pte Ltd,false,USD,1.000000000000,Standard Template,SiBore Parts / GeoRipper Parts,'*** Ocean vessel ETD Last week of February / 1st week of March,,,,Inventory Asset,,5.47,SiBore Drill - MicroBore Coupler Nut,6212012000000432825,SB1250,,,,,In boxes assembled as set of 9,1000.00,0.00,1000.00,1000.00,EA,entity_level,true,0.00,0.0,,,,,,,5470.00,37000.00,0.00,Adjustment,0.00,0.000,,,,,0,Due on Receipt,MiniTrencher,,,,,,,,,,,,,,,,,,,
6212012000001808267,2025-01-27,2025-04-15,TT-00804,SiBore Parts / GeoRipper Parts,Partially Billed,Ordinance Engineering Pte Ltd,false,USD,1.000000000000,Standard Template,SiBore Parts / GeoRipper Parts,'*** Ocean vessel ETD Last week of February / 1st week of March,,,,Finished Goods,1210,4.50,"SiBore Drill - 1"" Bore Head",6212012000000429871,SB1000,,,,,,100.00,0.00,100.00,50.00,EA,entity_level,true,0.00,0.0,,,,,,,450.00,37000.00,0.00,Adjustment,0.00,0.000,,,,,0,Due on Receipt,MiniTrencher,,,,,,,,,,,,,,,,,,,
6212012000001808267,2025-01-27,2025-04-15,TT-00804,SiBore Parts / GeoRipper Parts,Partially Billed,Ordinance Engineering Pte Ltd,false,USD,1.000000000000,Standard Template,SiBore Parts / GeoRipper Parts,'*** Ocean vessel ETD Last week of February / 1st week of March,,,,Finished Goods,1210,15.00,GW Collar Adapter,6212012000000430392,GW1100,,,,,,100.00,0.00,100.00,100.00,EA,entity_level,true,0.00,0.0,,,,,,,1500.00,37000.00,0.00,Adjustment,0.00,0.000,,,,,0,Due on Receipt,MiniTrencher,,,,,,,,,,,,,,,,,,,
6212012000001808267,2025-01-27,2025-04-15,TT-00804,SiBore Parts / GeoRipper Parts,Partially Billed,Ordinance Engineering Pte Ltd,false,USD,1.000000000000,Standard Template,SiBore Parts / GeoRipper Parts,'*** Ocean vessel ETD Last week of February / 1st week of March,,,,Inventory Asset,,75.00,G1000 GeoRipper Adapter for Greenworks,6212012000000430379,G1000,,,,,,50.00,0.00,50.00,50.00,EA,entity_level,true,0.00,0.0,,,,,,,3750.00,37000.00,0.00,Adjustment,0.00,0.000,,,,,0,Due on Receipt,MiniTrencher,,,,,,,,,,,,,,,,,,,
6212012000001808267,2025-01-27,2025-04-15,TT-00804,SiBore Parts / GeoRipper Parts,Partially Billed,Ordinance Engineering Pte Ltd,false,USD,1.000000000000,Standard Template,SiBore Parts / GeoRipper Parts,'*** Ocean vessel ETD Last week of February / 1st week of March,,,,Inventory Asset,,50.00,GeoRipper Adapter,6212012000000431135,GR-1000,,,,,Version: 24A,300.00,0.00,300.00,300.00,EA,entity_level,true,0.00,0.0,,,,,,,15000.00,37000.00,0.00,Adjustment,0.00,0.000,,,,,0,Due on Receipt,MiniTrencher,,,,,,,,,,,,,,,,,,,
6212012000001808295,2025-01-28,,TT-00805,,Billed,Vancouver Bolt and Supply Inc.,false,USD,1.000000000000,Standard Template,,,,,,Inventory Asset,,0.31,GR Miscellaneous - Becca DO NOT USE,6212012000000427495,GR MISC,,,,,"M8x1.25x20 Countersunk Hex drive Bolt
 12.9 grade zinc plated",5000.00,0.00,5000.00,5000.00,EA,entity_level,true,0.00,0.0,,,,,,,1550.00,2070.00,0.00,Adjustment,0.00,0.000,,,,,0,Due on Receipt,MiniTrencher,,,,,,,,,,,,,,,,,,,
6212012000001808295,2025-01-28,,TT-00805,,Billed,Vancouver Bolt and Supply Inc.,false,USD,1.000000000000,Standard Template,,,,,,Inventory Asset,,0.28,M8 X 1.25 Flanged Nyloc Nut,6212012000000427770,GRKM7681.6,,,,,".8CNNFZ
M8-1.25 NYLOC FLANGE LOCK NUT PLATED",1500.00,0.00,1500.00,1500.00,EA,entity_level,true,0.00,0.0,,,,,,,420.00,2070.00,0.00,Adjustment,0.00,0.000,,,,,0,Due on Receipt,MiniTrencher,,,,,,,,,,,,,,,,,,,
6212012000001808295,2025-01-28,,TT-00805,,Billed,Vancouver Bolt and Supply Inc.,false,USD,1.000000000000,Standard Template,,,,,,Finished Goods,1210,0.36,"3/8""-16 x 2"" Grade 8 YellowZinc Bolt",6212012000000430574,SB3820,,,,,37C200HCS8Z,200.00,0.00,200.00,200.00,EA,entity_level,true,0.00,0.0,,,,,,,72.00,2070.00,0.00,Adjustment,0.00,0.000,,,,,0,Due on Receipt,MiniTrencher,,,,,,,,,,,,,,,,,,,
6212012000001808295,2025-01-28,,TT-00805,,Billed,Vancouver Bolt and Supply Inc.,false,USD,1.000000000000,Standard Template,,,,,,Finished Goods,1210,0.14,"3/8""-16 Nylock Nut",6212012000000430600,SB3803,,,,,37CNNE8Z,200.00,0.00,200.00,200.00,EA,entity_level,true,0.00,0.0,,,,,,,28.00,2070.00,0.00,Adjustment,0.00,0.000,,,,,0,Due on Receipt,MiniTrencher,,,,,,,,,,,,,,,,,,,
6212012000001808315,2025-01-29,,TT-00806,bearings & 50-2,Billed,Red Boar Chain & Fastener,false,USD,1.000000000000,Standard Template,bearings & 50-2,,,,,Inventory Asset,,3.128,Bearing (Sealed) 6002-RS2,6212012000000428810,GR1.2,,,,,,2000.00,0.00,2000.00,2000.00,pcs,entity_level,true,0.00,0.0,,,,,,,6256.00,7181.00,0.00,Adjustment,0.00,0.000,,,,,0,Due on Receipt,MiniTrencher,,,,,,,,,,,,,,,,,,,
6212012000001808315,2025-01-29,,TT-00806,bearings & 50-2,Billed,Red Boar Chain & Fastener,false,USD,1.000000000000,Standard Template,bearings & 50-2,,,,,Inventory Asset,,6.00,SiBore Drill R16 RS2 Bearing,6212012000000430157,SB0114,,,,,,100.00,0.00,100.00,100.00,EA,entity_level,true,0.00,0.0,,,,,,,600.00,7181.00,0.00,Adjustment,0.00,0.000,,,,,0,Due on Receipt,MiniTrencher,,,,,,,,,,,,,,,,,,,
6212012000001808315,2025-01-29,,TT-00806,bearings & 50-2,Billed,Red Boar Chain & Fastener,false,USD,1.000000000000,Standard Template,bearings & 50-2,,,,,Finished Goods,1210,1.30,Double Chain #50-2 Connecting Link,6212012000000429136,MT4005,,,,,,250.00,0.00,250.00,250.00,EA,entity_level,true,0.00,0.0,,,,,,,325.00,7181.00,0.00,Adjustment,0.00,0.000,,,,,0,Due on Receipt,MiniTrencher,,,,,,,,,,,,,,,,,,,
6212012000001808333,2025-01-30,2025-03-17,TT-00807,"2"" & 4"" Augers / 242SBD Engines",Billed,General Equipment,false,USD,1.000000000000,Standard Template,"2"" & 4"" Augers / 242SBD Engines",,,,,Finished Goods,1210,112.52,"SiBore Drill - 2"" Auger Bit",6212012000000429910,SB2000,,,,,"General Part No. 2350-2E
Paint BLACK",60.00,0.00,60.00,60.00,EA,entity_level,true,0.00,0.0,,,,,,,6751.20,52136.20,0.00,Adjustment,0.00,0.000,,,,,30,Net 30,MiniTrencher,,,,,,,,,,,,,,,,,,,
6212012000001808333,2025-01-30,2025-03-17,TT-00807,"2"" & 4"" Augers / 242SBD Engines",Billed,General Equipment,false,USD,1.000000000000,Standard Template,"2"" & 4"" Augers / 242SBD Engines",,,,,Finished Goods,1210,116.00,"SiBore Drill - 4"" Auger Bit",6212012000000429767,SB4000,,,,,"General Part No. 2350-4E
Paint BLACK",60.00,0.00,60.00,60.00,EA,entity_level,true,0.00,0.0,,,,,,,6960.00,52136.20,0.00,Adjustment,0.00,0.000,,,,,30,Net 30,MiniTrencher,,,,,,,,,,,,,,,,,,,
6212012000001808333,2025-01-30,2025-03-17,TT-00807,"2"" & 4"" Augers / 242SBD Engines",Billed,General Equipment,false,USD,1.000000000000,Standard Template,"2"" & 4"" Augers / 242SBD Engines",,,,,Finished Goods,1210,768.50,SiBore Drill - General Epic 242SBD Auger,6212012000000429754,SB242SBD,,,,,General Part No. 242SBD,50.00,0.00,50.00,50.00,EA,entity_level,true,0.00,0.0,,,,,,,38425.00,52136.20,0.00,Adjustment,0.00,0.000,,,,,30,Net 30,MiniTrencher,,,,,,,,,,,,,,,,,,,
6212012000001808351,2025-01-30,2025-02-03,TT-00808,"3"" Augers",Partially Billed,General Equipment,false,USD,1.000000000000,Standard Template,"3"" Augers",,,,,Finished Goods,1210,113.68,"SiBore Drill - 3"" Auger Bit",6212012000000429923,SB3000,,,,,"General Part No. 2350-3E
Paint BLACK",10.00,0.00,10.00,10.00,EA,entity_level,true,0.00,0.0,,,,,,,1136.80,1136.80,0.00,Adjustment,0.00,0.000,,,,,30,Net 30,MiniTrencher,,,,,,,,,,,,,,,,,,,
6212012000001808351,2025-01-30,2025-02-03,TT-00808,"3"" Augers",Partially Billed,General Equipment,false,USD,1.000000000000,Standard Template,"3"" Augers",,,,,Freight - Other,,0.00,Shipping and Handling,6212012000000427484,FTR,,,,,PLEASE SHIP ASAP,1.00,0.00,0.00,0.00,EA,entity_level,true,0.00,0.0,,,,,,,0.00,1136.80,0.00,Adjustment,0.00,0.000,,,,,30,Net 30,MiniTrencher,,,,,,,,,,,,,,,,,,,
6212012000001808367,2025-01-31,,TT-00810,6-series parts,Billed,"Makita USA, Inc.",false,USD,1.000000000000,Standard Template,6-series parts,,,,,Inventory Asset,,2.21,GR Miscellaneous - Becca DO NOT USE,6212012000000427495,GR MISC,,,,,"422641-6 INTAKE FLANGE GASKET, EK6101",1.00,0.00,1.00,1.00,EA,entity_level,true,0.00,0.0,,,,,,,2.21,661.03,0.00,Adjustment,0.00,0.000,,,,,60,2% NET 60,MiniTrencher,,,,,,,,,,,,,,,,,,,
6212012000001808367,2025-01-31,,TT-00810,6-series parts,Billed,"Makita USA, Inc.",false,USD,1.000000000000,Standard Template,6-series parts,,,,,Inventory Asset,,86.76,Carburetor for EK6101,6212012000000426025,161395-7,,,,,,3.00,0.00,3.00,3.00,EA,entity_level,true,0.00,0.0,,,,,,,260.28,661.03,0.00,Adjustment,0.00,0.000,,,,,60,2% NET 60,MiniTrencher,,,,,,,,,,,,,,,,,,,
6212012000001808367,2025-01-31,,TT-00810,6-series parts,Billed,"Makita USA, Inc.",false,USD,1.000000000000,Standard Template,6-series parts,,,,,Inventory Asset,,6.60,Primer - EK6101,6212012000000425830,168398-2,,,,,"168398-2 
PRIMER PUMP, EK7651H",10.00,0.00,10.00,10.00,EA,entity_level,true,0.00,0.0,,,,,,,66.00,661.03,0.00,Adjustment,0.00,0.000,,,,,60,2% NET 60,MiniTrencher,,,,,,,,,,,,,,,,,,,
6212012000001808367,2025-01-31,,TT-00810,6-series parts,Billed,"Makita USA, Inc.",false,USD,1.000000000000,Standard Template,6-series parts,,,,,Inventory Asset,,88.26,"Ignition Coil Cpl., EK6101",6212012000000425856,123479-9,,,,,,1.00,0.00,1.00,1.00,EA,entity_level,true,0.00,0.0,,,,,,,88.26,661.03,0.00,Adjustment,0.00,0.000,,,,,60,2% NET 60,MiniTrencher,,,,,,,,,,,,,,,,,,,
6212012000001808367,2025-01-31,,TT-00810,6-series parts,Billed,"Makita USA, Inc.",false,USD,1.000000000000,Standard Template,6-series parts,,,,,Finished Goods,1210,23.80,Clutch EK6101,6212012000000426051,168510-4,,,,,,3.00,0.00,3.00,3.00,EA,entity_level,true,0.00,0.0,,,,,,,71.40,661.03,0.00,Adjustment,0.00,0.000,,,,,60,2% NET 60,MiniTrencher,,,,,,,,,,,,,,,,,,,
6212012000001808367,2025-01-31,,TT-00810,6-series parts,Billed,"Makita USA, Inc.",false,USD,1.000000000000,Standard Template,6-series parts,,,,,Inventory Asset,,41.57,Pulley EK6101 Makita,6212012000000426649,222188-8,,,,,Makita Part: 222188-8,4.00,0.00,4.00,4.00,EA,entity_level,true,0.00,0.0,,,,,,,166.28,661.03,0.00,Adjustment,0.00,0.000,,,,,60,2% NET 60,MiniTrencher,,,,,,,,,,,,,,,,,,,
6212012000001808367,2025-01-31,,TT-00810,6-series parts,Billed,"Makita USA, Inc.",false,USD,1.000000000000,Standard Template,6-series parts,,,,,Inventory Asset,,3.30,"Damping spring cpl, EK6101 (lower front)",6212012000000426597,315-114-300,,,,,,2.00,0.00,2.00,2.00,EA,entity_level,true,0.00,0.0,,,,,,,6.60,661.03,0.00,Adjustment,0.00,0.000,,,,,60,2% NET 60,MiniTrencher,,,,,,,,,,,,,,,,,,,
6212012000001808393,2025-01-31,2025-02-17,TT-00811,"A Boxes, B Boxes, Chain Boxes",Billed,SupplyOne Northwest,false,USD,1.000000000000,Standard Template,"A Boxes, B Boxes, Chain Boxes",,,,,Inventory Asset,,9.30,"Small GeoRipper Box ""A""",6212012000000427079,BX-4,,,,,CCBOX ID: OUTER A,265.00,0.00,265.00,265.00,EA,entity_level,true,0.00,0.0,,,,,,,2464.50,7731.30,0.00,Adjustment,0.00,0.000,,,,,0,Due on Receipt,MiniTrencher,,,,,,,,,,,,,,,,,,,
6212012000001808393,2025-01-31,2025-02-17,TT-00811,"A Boxes, B Boxes, Chain Boxes",Billed,SupplyOne Northwest,false,USD,1.000000000000,Standard Template,"A Boxes, B Boxes, Chain Boxes",,,,,Inventory Asset,,14.65,"Large GeoRipper Box ""B""",6212012000000427066,BX-3,,,,,,76.00,0.00,76.00,76.00,EA,entity_level,true,0.00,0.0,,,,,,,1113.40,7731.30,0.00,Adjustment,0.00,0.000,,,,,0,Due on Receipt,MiniTrencher,,,,,,,,,,,,,,,,,,,
6212012000001808393,2025-01-31,2025-02-17,TT-00811,"A Boxes, B Boxes, Chain Boxes",Billed,SupplyOne Northwest,false,USD,1.000000000000,Standard Template,"A Boxes, B Boxes, Chain Boxes",,,,,Finished Goods,1210,3.80,Single Chain Box,6212012000000430965,BX-12,,,,,1000ct price CCBOX #,1093.00,0.00,1093.00,1093.00,EA,entity_level,true,0.00,0.0,,,,,,,4153.40,7731.30,0.00,Adjustment,0.00,0.000,,,,,0,Due on Receipt,MiniTrencher,,,,,,,,,,,,,,,,,,,
6212012000001808411,2025-02-03,,TT-00813,SiBore Steel,Billed,PDM Steel Service Centers Inc.,false,USD,1.000000000000,Standard Template,SiBore Steel,,,,,Inventory Asset,,45.89,"SiBore Drill 1-1/4 x .120 x 20'-0"" HREW Tube A513TI",6212012000000430170,SB0115,,,,,45.89/P PDM Steel,30.00,0.00,30.00,30.00,EA,entity_level,true,0.00,0.0,,,,,,,1376.70,3644.83,0.00,Adjustment,0.00,0.000,,,,,30,Net 30,MiniTrencher,,,,,,,,,,,,,,,,,,,
6212012000001808411,2025-02-03,,TT-00813,SiBore Steel,Billed,PDM Steel Service Centers Inc.,false,USD,1.000000000000,Standard Template,SiBore Steel,,,,,Inventory Asset,,80.63,"SiBore Drill 1-1/2 x .120 x 20'-0"" HREW Tube A513T1",6212012000000430183,SB0116,,,,,80.63/P PDM Steel,1.00,0.00,1.00,1.00,EA,entity_level,true,0.00,0.0,,,,,,,80.63,3644.83,0.00,Adjustment,0.00,0.000,,,,,30,Net 30,MiniTrencher,,,,,,,,,,,,,,,,,,,
6212012000001808411,2025-02-03,,TT-00813,SiBore Steel,Billed,PDM Steel Service Centers Inc.,false,USD,1.000000000000,Standard Template,SiBore Steel,,,,,Inventory Asset,,43.75,"SiBore Drill 3/4"" x 20' Round Stock Drive Shaft",6212012000000430079,SB0108,,,,,43.75/P PDM STEEL,50.00,0.00,50.00,50.00,EA,entity_level,true,0.00,0.0,,,,,,,2187.50,3644.83,0.00,Adjustment,0.00,0.000,,,,,30,Net 30,MiniTrencher,,,,,,,,,,,,,,,,,,,
6212012000001808429,2025-02-05,,TT-00816,Gas Motor Mounts,Billed,"Mr. Powder Kote, LLC",false,USD,1.000000000000,Standard Template,Gas Motor Mounts,,,,,SiBore Drill - Part,5300,3.00,,,,,,,,"SiBore Drill - Gas Motor Mount Powdercoat
BK08",33.00,0.00,0.00,33.00,,entity_level,true,0.00,0.0,,,,,,,99.00,99.00,0.00,Adjustment,0.00,0.000,,,,,15,Net 15,JJ Harris,,,,,,,,,,,,,,,,,,,
6212012000001808473,2025-02-11,2025-03-11,TT-00818,Safety Bars,Billed,Accurate Machine and Mfg Inc,false,USD,1.000000000000,Standard Template,Safety Bars,,,,,Inventory Asset,,27.35,Safety Bar - 400 Series GeoRipperT/A,6212012000000434729,MT7400,,,,,,135.00,0.00,135.00,135.00,EA,entity_level,true,0.00,0.0,,,,,,,3692.25,8153.45,0.00,Adjustment,0.00,0.000,,,,,0,Due on Receipt,MiniTrencher,,,,,,,,,,,,,,,,,,,
6212012000001808473,2025-02-11,2025-03-11,TT-00818,Safety Bars,Billed,Accurate Machine and Mfg Inc,false,USD,1.000000000000,Standard Template,Safety Bars,,,,,Inventory Asset,,29.35,Safety Bar - 700 Series GeoRipperT/A,6212012000000434203,MT7700,,,,,,152.00,0.00,152.00,152.00,EA,entity_level,true,0.00,0.0,,,,,,,4461.20,8153.45,0.00,Adjustment,0.00,0.000,,,,,0,Due on Receipt,MiniTrencher,,,,,,,,,,,,,,,,,,,
6212012000001808489,2025-02-18,2025-02-28,TT-00819,"OM, WP, 811 sticker & GR Warning",Billed,Minuteman Press,false,USD,1.000000000000,Standard Template,"OM, WP, 811 sticker & GR Warning",,,,,Inventory Asset,,1.39128,GeoRipper Owner's Manual,6212012000000427796,GR-LIT-OM,,,,,,500.00,0.00,500.00,500.00,EA,entity_level,true,0.00,0.0,,,,,,,695.64,1409.45,0.00,Adjustment,0.00,0.000,,,,,0,Due on Receipt,MiniTrencher,,,,,,,,,,,,,,,,,,,
6212012000001808489,2025-02-18,2025-02-28,TT-00819,"OM, WP, 811 sticker & GR Warning",Billed,Minuteman Press,false,USD,1.000000000000,Standard Template,"OM, WP, 811 sticker & GR Warning",,,,,Inventory Asset,,0.31512,GeoRipper Warranty Postcard,6212012000000427848,GR-LIT-WP,,,,,,500.00,0.00,500.00,500.00,EA,entity_level,true,0.00,0.0,,,,,,,157.56,1409.45,0.00,Adjustment,0.00,0.000,,,,,0,Due on Receipt,MiniTrencher,,,,,,,,,,,,,,,,,,,
6212012000001808489,2025-02-18,2025-02-28,TT-00819,"OM, WP, 811 sticker & GR Warning",Billed,Minuteman Press,false,USD,1.000000000000,Standard Template,"OM, WP, 811 sticker & GR Warning",,,,,Inventory Asset,,0.476,Sticker - 811 - Call Before You Dig,6212012000000427952,GRS3,,,,,,500.00,0.00,500.00,500.00,EA,entity_level,true,0.00,0.0,,,,,,,238.00,1409.45,0.00,Adjustment,0.00,0.000,,,,,0,Due on Receipt,MiniTrencher,,,,,,,,,,,,,,,,,,,
6212012000001808489,2025-02-18,2025-02-28,TT-00819,"OM, WP, 811 sticker & GR Warning",Billed,Minuteman Press,false,USD,1.000000000000,Standard Template,"OM, WP, 811 sticker & GR Warning",,,,,Inventory Asset,,0.6365,Sticker - GR WARNING,6212012000000427991,GRS6,,,,,,500.00,0.00,500.00,500.00,EA,entity_level,true,0.00,0.0,,,,,,,318.25,1409.45,0.00,Adjustment,0.00,0.000,,,,,0,Due on Receipt,MiniTrencher,,,,,,,,,,,,,,,,,,,
6212012000001808523,2025-02-03,,TT-00821,U-joints and yokes,Billed,DriveTrain America,false,USD,1.000000000000,Standard Template,U-joints and yokes,,,,,Inventory Asset,,23.60,"SiBore Drill - 3/4"" Round Yoke L600 Series",6212012000000429962,SB2151,,,,,,30.00,0.00,30.00,30.00,EA,entity_level,true,0.00,0.0,,,,,,,708.00,1166.00,0.00,Adjustment,0.00,0.000,,,,,0,Due on Receipt,MiniTrencher,,,,,,,,,,,,,,,,,,,
6212012000001808523,2025-02-03,,TT-00821,U-joints and yokes,Billed,DriveTrain America,false,USD,1.000000000000,Standard Template,U-joints and yokes,,,,,Inventory Asset,,22.90,SiBore Drill - L600 Series AG U-Joint Kit,6212012000000429975,SB2152,,,,,,20.00,0.00,20.00,20.00,Kit,entity_level,true,0.00,0.0,,,,,,,458.00,1166.00,0.00,Adjustment,0.00,0.000,,,,,0,Due on Receipt,MiniTrencher,,,,,,,,,,,,,,,,,,,
6212012000001808553,2025-02-03,,TT-00822,,Billed,Blain's Farm & Fleet,false,USD,1.000000000000,Standard Template,,,,,,Inventory Asset,,28.99,"SiBore Drill - 1"" Round Yoke L600 Series",6212012000000429949,SB2150,,,,,,30.00,0.00,30.00,30.00,EA,entity_level,true,0.00,0.0,,,,,,,869.70,1099.60,0.00,Adjustment,0.00,0.000,,,,,0,Due on Receipt,MiniTrencher,,,,,,,,,,,,,,,,,,,
6212012000001808553,2025-02-03,,TT-00822,,Billed,Blain's Farm & Fleet,false,USD,1.000000000000,Standard Template,,,,,,Inventory Asset,,22.99,SiBore Drill - L600 Series AG U-Joint Kit,6212012000000429975,SB2152,,,,,,10.00,0.00,10.00,10.00,Kit,entity_level,true,0.00,0.0,,,,,,,229.90,1099.60,0.00,Adjustment,0.00,0.000,,,,,0,Due on Receipt,MiniTrencher,,,,,,,,,,,,,,,,,,,
6212012000001808599,2025-02-28,2025-03-03,TT-00825,SiBore Drill gas motor mount,Billed,Ordinance Engineering Pte Ltd,false,USD,1.000000000000,Standard Template,SiBore Drill gas motor mount,,,,,Finished Goods,1210,10.45,SiBore Motor Mount,6212012000000430366,SB0300,,,,,"Raw, no paint.",12.00,0.00,12.00,12.00,EA,entity_level,true,0.00,0.0,,,,,,,125.40,125.40,0.00,,0.00,0.000,,,,,15,Net 15,,,,,,,,,,,,,,,,,,,,
6212012000001808641,2025-03-03,2025-03-03,TT-00827,,Billed,Parkrose Hardware,false,USD,1.000000000000,Standard Template,,,,,,Inventory Asset,,0.11,Spring Washer 8 - Makita Part,6212012000000426519,267822-3,,,,,,154.00,0.00,154.00,154.00,EA,entity_level,true,0.00,0.0,,,,,,,16.94,16.94,0.00,Adjustment,0.00,0.000,,,,,0,Due on Receipt,MiniTrencher,,,,,,,,,,,,,,,,,,,
6212012000001808675,2025-03-06,2025-03-27,TT-00829,"New ""The GeoRipper"" Belts",Billed,D&D Global Power Drive Belts,false,USD,1.000000000000,Standard Template,"New ""The GeoRipper"" Belts",,,,,Finished Goods,1210,4.47,Belt for 'The GeoRipper',6212012000000432968,MTB72-00,,,,,D&D SKU 340J6,400.00,0.00,400.00,400.00,EA,entity_level,true,0.00,0.0,,,,,,,1788.00,4917.00,0.00,Adjustment,0.00,0.000,,,,,30,Net 30,MiniTrencher,,,,,,,,,,,,,,,,,,,
6212012000001808675,2025-03-06,2025-03-27,TT-00829,"New ""The GeoRipper"" Belts",Billed,D&D Global Power Drive Belts,false,USD,1.000000000000,Standard Template,"New ""The GeoRipper"" Belts",,,,,Finished Goods,1210,4.47,Belt for 'The GeoRipper',6212012000000432968,MTB72-00,,,,,D&D SKU 340J6,700.00,0.00,700.00,700.00,EA,entity_level,true,0.00,0.0,,,,,,,3129.00,4917.00,0.00,Adjustment,0.00,0.000,,,,,30,Net 30,MiniTrencher,,,,,,,,,,,,,,,,,,,
6212012000001808691,2025-03-13,2025-03-13,TT-00831,,Billed,Parkrose Hardware,false,USD,1.000000000000,Standard Template,,,,,,Inventory Asset,,0.11,Spring Washer 8 - Makita Part,6212012000000426519,267822-3,,,,,,500.00,0.00,500.00,500.00,EA,entity_level,true,0.00,0.0,,,,,,,55.00,55.00,0.00,Adjustment,0.00,0.000,,,,,0,Due on Receipt,MiniTrencher,,,,,,,,,,,,,,,,,,,
6212012000001808705,2025-03-05,2025-03-14,TT-00832,Drill Tips and Swivels,Partially Billed,Ordinance Engineering Pte Ltd,false,USD,1.000000000000,Standard Template,Drill Tips and Swivels,,,,,Finished Goods,1210,8.50,"SiBore Drill - 1"" Bore Head",6212012000000429871,SB1000,,,,,,50.00,0.00,50.00,0.00,EA,entity_level,true,0.00,0.0,,,,,,,425.00,650.00,0.00,Adjustment,0.00,0.000,,,,,15,Net 15,MiniTrencher,,,,,,,,,,,,,,,,,,,
6212012000001808705,2025-03-05,2025-03-14,TT-00832,Drill Tips and Swivels,Partially Billed,Ordinance Engineering Pte Ltd,false,USD,1.000000000000,Standard Template,Drill Tips and Swivels,,,,,Finished Goods,1210,9.00,SiBore Drill - Swivel Cable Puller,6212012000000429884,SB1500,,,,,,25.00,0.00,25.00,25.00,EA,entity_level,true,0.00,0.0,,,,,,,225.00,650.00,0.00,Adjustment,0.00,0.000,,,,,15,Net 15,MiniTrencher,,,,,,,,,,,,,,,,,,,
6212012000001808749,2025-03-18,,TT-00835,Concrete Saws,Billed,GreenWorks (Jiangsu) Co LTD,false,USD,1.000000000000,Standard Template,Concrete Saws,,,,,Finished Goods,1210,325.00,"82V 12"" 2.5kW Power Cutter Tool Only - GreenWorks",6212012000000431070,GW82PC12,,,,,GreenWorks ERP: 1501402,25.00,0.00,25.00,25.00,EA,entity_level,true,0.00,0.0,,,,,,,8125.00,19024.70,0.00,Adjustment,0.00,0.000,,,,,0,Due on Receipt,MiniTrencher,,,,,,,,,,,,,,,,,,,
6212012000001808749,2025-03-18,,TT-00835,Concrete Saws,Billed,GreenWorks (Jiangsu) Co LTD,false,USD,1.000000000000,Standard Template,Concrete Saws,,,,,Finished Goods,1210,279.99,82V 8Ah Battery w/ Bluetooth and Digital Readout - GreenWorks,6212012000000431057,GW82BD800,,,,,GreenWorks ERP: 2965902,30.00,0.00,30.00,30.00,EA,entity_level,true,0.00,0.0,,,,,,,8399.70,19024.70,0.00,Adjustment,0.00,0.000,,,,,0,Due on Receipt,MiniTrencher,,,,,,,,,,,,,,,,,,,
6212012000001808749,2025-03-18,,TT-00835,Concrete Saws,Billed,GreenWorks (Jiangsu) Co LTD,false,USD,1.000000000000,Standard Template,Concrete Saws,,,,,Finished Goods,1210,100.00,82V Dual Port Charger - GreenWorks,6212012000000431044,GW82DPC8A,,,,,GreenWorks ERP: 2958302,25.00,0.00,25.00,25.00,EA,entity_level,true,0.00,0.0,,,,,,,2500.00,19024.70,0.00,Adjustment,0.00,0.000,,,,,0,Due on Receipt,MiniTrencher,,,,,,,,,,,,,,,,,,,
6212012000001808809,2025-03-26,2025-04-02,TT-00838,SiBore Blanket Order,Partially Billed,Ordinance Engineering Pte Ltd,false,USD,1.000000000000,Standard Template,SiBore Blanket Order,"Shipping 
40 April 2, 2025
40 May 15, 2025
50 July 1, 2025
50 August 15, 2025
50 October 1, 2025

",,,,Finished Goods,1210,328.00,SiBore Drill - Lower Unit,6212012000000435846,SB0250,,,,,"Includes Lower Unit, Collared upper drive shaft, and universal joint.",230.00,0.00,230.00,195.00,Unit,entity_level,true,0.00,0.0,,,,,,,75440.00,81640.00,0.00,Adjustment,0.00,0.000,,,,,15,Net 15,MiniTrencher,,,,,,,,,,,,,,,,,,,
6212012000001808809,2025-03-26,2025-04-02,TT-00838,SiBore Blanket Order,Partially Billed,Ordinance Engineering Pte Ltd,false,USD,1.000000000000,Standard Template,SiBore Blanket Order,"Shipping 
40 April 2, 2025
40 May 15, 2025
50 July 1, 2025
50 August 15, 2025
50 October 1, 2025

",,,,Work In Progress,,10.00,SiBore Motor Mount,6212012000000430366,SB0300,,,,,"As PER Redlined Drawings Dated 1/14/2025
Material to be .187 Mild Steel
2 Each 3/8-16 PEM Nut Inserts installed",230.00,0.00,230.00,155.00,EA,entity_level,true,0.00,0.0,,,,,,,2300.00,81640.00,0.00,Adjustment,0.00,0.000,,,,,15,Net 15,MiniTrencher,,,,,,,,,,,,,,,,,,,
6212012000001808809,2025-03-26,2025-04-02,TT-00838,SiBore Blanket Order,Partially Billed,Ordinance Engineering Pte Ltd,false,USD,1.000000000000,Standard Template,SiBore Blanket Order,"Shipping 
40 April 2, 2025
40 May 15, 2025
50 July 1, 2025
50 August 15, 2025
50 October 1, 2025

",,,,Finished Goods,1210,9.00,SiBore Drill - Swivel Cable Puller,6212012000000429884,SB1500,,,,,,150.00,0.00,150.00,100.00,EA,entity_level,true,0.00,0.0,,,,,,,1350.00,81640.00,0.00,Adjustment,0.00,0.000,,,,,15,Net 15,MiniTrencher,,,,,,,,,,,,,,,,,,,
6212012000001808809,2025-03-26,2025-04-02,TT-00838,SiBore Blanket Order,Partially Billed,Ordinance Engineering Pte Ltd,false,USD,1.000000000000,Standard Template,SiBore Blanket Order,"Shipping 
40 April 2, 2025
40 May 15, 2025
50 July 1, 2025
50 August 15, 2025
50 October 1, 2025

",,,,Finished Goods,1210,8.50,"SiBore Drill - 1"" Bore Head",6212012000000429871,SB1000,,,,,,300.00,0.00,300.00,300.00,EA,entity_level,true,0.00,0.0,,,,,,,2550.00,81640.00,0.00,Adjustment,0.00,0.000,,,,,15,Net 15,MiniTrencher,,,,,,,,,,,,,,,,,,,
6212012000001808829,2025-04-02,2025-06-16,TT-00839,20 unit sibore order ETD 4/15/2025,Billed,Ordinance Engineering Pte Ltd,false,USD,1.000000000000,Standard Template,20 unit sibore order ETD 4/15/2025,Please mark all packages and invoices with Purchase Order Number,To be shipped 4/15 with G1000,,,Finished Goods,1210,328.00,SiBore Drill - Lower Unit,6212012000000435846,SB0250,,,,,,20.00,0.00,20.00,20.00,Unit,entity_level,true,0.00,0.0,,,,,,,6560.00,6760.00,0.00,Adjustment,0.00,0.000,,,,,15,Net 15,MiniTrencher,,,,,,,,,,,,,,,,,,,
6212012000001808829,2025-04-02,2025-06-16,TT-00839,20 unit sibore order ETD 4/15/2025,Billed,Ordinance Engineering Pte Ltd,false,USD,1.000000000000,Standard Template,20 unit sibore order ETD 4/15/2025,Please mark all packages and invoices with Purchase Order Number,To be shipped 4/15 with G1000,,,Work In Progress,,10.00,SiBore Motor Mount,6212012000000430366,SB0300,,,,,"As PER Redlined Drawings Dated 1/14/2025
Material to be .187 Mild Steel
2 Each 3/8-16 PEM Nut Inserts installed",20.00,0.00,20.00,20.00,EA,entity_level,true,0.00,0.0,,,,,,,200.00,6760.00,0.00,Adjustment,0.00,0.000,,,,,15,Net 15,MiniTrencher,,,,,,,,,,,,,,,,,,,
6212012000001808845,2025-04-02,2025-05-05,TT-00840,Additional SiBore for May order,Partially Billed,Ordinance Engineering Pte Ltd,false,USD,1.000000000000,Standard Template,Additional SiBore for May order,Include PO Number with all packaging and invoices.,Add to 40 unit order ETD early May 2025.,,,Finished Goods,1210,328.00,SiBore Drill - Lower Unit,6212012000000435846,SB0250,,,,,,10.00,0.00,10.00,10.00,Unit,entity_level,true,0.00,0.0,,,,,,,3280.00,3380.00,0.00,Adjustment,0.00,0.000,,,,,15,Net 15,MiniTrencher,,,,,,,,,,,,,,,,,,,
6212012000001808845,2025-04-02,2025-05-05,TT-00840,Additional SiBore for May order,Partially Billed,Ordinance Engineering Pte Ltd,false,USD,1.000000000000,Standard Template,Additional SiBore for May order,Include PO Number with all packaging and invoices.,Add to 40 unit order ETD early May 2025.,,,Work In Progress,,10.00,SiBore Motor Mount,6212012000000430366,SB0300,,,,,"As PER Redlined Drawings Dated 1/14/2025
Material to be .187 Mild Steel
2 Each 3/8-16 PEM Nut Inserts installed",10.00,0.00,10.00,0.00,EA,entity_level,true,0.00,0.0,,,,,,,100.00,3380.00,0.00,Adjustment,0.00,0.000,,,,,15,Net 15,MiniTrencher,,,,,,,,,,,,,,,,,,,
6212012000001808875,2025-04-03,2025-05-30,TT-00841,SiBore Drill Accessory Bag,Billed,"Xiamen ALFA Commercial and Trading Co., Ltd.",false,USD,1.000000000000,Standard Template,SiBore Drill Accessory Bag,,"30% Deposit ($2,970.00 USD)
Balance Before Shipping ($6,930.00 USD)",,,Finished Goods,1210,19.80,SiBore Accessory Bag,6212012000000432838,SBACCBAG,,,,,,500.00,0.00,500.00,500.00,EA,entity_level,true,0.00,0.0,,,,,,,9900.00,9900.00,0.00,Adjustment,0.00,0.000,,,,,0,Due on Receipt,MiniTrencher,,,,,,,,,,,,,,,,,,,
6212012000001808945,2025-04-04,2025-09-01,TT-00845,additional 50 sibore,Issued,Ordinance Engineering Pte Ltd,false,USD,1.000000000000,Standard Template,additional 50 sibore,,,,,Finished Goods,1210,328.00,SiBore Drill - Lower Unit,6212012000000435846,SB0250,,,,,,50.00,0.00,50.00,0.00,Unit,entity_level,true,0.00,0.0,,,,,,,16400.00,16900.00,0.00,,0.00,0.000,,,,,15,Net 15,,,,,,,,,,,,,,,,,,,,
6212012000001808945,2025-04-04,2025-09-01,TT-00845,additional 50 sibore,Issued,Ordinance Engineering Pte Ltd,false,USD,1.000000000000,Standard Template,additional 50 sibore,,,,,Work In Progress,,10.00,SiBore Motor Mount,6212012000000430366,SB0300,,,,,"As PER Redlined Drawings Dated 1/14/2025
Material to be .187 Mild Steel
2 Each 3/8-16 PEM Nut Inserts installed",50.00,0.00,50.00,0.00,EA,entity_level,true,0.00,0.0,,,,,,,500.00,16900.00,0.00,,0.00,0.000,,,,,15,Net 15,,,,,,,,,,,,,,,,,,,,
6212012000001808961,2025-04-04,2025-05-07,TT-00846,additional 50 sibore,Issued,Ordinance Engineering Pte Ltd,false,USD,1.000000000000,Standard Template,additional 50 sibore,,,,,Finished Goods,1210,328.00,SiBore Drill - Lower Unit,6212012000000435846,SB0250,,,,,,20.00,0.00,20.00,0.00,Unit,entity_level,true,0.00,0.0,,,,,,,6560.00,6760.00,0.00,,0.00,0.000,,,,,15,Net 15,,,,,,,,,,,,,,,,,,,,
6212012000001808961,2025-04-04,2025-05-07,TT-00846,additional 50 sibore,Issued,Ordinance Engineering Pte Ltd,false,USD,1.000000000000,Standard Template,additional 50 sibore,,,,,Work In Progress,,10.00,SiBore Motor Mount,6212012000000430366,SB0300,,,,,"As PER Redlined Drawings Dated 1/14/2025
Material to be .187 Mild Steel
2 Each 3/8-16 PEM Nut Inserts installed",20.00,0.00,20.00,0.00,EA,entity_level,true,0.00,0.0,,,,,,,200.00,6760.00,0.00,,0.00,0.000,,,,,15,Net 15,,,,,,,,,,,,,,,,,,,,
6212012000001808977,2025-04-04,2025-04-15,TT-00847,additional 50 sibore,Billed,Ordinance Engineering Pte Ltd,false,USD,1.000000000000,Standard Template,additional 50 sibore,,,,,Finished Goods,1210,328.00,SiBore Drill - Lower Unit,6212012000000435846,SB0250,,,,,,20.00,0.00,20.00,20.00,Unit,entity_level,true,0.00,0.0,,,,,,,6560.00,6760.00,0.00,,0.00,0.000,,,,,15,Net 15,,,,,,,,,,,,,,,,,,,,
6212012000001808977,2025-04-04,2025-04-15,TT-00847,additional 50 sibore,Billed,Ordinance Engineering Pte Ltd,false,USD,1.000000000000,Standard Template,additional 50 sibore,,,,,Work In Progress,,10.00,SiBore Motor Mount,6212012000000430366,SB0300,,,,,"As PER Redlined Drawings Dated 1/14/2025
Material to be .187 Mild Steel
2 Each 3/8-16 PEM Nut Inserts installed",20.00,0.00,20.00,20.00,EA,entity_level,true,0.00,0.0,,,,,,,200.00,6760.00,0.00,,0.00,0.000,,,,,15,Net 15,,,,,,,,,,,,,,,,,,,,
6212012000001809065,2025-04-11,2025-04-14,TT-00851,14767,Billed,InSync Printing,false,USD,1.000000000000,Standard Template,14767,,,,,Inventory Asset,,0.75,"Sticker - 16"" Bar Box 400MM",6212012000000432942,GRS15,,,,,400MM Labels - Cardboard box background,250.00,0.00,250.00,250.00,EA,entity_level,true,0.00,0.0,,,,,,,187.50,1395.00,0.00,Adjustment,0.00,0.000,,,,,0,Due on Receipt,MiniTrencher,,,,,,,,,,,,,,,,,,,
6212012000001809065,2025-04-11,2025-04-14,TT-00851,14767,Billed,InSync Printing,false,USD,1.000000000000,Standard Template,14767,,,,,Inventory Asset,,0.75,"Sticker - 16"" Bar Box SKU Label",6212012000000432955,GRS16,,,,,SKU Labels - Cardboard box background,250.00,0.00,250.00,250.00,EA,entity_level,true,0.00,0.0,,,,,,,187.50,1395.00,0.00,Adjustment,0.00,0.000,,,,,0,Due on Receipt,MiniTrencher,,,,,,,,,,,,,,,,,,,
6212012000001809065,2025-04-11,2025-04-14,TT-00851,14767,Billed,InSync Printing,false,USD,1.000000000000,Standard Template,14767,,,,,Inventory Asset,,0.34,"Sticker - 16"" Chain Box Label",6212012000000430991,GRS12,,,,,,1000.00,0.00,1000.00,1000.00,pcs,entity_level,true,0.00,0.0,,,,,,,340.00,1395.00,0.00,Adjustment,0.00,0.000,,,,,0,Due on Receipt,MiniTrencher,,,,,,,,,,,,,,,,,,,
6212012000001809065,2025-04-11,2025-04-14,TT-00851,14767,Billed,InSync Printing,false,USD,1.000000000000,Standard Template,14767,,,,,Inventory Asset,,0.34,"Sticker - 20"" Chain Label",6212012000000431004,GRS13,,,,,,1000.00,0.00,1000.00,1000.00,pcs,entity_level,true,0.00,0.0,,,,,,,340.00,1395.00,0.00,Adjustment,0.00,0.000,,,,,0,Due on Receipt,MiniTrencher,,,,,,,,,,,,,,,,,,,
6212012000001809065,2025-04-11,2025-04-14,TT-00851,14767,Billed,InSync Printing,false,USD,1.000000000000,Standard Template,14767,,,,,Inventory Asset,,0.34,"Sticker - 27"" Chain Label",6212012000000431017,GRS14,,,,,,1000.00,0.00,1000.00,1000.00,pcs,entity_level,true,0.00,0.0,,,,,,,340.00,1395.00,0.00,Adjustment,0.00,0.000,,,,,0,Due on Receipt,MiniTrencher,,,,,,,,,,,,,,,,,,,
6212012000001809147,2025-04-23,2025-04-28,TT-00855,SiBore hardware,Billed,Vancouver Bolt and Supply Inc.,false,USD,1.000000000000,Standard Template,SiBore hardware,,,,,Finished Goods,1210,0.17,"1/4""-20 x 2.5"" Pan Head Screw",6212012000000430613,SB1425,,,,,25C250MXPZ,600.00,0.00,600.00,600.00,EA,entity_level,true,0.00,0.0,,,,,,,102.00,1093.00,0.00,Adjustment,0.00,0.000,,,,,30,Net 30,MiniTrencher,,,,,,,,,,,,,,,,,,,
6212012000001809147,2025-04-23,2025-04-28,TT-00855,SiBore hardware,Billed,Vancouver Bolt and Supply Inc.,false,USD,1.000000000000,Standard Template,SiBore hardware,,,,,Finished Goods,1210,0.18,"3/8"" split lock washer GR8 yellow zinc",6212012000000430639,SB3807,,,,,"3/8"" split lock washer HI alloy MZ2
37NLHAZ/DOM",400.00,0.00,400.00,400.00,EA,entity_level,true,0.00,0.0,,,,,,,72.00,1093.00,0.00,Adjustment,0.00,0.000,,,,,30,Net 30,MiniTrencher,,,,,,,,,,,,,,,,,,,
6212012000001809147,2025-04-23,2025-04-28,TT-00855,SiBore hardware,Billed,Vancouver Bolt and Supply Inc.,false,USD,1.000000000000,Standard Template,SiBore hardware,,,,,Finished Goods,1210,0.14,"3/8""-16 Nylock Nut",6212012000000430600,SB3803,,,,,37CNNE8Z,700.00,0.00,700.00,700.00,EA,entity_level,true,0.00,0.0,,,,,,,98.00,1093.00,0.00,Adjustment,0.00,0.000,,,,,30,Net 30,MiniTrencher,,,,,,,,,,,,,,,,,,,
6212012000001809147,2025-04-23,2025-04-28,TT-00855,SiBore hardware,Billed,Vancouver Bolt and Supply Inc.,false,USD,1.000000000000,Standard Template,SiBore hardware,,,,,Finished Goods,1210,0.27,"3/8""-16 x 1"" Grade 8 YellowZinc Bolt",6212012000000430561,SB38010,,,,,37C100HCS8Z,400.00,0.00,400.00,400.00,EA,entity_level,true,0.00,0.0,,,,,,,108.00,1093.00,0.00,Adjustment,0.00,0.000,,,,,30,Net 30,MiniTrencher,,,,,,,,,,,,,,,,,,,
6212012000001809147,2025-04-23,2025-04-28,TT-00855,SiBore hardware,Billed,Vancouver Bolt and Supply Inc.,false,USD,1.000000000000,Standard Template,SiBore hardware,,,,,Finished Goods,1210,0.44,"3/8""-16 x 2"" Grade 8 YellowZinc Bolt",6212012000000430574,SB3820,,,,,37C200HCS8Z,200.00,0.00,200.00,200.00,EA,entity_level,true,0.00,0.0,,,,,,,88.00,1093.00,0.00,Adjustment,0.00,0.000,,,,,30,Net 30,MiniTrencher,,,,,,,,,,,,,,,,,,,
6212012000001809147,2025-04-23,2025-04-28,TT-00855,SiBore hardware,Billed,Vancouver Bolt and Supply Inc.,false,USD,1.000000000000,Standard Template,SiBore hardware,,,,,Finished Goods,1210,0.48,"3/8""-16 x 2.25"" Grade 8 YellowZinc Bolt",6212012000000430719,SB3822,,,,,37C225HCS8Z,400.00,0.00,400.00,400.00,EA,entity_level,true,0.00,0.0,,,,,,,192.00,1093.00,0.00,Adjustment,0.00,0.000,,,,,30,Net 30,MiniTrencher,,,,,,,,,,,,,,,,,,,
6212012000001809147,2025-04-23,2025-04-28,TT-00855,SiBore hardware,Billed,Vancouver Bolt and Supply Inc.,false,USD,1.000000000000,Standard Template,SiBore hardware,,,,,Finished Goods,1210,0.48,"3/8""-16 x 2.5"" Grade 8 YellowZinc Bolt",6212012000000430587,SB3825,,,,,37C250HCS8Z,100.00,0.00,100.00,100.00,EA,entity_level,true,0.00,0.0,,,,,,,48.00,1093.00,0.00,Adjustment,0.00,0.000,,,,,30,Net 30,MiniTrencher,,,,,,,,,,,,,,,,,,,
6212012000001809147,2025-04-23,2025-04-28,TT-00855,SiBore hardware,Billed,Vancouver Bolt and Supply Inc.,false,USD,1.000000000000,Standard Template,SiBore hardware,,,,,Finished Goods,1210,0.63,M8 x 1.25 x 65 Zinc-Plated Hex Bolt,6212012000000428304,MT0865,,,,,".8C65HCSZ/PT 
M8-1.25 X 65 HEX CAP SCREW 8.8 PARTIAL THREAD",500.00,0.00,500.00,500.00,EA,entity_level,true,0.00,0.0,,,,,,,315.00,1093.00,0.00,Adjustment,0.00,0.000,,,,,30,Net 30,MiniTrencher,,,,,,,,,,,,,,,,,,,
6212012000001809147,2025-04-23,2025-04-28,TT-00855,SiBore hardware,Billed,Vancouver Bolt and Supply Inc.,false,USD,1.000000000000,Standard Template,SiBore hardware,,,,,Inventory Asset,,0.10,M4-0.70 x 20mm Hex cap screw,6212012000000432799,MT0420,,,,,M4-0.70 x 20mm Hex Countersunk flat head Grade 8.8 Full Thread Zinc plated,700.00,0.00,700.00,700.00,EA,entity_level,true,0.00,0.0,,,,,,,70.00,1093.00,0.00,Adjustment,0.00,0.000,,,,,30,Net 30,MiniTrencher,,,,,,,,,,,,,,,,,,,
6212012000001809177,2025-04-23,2025-04-30,TT-00856,"tray, stabilizer bar boxes, foam",Billed,SupplyOne Northwest,false,USD,1.000000000000,Standard Template,"tray, stabilizer bar boxes, foam",,,,,Finished Goods,1210,1.42,Box - Bar 500,6212012000000428419,MT95016A,,,,,CCBOX # 95016A,1100.00,0.00,1100.00,1100.00,EA,entity_level,true,0.00,0.0,,,,,,,1562.00,5281.10,0.00,Adjustment,0.00,0.000,,,,,0,Due on Receipt,MiniTrencher,,,,,,,,,,,,,,,,,,,
6212012000001809177,2025-04-23,2025-04-30,TT-00856,"tray, stabilizer bar boxes, foam",Billed,SupplyOne Northwest,false,USD,1.000000000000,Standard Template,"tray, stabilizer bar boxes, foam",,,,,Inventory Asset,,1.98,"GeoRipper Box ""Stabilizer""",6212012000000427092,BX-5,,,,,,715.00,0.00,715.00,715.00,EA,entity_level,true,0.00,0.0,,,,,,,1415.70,5281.10,0.00,Adjustment,0.00,0.000,,,,,0,Due on Receipt,MiniTrencher,,,,,,,,,,,,,,,,,,,
6212012000001809177,2025-04-23,2025-04-30,TT-00856,"tray, stabilizer bar boxes, foam",Billed,SupplyOne Northwest,false,USD,1.000000000000,Standard Template,"tray, stabilizer bar boxes, foam",,,,,Inventory Asset,,4.61,GeoRipper Box Tray,6212012000000427105,BX-6,,,,,,220.00,0.00,220.00,220.00,EA,entity_level,true,0.00,0.0,,,,,,,1014.20,5281.10,0.00,Adjustment,0.00,0.000,,,,,0,Due on Receipt,MiniTrencher,,,,,,,,,,,,,,,,,,,
6212012000001809177,2025-04-23,2025-04-30,TT-00856,"tray, stabilizer bar boxes, foam",Billed,SupplyOne Northwest,false,USD,1.000000000000,Standard Template,"tray, stabilizer bar boxes, foam",,,,,Work In Progress,,11.72,Foam Insert - GeoRipperT/A Box,6212012000000428161,MT0091,,,,,CCBOX Item # 181250,110.00,0.00,110.00,110.00,EA,entity_level,true,0.00,0.0,,,,,,,1289.20,5281.10,0.00,Adjustment,0.00,0.000,,,,,0,Due on Receipt,MiniTrencher,,,,,,,,,,,,,,,,,,,
6212012000001809197,2025-04-24,2025-07-31,TT-00857,H1000,Billed,Turbo2 Cast Pvt. Ltd.,false,USD,1.000000000000,Standard Template,H1000,,,,,Inventory Asset,,54.20,Husqvarna T/A Casting,6212012000000429031,H1000,,,,,,200.00,0.00,200.00,200.00,EA,entity_level,true,0.00,0.0,,,,,,,10840.00,10840.00,0.00,Adjustment,0.00,0.000,,,,,0,50% down/50% COD,MiniTrencher,,,,,,,,,,,,,,,,,,,
6212012000001809239,2025-04-28,2025-05-02,TT-00860,,Billed,"Mr. Powder Kote, LLC",false,USD,1.000000000000,Standard Template,,,,,,Cost of Goods Sold,,60.00,,,,,,,,"6"" x 6"" x 108"" powder kote 
sand blasted and Powder coated BK08",2.00,0.00,0.00,2.00,,entity_level,true,0.00,0.0,,,,,,,120.00,120.00,0.00,Adjustment,0.00,0.000,,,,,15,Net 15,JJ Harris,,,,,,,,,,,,,,,,,,,
6212012000001809281,2025-04-30,2025-05-07,TT-00863,"SiBore box , tray",Billed,SupplyOne Northwest,false,USD,1.000000000000,Standard Template,"SiBore box , tray",,,,,Finished Goods,1210,12.28,SiBore Drill - Shipping Box,6212012000000429819,SBBOX1,,,,,,110.00,0.00,110.00,110.00,EA,entity_level,true,0.00,0.0,,,,,,,1350.80,2420.00,0.00,Adjustment,0.00,0.000,,,,,0,Due on Receipt,MiniTrencher,,,,,,,,,,,,,,,,,,,
6212012000001809281,2025-04-30,2025-05-07,TT-00863,"SiBore box , tray",Billed,SupplyOne Northwest,false,USD,1.000000000000,Standard Template,"SiBore box , tray",,,,,Inventory Asset,,4.86,SiBore Drill - Tray,6212012000000430275,SBBOX2,,,,,,220.00,0.00,220.00,220.00,EA,entity_level,true,0.00,0.0,,,,,,,1069.20,2420.00,0.00,Adjustment,0.00,0.000,,,,,0,Due on Receipt,MiniTrencher,,,,,,,,,,,,,,,,,,,
6212012000001809297,2025-05-01,2025-05-02,TT-00865,DFP13540,Billed,Alfieri Sons Irrigation,false,USD,1.000000000000,Standard Template,DFP13540,,,,,Finished Goods,1210,1799.99,The GeoRipper 16,6212012000000444881,GR416,,,,,"Fulfilled by Alfieri Sons Irrigation
1Z5727AV9053191954- GR416, MT4400, MT9001x2",1.00,0.00,1.00,1.00,Kit,entity_level,true,0.00,0.0,,,,,,,1799.99,2573.09,0.00,Adjustment,0.00,0.000,,,,,0,Due on Receipt,,,,,,,,Christopher Silva,8512 Robin hood dr,Tampa,Florida,U.S.A,33615,813-450-6386,,,,,,
6212012000001809297,2025-05-01,2025-05-02,TT-00865,DFP13540,Billed,Alfieri Sons Irrigation,false,USD,1.000000000000,Standard Template,DFP13540,,,,,Inventory Asset,,495.00,GeoRipper Minitrencher Universal EZ Kart,6212012000000435439,EZ100,810075760071,,810075760071,,1Z5727AV9052848149 -EZ Kart,1.00,0.00,1.00,1.00,Kit,entity_level,true,0.00,0.0,,,,,,,495.00,2573.09,0.00,Adjustment,0.00,0.000,,,,,0,Due on Receipt,,,,,,,,Christopher Silva,8512 Robin hood dr,Tampa,Florida,U.S.A,33615,813-450-6386,,,,,,
6212012000001809297,2025-05-01,2025-05-02,TT-00865,DFP13540,Billed,Alfieri Sons Irrigation,false,USD,1.000000000000,Standard Template,DFP13540,,,,,Inventory Asset,,90.00,"16"" Digging Chain (Single Chain)",6212012000000435529,MT4400,,,,,,1.00,0.00,1.00,1.00,EA,entity_level,true,0.00,0.0,,,,,,,90.00,2573.09,0.00,Adjustment,0.00,0.000,,,,,0,Due on Receipt,,,,,,,,Christopher Silva,8512 Robin hood dr,Tampa,Florida,U.S.A,33615,813-450-6386,,,,,,
6212012000001809297,2025-05-01,2025-05-02,TT-00865,DFP13540,Billed,Alfieri Sons Irrigation,false,USD,1.000000000000,Standard Template,DFP13540,,,,,Finished Goods,1210,94.05,Minitrencher Drive Sprocket for GeoRipper and GeoRipper(R)T/A,6212012000000429254,MT9001,810075760255,,810075760255,,Drive sprocket fits all GeoRipper T/As,2.00,0.00,2.00,2.00,EA,entity_level,true,0.00,0.0,,,,,,,188.10,2573.09,0.00,Adjustment,0.00,0.000,,,,,0,Due on Receipt,,,,,,,,Christopher Silva,8512 Robin hood dr,Tampa,Florida,U.S.A,33615,813-450-6386,,,,,,
6212012000001809317,2025-05-01,,TT-00866,Shopify #3134/ DFP13564,Billed,Alfieri Sons Irrigation,false,USD,1.000000000000,Standard Template,Shopify #3134/ DFP13564,,,,,Finished Goods,1210,94.05,Minitrencher Drive Sprocket for 6 Series Trencher,6212012000000429293,MT9601,,,,,Fulfilled by Alfieri Sons Irrigation,1.00,0.00,1.00,1.00,EA,entity_level,true,0.00,0.0,,,,,,,94.05,94.05,0.00,Adjustment,0.00,0.000,,,,,0,Due on Receipt,,,,,,,,,,,,,,,,,,,,
6212012000001809331,2025-05-01,,TT-00867,Shopify #3135 /DFP13567,Billed,Alfieri Sons Irrigation,false,USD,1.000000000000,Standard Template,Shopify #3135 /DFP13567,,,,,Inventory Asset,,112.50,"20"" Digging Chain (Single Chain)",6212012000000435587,MT4500,810075761177,,,,Fulfilled by Alfieri Sons Irrigation,1.00,0.00,1.00,1.00,Kit,entity_level,true,0.00,0.0,,,,,,,112.50,112.50,0.00,Adjustment,0.00,0.000,,,,,0,Due on Receipt,,,,,,,,Nick Limauro,175 Ridgewood rd,Middletown,CT,U.S.A,06457,203-668-5383,,,,,,
6212012000001809373,2025-05-09,2025-05-14,TT-00869,,Billed,"Makita USA, Inc.",false,USD,1.000000000000,Standard Template,,,,,,Inventory Asset,,88.26,"Ignition Coil Cpl., EK6101",6212012000000425856,123479-9,,,,,,3.00,0.00,3.00,3.00,EA,entity_level,true,0.00,0.0,,,,,,,264.78,2844.83,0.00,Adjustment,0.00,0.000,,,,,60,2% NET 60,JJ Harris,,,,,,,,,,,,,,,,,,,
6212012000001809373,2025-05-09,2025-05-14,TT-00869,,Billed,"Makita USA, Inc.",false,USD,1.000000000000,Standard Template,,,,,,Inventory Asset,,29.76,Belt Cover EK6101,6212012000000425908,143438-7,,,,,,10.00,0.00,10.00,10.00,EA,entity_level,true,0.00,0.0,,,,,,,297.60,2844.83,0.00,Adjustment,0.00,0.000,,,,,60,2% NET 60,JJ Harris,,,,,,,,,,,,,,,,,,,
6212012000001809373,2025-05-09,2025-05-14,TT-00869,,Billed,"Makita USA, Inc.",false,USD,1.000000000000,Standard Template,,,,,,Inventory Asset,,93.41,CRANK CASE CL. SIDE ASS'Y EK6101,6212012000000425934,143449-2,,,,,,3.00,0.00,3.00,3.00,EA,entity_level,true,0.00,0.0,,,,,,,280.23,2844.83,0.00,Adjustment,0.00,0.000,,,,,60,2% NET 60,JJ Harris,,,,,,,,,,,,,,,,,,,
6212012000001809373,2025-05-09,2025-05-14,TT-00869,,Billed,"Makita USA, Inc.",false,USD,1.000000000000,Standard Template,,,,,,Finished Goods,1210,43.10,Recoil Starter Complete EK6101,6212012000000425960,143454-9,,,,,,5.00,0.00,5.00,5.00,EA,entity_level,true,0.00,0.0,,,,,,,215.50,2844.83,0.00,Adjustment,0.00,0.000,,,,,60,2% NET 60,JJ Harris,,,,,,,,,,,,,,,,,,,
6212012000001809373,2025-05-09,2025-05-14,TT-00869,,Billed,"Makita USA, Inc.",false,USD,1.000000000000,Standard Template,,,,,,Inventory Asset,,46.88,Muffler EK6101,6212012000000426012,161392-3,,,,,,4.00,0.00,4.00,4.00,EA,entity_level,true,0.00,0.0,,,,,,,187.52,2844.83,0.00,Adjustment,0.00,0.000,,,,,60,2% NET 60,JJ Harris,,,,,,,,,,,,,,,,,,,
6212012000001809373,2025-05-09,2025-05-14,TT-00869,,Billed,"Makita USA, Inc.",false,USD,1.000000000000,Standard Template,,,,,,Inventory Asset,,132.55,Carburetor Replacement EK7651H,6212012000000426077,168815-2,,,,,,2.00,0.00,2.00,2.00,EA,entity_level,true,0.00,0.0,,,,,,,265.10,2844.83,0.00,Adjustment,0.00,0.000,,,,,60,2% NET 60,JJ Harris,,,,,,,,,,,,,,,,,,,
6212012000001809373,2025-05-09,2025-05-14,TT-00869,,Billed,"Makita USA, Inc.",false,USD,1.000000000000,Standard Template,,,,,,Inventory Asset,,1.44,Washer - EK6101,6212012000000426246,216217-7,,,,,,25.00,0.00,25.00,25.00,EA,entity_level,true,0.00,0.0,,,,,,,36.00,2844.83,0.00,Adjustment,0.00,0.000,,,,,60,2% NET 60,JJ Harris,,,,,,,,,,,,,,,,,,,
6212012000001809373,2025-05-09,2025-05-14,TT-00869,,Billed,"Makita USA, Inc.",false,USD,1.000000000000,Standard Template,,,,,,Inventory Asset,,41.57,Pulley EK6101 Makita,6212012000000426649,222188-8,,,,,Makita Part: 222188-8,20.00,0.00,20.00,20.00,EA,entity_level,true,0.00,0.0,,,,,,,831.40,2844.83,0.00,Adjustment,0.00,0.000,,,,,60,2% NET 60,JJ Harris,,,,,,,,,,,,,,,,,,,
6212012000001809373,2025-05-09,2025-05-14,TT-00869,,Billed,"Makita USA, Inc.",false,USD,1.000000000000,Standard Template,,,,,,Inventory Asset,,1.91,SPACER EK6101,6212012000000426662,257386-5,,,,,"SPACER, EK6101",10.00,0.00,10.00,10.00,EA,entity_level,true,0.00,0.0,,,,,,,19.10,2844.83,0.00,Adjustment,0.00,0.000,,,,,60,2% NET 60,JJ Harris,,,,,,,,,,,,,,,,,,,
6212012000001809373,2025-05-09,2025-05-14,TT-00869,,Billed,"Makita USA, Inc.",false,USD,1.000000000000,Standard Template,,,,,,Inventory Asset,,15.85,Axle 20.0 - EK6101,6212012000000426675,326623-9,,,,,,20.00,0.00,20.00,20.00,EA,entity_level,true,0.00,0.0,,,,,,,317.00,2844.83,0.00,Adjustment,0.00,0.000,,,,,60,2% NET 60,JJ Harris,,,,,,,,,,,,,,,,,,,
6212012000001809373,2025-05-09,2025-05-14,TT-00869,,Billed,"Makita USA, Inc.",false,USD,1.000000000000,Standard Template,,,,,,Inventory Asset,,1.40,Gasket EK7301,6212012000000426740,346876-4,,,,,,10.00,0.00,10.00,10.00,EA,entity_level,true,0.00,0.0,,,,,,,14.00,2844.83,0.00,Adjustment,0.00,0.000,,,,,60,2% NET 60,JJ Harris,,,,,,,,,,,,,,,,,,,
6212012000001809373,2025-05-09,2025-05-14,TT-00869,,Billed,"Makita USA, Inc.",false,USD,1.000000000000,Standard Template,,,,,,Inventory Asset,,2.24,CYLINDER BASE GASKET EK6101,6212012000000426753,346950-8,,,,,,10.00,0.00,10.00,10.00,EA,entity_level,true,0.00,0.0,,,,,,,22.40,2844.83,0.00,Adjustment,0.00,0.000,,,,,60,2% NET 60,JJ Harris,,,,,,,,,,,,,,,,,,,
6212012000001809373,2025-05-09,2025-05-14,TT-00869,,Billed,"Makita USA, Inc.",false,USD,1.000000000000,Standard Template,,,,,,Inventory Asset,,9.42,Air Filter EK6101,6212012000000426870,424789-0,,,,,,10.00,0.00,10.00,10.00,EA,entity_level,true,0.00,0.0,,,,,,,94.20,2844.83,0.00,Adjustment,0.00,0.000,,,,,60,2% NET 60,JJ Harris,,,,,,,,,,,,,,,,,,,
6212012000001809413,2025-05-09,,TT-00870,Bearings 6201 for EK6101,Billed,Red Boar Chain & Fastener,false,USD,1.000000000000,Standard Template,Bearings 6201 for EK6101,,,,,Finished Goods,1210,5.60,BEARING 6201LLU EK6101,6212012000000426207,210148-2,,,,,,30.00,0.00,30.00,30.00,EA,entity_level,true,0.00,0.0,,,,,,,168.00,168.00,0.00,Adjustment,0.00,0.000,,,,,0,Due on Receipt,JJ Harris,,,,,,,,,,,,,,,,,,,
6212012000001809473,2025-05-13,,TT-00875,Safety Bars,Billed,Accurate Machine and Mfg Inc,false,USD,1.000000000000,Standard Template,Safety Bars,,,,,Inventory Asset,,23.50,Safety Bar - 400 Series GeoRipperT/A,6212012000000434729,MT7400,,,,,,339.00,0.00,339.00,339.00,EA,entity_level,true,0.00,0.0,,,,,,,7966.50,23926.50,0.00,Adjustment,0.00,0.000,,,,,0,Due on Receipt,JJ Harris,,,,,,,,,,,,,,,,,,,
6212012000001809473,2025-05-13,,TT-00875,Safety Bars,Billed,Accurate Machine and Mfg Inc,false,USD,1.000000000000,Standard Template,Safety Bars,,,,,Inventory Asset,,24.70,Safety Bar - 500 Series GeoRipperT/A,6212012000000434184,MT7500,,,,,,320.00,0.00,320.00,320.00,EA,entity_level,true,0.00,0.0,,,,,,,7904.00,23926.50,0.00,Adjustment,0.00,0.000,,,,,0,Due on Receipt,JJ Harris,,,,,,,,,,,,,,,,,,,
6212012000001809473,2025-05-13,,TT-00875,Safety Bars,Billed,Accurate Machine and Mfg Inc,false,USD,1.000000000000,Standard Template,Safety Bars,,,,,Inventory Asset,,26.50,Safety Bar - 700 Series GeoRipperT/A,6212012000000434203,MT7700,,,,,,304.00,0.00,304.00,304.00,EA,entity_level,true,0.00,0.0,,,,,,,8056.00,23926.50,0.00,Adjustment,0.00,0.000,,,,,0,Due on Receipt,JJ Harris,,,,,,,,,,,,,,,,,,,
6212012000001809491,2025-05-14,2025-07-10,TT-00878,Topwe Engines and Parts,Billed,TopweTools,false,USD,1.000000000000,Standard Template,Topwe Engines and Parts,,,,,Finished Goods,1210,213.75,MT7208S - Georipper Engine,6212012000000430288,MT7208,,,,,TopWeTools G7208S Concrete Saw - Specialized with parts removed.,400.00,0.00,400.00,400.00,EA,entity_level,true,0.00,0.0,,,,,,,85500.00,88489.00,0.00,Adjustment,0.00,0.000,,,,,0,Due on Receipt,MiniTrencher,,,,,,,,,,,,,,,,,,,
6212012000001809491,2025-05-14,2025-07-10,TT-00878,Topwe Engines and Parts,Billed,TopweTools,false,USD,1.000000000000,Standard Template,Topwe Engines and Parts,,,,,Inventory Asset,,9.97,Pull Start Ass'y MT7208,6212012000000434748,MT7208-25-36,,,,,,200.00,0.00,200.00,200.00,ea,entity_level,true,0.00,0.0,,,,,,,1994.00,88489.00,0.00,Adjustment,0.00,0.000,,,,,0,Due on Receipt,MiniTrencher,,,,,,,,,,,,,,,,,,,
6212012000001809491,2025-05-14,2025-07-10,TT-00878,Topwe Engines and Parts,Billed,TopweTools,false,USD,1.000000000000,Standard Template,Topwe Engines and Parts,,,,,Inventory Asset,,1.40,Double hole intake pipe,6212012000000432201,MT7208-74,,,,,GT7208 part # 74,100.00,0.00,100.00,100.00,ea,entity_level,true,0.00,0.0,,,,,,,140.00,88489.00,0.00,Adjustment,0.00,0.000,,,,,0,Due on Receipt,MiniTrencher,,,,,,,,,,,,,,,,,,,
6212012000001809491,2025-05-14,2025-07-10,TT-00878,Topwe Engines and Parts,Billed,TopweTools,false,USD,1.000000000000,Standard Template,Topwe Engines and Parts,,,,,Inventory Asset,,4.10,Intake elbow,6212012000000432331,MT7208-85,,,,,GT7208 part # 85,50.00,0.00,50.00,50.00,ea,entity_level,true,0.00,0.0,,,,,,,205.00,88489.00,0.00,Adjustment,0.00,0.000,,,,,0,Due on Receipt,MiniTrencher,,,,,,,,,,,,,,,,,,,
6212012000001809491,2025-05-14,2025-07-10,TT-00878,Topwe Engines and Parts,Billed,TopweTools,false,USD,1.000000000000,Standard Template,Topwe Engines and Parts,,,,,Inventory Asset,,1.40,Adjust the cam,6212012000000432383,MT7208-89,,,,,GT7208 part # 89,100.00,0.00,100.00,100.00,ea,entity_level,true,0.00,0.0,,,,,,,140.00,88489.00,0.00,Adjustment,0.00,0.000,,,,,0,Due on Receipt,MiniTrencher,,,,,,,,,,,,,,,,,,,
6212012000001809491,2025-05-14,2025-07-10,TT-00878,Topwe Engines and Parts,Billed,TopweTools,false,USD,1.000000000000,Standard Template,Topwe Engines and Parts,,,,,Inventory Asset,,3.40,Belt cover Orange K770 K970,6212012000000432812,MT7208-100-H,,,,,,50.00,0.00,50.00,50.00,EA,entity_level,true,0.00,0.0,,,,,,,170.00,88489.00,0.00,Adjustment,0.00,0.000,,,,,0,Due on Receipt,MiniTrencher,,,,,,,,,,,,,,,,,,,
6212012000001809491,2025-05-14,2025-07-10,TT-00878,Topwe Engines and Parts,Billed,TopweTools,false,USD,1.000000000000,Standard Template,Topwe Engines and Parts,,,,,Inventory Asset,,3.40,Protecting Belt  cover Green,6212012000000432513,MT7208-100,,,,,GT7208 part # 100,100.00,0.00,100.00,100.00,ea,entity_level,true,0.00,0.0,,,,,,,340.00,88489.00,0.00,Adjustment,0.00,0.000,,,,,0,Due on Receipt,MiniTrencher,,,,,,,,,,,,,,,,,,,
6212012000001809559,2025-05-15,2025-05-21,TT-00883,Hand Entanglement Stickers,Billed,Minuteman Press,false,USD,1.000000000000,Standard Template,Hand Entanglement Stickers,,,,,Inventory Asset,,0.26,Sticker - Hand Entanglement/Chain Drive,6212012000000430952,GRS11,,,,,,1000.00,0.00,1000.00,1000.00,pcs,entity_level,true,0.00,0.0,,,,,,,260.00,260.00,0.00,Adjustment,0.00,0.000,,,,,30,Net 30,MiniTrencher,,,,,,,,,,,,,,,,,,,
6212012000001809587,2025-05-21,2025-06-30,TT-00885,"MT1500, GR8.1, MT9001",Billed,Ordinance Engineering Pte Ltd,false,USD,1.000000000000,Standard Template,"MT1500, GR8.1, MT9001",,,,,Finished Goods,1210,9.00,6 Tooth Nose Sprocket,6212012000000428797,GR1.1,,,,,GR1.1-20A,1000.00,0.00,1000.00,1000.00,EA,entity_level,true,0.00,0.0,,,,,,,9000.00,22140.00,0.00,Adjustment,0.00,0.000,,,,,0,Due on Receipt,MiniTrencher,,,,,,,,,,,,,,,,,,,
6212012000001809587,2025-05-21,2025-06-30,TT-00885,"MT1500, GR8.1, MT9001",Billed,Ordinance Engineering Pte Ltd,false,USD,1.000000000000,Standard Template,"MT1500, GR8.1, MT9001",,,,,Finished Goods,1210,6.80,Chain Tension Block,6212012000000428914,GR8.1-21A,,,,,"S375 Steel, Black Zinc Plating",1000.00,0.00,1000.00,1000.00,pcs,entity_level,true,0.00,0.0,,,,,,,6800.00,22140.00,0.00,Adjustment,0.00,0.000,,,,,0,Due on Receipt,MiniTrencher,,,,,,,,,,,,,,,,,,,
6212012000001809587,2025-05-21,2025-06-30,TT-00885,"MT1500, GR8.1, MT9001",Billed,Ordinance Engineering Pte Ltd,false,USD,1.000000000000,Standard Template,"MT1500, GR8.1, MT9001",,,,,Finished Goods,1210,6.34,Minitrencher Drive Sprocket for GeoRipper and GeoRipper(R)T/A,6212012000000429254,MT9001,810075760255,,810075760255,,,1000.00,0.00,1000.00,1000.00,EA,entity_level,true,0.00,0.0,,,,,,,6340.00,22140.00,0.00,Adjustment,0.00,0.000,,,,,0,Due on Receipt,MiniTrencher,,,,,,,,,,,,,,,,,,,
6212012000001809605,2025-05-22,,TT-00886,GR1.1,Billed,Ordinance Engineering Pte Ltd,false,USD,1.000000000000,Standard Template,GR1.1,"'***PLEASE SHIP 250 BY AIR***
HOLD 250 IN SINGAPORE",,,,Finished Goods,1210,9.00,6 Tooth Nose Sprocket,6212012000000428797,GR1.1,,,,,,500.00,0.00,500.00,500.00,EA,entity_level,true,0.00,0.0,,,,,,,4500.00,4500.00,0.00,Adjustment,0.00,0.000,,,,,15,Net 15,MiniTrencher,,,,,,,,,,,,,,,,,,,
6212012000001809619,2025-05-22,,TT-00887,boxes,Billed,SupplyOne Northwest,false,USD,1.000000000000,Standard Template,boxes,,,,,Finished Goods,1210,2.56,Single Chain Box,6212012000000430965,BX-12,,,,,1000ct price CCBOX #,2160.00,0.00,2160.00,2160.00,EA,entity_level,true,0.00,0.0,,,,,,,5529.60,13178.31,0.00,Adjustment,0.00,0.000,,,,,0,Due on Receipt,MiniTrencher,,,,,,,,,,,,,,,,,,,
6212012000001809619,2025-05-22,,TT-00887,boxes,Billed,SupplyOne Northwest,false,USD,1.000000000000,Standard Template,boxes,,,,,Inventory Asset,,10.66,"Small GeoRipper Box ""A""",6212012000000427079,BX-4,,,,,CCBOX ID: OUTER A,231.00,0.00,231.00,231.00,EA,entity_level,true,0.00,0.0,,,,,,,2462.46,13178.31,0.00,Adjustment,0.00,0.000,,,,,0,Due on Receipt,MiniTrencher,,,,,,,,,,,,,,,,,,,
6212012000001809619,2025-05-22,,TT-00887,boxes,Billed,SupplyOne Northwest,false,USD,1.000000000000,Standard Template,boxes,,,,,Inventory Asset,,15.53,"Large GeoRipper Box ""B""",6212012000000427066,BX-3,,,,,,81.00,0.00,81.00,81.00,EA,entity_level,true,0.00,0.0,,,,,,,1257.93,13178.31,0.00,Adjustment,0.00,0.000,,,,,0,Due on Receipt,MiniTrencher,,,,,,,,,,,,,,,,,,,
6212012000001809619,2025-05-22,,TT-00887,boxes,Billed,SupplyOne Northwest,false,USD,1.000000000000,Standard Template,boxes,,,,,Inventory Asset,,4.62,GeoRipper Box Tray,6212012000000427105,BX-6,,,,,,242.00,0.00,242.00,242.00,EA,entity_level,true,0.00,0.0,,,,,,,1118.04,13178.31,0.00,Adjustment,0.00,0.000,,,,,0,Due on Receipt,MiniTrencher,,,,,,,,,,,,,,,,,,,
6212012000001809619,2025-05-22,,TT-00887,boxes,Billed,SupplyOne Northwest,false,USD,1.000000000000,Standard Template,boxes,,,,,Inventory Asset,,2.17,"GeoRipper Box ""Stabilizer""",6212012000000427092,BX-5,,,,,,660.00,0.00,660.00,660.00,EA,entity_level,true,0.00,0.0,,,,,,,1432.20,13178.31,0.00,Adjustment,0.00,0.000,,,,,0,Due on Receipt,MiniTrencher,,,,,,,,,,,,,,,,,,,
6212012000001809619,2025-05-22,,TT-00887,boxes,Billed,SupplyOne Northwest,false,USD,1.000000000000,Standard Template,boxes,,,,,Finished Goods,1210,5.22,Box - EZ100,6212012000000428458,MT95193,,,,,CCBOX # 95193,264.00,0.00,264.00,264.00,EA,entity_level,true,0.00,0.0,,,,,,,1378.08,13178.31,0.00,Adjustment,0.00,0.000,,,,,0,Due on Receipt,MiniTrencher,,,,,,,,,,,,,,,,,,,
6212012000001809699,2025-05-29,2025-06-02,TT-00893,,Billed,D&D Global Power Drive Belts,false,USD,1.000000000000,Standard Template,,,,,,Finished Goods,1210,3.72,Belt for Makita EK8100,6212012000000429359,MTB81-00,810075760552,,810075760552,,D&D SKU 340J5,324.00,0.00,324.00,324.00,EA,entity_level,true,0.00,0.0,,,,,,,1205.28,1205.28,0.00,Adjustment,0.00,0.000,,,,,30,Net 30,MiniTrencher,,,,,,,,,,,,,,,,,,,
6212012000001888878,2025-01-20,2025-01-27,TT-00802,"lower units, driveshafts,, 32"" ext.",Billed,"Mr. Powder Kote, LLC",false,USD,1.000000000000,Standard Template,"lower units, driveshafts,, 32"" ext.",,,Pick Up,,SiBore Drill - Part,5300,5.00,SiBore Drill- Lower Unit Powdercoat,6212012000000430915,SB0250P,,,,,"Lower unit powder coating
 PMS 375C Bright Green",10.00,0.00,0.00,10.00,EA,entity_level,true,0.00,0.0,,,,,,,50.00,440.00,0.00,Adjustment,0.00,0.000,,,,,15,Net 15,JJ Harris,815 NE 172nd Avenue,Vancouver,Washington,U.S.A,98684,877-694-0141,,,,,,,,,,,,,
6212012000001888878,2025-01-20,2025-01-27,TT-00802,"lower units, driveshafts,, 32"" ext.",Billed,"Mr. Powder Kote, LLC",false,USD,1.000000000000,Standard Template,"lower units, driveshafts,, 32"" ext.",,,Pick Up,,SiBore Drill - Part,5300,3.50,GR Miscellaneous - Becca DO NOT USE,6212012000000427495,GR MISC,,,,,"SiBore driveshaft green Powdercoat
PMS 375C Bright Green",20.00,0.00,20.00,20.00,EA,entity_level,true,0.00,0.0,,,,,,,70.00,440.00,0.00,Adjustment,0.00,0.000,,,,,15,Net 15,JJ Harris,815 NE 172nd Avenue,Vancouver,Washington,U.S.A,98684,877-694-0141,,,,,,,,,,,,,
6212012000001888878,2025-01-20,2025-01-27,TT-00802,"lower units, driveshafts,, 32"" ext.",Billed,"Mr. Powder Kote, LLC",false,USD,1.000000000000,Standard Template,"lower units, driveshafts,, 32"" ext.",,,Pick Up,,SiBore Drill - Part,5300,5.00,GR Miscellaneous - Becca DO NOT USE,6212012000000427495,GR MISC,,,,,"32"" extension rod PMS 375C Bright Green",64.00,0.00,64.00,64.00,EA,entity_level,true,0.00,0.0,,,,,,,320.00,440.00,0.00,Adjustment,0.00,0.000,,,,,15,Net 15,JJ Harris,815 NE 172nd Avenue,Vancouver,Washington,U.S.A,98684,877-694-0141,,,,,,,,,,,,,
6212012000001912001,2025-01-31,,TT-00809,"lower units, driveshafts, 32"" ext.",Billed,"Mr. Powder Kote, LLC",false,USD,1.000000000000,Standard Template,"lower units, driveshafts, 32"" ext.",,,,,SiBore Drill - Part,5300,5.00,SiBore Drill- Lower Unit Powdercoat,6212012000000430915,SB0250P,,,,,"Lower unit powder coating
 PMS 375C Bright Green",10.00,0.00,0.00,10.00,EA,entity_level,true,0.00,0.0,,,,,,,50.00,275.00,0.00,Adjustment,0.00,0.000,,,,,15,Net 15,JJ Harris,815 NE 172nd Avenue,Vancouver,Washington,U.S.A,98684,877-694-0141,,,,,,,,,,,,,
6212012000001912001,2025-01-31,,TT-00809,"lower units, driveshafts, 32"" ext.",Billed,"Mr. Powder Kote, LLC",false,USD,1.000000000000,Standard Template,"lower units, driveshafts, 32"" ext.",,,,,SiBore Drill - Part,5300,5.00,,,,,,,,"SiBore Drill - 32"" Extension Powdercoat
PMS 375C Bright Green",45.00,0.00,0.00,45.00,,entity_level,true,0.00,0.0,,,,,,,225.00,275.00,0.00,Adjustment,0.00,0.000,,,,,15,Net 15,JJ Harris,815 NE 172nd Avenue,Vancouver,Washington,U.S.A,98684,877-694-0141,,,,,,,,,,,,,
6212012000001912041,2025-02-26,,TT-00824,"lower units, driveshafts",Billed,"Mr. Powder Kote, LLC",false,USD,1.000000000000,Standard Template,"lower units, driveshafts",,,,,SiBore Drill - Part,5300,5.00,SiBore Drill- Lower Unit Powdercoat,6212012000000430915,SB0250P,,,,,"Lower unit powder coating
 PMS 375C Bright Green",15.00,0.00,0.00,15.00,EA,entity_level,true,0.00,0.0,,,,,,,75.00,131.00,0.00,Adjustment,0.00,0.000,,,,,15,Net 15,JJ Harris,815 NE 172nd Avenue,Vancouver,Washington,U.S.A,98684,877-694-0141,,,,,,,,,,,,,
6212012000001912041,2025-02-26,,TT-00824,"lower units, driveshafts",Billed,"Mr. Powder Kote, LLC",false,USD,1.000000000000,Standard Template,"lower units, driveshafts",,,,,SiBore Drill - Part,5300,3.50,,,,,,,,"SiBore driveshaft green Powdercoat
PMS 375C Bright Green",16.00,0.00,0.00,16.00,,entity_level,true,0.00,0.0,,,,,,,56.00,131.00,0.00,Adjustment,0.00,0.000,,,,,15,Net 15,JJ Harris,815 NE 172nd Avenue,Vancouver,Washington,U.S.A,98684,877-694-0141,,,,,,,,,,,,,
6212012000001912063,2025-03-06,,TT-00830,"32"" ext.",Billed,"Mr. Powder Kote, LLC",false,USD,1.000000000000,Standard Template,"32"" ext.",,,,,SiBore Drill - Part,5300,5.00,,,,,,,,"32"" ext.",66.00,0.00,0.00,66.00,,entity_level,true,0.00,0.0,,,,,,,330.00,330.00,0.00,Adjustment,0.00,0.000,,,,,15,Net 15,JJ Harris,815 NE 172nd Avenue,Vancouver,Washington,U.S.A,98684,877-694-0141,,,,,,,,,,,,,
6212012000001912081,2025-03-18,,TT-00834,safety bars,Billed,"Mr. Powder Kote, LLC",false,USD,1.000000000000,Standard Template,safety bars,,,,,GeoRipper - Part,5100,5.00,Safety Bar PowderCoat - 500 Series GeoRipperT/A,6212012000000428344,MT7502,,,,,,135.00,0.00,0.00,135.00,EA,entity_level,true,0.00,0.0,,,,,,,675.00,1435.00,0.00,Adjustment,0.00,0.000,,,,,15,Net 15,JJ Harris,815 NE 172nd Avenue,Vancouver,Washington,U.S.A,98684,877-694-0141,,,,,,,,,,,,,
6212012000001912081,2025-03-18,,TT-00834,safety bars,Billed,"Mr. Powder Kote, LLC",false,USD,1.000000000000,Standard Template,safety bars,,,,,GeoRipper - Part,5100,5.00,Safety Bar PowderCoat - 700 Series GeoRipperT/A,6212012000000428355,MT7702,,,,,,152.00,0.00,0.00,152.00,EA,entity_level,true,0.00,0.0,,,,,,,760.00,1435.00,0.00,Adjustment,0.00,0.000,,,,,15,Net 15,JJ Harris,815 NE 172nd Avenue,Vancouver,Washington,U.S.A,98684,877-694-0141,,,,,,,,,,,,,
6212012000001913003,2025-03-19,,TT-00836,50-3 pins,Billed,Peer Chain Company,false,USD,1.000000000000,Standard Template,50-3 pins,,,,,Research and Development,9059,3.95,,,,,,,,50-3 P/L PEER Part No. 3879,35.00,0.00,0.00,35.00,,entity_level,true,0.00,0.0,,,,,,,138.25,138.25,0.00,Adjustment,0.00,0.000,,,,,30,Net 30,JJ Harris,815 NE 172nd Avenue,Vancouver,Washington,U.S.A,98684,877-694-0141,,,,,,,,,,,,,
6212012000001913035,2025-02-18,,TT-00820,universal joints,Billed,DriveTrain America,false,USD,1.000000000000,Standard Template,universal joints,,,,,Finished Goods,1210,17.00,"SiBore Drill - 1"" Round Yoke L600 Series",6212012000000429949,SB2150,,,,,,25.00,0.00,25.00,25.00,EA,entity_level,true,0.00,0.0,,,,,,,403.75,1299.60,0.00,Adjustment,0.00,68.400,Purchase Discounts,9000,,,0,Due on Receipt,JJ Harris,815 NE 172nd Avenue,Vancouver,Washington,U.S.A,98684,877-694-0141,,,,,,,,,,,,,
6212012000001913035,2025-02-18,,TT-00820,universal joints,Billed,DriveTrain America,false,USD,1.000000000000,Standard Template,universal joints,,,,,Finished Goods,1210,19.92,"SiBore Drill - 3/4"" Round Yoke L600 Series",6212012000000429962,SB2151,,,,,,25.00,0.00,25.00,25.00,EA,entity_level,true,0.00,0.0,,,,,,,473.10,1299.60,0.00,Adjustment,0.00,68.400,Purchase Discounts,9000,,,0,Due on Receipt,JJ Harris,815 NE 172nd Avenue,Vancouver,Washington,U.S.A,98684,877-694-0141,,,,,,,,,,,,,
6212012000001913035,2025-02-18,,TT-00820,universal joints,Billed,DriveTrain America,false,USD,1.000000000000,Standard Template,universal joints,,,,,Finished Goods,1210,17.80,SiBore Drill - L600 Series AG U-Joint Kit,6212012000000429975,SB2152,,,,,,25.00,0.00,25.00,25.00,Kit,entity_level,true,0.00,0.0,,,,,,,422.75,1299.60,0.00,Adjustment,0.00,68.400,Purchase Discounts,9000,,,0,Due on Receipt,JJ Harris,815 NE 172nd Avenue,Vancouver,Washington,U.S.A,98684,877-694-0141,,,,,,,,,,,,,
6212012000001913063,2025-04-28,,TT-00859,,Billed,"Mr. Powder Kote, LLC",false,USD,1.000000000000,Standard Template,,,,,,GeoRipper - Part,5100,5.00,,,,,,,,"powder kote SB3200
PMS 375C Bright Green",60.00,0.00,0.00,60.00,,entity_level,true,0.00,0.0,,,,,,,300.00,300.00,0.00,Adjustment,0.00,0.000,,,,,15,Net 15,JJ Harris,815 NE 172nd Avenue,Vancouver,Washington,U.S.A,98684,877-694-0141,,,,,,,,,,,,,
6212012000001913081,2025-05-13,,TT-00874,SB3200,Billed,"Mr. Powder Kote, LLC",false,USD,1.000000000000,Standard Template,SB3200,,,,,GeoRipper - Part,5100,5.00,,,,,,,,"powder kote SB3200
PMS 375C Bright Green",61.00,0.00,0.00,61.00,,entity_level,true,0.00,0.0,,,,,,,305.00,305.00,0.00,Adjustment,0.00,0.000,,,,,15,Net 15,JJ Harris,815 NE 172nd Avenue,Vancouver,Washington,U.S.A,98684,877-694-0141,,,,,,,,,,,,,
6212012000001913121,2025-05-13,,TT-00876,Earth Auger Parts,Billed,"Makita USA, Inc.",false,USD,1.000000000000,Standard Template,Earth Auger Parts,,,,,Finished Goods,1210,9.35,SPINDLE - GGD01,6212012000001913099,327C19-5,,,,,Makita Earth Auger Part,2.00,0.00,2.00,2.00,EA,entity_level,true,0.00,0.0,,,,,,,18.70,28.60,0.00,Adjustment,0.00,0.000,,,,,0,Due on Receipt,JJ Harris,815 NE 172nd Avenue,Vancouver,Washington,U.S.A,98684,877-694-0141,,,,,,,,,,,,,
6212012000001913121,2025-05-13,,TT-00876,Earth Auger Parts,Billed,"Makita USA, Inc.",false,USD,1.000000000000,Standard Template,Earth Auger Parts,,,,,Finished Goods,1210,4.95,BEARING RETAINER 32-43 CPL - GGD01,6212012000001913110,141S89-4,,,,,Makita Earth Auger Part,2.00,0.00,2.00,2.00,EA,entity_level,true,0.00,0.0,,,,,,,9.90,28.60,0.00,Adjustment,0.00,0.000,,,,,0,Due on Receipt,JJ Harris,815 NE 172nd Avenue,Vancouver,Washington,U.S.A,98684,877-694-0141,,,,,,,,,,,,,
6212012000001913141,2025-05-13,,TT-00877,Earth Auger Parts,Billed,"Makita USA, Inc.",false,USD,1.000000000000,Standard Template,Earth Auger Parts,,,,,Finished Goods,1210,9.35,SPINDLE - GGD01,6212012000001913099,327C19-5,,,,,Makita Earth Auger Part,98.00,0.00,98.00,98.00,EA,entity_level,true,0.00,0.0,,,,,,,916.30,1401.40,0.00,Adjustment,0.00,0.000,,,,,0,Due on Receipt,JJ Harris,815 NE 172nd Avenue,Vancouver,Washington,U.S.A,98684,877-694-0141,,,,,,,,,,,,,
6212012000001913141,2025-05-13,,TT-00877,Earth Auger Parts,Billed,"Makita USA, Inc.",false,USD,1.000000000000,Standard Template,Earth Auger Parts,,,,,Finished Goods,1210,4.95,BEARING RETAINER 32-43 CPL - GGD01,6212012000001913110,141S89-4,,,,,Makita Earth Auger Part,98.00,0.00,98.00,98.00,EA,entity_level,true,0.00,0.0,,,,,,,485.10,1401.40,0.00,Adjustment,0.00,0.000,,,,,0,Due on Receipt,JJ Harris,815 NE 172nd Avenue,Vancouver,Washington,U.S.A,98684,877-694-0141,,,,,,,,,,,,,
6212012000001913161,2025-05-27,,TT-00889,EZ axels & extension rods,Billed,"Mr. Powder Kote, LLC",false,USD,1.000000000000,Standard Template,EZ axels & extension rods,,,,,SiBore Drill - Part,5300,5.00,,,,,,,,"powder kote SB3200
PMS 375C Bright Green",41.00,0.00,0.00,41.00,,entity_level,true,0.00,0.0,,,,,,,205.00,485.00,0.00,Adjustment,0.00,0.000,,,,,15,Net 15,JJ Harris,815 NE 172nd Avenue,Vancouver,Washington,U.S.A,98684,877-694-0141,,,,,,,,,,,,,
6212012000001913161,2025-05-27,,TT-00889,EZ axels & extension rods,Billed,"Mr. Powder Kote, LLC",false,USD,1.000000000000,Standard Template,EZ axels & extension rods,,,,,GeoRipper - Part,5100,5.00,,,,,,,,EZ1.1 Black powder coat BK08,56.00,0.00,0.00,56.00,,entity_level,true,0.00,0.0,,,,,,,280.00,485.00,0.00,Adjustment,0.00,0.000,,,,,15,Net 15,JJ Harris,815 NE 172nd Avenue,Vancouver,Washington,U.S.A,98684,877-694-0141,,,,,,,,,,,,,
6212012000001912190,2025-03-25,,Shopify #3043 / DFP13277,13277,Billed,Alfieri Sons Irrigation,false,USD,1.000000000000,Standard Template,13277,,,UPS,,Finished Goods,1210,225.00,GeoRipper(R) 20-Inch R.I.P. Kit,6212012000000438078,MTRIP500,,,,,Fulfilled by Alfieri Sons Irrigation,1.00,0.00,0.00,1.00,Kit,entity_level,true,0.00,0.0,,,,,,,225.00,225.00,0.00,Adjustment,0.00,0.000,,,,,0,Due on Receipt,,,,,,,,,296 Brewster rd,Milford,CT,U.S.A,6460,203-876-2700,,,,,,
6212012000001913407,2025-05-28,,TT-00892,DFP13795,Billed,Criss Co Inc,false,USD,1.000000000000,Standard Template,DFP13795,,,UPS,,Finished Goods,1210,3040.00,Original GeoRipper 820 Trencher,6212012000000440415,GR820,,,,,Fulfilled by Criss Co,1.00,0.00,0.00,1.00,ea,entity_level,true,0.00,0.0,,,,,,,3040.00,3040.00,0.00,Adjustment,0.00,0.000,,,,,0,Due on Receipt,,,,,,,,,8690 Pine Springs Rd,Meridian,MS,U.S.A,39305,601-604-1480,,,,,,
6212012000001913509,2025-05-28,,TT-00891,DFP13793,Billed,Criss Co Inc,false,USD,1.000000000000,Standard Template,DFP13793,,,UPS,,Finished Goods,1210,2560.00,Original GeoRipper 620 Trencher,6212012000000440365,GR620,,,,,Fulfilled by Criss Co,1.00,0.00,0.00,1.00,ea,entity_level,true,0.00,0.0,,,,,,,2560.00,2560.00,0.00,Adjustment,0.00,0.000,,,,,0,Due on Receipt,,,,,,,,,524 Ridgeway St,Greensburg,PA,U.S.A,15601,864-437-3987,,,,,,
6212012000001932107,2025-03-06,,TT-00828,Shopify #3007 / DFP13159,Billed,Alfieri Sons Irrigation,false,USD,1.000000000000,Standard Template,Shopify #3007 / DFP13159,,,UPS,,Finished Goods,1210,19.80,GeoRipper Trencher Bar Clamp Assembly,6212012000000434165,MT2000,810075760224,21A,810075760224,,,1.00,0.00,0.00,1.00,kit,entity_level,true,0.00,0.0,,,,,,,19.80,187.11,0.00,Adjustment,0.00,0.000,,,,,0,Due on Receipt,,,,,,,,,16 Larsen Park DR,Medford,NJ,U.S.A,8055,856-427-4404,,,,,,
6212012000001932107,2025-03-06,,TT-00828,Shopify #3007 / DFP13159,Billed,Alfieri Sons Irrigation,false,USD,1.000000000000,Standard Template,Shopify #3007 / DFP13159,,,UPS,,Finished Goods,1210,73.26,GeoRipper Minitrencher 6-Tooth Nose Sprocket with Bearing,6212012000000434131,MT1500,810075760095,20A,810075760095,,​Replace using Permatex 25210 High Strength Removable Threadlocker Orange. 3X the strength of Blue Thread locker. Ideal for High Vibration Applications,1.00,0.00,0.00,1.00,Kit,entity_level,true,0.00,0.0,,,,,,,73.26,187.11,0.00,Adjustment,0.00,0.000,,,,,0,Due on Receipt,,,,,,,,,16 Larsen Park DR,Medford,NJ,U.S.A,8055,856-427-4404,,,,,,
6212012000001932107,2025-03-06,,TT-00828,Shopify #3007 / DFP13159,Billed,Alfieri Sons Irrigation,false,USD,1.000000000000,Standard Template,Shopify #3007 / DFP13159,,,UPS,,Finished Goods,1210,94.05,Minitrencher Drive Sprocket for 6 Series Trencher,6212012000000429293,MT9601,,,,,,1.00,0.00,0.00,1.00,EA,entity_level,true,0.00,0.0,,,,,,,94.05,187.11,0.00,Adjustment,0.00,0.000,,,,,0,Due on Receipt,,,,,,,,,16 Larsen Park DR,Medford,NJ,U.S.A,8055,856-427-4404,,,,,,
6212012000001932107,2025-03-06,,TT-00828,Shopify #3007 / DFP13159,Billed,Alfieri Sons Irrigation,false,USD,1.000000000000,Standard Template,Shopify #3007 / DFP13159,,,UPS,,Freight - Other,,0.00,Shipping and Handling,6212012000000427484,FTR,,,,,Fulfilled by Alfieri Sons Irrigation,1.00,0.00,0.00,1.00,EA,entity_level,true,0.00,0.0,,,,,,,0.00,187.11,0.00,Adjustment,0.00,0.000,,,,,0,Due on Receipt,,,,,,,,,16 Larsen Park DR,Medford,NJ,U.S.A,8055,856-427-4404,,,,,,
6212012000001932318,2025-03-05,,TT-00826,13147,Billed,Alfieri Sons Irrigation,false,USD,1.000000000000,Standard Template,13147,,,UPS,,Finished Goods,1210,225.00,GeoRipper 620 R.I.P. KIT,6212012000000437679,MTRIP620,,,,,Fulfilled by Alfieri Sons Irrigation,2.00,0.00,0.00,2.00,Kit,entity_level,true,0.00,0.0,,,,,,,450.00,450.00,0.00,Adjustment,0.00,0.000,,,,,0,Due on Receipt,,,,,,,,,92 NEWELL AVE,WEST CREEK,NJ,U.S.A,8092,609-548-3285,,,,,,
6212012000001932318,2025-03-05,,TT-00826,13147,Billed,Alfieri Sons Irrigation,false,USD,1.000000000000,Standard Template,13147,,,UPS,,Freight - Other,,0.00,Shipping and Handling,6212012000000427484,FTR,,,,,,1.00,0.00,0.00,1.00,EA,entity_level,true,0.00,0.0,,,,,,,0.00,450.00,0.00,Adjustment,0.00,0.000,,,,,0,Due on Receipt,,,,,,,,,92 NEWELL AVE,WEST CREEK,NJ,U.S.A,8092,609-548-3285,,,,,,
6212012000001932677,2025-02-06,,TT-00817,DFP13024,Billed,Central Pro Supply,false,USD,1.000000000000,Standard Template,DFP13024,,,UPS,,Finished Goods,1210,237.60,GeoRipper Minitrencher 20-Inch Digging Bar,6212012000000435699,MT3500,810075760156,22A,810075760156,,FULFILLED BY CTIS,1.00,0.00,0.00,1.00,Kit,entity_level,true,0.00,0.0,,,,,,,237.60,237.60,0.00,Adjustment,0.00,0.000,,,,,0,Due on Receipt,,,,,,,,,45 Knox Trail,Acton,MA,U.S.A,1720,978-235-2133,,,,,,
6212012000001932677,2025-02-06,,TT-00817,DFP13024,Billed,Central Pro Supply,false,USD,1.000000000000,Standard Template,DFP13024,,,UPS,,Freight - Other,,0.00,Shipping (NT),6212012000000427473,FRNT,,,,,,1.00,0.00,0.00,1.00,EA,entity_level,true,0.00,0.0,,,,,,,0.00,237.60,0.00,Adjustment,0.00,0.000,,,,,0,Due on Receipt,,,,,,,,,45 Knox Trail,Acton,MA,U.S.A,1720,978-235-2133,,,,,,
6212012000001932954,2025-02-20,2025-02-21,TT-00823,DFP13095,Billed,Alfieri Sons Irrigation,false,USD,1.000000000000,Standard Template,DFP13095,,,UPS,,Finished Goods,1210,90.00,"16"" Digging Chain (Single Chain)",6212012000000435529,MT4400,,,,,,1.00,0.00,0.00,1.00,EA,entity_level,true,0.00,0.0,,,,,,,90.00,90.00,0.00,Adjustment,0.00,0.000,,,,,0,Due on Receipt,,,,,,,,,324 41st St,Copiague,NY,U.S.A,11726,631-664-8723,,,,,,
6212012000002007071,2025-01-01,,JE-3100,190543,Billed,CUSTOMS SERVICES & SOLUTIONS INC,false,USD,1.000000000000,Standard Template,190543,,,,,Freight - Other,,29456.15,,,,,,,,DUTY MPF CUSTOMS CHARGES,1.00,0.00,0.00,1.00,,entity_level,true,0.00,0.0,,,,,,,29456.15,29626.15,0.00,Adjustment,0.00,0.000,,,,,30,Net 30,JJ Harris,815 NE 172nd Avenue,Vancouver,Washington,U.S.A,98684,877-694-0141,,,,,,,,,,,,,
6212012000002007071,2025-01-01,,JE-3100,190543,Billed,CUSTOMS SERVICES & SOLUTIONS INC,false,USD,1.000000000000,Standard Template,190543,,,,,Freight - Other,,125.00,,,,,,,,FILING CUSTOMS ENTRY,1.00,0.00,0.00,1.00,,entity_level,true,0.00,0.0,,,,,,,125.00,29626.15,0.00,Adjustment,0.00,0.000,,,,,30,Net 30,JJ Harris,815 NE 172nd Avenue,Vancouver,Washington,U.S.A,98684,877-694-0141,,,,,,,,,,,,,
6212012000002007071,2025-01-01,,JE-3100,190543,Billed,CUSTOMS SERVICES & SOLUTIONS INC,false,USD,1.000000000000,Standard Template,190543,,,,,Freight - Other,,45.00,,,,,,,,ISF,1.00,0.00,0.00,1.00,,entity_level,true,0.00,0.0,,,,,,,45.00,29626.15,0.00,Adjustment,0.00,0.000,,,,,30,Net 30,JJ Harris,815 NE 172nd Avenue,Vancouver,Washington,U.S.A,98684,877-694-0141,,,,,,,,,,,,,
6212012000002095005,2025-01-01,2025-01-17,TT-00795,"700 Bar Box, EZ Kart Box, SiBore Box",Billed,SupplyOne Northwest,false,USD,1.000000000000,Standard Template,"700 Bar Box, EZ Kart Box, SiBore Box",,,,,Finished Goods,1210,5.75,Box - Bar 700,6212012000000428432,MT95016B,,,,,CCBOX # 95016A,160.00,0.00,160.00,160.00,EA,entity_level,true,0.00,0.0,,,,,,,920.00,3714.00,0.00,Adjustment,0.00,0.000,,,,,30,1%10NET30,JJ Harris,815 NE 172nd Avenue,Vancouver,Washington,U.S.A,98684,877-694-0141,,,,,,,,,,,,,
6212012000002095005,2025-01-01,2025-01-17,TT-00795,"700 Bar Box, EZ Kart Box, SiBore Box",Billed,SupplyOne Northwest,false,USD,1.000000000000,Standard Template,"700 Bar Box, EZ Kart Box, SiBore Box",,,,,Finished Goods,1210,5.35,Box - EZ100,6212012000000428458,MT95193,,,,,CCBOX # 95193,220.00,0.00,220.00,220.00,EA,entity_level,true,0.00,0.0,,,,,,,1177.00,3714.00,0.00,Adjustment,0.00,0.000,,,,,30,1%10NET30,JJ Harris,815 NE 172nd Avenue,Vancouver,Washington,U.S.A,98684,877-694-0141,,,,,,,,,,,,,
6212012000002095005,2025-01-01,2025-01-17,TT-00795,"700 Bar Box, EZ Kart Box, SiBore Box",Billed,SupplyOne Northwest,false,USD,1.000000000000,Standard Template,"700 Bar Box, EZ Kart Box, SiBore Box",,,,,Finished Goods,1210,9.80,SiBore Drill - Shipping Box,6212012000000429819,SBBOX1,,,,,,165.00,0.00,165.00,165.00,EA,entity_level,true,0.00,0.0,,,,,,,1617.00,3714.00,0.00,Adjustment,0.00,0.000,,,,,30,1%10NET30,JJ Harris,815 NE 172nd Avenue,Vancouver,Washington,U.S.A,98684,877-694-0141,,,,,,,,,,,,,
6212012000002095152,2024-11-08,2024-12-31,TT-00785,"2"" & 4"" Augers / 242SBD Engines",Billed,General Equipment,false,USD,1.000000000000,Standard Template,"2"" & 4"" Augers / 242SBD Engines",,,,,Finished Goods,1210,109.04,"SiBore Drill - 2"" Auger Bit",6212012000000429910,SB2000,,,,,"General Part No. 2350-2E
Paint BLACK",50.00,0.00,50.00,50.00,EA,entity_level,true,0.00,0.0,,,,,,,5452.00,48662.00,0.00,Adjustment,0.00,0.000,,,,,30,Net 30,JJ Harris,815 NE 172nd Avenue,Vancouver,Washington,U.S.A,98684,877-694-0141,,,,,,,,,,,,,
6212012000002095152,2024-11-08,2024-12-31,TT-00785,"2"" & 4"" Augers / 242SBD Engines",Billed,General Equipment,false,USD,1.000000000000,Standard Template,"2"" & 4"" Augers / 242SBD Engines",,,,,Finished Goods,1210,113.10,"SiBore Drill - 4"" Auger Bit",6212012000000429767,SB4000,,,,,"General Part No. 2350-4E
Paint BLACK",50.00,0.00,50.00,50.00,EA,entity_level,true,0.00,0.0,,,,,,,5655.00,48662.00,0.00,Adjustment,0.00,0.000,,,,,30,Net 30,JJ Harris,815 NE 172nd Avenue,Vancouver,Washington,U.S.A,98684,877-694-0141,,,,,,,,,,,,,
6212012000002095152,2024-11-08,2024-12-31,TT-00785,"2"" & 4"" Augers / 242SBD Engines",Billed,General Equipment,false,USD,1.000000000000,Standard Template,"2"" & 4"" Augers / 242SBD Engines",,,,,Finished Goods,1210,751.10,SiBore Drill - General Epic 242SBD Auger,6212012000000429754,SB242SBD,,,,,General Part No. 242SBD,50.00,0.00,50.00,50.00,EA,entity_level,true,0.00,0.0,,,,,,,37555.00,48662.00,0.00,Adjustment,0.00,0.000,,,,,30,Net 30,JJ Harris,815 NE 172nd Avenue,Vancouver,Washington,U.S.A,98684,877-694-0141,,,,,,,,,,,,,
6212012000002095430,2024-09-18,,TT-00776,,Billed,"Makita USA, Inc.",false,USD,1.000000000000,Standard Template,,,,,,Finished Goods,1210,0.68,GASKET AIR VALVE EK6101,6212012000000426766,346955-8,,,,,,3.00,0.00,3.00,3.00,EA,entity_level,true,0.00,0.0,,,,,,,2.04,157.02,0.00,Adjustment,0.00,0.000,,,,,0,Due on Receipt,JJ Harris,815 NE 172nd Avenue,Vancouver,Washington,U.S.A,98684,877-694-0141,,,,,,,,,,,,,
6212012000002095430,2024-09-18,,TT-00776,,Billed,"Makita USA, Inc.",false,USD,1.000000000000,Standard Template,,,,,,Finished Goods,1210,70.94,Air Tube CPL EK6101,6212012000000425921,143439-5,,,,,,2.00,0.00,2.00,2.00,EA,entity_level,true,0.00,0.0,,,,,,,141.88,157.02,0.00,Adjustment,0.00,0.000,,,,,0,Due on Receipt,JJ Harris,815 NE 172nd Avenue,Vancouver,Washington,U.S.A,98684,877-694-0141,,,,,,,,,,,,,
6212012000002095430,2024-09-18,,TT-00776,,Billed,"Makita USA, Inc.",false,USD,1.000000000000,Standard Template,,,,,,Finished Goods,1210,0.75,GR Miscellaneous - Becca DO NOT USE,6212012000000427495,GR MISC,,,,,346956-6 GASKET INTAKE MANIFOLD - EK6101,1.00,0.00,1.00,1.00,EA,entity_level,true,0.00,0.0,,,,,,,0.75,157.02,0.00,Adjustment,0.00,0.000,,,,,0,Due on Receipt,JJ Harris,815 NE 172nd Avenue,Vancouver,Washington,U.S.A,98684,877-694-0141,,,,,,,,,,,,,
6212012000002095430,2024-09-18,,TT-00776,,Billed,"Makita USA, Inc.",false,USD,1.000000000000,Standard Template,,,,,,Finished Goods,1210,10.14,GR Miscellaneous - Becca DO NOT USE,6212012000000427495,GR MISC,,,,,315-114-080 - INTERMEDIATE WALL CPL. - EK6101,1.00,0.00,1.00,1.00,EA,entity_level,true,0.00,0.0,,,,,,,10.14,157.02,0.00,Adjustment,0.00,0.000,,,,,0,Due on Receipt,JJ Harris,815 NE 172nd Avenue,Vancouver,Washington,U.S.A,98684,877-694-0141,,,,,,,,,,,,,
6212012000002095430,2024-09-18,,TT-00776,,Billed,"Makita USA, Inc.",false,USD,1.000000000000,Standard Template,,,,,,Finished Goods,1210,2.21,GR Miscellaneous - Becca DO NOT USE,6212012000000427495,GR MISC,,,,,422641-6 INTAKE FLANGE GASKET - EK6101,1.00,0.00,1.00,1.00,EA,entity_level,true,0.00,0.0,,,,,,,2.21,157.02,0.00,Adjustment,0.00,0.000,,,,,0,Due on Receipt,JJ Harris,815 NE 172nd Avenue,Vancouver,Washington,U.S.A,98684,877-694-0141,,,,,,,,,,,,,
6212012000002095520,2024-10-31,,TT-00780,,Billed,"Makita USA, Inc.",false,USD,1.000000000000,Standard Template,,,,,,Finished Goods,1210,1.44,Washer - EK6101,6212012000000426246,216217-7,,,,,,10.00,0.00,10.00,10.00,EA,entity_level,true,0.00,0.0,,,,,,,14.40,33.50,0.00,Adjustment,0.00,0.000,,,,,0,Due on Receipt,JJ Harris,815 NE 172nd Avenue,Vancouver,Washington,U.S.A,98684,877-694-0141,,,,,,,,,,,,,
6212012000002095520,2024-10-31,,TT-00780,,Billed,"Makita USA, Inc.",false,USD,1.000000000000,Standard Template,,,,,,Finished Goods,1210,1.91,SPACER EK6101,6212012000000426662,257386-5,,,,,"315-228-021 	SPACER, EK6101
257386-5",10.00,0.00,10.00,10.00,EA,entity_level,true,0.00,0.0,,,,,,,19.10,33.50,0.00,Adjustment,0.00,0.000,,,,,0,Due on Receipt,JJ Harris,815 NE 172nd Avenue,Vancouver,Washington,U.S.A,98684,877-694-0141,,,,,,,,,,,,,
6212012000002095582,2025-01-02,,TT-00778,,Billed,"Makita USA, Inc.",false,USD,1.000000000000,Standard Template,,,,,,Finished Goods,1210,479.00,GR Miscellaneous - Becca DO NOT USE,6212012000000427495,GR MISC,,,,,"GEC03Z 40V MAX XGT 9"" Power Cutter",1.00,0.00,1.00,1.00,EA,entity_level,true,0.00,0.0,,,,,,,479.00,479.00,0.00,Adjustment,0.00,0.000,,,,,0,Due on Receipt,JJ Harris,815 NE 172nd Avenue,Vancouver,Washington,U.S.A,98684,877-694-0141,,,,,,,,,,,,,
6212012000002147583,2024-10-23,,TT-00779,Drive Belts,Billed,D&D Global Power Drive Belts,false,USD,1.000000000000,Standard Template,Drive Belts,,,,,Finished Goods,1210,2.98,"Belt for 'The GeoRipper', Husqvarna K770 & Echo CSG-7410",6212012000000429346,MTB77-00,810075760514,,810075760514,,D&D SKU 323J6,200.00,0.00,200.00,200.00,EA,entity_level,true,0.00,0.0,,,,,,,596.00,2384.00,0.00,Adjustment,0.00,0.000,,,,,0,Due on Receipt,JJ Harris,815 NE 172nd Avenue,Vancouver,Washington,U.S.A,98684,877-694-0141,,,,,,,,,,,,,
6212012000002147583,2024-10-23,,TT-00779,Drive Belts,Billed,D&D Global Power Drive Belts,false,USD,1.000000000000,Standard Template,Drive Belts,,,,,Finished Goods,1210,2.98,"Belt for 'The GeoRipper', Husqvarna K770 & Echo CSG-7410",6212012000000429346,MTB77-00,810075760514,,810075760514,,D&D SKU 323J6,600.00,0.00,600.00,600.00,EA,entity_level,true,0.00,0.0,,,,,,,1788.00,2384.00,0.00,Adjustment,0.00,0.000,,,,,0,Due on Receipt,JJ Harris,815 NE 172nd Avenue,Vancouver,Washington,U.S.A,98684,877-694-0141,,,,,,,,,,,,,
6212012000002147789,2024-08-28,,TT-00767,7208S Engines / Parts,Billed,TopweTools,false,USD,1.000000000000,Standard Template,7208S Engines / Parts,,,,,Finished Goods,1210,225.00,MT7208S - Georipper Engine,6212012000000430288,MT7208,,,,,TopWeTools G7208S Concrete Saw - Specialized with parts removed.,500.00,0.00,500.00,500.00,EA,entity_level,true,0.00,0.0,,,,,,,112500.00,115644.00,0.00,Adjustment,0.00,0.000,,,,,0,Due on Receipt,JJ Harris,815 NE 172nd Avenue,Vancouver,Washington,U.S.A,98684,877-694-0141,,,,,,,,,,,,,
6212012000002147789,2024-08-28,,TT-00767,7208S Engines / Parts,Billed,TopweTools,false,USD,1.000000000000,Standard Template,7208S Engines / Parts,,,,,Finished Goods,1210,10.00,Pull Start Ass'y MT7208,6212012000000434748,MT7208-25-36,,,,,,250.00,0.00,250.00,250.00,ea,entity_level,true,0.00,0.0,,,,,,,2500.00,115644.00,0.00,Adjustment,0.00,0.000,,,,,0,Due on Receipt,JJ Harris,815 NE 172nd Avenue,Vancouver,Washington,U.S.A,98684,877-694-0141,,,,,,,,,,,,,
6212012000002147789,2024-08-28,,TT-00767,7208S Engines / Parts,Billed,TopweTools,false,USD,1.000000000000,Standard Template,7208S Engines / Parts,,,,,Finished Goods,1210,1.40,Double hole intake pipe,6212012000000432201,MT7208-74,,,,,GT7208 part # 74,30.00,0.00,30.00,30.00,ea,entity_level,true,0.00,0.0,,,,,,,42.00,115644.00,0.00,Adjustment,0.00,0.000,,,,,0,Due on Receipt,JJ Harris,815 NE 172nd Avenue,Vancouver,Washington,U.S.A,98684,877-694-0141,,,,,,,,,,,,,
6212012000002147789,2024-08-28,,TT-00767,7208S Engines / Parts,Billed,TopweTools,false,USD,1.000000000000,Standard Template,7208S Engines / Parts,,,,,Finished Goods,1210,14.40,Flywheel,6212012000000431772,MT7208-41,,,,,GT7208 part # 41,30.00,0.00,30.00,30.00,ea,entity_level,true,0.00,0.0,,,,,,,432.00,115644.00,0.00,Adjustment,0.00,0.000,,,,,0,Due on Receipt,JJ Harris,815 NE 172nd Avenue,Vancouver,Washington,U.S.A,98684,877-694-0141,,,,,,,,,,,,,
6212012000002147789,2024-08-28,,TT-00767,7208S Engines / Parts,Billed,TopweTools,false,USD,1.000000000000,Standard Template,7208S Engines / Parts,,,,,Finished Goods,1210,3.40,Belt cover Orange K770 K970,6212012000000432812,MT7208-100-H,,,,,,50.00,0.00,50.00,50.00,EA,entity_level,true,0.00,0.0,,,,,,,170.00,115644.00,0.00,Adjustment,0.00,0.000,,,,,0,Due on Receipt,JJ Harris,815 NE 172nd Avenue,Vancouver,Washington,U.S.A,98684,877-694-0141,,,,,,,,,,,,,
6212012000002147996,2024-12-30,,TT-00798,6101 Belts,Billed,D&D Global Power Drive Belts,false,USD,1.000000000000,Standard Template,6101 Belts,,,,,Finished Goods,1210,4.14,Belt for Makita EK6101,6212012000000429333,MTB61-00,,,,,D&D SKU 315J6,100.00,0.00,100.00,100.00,EA,entity_level,true,0.00,0.0,,,,,,,414.00,414.00,0.00,Adjustment,0.00,0.000,,,,,0,Due on Receipt,JJ Harris,815 NE 172nd Avenue,Vancouver,Washington,U.S.A,98684,877-694-0141,,,,,,,,,,,,,
6212012000002844834,2025-03-17,,TT-00833,13222,Billed,Silver Creek Supply,false,USD,1.000000000000,Standard Template,13222,,,UPS,,Finished Goods,1210,101.25,"20"" Digging Chain (Single Chain)",6212012000000435587,MT4500,810075761177,,,,Fulfilled by SILVER CREEK - BOISE,2.00,0.00,0.00,2.00,Kit,entity_level,true,0.00,0.0,,,,,,,202.50,202.50,0.00,Adjustment,0.00,0.000,,,,,0,Due on Receipt,,,,,,,,,2331 S Happy Valley Rd,Nampa,ID,USA,83686,208-249-4465,,,,,,
6212012000002864697,2025-03-25,,TT-00837,13284,Billed,T & E Small Engine,false,USD,1.000000000000,Standard Template,13284,,,UPS,,Finished Goods,1210,1349.30,GeoRipper(R)T/A H500 W/EZ,6212012000000444551,GRTA-H500,810076760668,22A,810076750668,,,2.00,0.00,0.00,2.00,EA,entity_level,true,0.00,0.0,,,,,,,2698.60,2698.60,0.00,Adjustment,0.00,0.000,,,,,0,Due on Receipt,,,,,,,,,825 W Lebanon St,MT Airy,NC,U.S.A,27030,336-374-8300,,,,,,
6212012000002960001,2025-03-14,,TT-00687,,Billed,Peer Chain Company,false,USD,1.000000000000,Standard Template,,,,,,Finished Goods,1210,0.75,5-pitch Chain Segment,6212012000000428862,GR4.3,,,,,"Peer SKU 50HR X 5P RLEE
COO = China
15K Shipped Quarterly
",50000.00,0.00,50000.00,50000.00,pcs,entity_level,true,0.00,0.0,,,,,,,37500.00,50000.00,0.00,Adjustment,0.00,0.000,,,,,30,Net 30,JJ Harris,815 NE 172nd Avenue,Vancouver,Washington,U.S.A,98684,877-694-0141,,,,,,,,,,,,,
6212012000002960001,2025-03-14,,TT-00687,,Billed,Peer Chain Company,false,USD,1.000000000000,Standard Template,,,,,,Finished Goods,1210,0.25,Rivet pin and backing plate,6212012000000428888,GR4.4,,,,,"PEER SKU: 50H SP R/L WITH EXTENDED PINS
COO = China
15K Shipped Quarterly",50000.00,0.00,50000.00,50000.00,pcs,entity_level,true,0.00,0.0,,,,,,,12500.00,50000.00,0.00,Adjustment,0.00,0.000,,,,,30,Net 30,JJ Harris,815 NE 172nd Avenue,Vancouver,Washington,U.S.A,98684,877-694-0141,,,,,,,,,,,,,
6212012000002976203,2025-09-02,2025-09-03,TT-00894.1,,Billed,"Makita USA, Inc.",false,USD,1.000000000000,Standard Template,,,,UPS,,GeoRipper - Part,5100,1.40,,,,,,,,"908-006-145 FILLISTER SCREW M6X14, EK6101",1.00,0.00,0.00,1.00,,entity_level,true,0.00,0.0,,,,,,,1.40,202.40,0.00,Adjustment,0.00,0.000,,,,,0,Due on Receipt,JJ Harris,815 NE 172nd Avenue,Vancouver,Washington,U.S.A,98684,877-694-0141,,,,,,,,,,,,,
6212012000002976203,2025-09-02,2025-09-03,TT-00894.1,,Billed,"Makita USA, Inc.",false,USD,1.000000000000,Standard Template,,,,UPS,,GeoRipper - Part,5100,11.50,,,,,,,,"143461-2	DAMPING SPRING CPL., EK6101",1.00,0.00,0.00,1.00,,entity_level,true,0.00,0.0,,,,,,,11.50,202.40,0.00,Adjustment,0.00,0.000,,,,,0,Due on Receipt,JJ Harris,815 NE 172nd Avenue,Vancouver,Washington,U.S.A,98684,877-694-0141,,,,,,,,,,,,,
6212012000002976203,2025-09-02,2025-09-03,TT-00894.1,,Billed,"Makita USA, Inc.",false,USD,1.000000000000,Standard Template,,,,UPS,,Finished Goods,1210,14.75,Clutch Drum Bearing 6901 EK6101,6212012000000426220,211168-9,,,,,,10.00,0.00,10.00,10.00,EA,entity_level,true,0.00,0.0,,,,,,,147.50,202.40,0.00,Adjustment,0.00,0.000,,,,,0,Due on Receipt,JJ Harris,815 NE 172nd Avenue,Vancouver,Washington,U.S.A,98684,877-694-0141,,,,,,,,,,,,,
6212012000002976203,2025-09-02,2025-09-03,TT-00894.1,,Billed,"Makita USA, Inc.",false,USD,1.000000000000,Standard Template,,,,UPS,,Finished Goods,1210,1.40,Muffler SCREW M5X16 EK6101,6212012000000426454,266605-8,,,,,,30.00,0.00,30.00,30.00,EA,entity_level,true,0.00,0.0,,,,,,,42.00,202.40,0.00,Adjustment,0.00,0.000,,,,,0,Due on Receipt,JJ Harris,815 NE 172nd Avenue,Vancouver,Washington,U.S.A,98684,877-694-0141,,,,,,,,,,,,,
6212012000002971169,2025-04-03,2025-04-07,TT-00842,DFP13359,Billed,"Reinders, Inc.",false,USD,1.000000000000,Standard Template,DFP13359,,,UPS,,Finished Goods,1210,2720.00,Original GeoRipper 620 Trencher,6212012000000440365,GR620,,,,,Fulfilled by Reinders,1.00,0.00,0.00,1.00,ea,entity_level,true,0.00,0.0,,,,,,,2720.00,2720.00,0.00,Adjustment,0.00,0.000,,,,,30,Net 30,,,,,,,,,1210 New Brunswick Ave,Manasquan,NJ,U.S.A,8736,732-433-8622,,,,,,
6212012000002971483,2025-04-04,,TT-00843,13385 DFP13385,Billed,"Reinders, Inc.",false,USD,1.000000000000,Standard Template,13385 DFP13385,,,UPS,,Finished Goods,1210,225.00,GeoRipper 620 R.I.P. KIT,6212012000000437679,MTRIP620,,,,,Fulfilled by Reinders,1.00,0.00,0.00,1.00,Kit,entity_level,true,0.00,0.0,,,,,,,225.00,225.00,0.00,Adjustment,0.00,0.000,,,,,30,Net 30,,,,,,,,,22428 Silver Creek Ln,Rockwood,MI,U.S.A,48173,734-818-7500,,,,,,
6212012000002971864,2025-04-04,,TT-00844,13389,Billed,"Reinders, Inc.",false,USD,1.000000000000,Standard Template,13389,,,UPS,,Finished Goods,1210,3145.00,Original GeoRipper 720 Trencher,6212012000000440390,GR720,,,,,Fulfilled by Reinders,1.00,0.00,0.00,1.00,ea,entity_level,true,0.00,0.0,,,,,,,3145.00,3145.00,0.00,Adjustment,0.00,0.000,,,,,30,Net 30,,,,,,,,,12819 South Harris Rd,Greenwood,MO,U.S.A,64034,816-694-0604,,,,,,
6212012000002993184,2025-04-08,,TT-00848,13399,Billed,"Reinders, Inc.",false,USD,1.000000000000,Standard Template,13399,,,UPS,,Finished Goods,1210,3145.00,Original GeoRipper 720 Trencher,6212012000000440390,GR720,,,,,Fulfilled by Reinders,1.00,0.00,0.00,1.00,ea,entity_level,true,0.00,0.0,,,,,,,3145.00,3145.00,0.00,Adjustment,0.00,0.000,,,,,30,Net 30,,,,,,,,,999 Valley Road,Carbondale,CO,U.S.A,81623,970-379-9603,,,,,,
6212012000002993591,2025-04-08,,TT-00849,13384,Billed,"Reinders, Inc.",false,USD,1.000000000000,Standard Template,13384,,,UPS,,Finished Goods,1210,57.42,GeoRipper Trencher Bar End Set,6212012000000434112,MT1000,810075760088,20A,810075760088,,Fulfilled by Reinders,1.00,0.00,0.00,1.00,kit,entity_level,true,0.00,0.0,,,,,,,57.42,282.42,0.00,Adjustment,0.00,0.000,,,,,30,Net 30,,,,,,,,,1524 Thistledown Pl 1B,Okemos,MI,U.S.A,48864,517-331-3187,,,,,,
6212012000002993591,2025-04-08,,TT-00849,13384,Billed,"Reinders, Inc.",false,USD,1.000000000000,Standard Template,13384,,,UPS,,Finished Goods,1210,225.00,GeoRipper(R) 20-Inch R.I.P. Kit,6212012000000438078,MTRIP500,,,,,"All 20"" GeoRipper models aside from 6-series
Kit includes 2 digging chains, 6-tooth nose sprocket, drive sprocket, and con-link",1.00,0.00,0.00,1.00,Kit,entity_level,true,0.00,0.0,,,,,,,225.00,282.42,0.00,Adjustment,0.00,0.000,,,,,30,Net 30,,,,,,,,,1524 Thistledown Pl 1B,Okemos,MI,U.S.A,48864,517-331-3187,,,,,,
6212012000002993964,2025-04-09,,TT-00850,13415,Billed,Real Green 23,false,USD,1.000000000000,Standard Template,13415,,,UPS,,Finished Goods,1210,94.05,Minitrencher Drive Sprocket for GeoRipper and GeoRipper(R)T/A,6212012000000429254,MT9001,810075760255,,810075760255,,Drive sprocket fits all GeoRipper T/As,1.00,0.00,0.00,1.00,EA,entity_level,true,0.00,0.0,,,,,,,94.05,94.05,0.00,Adjustment,0.00,0.000,,,,,0,Due on Receipt,,,,,,,,,4451 Ohio Ave,Fort Myers,FL,U.S.A,33905,305-793-9892,,,,,,
6212012000003001651,2025-04-15,,TT-00852,13434,Billed,"Amazing Machinery, LLC",false,USD,1.000000000000,Standard Template,13434,,,UPS,,Finished Goods,1210,3690.00,"SiBore Drill - SB215 Gas Powered 1"" MicroBore",6212012000000438209,SB215,,,,,"Remove Engine from build
Fulfilled by Amazing Machinery",1.00,0.00,0.00,1.00,EA,entity_level,true,0.00,0.0,,,,,,,3690.00,4185.00,0.00,Adjustment,0.00,0.000,,,,,30,Net 30,,,,,,,,,2135 South Ammon Rd,Ammon,ID,U.S.A,83406,208-612-4080,,,,,,
6212012000003001651,2025-04-15,,TT-00852,13434,Billed,"Amazing Machinery, LLC",false,USD,1.000000000000,Standard Template,13434,,,UPS,,Finished Goods,1210,0.00,SiBore Drill - General Epic 242SBD Auger,6212012000000429754,SB242SBD,,,,,Shipping Label,1.00,0.00,0.00,1.00,EA,entity_level,true,0.00,0.0,,,,,,,0.00,4185.00,0.00,Adjustment,0.00,0.000,,,,,30,Net 30,,,,,,,,,2135 South Ammon Rd,Ammon,ID,U.S.A,83406,208-612-4080,,,,,,
6212012000003001651,2025-04-15,,TT-00852,13434,Billed,"Amazing Machinery, LLC",false,USD,1.000000000000,Standard Template,13434,,,UPS,,Finished Goods,1210,495.00,GeoRipper Minitrencher Universal EZ Kart,6212012000000435439,EZ100,810075760071,,810075760071,,,1.00,0.00,0.00,1.00,Kit,entity_level,true,0.00,0.0,,,,,,,495.00,4185.00,0.00,Adjustment,0.00,0.000,,,,,30,Net 30,,,,,,,,,2135 South Ammon Rd,Ammon,ID,U.S.A,83406,208-612-4080,,,,,,
6212012000003017093,2025-09-03,,TT-00897,15004,Billed,Alfieri Sons Irrigation,false,USD,1.000000000000,Standard Template,15004,,,UPS,,Finished Goods,1210,61.49,GeoRipper(R) 16-Inch R.I.P. Kit,6212012000000438740,MTRIP400,,,,,,1.00,0.00,0.00,1.00,Kit,entity_level,true,0.00,0.0,,,,,,,61.49,61.49,0.00,Adjustment,0.00,0.000,,,,,0,Due on Receipt,,,,,,,,Grigory Denisov,429 Lenox Ave 20,New York,NY,U.S.A,10037,718-350-1185,,,,,,
6212012000003017093,2025-09-03,,TT-00897,15004,Billed,Alfieri Sons Irrigation,false,USD,1.000000000000,Standard Template,15004,,,UPS,,Freight - COGS,5900,0.00,Shipping and Handling,6212012000000427484,FTR,,,,,,1.00,0.00,0.00,1.00,EA,entity_level,true,0.00,0.0,,,,,,,0.00,61.49,0.00,Adjustment,0.00,0.000,,,,,0,Due on Receipt,,,,,,,,Grigory Denisov,429 Lenox Ave 20,New York,NY,U.S.A,10037,718-350-1185,,,,,,
6212012000003020657,2025-04-15,,TT-00853,13451,Billed,"Reinders, Inc.",false,USD,1.000000000000,Standard Template,13451,,,UPS,,Finished Goods,1210,3145.00,Original GeoRipper 720 Trencher,6212012000000440390,GR720,,,,,Fulfilled by Reinders,1.00,0.00,0.00,1.00,ea,entity_level,true,0.00,0.0,,,,,,,3145.00,3145.00,0.00,Adjustment,0.00,0.000,,,,,30,Net 30,,,,,,,,,7519 S Webster Court,Littleton,CO,U.S.A,80128,303-317-7918,,,,,,
6212012000003031018,2025-04-21,,TT-00854,13483,Billed,"Reinders, Inc.",false,USD,1.000000000000,Standard Template,13483,,,UPS,,Finished Goods,1210,2720.00,Original GeoRipper 620 Trencher,6212012000000440365,GR620,,,,,Fulfilled by Reinders,1.00,0.00,0.00,1.00,ea,entity_level,true,0.00,0.0,,,,,,,2720.00,2720.00,0.00,Adjustment,0.00,0.000,,,,,30,Net 30,,,,,,,,,719 S Cedar St,Perryton,TX,U.S.A,79070,806-228-9564,,,,,,
6212012000003031776,2025-04-25,,TT-00858,13537,Billed,Miller Hardware Co.,false,USD,1.000000000000,Standard Template,13537,,,UPS 2nd Day Air,,Finished Goods,1210,2519.99,The GeoRipper 27 Includes EZ Kart,6212012000000445997,GR727,,,,,Fulfilled by Miller,1.00,0.00,0.00,1.00,Kit,entity_level,true,0.00,0.0,,,,,,,2519.99,2519.99,0.00,Adjustment,0.00,0.000,,,,,30,Net 30,,,,,,,,,3268 Commercial Way,Spring Hill,FL,U.S.A,34606,407-948-0720,,,,,,
6212012000003032308,2025-04-29,,TT-00861,13555,Billed,"Reinders, Inc.",false,USD,1.000000000000,Standard Template,13555,,,UPS,,Finished Goods,1210,3145.00,Original GeoRipper 720 Trencher,6212012000000440390,GR720,,,,,,1.00,0.00,0.00,1.00,ea,entity_level,true,0.00,0.0,,,,,,,3145.00,3145.00,0.00,Adjustment,0.00,0.000,,,,,30,Net 30,,,,,,,,,271 BEAVER RUN ROAD,LAFAYETTE,New Jersey,U.S.A,7848,973-919-3876,,,,,,
6212012000003032630,2025-04-29,2025-09-30,TT-00862,13562,Billed,"Reinders, Inc.",false,USD,1.000000000000,Standard Template,13562,,,UPS,,Finished Goods,1210,2720.00,Original GeoRipper 620 Trencher,6212012000000440365,GR620,,,,,Fulfilled By Reinders,1.00,0.00,0.00,1.00,ea,entity_level,true,0.00,0.0,,,,,,,2720.00,2720.00,0.00,Adjustment,0.00,0.000,,,,,30,Net 30,,,,,,,,,N5148 765th Street,Elk Mound,Wisconsin,U.S.A,54739,715-308-4251,,,,,,
6212012000003049347,2025-09-04,2025-09-16,TT-01000,"20"" Chain Box Sickers",Billed,InSync Printing,false,USD,1.000000000000,Standard Template,"20"" Chain Box Sickers",,,Drop Off,,Finished Goods,1210,0.34,"Sticker - 20"" Chain Label",6212012000000431004,GRS13,,,,,,2000.00,0.00,2000.00,2000.00,pcs,entity_level,true,0.00,0.0,,,,,,,680.00,1020.00,0.00,Adjustment,0.00,0.000,,,,,15,Net 15,JJ Harris,815 NE 172nd Avenue,Vancouver,Washington,U.S.A,98684,877-694-0141,,,,,,,,,,,,,
6212012000003049347,2025-09-04,2025-09-16,TT-01000,"20"" Chain Box Sickers",Billed,InSync Printing,false,USD,1.000000000000,Standard Template,"20"" Chain Box Sickers",,,Drop Off,,Finished Goods,1210,0.34,"Sticker - 16"" Chain Box Label",6212012000000430991,GRS12,,,,,,1000.00,0.00,1000.00,1000.00,pcs,entity_level,true,0.00,0.0,,,,,,,340.00,1020.00,0.00,Adjustment,0.00,0.000,,,,,15,Net 15,JJ Harris,815 NE 172nd Avenue,Vancouver,Washington,U.S.A,98684,877-694-0141,,,,,,,,,,,,,
6212012000003108389,2025-09-05,,TT-00976,14556,Billed,Criss Co Inc,false,USD,1.000000000000,Standard Template,14556,,,UPS,,Finished Goods,1210,3420.00,Original GeoRipper 820 Trencher,6212012000000440415,GR820,,,,,,1.00,0.00,0.00,1.00,ea,entity_level,true,0.00,0.0,,,,,,,3420.00,3420.00,0.00,Adjustment,0.00,0.000,,,,,30,Net 30,,,,,,,,Daniel Mealy - Priority Irrigation,682 Tall Tree Road,Wirtz,Virginia,U.S.A,24184,540-238-8225,,,,,,
6212012000003108389,2025-09-05,,TT-00976,14556,Billed,Criss Co Inc,false,USD,1.000000000000,Standard Template,14556,,,UPS,,Freight - COGS,5900,0.00,Shipping and Handling,6212012000000427484,FTR,,,,,,1.00,0.00,0.00,1.00,EA,entity_level,true,0.00,0.0,,,,,,,0.00,3420.00,0.00,Adjustment,0.00,0.000,,,,,30,Net 30,,,,,,,,Daniel Mealy - Priority Irrigation,682 Tall Tree Road,Wirtz,Virginia,U.S.A,24184,540-238-8225,,,,,,
6212012000003116969,2025-09-09,,TT-00900,7228304,Billed,"Makita USA, Inc.",false,USD,1.000000000000,Standard Template,7228304,,,FedEx Ground,,GeoRipper - Part,5100,2.98,,,,,,,,"SUCTION PIPE, EK6101SUCTION PIPE EK6101
SKU 424777-7",3.00,0.00,0.00,3.00,,entity_level,true,0.00,0.0,,,,,,,8.94,1275.73,0.00,Adjustment,0.00,0.000,,,,,60,2% NET 60,JJ Harris,815 NE 172nd Avenue,Vancouver,Washington,U.S.A,98684,877-694-0141,,,,,,,,,,,,,
6212012000003116969,2025-09-09,,TT-00900,7228304,Billed,"Makita USA, Inc.",false,USD,1.000000000000,Standard Template,7228304,,,FedEx Ground,,Finished Goods,1210,231.92,Cylinder/Piston Set EK8100,6212012000000425895,135794-9,,,,,,2.00,0.00,2.00,2.00,EA,entity_level,true,0.00,0.0,,,,,,,463.84,1275.73,0.00,Adjustment,0.00,0.000,,,,,60,2% NET 60,JJ Harris,815 NE 172nd Avenue,Vancouver,Washington,U.S.A,98684,877-694-0141,,,,,,,,,,,,,
6212012000003116969,2025-09-09,,TT-00900,7228304,Billed,"Makita USA, Inc.",false,USD,1.000000000000,Standard Template,7228304,,,FedEx Ground,,Finished Goods,1210,35.76,Starter Assy EK7651H,6212012000000425869,125919-3,,,,,,2.00,0.00,2.00,2.00,EA,entity_level,true,0.00,0.0,,,,,,,71.52,1275.73,0.00,Adjustment,0.00,0.000,,,,,60,2% NET 60,JJ Harris,815 NE 172nd Avenue,Vancouver,Washington,U.S.A,98684,877-694-0141,,,,,,,,,,,,,
6212012000003116969,2025-09-09,,TT-00900,7228304,Billed,"Makita USA, Inc.",false,USD,1.000000000000,Standard Template,7228304,,,FedEx Ground,,GeoRipper - Part,5100,16.92,,,,,,,,"SUCTION LINE, EK7651H
424397-7",2.00,0.00,0.00,2.00,,entity_level,true,0.00,0.0,,,,,,,33.84,1275.73,0.00,Adjustment,0.00,0.000,,,,,60,2% NET 60,JJ Harris,815 NE 172nd Avenue,Vancouver,Washington,U.S.A,98684,877-694-0141,,,,,,,,,,,,,
6212012000003116969,2025-09-09,,TT-00900,7228304,Billed,"Makita USA, Inc.",false,USD,1.000000000000,Standard Template,7228304,,,FedEx Ground,,Finished Goods,1210,13.98,FUEL TUBE - EA4300 EK6101,6212012000000427014,965-452-660,,,,,,2.00,0.00,2.00,2.00,EA,entity_level,true,0.00,0.0,,,,,,,27.96,1275.73,0.00,Adjustment,0.00,0.000,,,,,60,2% NET 60,JJ Harris,815 NE 172nd Avenue,Vancouver,Washington,U.S.A,98684,877-694-0141,,,,,,,,,,,,,
6212012000003116969,2025-09-09,,TT-00900,7228304,Billed,"Makita USA, Inc.",false,USD,1.000000000000,Standard Template,7228304,,,FedEx Ground,,Finished Goods,1210,221.07,"CYLINDER/PISTON SET, EK6101",6212012000000426988,183J68-2,,,,,,2.00,0.00,2.00,2.00,EA,entity_level,true,0.00,0.0,,,,,,,442.14,1275.73,0.00,Adjustment,0.00,0.000,,,,,60,2% NET 60,JJ Harris,815 NE 172nd Avenue,Vancouver,Washington,U.S.A,98684,877-694-0141,,,,,,,,,,,,,
6212012000003116969,2025-09-09,,TT-00900,7228304,Billed,"Makita USA, Inc.",false,USD,1.000000000000,Standard Template,7228304,,,FedEx Ground,,GeoRipper - Part,5100,1.31,,,,,,,,"SCREW 5X15, EK6101
266991-7",6.00,0.00,0.00,6.00,,entity_level,true,0.00,0.0,,,,,,,7.86,1275.73,0.00,Adjustment,0.00,0.000,,,,,60,2% NET 60,JJ Harris,815 NE 172nd Avenue,Vancouver,Washington,U.S.A,98684,877-694-0141,,,,,,,,,,,,,
6212012000003116969,2025-09-09,,TT-00900,7228304,Billed,"Makita USA, Inc.",false,USD,1.000000000000,Standard Template,7228304,,,FedEx Ground,,Finished Goods,1210,11.10,Paper Air Filter EK7651H,6212012000000426883,442165-6,,,,,,3.00,0.00,3.00,3.00,EA,entity_level,true,0.00,0.0,,,,,,,33.30,1275.73,0.00,Adjustment,0.00,0.000,,,,,60,2% NET 60,JJ Harris,815 NE 172nd Avenue,Vancouver,Washington,U.S.A,98684,877-694-0141,,,,,,,,,,,,,
6212012000003116969,2025-09-09,,TT-00900,7228304,Billed,"Makita USA, Inc.",false,USD,1.000000000000,Standard Template,7228304,,,FedEx Ground,,Finished Goods,1210,19.01,Axle 20.0 - EK6101,6212012000000426675,326623-9,,,,,,6.00,0.00,6.00,6.00,EA,entity_level,true,0.00,0.0,,,,,,,114.06,1275.73,0.00,Adjustment,0.00,0.000,,,,,60,2% NET 60,JJ Harris,815 NE 172nd Avenue,Vancouver,Washington,U.S.A,98684,877-694-0141,,,,,,,,,,,,,
6212012000003116969,2025-09-09,,TT-00900,7228304,Billed,"Makita USA, Inc.",false,USD,1.000000000000,Standard Template,7228304,,,FedEx Ground,,Finished Goods,1210,5.46,Eccentric Disk - EK6101,6212012000000426532,310675-0,,,,,,3.00,0.00,3.00,3.00,EA,entity_level,true,0.00,0.0,,,,,,,16.38,1275.73,0.00,Adjustment,0.00,0.000,,,,,60,2% NET 60,JJ Harris,815 NE 172nd Avenue,Vancouver,Washington,U.S.A,98684,877-694-0141,,,,,,,,,,,,,
6212012000003116969,2025-09-09,,TT-00900,7228304,Billed,"Makita USA, Inc.",false,USD,1.000000000000,Standard Template,7228304,,,FedEx Ground,,Finished Goods,1210,1.47,Hexagonal Nut M8X1 - Makita Part,6212012000000426428,264022-6,,,,,,5.00,0.00,5.00,5.00,EA,entity_level,true,0.00,0.0,,,,,,,7.35,1275.73,0.00,Adjustment,0.00,0.000,,,,,60,2% NET 60,JJ Harris,815 NE 172nd Avenue,Vancouver,Washington,U.S.A,98684,877-694-0141,,,,,,,,,,,,,
6212012000003116969,2025-09-09,,TT-00900,7228304,Billed,"Makita USA, Inc.",false,USD,1.000000000000,Standard Template,7228304,,,FedEx Ground,,Finished Goods,1210,6.39,RADIAL RING EK6101,6212012000000426233,213814-0,,,,,,2.00,0.00,2.00,2.00,EA,entity_level,true,0.00,0.0,,,,,,,12.78,1275.73,0.00,Adjustment,0.00,0.000,,,,,60,2% NET 60,JJ Harris,815 NE 172nd Avenue,Vancouver,Washington,U.S.A,98684,877-694-0141,,,,,,,,,,,,,
6212012000003116969,2025-09-09,,TT-00900,7228304,Billed,"Makita USA, Inc.",false,USD,1.000000000000,Standard Template,7228304,,,FedEx Ground,,GeoRipper - Part,5100,1.29,,,,,,,,"SCREW M5X16, EK6101
251577-0",2.00,0.00,0.00,2.00,,entity_level,true,0.00,0.0,,,,,,,2.58,1275.73,0.00,Adjustment,0.00,0.000,,,,,60,2% NET 60,JJ Harris,815 NE 172nd Avenue,Vancouver,Washington,U.S.A,98684,877-694-0141,,,,,,,,,,,,,
6212012000003116969,2025-09-09,,TT-00900,7228304,Billed,"Makita USA, Inc.",false,USD,1.000000000000,Standard Template,7228304,,,FedEx Ground,,GeoRipper - Part,5100,16.59,,,,,,,,"PISTON RING, EA7900
257381-5",2.00,0.00,0.00,2.00,,entity_level,true,0.00,0.0,,,,,,,33.18,1275.73,0.00,Adjustment,0.00,0.000,,,,,60,2% NET 60,JJ Harris,815 NE 172nd Avenue,Vancouver,Washington,U.S.A,98684,877-694-0141,,,,,,,,,,,,,
6212012000003142115,2025-09-11,2025-09-11,TT-00901,DFP15074,Billed,Alfieri Sons Irrigation,false,USD,1.000000000000,Standard Template,DFP15074,,,UPS,,Finished Goods,1210,6.34,Minitrencher Drive Sprocket for GeoRipper and GeoRipper(R)T/A,6212012000000429254,MT9001,810075760255,,810075760255,,Drive sprocket fits all GeoRipper T/As,3.00,0.00,0.00,3.00,EA,entity_level,true,0.00,0.0,,,,,,,19.02,19.02,0.00,Adjustment,0.00,0.000,,,,,0,Due on Receipt,,,,,,,,DTS Trucking,65 Royal Ave,Hawthorne,NJ,U.S.A,07506,973-238-9800,,,,,,
6212012000003151182,2025-09-15,2025-09-22,TT-00902,"16"" Bar Box Stickers",Billed,InSync Printing,false,USD,1.000000000000,Standard Template,"16"" Bar Box Stickers",,,,,Finished Goods,1210,0.75,"Sticker - 16"" Bar Box 400MM",6212012000000432942,GRS15,,,,,400MM Labels - Cardboard box background,300.00,0.00,300.00,300.00,EA,entity_level,true,0.00,0.0,,,,,,,225.00,450.00,0.00,Adjustment,0.00,0.000,,,,,15,Net 15,JJ Harris,815 NE 172nd Avenue,Vancouver,Washington,U.S.A,98684,877-694-0141,,,,,,,,,,,,,
6212012000003151182,2025-09-15,2025-09-22,TT-00902,"16"" Bar Box Stickers",Billed,InSync Printing,false,USD,1.000000000000,Standard Template,"16"" Bar Box Stickers",,,,,Finished Goods,1210,0.75,"Sticker - 16"" Bar Box SKU Label",6212012000000432955,GRS16,,,,,SKU Labels - Cardboard box background,300.00,0.00,300.00,300.00,EA,entity_level,true,0.00,0.0,,,,,,,225.00,450.00,0.00,Adjustment,0.00,0.000,,,,,15,Net 15,JJ Harris,815 NE 172nd Avenue,Vancouver,Washington,U.S.A,98684,877-694-0141,,,,,,,,,,,,,
6212012000003151311,2025-08-19,,TT-00963,,Billed,Red Boar Chain & Fastener,false,USD,1.000000000000,Standard Template,,,,,,Finished Goods,1210,3.98,Bearing - 6203 RS,6212012000000429110,MT0062,,,,,,2000.00,0.00,2000.00,2000.00,EA,entity_level,true,0.00,0.0,,,,,,,7960.00,15562.00,0.00,Adjustment,0.00,0.000,,,,,30,Net 30,JJ Harris,815 NE 172nd Avenue,Vancouver,Washington,U.S.A,98684,877-694-0141,,,,,,,,,,,,,
6212012000003151311,2025-08-19,,TT-00963,,Billed,Red Boar Chain & Fastener,false,USD,1.000000000000,Standard Template,,,,,,Finished Goods,1210,3.30,Bearing (Sealed) 6002-RS2,6212012000000428810,GR1.2,,,,,,2000.00,0.00,2000.00,2000.00,pcs,entity_level,true,0.00,0.0,,,,,,,6600.00,15562.00,0.00,Adjustment,0.00,0.000,,,,,30,Net 30,JJ Harris,815 NE 172nd Avenue,Vancouver,Washington,U.S.A,98684,877-694-0141,,,,,,,,,,,,,
6212012000003151311,2025-08-19,,TT-00963,,Billed,Red Boar Chain & Fastener,false,USD,1.000000000000,Standard Template,,,,,,Finished Goods,1210,0.672,#50H Heavy Connecting Link Spring Clip,6212012000000429176,MT4004,,,,,RedBoarChain Item Code: #50HC/L,1000.00,0.00,1000.00,1000.00,EA,entity_level,true,0.00,0.0,,,,,,,672.00,15562.00,0.00,Adjustment,0.00,0.000,,,,,30,Net 30,JJ Harris,815 NE 172nd Avenue,Vancouver,Washington,U.S.A,98684,877-694-0141,,,,,,,,,,,,,
6212012000003151311,2025-08-19,,TT-00963,,Billed,Red Boar Chain & Fastener,false,USD,1.000000000000,Standard Template,,,,,,Finished Goods,1210,0.33,R40 Snap Ring,6212012000000428148,MT0040,,,,,,1000.00,0.00,1000.00,1000.00,EA,entity_level,true,0.00,0.0,,,,,,,330.00,15562.00,0.00,Adjustment,0.00,0.000,,,,,30,Net 30,JJ Harris,815 NE 172nd Avenue,Vancouver,Washington,U.S.A,98684,877-694-0141,,,,,,,,,,,,,
6212012000003151550,2025-09-11,,TT-00961,Nuts and Bolts,Billed,Vancouver Bolt and Supply Inc.,false,USD,1.000000000000,Standard Template,Nuts and Bolts,,,,,Finished Goods,1210,0.027,M5 Nylock hex nut,6212012000000427508,GR5.11,,,,,,6000.00,0.00,6000.00,6000.00,EA,entity_level,true,0.00,0.0,,,,,,,162.00,7751.95,0.00,Adjustment,0.00,0.000,,,,,30,Net 30,JJ Harris,815 NE 172nd Avenue,Vancouver,Washington,U.S.A,98684,877-694-0141,,,,,,,,,,,,,
6212012000003151550,2025-09-11,,TT-00961,Nuts and Bolts,Billed,Vancouver Bolt and Supply Inc.,false,USD,1.000000000000,Standard Template,Nuts and Bolts,,,,,Finished Goods,1210,0.07,M5 X .8 X 16 Phillips Flat Machine Screw Plated,6212012000000427560,GR5.8,,,,,,6000.00,0.00,6000.00,6000.00,pcs,entity_level,true,0.00,0.0,,,,,,,420.00,7751.95,0.00,Adjustment,0.00,0.000,,,,,30,Net 30,JJ Harris,815 NE 172nd Avenue,Vancouver,Washington,U.S.A,98684,877-694-0141,,,,,,,,,,,,,
6212012000003151550,2025-09-11,,TT-00961,Nuts and Bolts,Billed,Vancouver Bolt and Supply Inc.,false,USD,1.000000000000,Standard Template,Nuts and Bolts,,,,,Finished Goods,1210,0.15,M5 x 18mm fender washer,6212012000000427521,GR5.12,,,,,,6000.00,0.00,6000.00,6000.00,EA,entity_level,true,0.00,0.0,,,,,,,900.00,7751.95,0.00,Adjustment,0.00,0.000,,,,,30,Net 30,JJ Harris,815 NE 172nd Avenue,Vancouver,Washington,U.S.A,98684,877-694-0141,,,,,,,,,,,,,
6212012000003151550,2025-09-11,,TT-00961,Nuts and Bolts,Billed,Vancouver Bolt and Supply Inc.,false,USD,1.000000000000,Standard Template,Nuts and Bolts,,,,,Finished Goods,1210,0.0825,M6 X 1 X 30 Hex Bolt,6212012000000427599,GR8.3,,,,,,4000.00,0.00,4000.00,4000.00,pcs,entity_level,true,0.00,0.0,,,,,,,330.00,7751.95,0.00,Adjustment,0.00,0.000,,,,,30,Net 30,JJ Harris,815 NE 172nd Avenue,Vancouver,Washington,U.S.A,98684,877-694-0141,,,,,,,,,,,,,
6212012000003151550,2025-09-11,,TT-00961,Nuts and Bolts,Billed,Vancouver Bolt and Supply Inc.,false,USD,1.000000000000,Standard Template,Nuts and Bolts,,,,,Finished Goods,1210,0.0224,M6 X 1 Nylon Insert Locking Nut,6212012000000427612,GR8.4,,,,,,4000.00,0.00,4000.00,4000.00,pcs,entity_level,true,0.00,0.0,,,,,,,89.60,7751.95,0.00,Adjustment,0.00,0.000,,,,,30,Net 30,JJ Harris,815 NE 172nd Avenue,Vancouver,Washington,U.S.A,98684,877-694-0141,,,,,,,,,,,,,
6212012000003151550,2025-09-11,,TT-00961,Nuts and Bolts,Billed,Vancouver Bolt and Supply Inc.,false,USD,1.000000000000,Standard Template,Nuts and Bolts,,,,,Finished Goods,1210,0.05,M8 x 1.25 Hex Nut,6212012000000428213,MT0802,,,,,".8CNFH1Z 
M8-1.25 COARSE HEX FINISH NUT GR 10.9 ZINC PLATED",2000.00,0.00,2000.00,2000.00,EA,entity_level,true,0.00,0.0,,,,,,,100.00,7751.95,0.00,Adjustment,0.00,0.000,,,,,30,Net 30,JJ Harris,815 NE 172nd Avenue,Vancouver,Washington,U.S.A,98684,877-694-0141,,,,,,,,,,,,,
6212012000003151550,2025-09-11,,TT-00961,Nuts and Bolts,Billed,Vancouver Bolt and Supply Inc.,false,USD,1.000000000000,Standard Template,Nuts and Bolts,,,,,Finished Goods,1210,0.1752,M8 X 1.25 X 35 Hex Bolt,6212012000000427586,MT0835,,,,,,3000.00,0.00,3000.00,3000.00,pcs,entity_level,true,0.00,0.0,,,,,,,525.60,7751.95,0.00,Adjustment,0.00,0.000,,,,,30,Net 30,JJ Harris,815 NE 172nd Avenue,Vancouver,Washington,U.S.A,98684,877-694-0141,,,,,,,,,,,,,
6212012000003151550,2025-09-11,,TT-00961,Nuts and Bolts,Billed,Vancouver Bolt and Supply Inc.,false,USD,1.000000000000,Standard Template,Nuts and Bolts,,,,,Finished Goods,1210,0.056,M12 Split Lock Washer,6212012000000427547,GR5.4,,,,,,4000.00,0.00,4000.00,4000.00,pcs,entity_level,true,0.00,0.0,,,,,,,224.00,7751.95,0.00,Adjustment,0.00,0.000,,,,,30,Net 30,JJ Harris,815 NE 172nd Avenue,Vancouver,Washington,U.S.A,98684,877-694-0141,,,,,,,,,,,,,
6212012000003151550,2025-09-11,,TT-00961,Nuts and Bolts,Billed,Vancouver Bolt and Supply Inc.,false,USD,1.000000000000,Standard Template,Nuts and Bolts,,,,,Finished Goods,1210,0.4718,M12 X 1.75 X 30 Bolt 18mm Head,6212012000000427534,GR5.3,,,,,Hex Head bolt must be 18mm,4000.00,0.00,4000.00,4000.00,pcs,entity_level,true,0.00,0.0,,,,,,,1887.20,7751.95,0.00,Adjustment,0.00,0.000,,,,,30,Net 30,JJ Harris,815 NE 172nd Avenue,Vancouver,Washington,U.S.A,98684,877-694-0141,,,,,,,,,,,,,
6212012000003151550,2025-09-11,,TT-00961,Nuts and Bolts,Billed,Vancouver Bolt and Supply Inc.,false,USD,1.000000000000,Standard Template,Nuts and Bolts,,,,,Finished Goods,1210,0.0845,EZ Kart - Lower Throttle - M4 X .7 X 35 Phillips Pan Machine Screw,6212012000000427373,EZ3.6,,,,,,500.00,0.00,500.00,500.00,pcs,entity_level,true,0.00,0.0,,,,,,,42.25,7751.95,0.00,Adjustment,0.00,0.000,,,,,30,Net 30,JJ Harris,815 NE 172nd Avenue,Vancouver,Washington,U.S.A,98684,877-694-0141,,,,,,,,,,,,,
6212012000003151550,2025-09-11,,TT-00961,Nuts and Bolts,Billed,Vancouver Bolt and Supply Inc.,false,USD,1.000000000000,Standard Template,Nuts and Bolts,,,,,Finished Goods,1210,0.03,EZ Kart - Lower Throttle - M4 Nylon Locking Nut,6212012000000427386,EZ3.7,,,,,,500.00,0.00,500.00,500.00,pcs,entity_level,true,0.00,0.0,,,,,,,15.00,7751.95,0.00,Adjustment,0.00,0.000,,,,,30,Net 30,JJ Harris,815 NE 172nd Avenue,Vancouver,Washington,U.S.A,98684,877-694-0141,,,,,,,,,,,,,
6212012000003151550,2025-09-11,,TT-00961,Nuts and Bolts,Billed,Vancouver Bolt and Supply Inc.,false,USD,1.000000000000,Standard Template,Nuts and Bolts,,,,,Finished Goods,1210,0.3172,M8 x 1.25 x 65 Zinc-Plated Hex Bolt,6212012000000428304,MT0865,,,,,".8C65HCSZ/PT 
M8-1.25 X 65 HEX CAP SCREW 8.8 PARTIAL THREAD",3000.00,0.00,3000.00,3000.00,EA,entity_level,true,0.00,0.0,,,,,,,951.60,7751.95,0.00,Adjustment,0.00,0.000,,,,,30,Net 30,JJ Harris,815 NE 172nd Avenue,Vancouver,Washington,U.S.A,98684,877-694-0141,,,,,,,,,,,,,
6212012000003151550,2025-09-11,,TT-00961,Nuts and Bolts,Billed,Vancouver Bolt and Supply Inc.,false,USD,1.000000000000,Standard Template,Nuts and Bolts,,,,,Finished Goods,1210,0.28,M8 X 1.25 Flanged Nyloc Nut,6212012000000427770,GRKM7681.6,,,,,".8CNNFZ
M8-1.25 NYLOC FLANGE LOCK NUT PLATED",3000.00,0.00,3000.00,3000.00,EA,entity_level,true,0.00,0.0,,,,,,,840.00,7751.95,0.00,Adjustment,0.00,0.000,,,,,30,Net 30,JJ Harris,815 NE 172nd Avenue,Vancouver,Washington,U.S.A,98684,877-694-0141,,,,,,,,,,,,,
6212012000003151550,2025-09-11,,TT-00961,Nuts and Bolts,Billed,Vancouver Bolt and Supply Inc.,false,USD,1.000000000000,Standard Template,Nuts and Bolts,,,,,Finished Goods,1210,0.1205,M8 x 1.25 x 12 Bolt for Safety Bar,6212012000000428252,MT0812,,,,,".8C12HCSZ/FT 
M8-1.25 X 12 HEX CAP SCREW 8.8 FULL THREAD PLATED",1000.00,0.00,1000.00,1000.00,EA,entity_level,true,0.00,0.0,,,,,,,120.50,7751.95,0.00,Adjustment,0.00,0.000,,,,,30,Net 30,JJ Harris,815 NE 172nd Avenue,Vancouver,Washington,U.S.A,98684,877-694-0141,,,,,,,,,,,,,
6212012000003151550,2025-09-11,,TT-00961,Nuts and Bolts,Billed,Vancouver Bolt and Supply Inc.,false,USD,1.000000000000,Standard Template,Nuts and Bolts,,,,,Finished Goods,1210,0.0236,M8 split lock washer zinc plated,6212012000000428239,MT0804,,,,,.8NLOCZ M8 Split Lock washer clear zinc plated,1000.00,0.00,1000.00,1000.00,EA,entity_level,true,0.00,0.0,,,,,,,23.60,7751.95,0.00,Adjustment,0.00,0.000,,,,,30,Net 30,JJ Harris,815 NE 172nd Avenue,Vancouver,Washington,U.S.A,98684,877-694-0141,,,,,,,,,,,,,
6212012000003151550,2025-09-11,,TT-00961,Nuts and Bolts,Billed,Vancouver Bolt and Supply Inc.,false,USD,1.000000000000,Standard Template,Nuts and Bolts,,,,,Finished Goods,1210,0.10,M4-0.70 x 20mm Hex cap screw,6212012000000432799,MT0420,,,,,"M4-0.70 x 20mm Hex Cap Screw Grade 8.8 Full Thread Zinc plated
.4C20HCSZ/FT",1000.00,0.00,1000.00,1000.00,EA,entity_level,true,0.00,0.0,,,,,,,100.00,7751.95,0.00,Adjustment,0.00,0.000,,,,,30,Net 30,JJ Harris,815 NE 172nd Avenue,Vancouver,Washington,U.S.A,98684,877-694-0141,,,,,,,,,,,,,
6212012000003151550,2025-09-11,,TT-00961,Nuts and Bolts,Billed,Vancouver Bolt and Supply Inc.,false,USD,1.000000000000,Standard Template,Nuts and Bolts,,,,,Finished Goods,1210,0.4626,M8-1.25 X 25 UNC HEX HEAD FLANGE BOLT GRADE 10.9,6212012000000432929,MT0825F,,,,,".8C25BHF1
M8-1.25 X 25 UNC HEX HEAD FLANGE BOLT GRADE 10.9",1000.00,0.00,1000.00,1000.00,EA,entity_level,true,0.00,0.0,,,,,,,462.60,7751.95,0.00,Adjustment,0.00,0.000,,,,,30,Net 30,JJ Harris,815 NE 172nd Avenue,Vancouver,Washington,U.S.A,98684,877-694-0141,,,,,,,,,,,,,
6212012000003151550,2025-09-11,,TT-00961,Nuts and Bolts,Billed,Vancouver Bolt and Supply Inc.,false,USD,1.000000000000,Standard Template,Nuts and Bolts,,,,,Finished Goods,1210,0.558,EZ Kart - Lynch Pin for Axle,6212012000000427273,EZ1.13,,,,,,1000.00,0.00,1000.00,1000.00,pcs,entity_level,true,0.00,0.0,,,,,,,558.00,7751.95,0.00,Adjustment,0.00,0.000,,,,,30,Net 30,JJ Harris,815 NE 172nd Avenue,Vancouver,Washington,U.S.A,98684,877-694-0141,,,,,,,,,,,,,
6212012000003196175,2025-09-08,2025-09-15,TT-00977,,Billed,"Mr. Powder Kote, LLC",false,USD,1.000000000000,Standard Template,,,,,,GeoRipper - Part,5100,5.00,,,,,,,,EZ1.1 Black powder coat,32.00,0.00,0.00,32.00,,entity_level,true,0.00,0.0,,,,,,,160.00,245.00,0.00,Adjustment,0.00,0.000,,,,,15,Net 15,JJ Harris,815 NE 172nd Avenue,Vancouver,Washington,U.S.A,98684,877-694-0141,,,,,,,,,,,,,
6212012000003196175,2025-09-08,2025-09-15,TT-00977,,Billed,"Mr. Powder Kote, LLC",false,USD,1.000000000000,Standard Template,,,,,,SiBore Drill - Part,5300,2.50,,,,,,,,"powder coat - black
SKU : PD-1000
",34.00,0.00,0.00,34.00,,entity_level,true,0.00,0.0,,,,,,,85.00,245.00,0.00,Adjustment,0.00,0.000,,,,,15,Net 15,JJ Harris,815 NE 172nd Avenue,Vancouver,Washington,U.S.A,98684,877-694-0141,,,,,,,,,,,,,
6212012000003604127,2025-09-18,,TT-00903,"Warranty Post cards, Owner manuals",Partially Billed,Minuteman Press,false,USD,1.000000000000,Standard Template,"Warranty Post cards, Owner manuals",,,,,Finished Goods,1210,1.28181,GeoRipper Owner's Manual,6212012000000427796,GR-LIT-OM,,,,,,1000.00,0.00,1000.00,0.00,EA,entity_level,true,0.00,0.0,,,,,,,1281.81,2772.19,0.00,Adjustment,0.00,0.000,,,,,30,Net 30,JJ Harris,815 NE 172nd Avenue,Vancouver,Washington,U.S.A,98684,877-694-0141,,,,,,,,,,,,,
6212012000003604127,2025-09-18,,TT-00903,"Warranty Post cards, Owner manuals",Partially Billed,Minuteman Press,false,USD,1.000000000000,Standard Template,"Warranty Post cards, Owner manuals",,,,,Finished Goods,1210,1.0201,SiBore Owner's Manual,6212012000000430978,SB-LIT-OM,,,,,,1000.00,0.00,1000.00,0.00,EA,entity_level,true,0.00,0.0,,,,,,,1020.10,2772.19,0.00,Adjustment,0.00,0.000,,,,,30,Net 30,JJ Harris,815 NE 172nd Avenue,Vancouver,Washington,U.S.A,98684,877-694-0141,,,,,,,,,,,,,
6212012000003604127,2025-09-18,,TT-00903,"Warranty Post cards, Owner manuals",Partially Billed,Minuteman Press,false,USD,1.000000000000,Standard Template,"Warranty Post cards, Owner manuals",,,,,Finished Goods,1210,0.23514,GeoRipper Warranty Postcard,6212012000000427848,GR-LIT-WP,,,,,,2000.00,0.00,2000.00,2000.00,EA,entity_level,true,0.00,0.0,,,,,,,470.28,2772.19,0.00,Adjustment,0.00,0.000,,,,,30,Net 30,JJ Harris,815 NE 172nd Avenue,Vancouver,Washington,U.S.A,98684,877-694-0141,,,,,,,,,,,,,
6212012000003669374,2025-06-03,,TT-00899,13848,Billed,Horizon Distributors,false,USD,1.000000000000,Standard Template,13848,,,USPS,,Finished Goods,1210,11.55,GeoRipper Minitrencher 6-Tooth Nose Sprocket with Bearing,6212012000000434131,MT1500,810075760095,20A,810075760095,,​Replace using Permatex 25210 High Strength Removable Threadlocker Orange. 3X the strength of Blue Thread locker. Ideal for High Vibration Applications,1.00,0.00,0.00,1.00,Kit,entity_level,true,0.00,0.0,,,,,,,11.55,26.23,0.00,Adjustment,0.00,0.000,,,,,0,Due on Receipt,,,,,,,,,185 Bella Vista Ln,Colorado Springs,CO,U.S.A,80911,719-930-5760,,,,,,
6212012000003669374,2025-06-03,,TT-00899,13848,Billed,Horizon Distributors,false,USD,1.000000000000,Standard Template,13848,,,USPS,,Finished Goods,1210,14.68,GeoRipper Trencher Bar End Set,6212012000000434112,MT1000,810075760088,20A,810075760088,,,1.00,0.00,0.00,1.00,kit,entity_level,true,0.00,0.0,,,,,,,14.68,26.23,0.00,Adjustment,0.00,0.000,,,,,0,Due on Receipt,,,,,,,,,185 Bella Vista Ln,Colorado Springs,CO,U.S.A,80911,719-930-5760,,,,,,
6212012000003669374,2025-06-03,,TT-00899,13848,Billed,Horizon Distributors,false,USD,1.000000000000,Standard Template,13848,,,USPS,,Freight - COGS,5900,0.00,Shipping and Handling,6212012000000427484,FTR,,,,,"Cleared to ship ***FULFILLED BY DBC
1Z5727AV9052330911",1.00,0.00,0.00,1.00,EA,entity_level,true,0.00,0.0,,,,,,,0.00,26.23,0.00,Adjustment,0.00,0.000,,,,,0,Due on Receipt,,,,,,,,,185 Bella Vista Ln,Colorado Springs,CO,U.S.A,80911,719-930-5760,,,,,,
6212012000003669790,2025-06-03,,TT-00904,DFP13850,Billed,Alfieri Sons Irrigation,false,USD,1.000000000000,Standard Template,DFP13850,,,UPS,,Finished Goods,1210,61.49,GeoRipper(R) 16-Inch R.I.P. Kit,6212012000000438740,MTRIP400,,,,,Fulfilled by Alfieri Sons Irrigation,1.00,0.00,0.00,1.00,Kit,entity_level,true,0.00,0.0,,,,,,,61.49,61.49,0.00,Adjustment,0.00,0.000,,,,,0,Due on Receipt,,,,,,,,Grigory Denisov,429 Lenox Ave 20,New York,NY,U.S.A,10037,718-350-1185,,,,,,
6212012000003669790,2025-06-03,,TT-00904,DFP13850,Billed,Alfieri Sons Irrigation,false,USD,1.000000000000,Standard Template,DFP13850,,,UPS,,Freight - COGS,5900,0.00,Shipping and Handling,6212012000000427484,FTR,,,,,1Z5727AV9053950928,1.00,0.00,0.00,1.00,EA,entity_level,true,0.00,0.0,,,,,,,0.00,61.49,0.00,Adjustment,0.00,0.000,,,,,0,Due on Receipt,,,,,,,,Grigory Denisov,429 Lenox Ave 20,New York,NY,U.S.A,10037,718-350-1185,,,,,,
6212012000003671751,2025-07-01,2025-07-03,TT-00905,DFP14066,Billed,Central Pro Supply,false,USD,1.000000000000,Standard Template,DFP14066,,,UPS,,Finished Goods,1210,29.51,"20"" Digging Chain (Single Chain)",6212012000000435587,MT4500,810075761177,,,,1Z5727AV9052289986,1.00,0.00,0.00,1.00,Kit,entity_level,true,0.00,0.0,,,,,,,29.51,29.51,0.00,Adjustment,0.00,0.000,,,,,0,Due on Receipt,,,,,,,,,25 Daniel Webster Hwy,Meredith,NH,U.S.A,3253,603-273-7002,,,,,,
6212012000003671751,2025-07-01,2025-07-03,TT-00905,DFP14066,Billed,Central Pro Supply,false,USD,1.000000000000,Standard Template,DFP14066,,,UPS,,Freight - COGS,5900,0.00,Shipping and Handling,6212012000000427484,FTR,,,,,FULFILLED BY CENTRAL PRO,1.00,0.00,0.00,1.00,EA,entity_level,true,0.00,0.0,,,,,,,0.00,29.51,0.00,Adjustment,0.00,0.000,,,,,0,Due on Receipt,,,,,,,,,25 Daniel Webster Hwy,Meredith,NH,U.S.A,3253,603-273-7002,,,,,,
6212012000003671977,2025-07-01,2025-07-03,TT-00906,DFP14065,Billed,Central Pro Supply,false,USD,1.000000000000,Standard Template,DFP14065,,,UPS,,Finished Goods,1210,29.51,"20"" Digging Chain (Single Chain)",6212012000000435587,MT4500,810075761177,,,,1Z5727AV9054002370,1.00,0.00,0.00,1.00,Kit,entity_level,true,0.00,0.0,,,,,,,29.51,29.51,0.00,Adjustment,0.00,0.000,,,,,0,Due on Receipt,,,,,,,,,25 Daniel Webster Hwy,Meredith,NH,U.S.A,3253,603-273-7002,,,,,,
6212012000003671977,2025-07-01,2025-07-03,TT-00906,DFP14065,Billed,Central Pro Supply,false,USD,1.000000000000,Standard Template,DFP14065,,,UPS,,Freight - COGS,5900,0.00,Shipping and Handling,6212012000000427484,FTR,,,,,FULFILLED BY CENTRAL PRO,1.00,0.00,0.00,1.00,EA,entity_level,true,0.00,0.0,,,,,,,0.00,29.51,0.00,Adjustment,0.00,0.000,,,,,0,Due on Receipt,,,,,,,,,25 Daniel Webster Hwy,Meredith,NH,U.S.A,3253,603-273-7002,,,,,,
6212012000003706394,2025-07-18,,TT-00942,14035,Billed,"Rio Seco AG, LLC",false,USD,1.000000000000,Standard Template,14035,,,UPS,,Finished Goods,1210,718.36,The GeoRipper 27 Includes EZ Kart,6212012000000445997,GR727,,,,,"Fulfilled by Rio Seco
1Z5727AV9054354339",1.00,0.00,0.00,1.00,Kit,entity_level,true,0.00,0.0,,,,,,,718.36,718.36,0.00,Adjustment,0.00,0.000,,,,,0,Due on Receipt,,,,,,,,,17924 County Road 2332,Whitehouse,TX,U.S.A,75791,903-352-2533,,,,,,
6212012000003706394,2025-07-18,,TT-00942,14035,Billed,"Rio Seco AG, LLC",false,USD,1.000000000000,Standard Template,14035,,,UPS,,Freight - COGS,5900,0.00,Shipping and Handling,6212012000000427484,FTR,,,,,,1.00,0.00,0.00,1.00,EA,entity_level,true,0.00,0.0,,,,,,,0.00,718.36,0.00,Adjustment,0.00,0.000,,,,,0,Due on Receipt,,,,,,,,,17924 County Road 2332,Whitehouse,TX,U.S.A,75791,903-352-2533,,,,,,
6212012000003706931,2025-06-30,,TT-00907,DFP14031,Billed,Dreamscapes Landscape Center,false,USD,1.000000000000,Standard Template,DFP14031,,,UPS,,Finished Goods,1210,191.26,GeoRipper Minitrencher Universal EZ Kart,6212012000000435439,EZ100,810075760071,,810075760071,,"Fulfilled by Dreamscapes
1Z5727AV9053603320",1.00,0.00,0.00,1.00,Kit,entity_level,true,0.00,0.0,,,,,,,191.26,191.26,0.00,Adjustment,0.00,0.000,,,,,0,Due on Receipt,,,,,,,,,500A Wellsian Way,Richland,WA,U.S.A,99352,509-947-2307,,,,,,
6212012000003706931,2025-06-30,,TT-00907,DFP14031,Billed,Dreamscapes Landscape Center,false,USD,1.000000000000,Standard Template,DFP14031,,,UPS,,Freight - COGS,5900,0.00,Shipping and Handling,6212012000000427484,FTR,,,,,,1.00,0.00,0.00,1.00,EA,entity_level,true,0.00,0.0,,,,,,,0.00,191.26,0.00,Adjustment,0.00,0.000,,,,,0,Due on Receipt,,,,,,,,,500A Wellsian Way,Richland,WA,U.S.A,99352,509-947-2307,,,,,,
6212012000003712242,2025-06-26,,TT-00921,DFP14029,Billed,Dreamscapes Landscape Center,false,USD,1.000000000000,Standard Template,DFP14029,,,UPS,,Finished Goods,1210,49.75,"Complete 16"" Digging Bar",6212012000000435755,MT3400,,,,,Fulfilled by Dreamscapes,1.00,0.00,0.00,1.00,pcs,entity_level,true,0.00,0.0,,,,,,,49.75,795.47,0.00,Adjustment,0.00,0.000,,,,,0,Due on Receipt,,,,,,,,,14711 Garrison St,Amarillo,TX,U.S.A,79124,806-443-0654,,,,,,
6212012000003712242,2025-06-26,,TT-00921,DFP14029,Billed,Dreamscapes Landscape Center,false,USD,1.000000000000,Standard Template,DFP14029,,,UPS,,Finished Goods,1210,191.26,GeoRipper Minitrencher Universal EZ Kart,6212012000000435439,EZ100,810075760071,,810075760071,,ComTech (-10%),1.00,0.00,0.00,1.00,Kit,entity_level,true,0.00,0.0,,,,,,,191.26,795.47,0.00,Adjustment,0.00,0.000,,,,,0,Due on Receipt,,,,,,,,,14711 Garrison St,Amarillo,TX,U.S.A,79124,806-443-0654,,,,,,
6212012000003712242,2025-06-26,,TT-00921,DFP14029,Billed,Dreamscapes Landscape Center,false,USD,1.000000000000,Standard Template,DFP14029,,,UPS,,Finished Goods,1210,554.46,The GeoRipper 16,6212012000000444881,GR416,,,,,"ComTech (-10%)
MT-000985",1.00,0.00,0.00,1.00,Kit,entity_level,true,0.00,0.0,,,,,,,554.46,795.47,0.00,Adjustment,0.00,0.000,,,,,0,Due on Receipt,,,,,,,,,14711 Garrison St,Amarillo,TX,U.S.A,79124,806-443-0654,,,,,,
6212012000003712242,2025-06-26,,TT-00921,DFP14029,Billed,Dreamscapes Landscape Center,false,USD,1.000000000000,Standard Template,DFP14029,,,UPS,,Freight - COGS,5900,0.00,Shipping and Handling,6212012000000427484,FTR,,,,,1Z5727AV9053879319,1.00,0.00,0.00,1.00,EA,entity_level,true,0.00,0.0,,,,,,,0.00,795.47,0.00,Adjustment,0.00,0.000,,,,,0,Due on Receipt,,,,,,,,,14711 Garrison St,Amarillo,TX,U.S.A,79124,806-443-0654,,,,,,
6212012000003712494,2025-06-26,,TT-00908,DFP14028,Billed,"Reinders, Inc.",false,USD,1.000000000000,Standard Template,DFP14028,,,UPS,,Finished Goods,1210,947.89,Original GeoRipper 620 Trencher,6212012000000440365,GR620,,,,,Fulfilled by Reinders,1.00,0.00,0.00,1.00,ea,entity_level,true,0.00,0.0,,,,,,,947.89,947.89,0.00,Adjustment,0.00,0.000,,,,,0,Due on Receipt,,,,,,,,,1058 Iron Bridge Rd,Bowling Green,KY,U.S.A,42103,270-791-8906,,,,,,
6212012000003712494,2025-06-26,,TT-00908,DFP14028,Billed,"Reinders, Inc.",false,USD,1.000000000000,Standard Template,DFP14028,,,UPS,,Freight - COGS,5900,0.00,Shipping and Handling,6212012000000427484,FTR,,,,,1Z5727AV9053899093,1.00,0.00,0.00,1.00,EA,entity_level,true,0.00,0.0,,,,,,,0.00,947.89,0.00,Adjustment,0.00,0.000,,,,,0,Due on Receipt,,,,,,,,,1058 Iron Bridge Rd,Bowling Green,KY,U.S.A,42103,270-791-8906,,,,,,
6212012000003748488,2025-06-09,,TT-000904,DFP13876,Billed,Criss Co Inc,false,USD,1.000000000000,Standard Template,DFP13876,,,UPS,,Freight - COGS,5900,0.00,Shipping and Handling,6212012000000427484,FTR,,,,,,1.00,0.00,0.00,1.00,EA,entity_level,true,0.00,0.0,,,,,,,0.00,2960.00,0.00,Adjustment,0.00,0.000,,,,,0,Due on Receipt,,,,,,,,,54201 Madison St,La Quinta,CA,U.S.A,92253,442-933-0237,,,,,,
6212012000003748488,2025-06-09,,TT-000904,DFP13876,Billed,Criss Co Inc,false,USD,1.000000000000,Standard Template,DFP13876,,,UPS,,Georipper - Unit,5000,2960.00,,,,,,,,Original GeoRipper 720 Trencher,1.00,0.00,0.00,1.00,,entity_level,true,0.00,0.0,,,,,,,2960.00,2960.00,0.00,Adjustment,0.00,0.000,,,,,0,Due on Receipt,,,,,,,,,54201 Madison St,La Quinta,CA,U.S.A,92253,442-933-0237,,,,,,
6212012000003748888,2025-06-09,,TT-00909,Shopify #3235 / DFP13877,Billed,Alfieri Sons Irrigation,false,USD,1.000000000000,Standard Template,Shopify #3235 / DFP13877,,,UPS,,Finished Goods,1210,37.62,"27"" Digging Chain (Single Chain)",6212012000000435645,MT4700,,,,,Fulfilled by Alfieri Sons Irrigation,2.00,0.00,0.00,2.00,Kit,entity_level,true,0.00,0.0,,,,,,,75.24,134.26,0.00,Adjustment,0.00,0.000,,,,,0,Due on Receipt,,,,,,,,Diamond Electrical Svcs c/o Anthony Agugliaro,34 Hardenburg Ln,East Brunswick,NJ,U.S.A,08816,732-310-6239,,,,,,
6212012000003748888,2025-06-09,,TT-00909,Shopify #3235 / DFP13877,Billed,Alfieri Sons Irrigation,false,USD,1.000000000000,Standard Template,Shopify #3235 / DFP13877,,,UPS,,Finished Goods,1210,29.51,"20"" Digging Chain (Single Chain)",6212012000000435587,MT4500,810075761177,,,,,2.00,0.00,0.00,2.00,Kit,entity_level,true,0.00,0.0,,,,,,,59.02,134.26,0.00,Adjustment,0.00,0.000,,,,,0,Due on Receipt,,,,,,,,Diamond Electrical Svcs c/o Anthony Agugliaro,34 Hardenburg Ln,East Brunswick,NJ,U.S.A,08816,732-310-6239,,,,,,
6212012000003748888,2025-06-09,,TT-00909,Shopify #3235 / DFP13877,Billed,Alfieri Sons Irrigation,false,USD,1.000000000000,Standard Template,Shopify #3235 / DFP13877,,,UPS,,Freight - COGS,5900,0.00,Shipping and Handling,6212012000000427484,FTR,,,,,1Z5727AV9053774020,1.00,0.00,0.00,1.00,EA,entity_level,true,0.00,0.0,,,,,,,0.00,134.26,0.00,Adjustment,0.00,0.000,,,,,0,Due on Receipt,,,,,,,,Diamond Electrical Svcs c/o Anthony Agugliaro,34 Hardenburg Ln,East Brunswick,NJ,U.S.A,08816,732-310-6239,,,,,,
6212012000003730472,2025-09-23,2025-10-23,TT-00910,Wrenches,Billed,Taizhou Shiyue Trade Co. LTD,false,USD,1.000000000000,Standard Template,Wrenches,,,,,Finished Goods,1210,0.63,18mm Embossed Wrench,6212012000000428135,MT0018,,,,,18mm Combo Wrench embossed with GeoRipper(R) logo,1210.00,0.00,1210.00,1210.00,pcs,entity_level,true,0.00,0.0,,,,,,,762.30,1574.80,0.00,Adjustment,0.00,0.000,,,,,0,Due on Receipt,JJ Harris,815 NE 172nd Avenue,Vancouver,Washington,U.S.A,98684,877-694-0141,,,,,,,,,,,,,
6212012000003730472,2025-09-23,2025-10-23,TT-00910,Wrenches,Billed,Taizhou Shiyue Trade Co. LTD,false,USD,1.000000000000,Standard Template,Wrenches,,,,,Finished Goods,1210,0.45,13mm Embossed Wrench,6212012000000428109,MT0013,,,,,13mm Combo Wrench embossed with GeoRipper(R) logo,1430.00,0.00,1430.00,1430.00,pcs,entity_level,true,0.00,0.0,,,,,,,643.50,1574.80,0.00,Adjustment,0.00,0.000,,,,,0,Due on Receipt,JJ Harris,815 NE 172nd Avenue,Vancouver,Washington,U.S.A,98684,877-694-0141,,,,,,,,,,,,,
6212012000003730472,2025-09-23,2025-10-23,TT-00910,Wrenches,Billed,Taizhou Shiyue Trade Co. LTD,false,USD,1.000000000000,Standard Template,Wrenches,,,,,Finished Goods,1210,0.47,"SiBore Drill - 9/16"" Combo Wrench",6212012000000431096,SB122,,,,,,200.00,0.00,200.00,200.00,EA,entity_level,true,0.00,0.0,,,,,,,94.00,1574.80,0.00,Adjustment,0.00,0.000,,,,,0,Due on Receipt,JJ Harris,815 NE 172nd Avenue,Vancouver,Washington,U.S.A,98684,877-694-0141,,,,,,,,,,,,,
6212012000003730472,2025-09-23,2025-10-23,TT-00910,Wrenches,Billed,Taizhou Shiyue Trade Co. LTD,false,USD,1.000000000000,Standard Template,Wrenches,,,,,Finished Goods,1210,0.30,Spark Plug Wrench,6212012000016767012,MTSPWRENCH,,,,,,250.00,0.00,250.00,250.00,EA,entity_level,true,0.00,0.0,,,,,,,75.00,1574.80,0.00,Adjustment,0.00,0.000,,,,,0,Due on Receipt,JJ Harris,815 NE 172nd Avenue,Vancouver,Washington,U.S.A,98684,877-694-0141,,,,,,,,,,,,,
6212012000003769107,2025-06-09,,TT-00911,Shopify #3236 / DFP13878,Billed,Criss Co Inc,false,USD,1.000000000000,Standard Template,Shopify #3236 / DFP13878,,,UPS,,Freight - COGS,5900,0.00,Shipping and Handling,6212012000000427484,FTR,,,,,,1.00,0.00,0.00,1.00,EA,entity_level,true,0.00,0.0,,,,,,,0.00,2960.00,0.00,Adjustment,0.00,0.000,,,,,0,Due on Receipt,,,,,,,,,3870 20th St NE,Buffalo,MN,U.S.A,55313,320-492-0042,,,,,,
6212012000003769107,2025-06-09,,TT-00911,Shopify #3236 / DFP13878,Billed,Criss Co Inc,false,USD,1.000000000000,Standard Template,Shopify #3236 / DFP13878,,,UPS,,Georipper - Unit,5000,2960.00,,,,,,,,Original GeoRipper 720 Trencher,1.00,0.00,0.00,1.00,,entity_level,true,0.00,0.0,,,,,,,2960.00,2960.00,0.00,Adjustment,0.00,0.000,,,,,0,Due on Receipt,,,,,,,,,3870 20th St NE,Buffalo,MN,U.S.A,55313,320-492-0042,,,,,,
6212012000003818107,2025-06-10,,TT-00912,DFP13901,Billed,"Reinders, Inc.",false,USD,1.000000000000,Standard Template,DFP13901,,,UPS,,Finished Goods,1210,29.51,"20"" Digging Chain (Single Chain)",6212012000000435587,MT4500,810075761177,,,,"FULFILLED BY REINDERS
1Z5727AV9053312680",2.00,0.00,0.00,2.00,Kit,entity_level,true,0.00,0.0,,,,,,,59.02,59.02,0.00,Adjustment,0.00,0.000,,,,,0,Due on Receipt,,,,,,,,,4811 Crane Creek Rd,Owatonna,MN,U.S.A,55060,507-456-7812,,,,,,
6212012000003818107,2025-06-10,,TT-00912,DFP13901,Billed,"Reinders, Inc.",false,USD,1.000000000000,Standard Template,DFP13901,,,UPS,,Freight - COGS,5900,0.00,Shipping and Handling,6212012000000427484,FTR,,,,,,1.00,0.00,0.00,1.00,EA,entity_level,true,0.00,0.0,,,,,,,0.00,59.02,0.00,Adjustment,0.00,0.000,,,,,0,Due on Receipt,,,,,,,,,4811 Crane Creek Rd,Owatonna,MN,U.S.A,55060,507-456-7812,,,,,,
6212012000003842355,2025-06-12,,TT-00913,13925,Billed,"Reinders, Inc.",false,USD,1.000000000000,Standard Template,13925,,,UPS,,Finished Goods,1210,947.89,Original GeoRipper 620 Trencher,6212012000000440365,GR620,,,,,"FULFILLED BY REINDERS
1Z5727AV9054083079",1.00,0.00,0.00,1.00,ea,entity_level,true,0.00,0.0,,,,,,,947.89,947.89,0.00,Adjustment,0.00,0.000,,,,,0,Due on Receipt,,,,,,,,,9367 Garners Ferry Rd,Hopkins,South Carolina,U.S.A,29061,803-673-6931,,,,,,
6212012000003842355,2025-06-12,,TT-00913,13925,Billed,"Reinders, Inc.",false,USD,1.000000000000,Standard Template,13925,,,UPS,,Freight - COGS,5900,0.00,Shipping (NT),6212012000000427473,FRNT,,,,,,1.00,0.00,0.00,1.00,EA,entity_level,true,0.00,0.0,,,,,,,0.00,947.89,0.00,Adjustment,0.00,0.000,,,,,0,Due on Receipt,,,,,,,,,9367 Garners Ferry Rd,Hopkins,South Carolina,U.S.A,29061,803-673-6931,,,,,,
6212012000003868135,2025-09-24,2025-10-07,TT-00914,Boxes,Billed,SupplyOne Northwest,false,USD,1.000000000000,Standard Template,Boxes,,,,,Finished Goods,1210,9.72,"Small GeoRipper Box ""A""",6212012000000427079,BX-4,,,,,CCBOX ID: OUTER A,294.00,0.00,294.00,294.00,EA,entity_level,true,0.00,0.0,,,,,,,2857.68,17716.37,0.00,Adjustment,0.00,0.000,,,,,30,1%10NET30,JJ Harris,815 NE 172nd Avenue,Vancouver,Washington,U.S.A,98684,877-694-0141,,,,,,,,,,,,,
6212012000003868135,2025-09-24,2025-10-07,TT-00914,Boxes,Billed,SupplyOne Northwest,false,USD,1.000000000000,Standard Template,Boxes,,,,,Finished Goods,1210,15.53,"Large GeoRipper Box ""B""",6212012000000427066,BX-3,,,,,,88.00,0.00,88.00,88.00,EA,entity_level,true,0.00,0.0,,,,,,,1366.64,17716.37,0.00,Adjustment,0.00,0.000,,,,,30,1%10NET30,JJ Harris,815 NE 172nd Avenue,Vancouver,Washington,U.S.A,98684,877-694-0141,,,,,,,,,,,,,
6212012000003868135,2025-09-24,2025-10-07,TT-00914,Boxes,Billed,SupplyOne Northwest,false,USD,1.000000000000,Standard Template,Boxes,,,,,Finished Goods,1210,1.89,"GeoRipper Box ""Stabilizer""",6212012000000427092,BX-5,,,,,,880.00,0.00,880.00,880.00,EA,entity_level,true,0.00,0.0,,,,,,,1663.20,17716.37,0.00,Adjustment,0.00,0.000,,,,,30,1%10NET30,JJ Harris,815 NE 172nd Avenue,Vancouver,Washington,U.S.A,98684,877-694-0141,,,,,,,,,,,,,
6212012000003868135,2025-09-24,2025-10-07,TT-00914,Boxes,Billed,SupplyOne Northwest,false,USD,1.000000000000,Standard Template,Boxes,,,,,Finished Goods,1210,3.52,GeoRipper Box Tray,6212012000000427105,BX-6,,,,,,396.00,0.00,396.00,396.00,EA,entity_level,true,0.00,0.0,,,,,,,1393.92,17716.37,0.00,Adjustment,0.00,0.000,,,,,30,1%10NET30,JJ Harris,815 NE 172nd Avenue,Vancouver,Washington,U.S.A,98684,877-694-0141,,,,,,,,,,,,,
6212012000003868135,2025-09-24,2025-10-07,TT-00914,Boxes,Billed,SupplyOne Northwest,false,USD,1.000000000000,Standard Template,Boxes,,,,,Finished Goods,1210,3.05,Single Chain Box,6212012000000430965,BX-12,,,,,1000ct price CCBOX # 184432,1650.00,0.00,1650.00,1650.00,EA,entity_level,true,0.00,0.0,,,,,,,5032.50,17716.37,0.00,Adjustment,0.00,0.000,,,,,30,1%10NET30,JJ Harris,815 NE 172nd Avenue,Vancouver,Washington,U.S.A,98684,877-694-0141,,,,,,,,,,,,,
6212012000003868135,2025-09-24,2025-10-07,TT-00914,Boxes,Billed,SupplyOne Northwest,false,USD,1.000000000000,Standard Template,Boxes,,,,,Finished Goods,1210,5.22,Box - EZ100,6212012000000428458,MT95193,,,,,CCBOX # 95193,264.00,0.00,264.00,264.00,EA,entity_level,true,0.00,0.0,,,,,,,1378.08,17716.37,0.00,Adjustment,0.00,0.000,,,,,30,1%10NET30,JJ Harris,815 NE 172nd Avenue,Vancouver,Washington,U.S.A,98684,877-694-0141,,,,,,,,,,,,,
6212012000003868135,2025-09-24,2025-10-07,TT-00914,Boxes,Billed,SupplyOne Northwest,false,USD,1.000000000000,Standard Template,Boxes,,,,,Finished Goods,1210,1.51,Box - Bar 500,6212012000000428419,MT95016A,,,,,CCBOX # 95016A,1100.00,0.00,1100.00,1100.00,EA,entity_level,true,0.00,0.0,,,,,,,1661.00,17716.37,0.00,Adjustment,0.00,0.000,,,,,30,1%10NET30,JJ Harris,815 NE 172nd Avenue,Vancouver,Washington,U.S.A,98684,877-694-0141,,,,,,,,,,,,,
6212012000003868135,2025-09-24,2025-10-07,TT-00914,Boxes,Billed,SupplyOne Northwest,false,USD,1.000000000000,Standard Template,Boxes,,,,,Finished Goods,1210,2.65,Box - Bar 700,6212012000000428432,MT95016B,,,,,CCBOX # 95016A,550.00,0.00,550.00,550.00,EA,entity_level,true,0.00,0.0,,,,,,,1457.50,17716.37,0.00,Adjustment,0.00,0.000,,,,,30,1%10NET30,JJ Harris,815 NE 172nd Avenue,Vancouver,Washington,U.S.A,98684,877-694-0141,,,,,,,,,,,,,
6212012000003868135,2025-09-24,2025-10-07,TT-00914,Boxes,Billed,SupplyOne Northwest,false,USD,1.000000000000,Standard Template,Boxes,,,,,Finished Goods,1210,5.49,Box - TA500,6212012000000428471,MT95195,,,,,CCBOX # 95195,165.00,0.00,165.00,165.00,EA,entity_level,true,0.00,0.0,,,,,,,905.85,17716.37,0.00,Adjustment,0.00,0.000,,,,,30,1%10NET30,JJ Harris,815 NE 172nd Avenue,Vancouver,Washington,U.S.A,98684,877-694-0141,,,,,,,,,,,,,
6212012000003899121,2025-06-18,2025-06-19,TT-00915,DFP13966,Billed,Alfieri Sons Irrigation,false,USD,1.000000000000,Standard Template,DFP13966,,,UPS,,Finished Goods,1210,61.49,GeoRipper(R) 16-Inch R.I.P. Kit,6212012000000438740,MTRIP400,,,,,Fulfilled by Alfieri Sons Irrigation,1.00,0.00,0.00,1.00,Kit,entity_level,true,0.00,0.0,,,,,,,61.49,61.49,0.00,Adjustment,0.00,0.000,,,,,0,Due on Receipt,,,,,,,,,429 Lenox Ave 20,New York,NY,U.S.A,10037,718-350-1185,,,,,,
6212012000003899121,2025-06-18,2025-06-19,TT-00915,DFP13966,Billed,Alfieri Sons Irrigation,false,USD,1.000000000000,Standard Template,DFP13966,,,UPS,,Freight - COGS,5900,0.00,Shipping and Handling,6212012000000427484,FTR,,,,,1Z5727AV9054308835,1.00,0.00,0.00,1.00,EA,entity_level,true,0.00,0.0,,,,,,,0.00,61.49,0.00,Adjustment,0.00,0.000,,,,,0,Due on Receipt,,,,,,,,,429 Lenox Ave 20,New York,NY,U.S.A,10037,718-350-1185,,,,,,
6212012000003899463,2025-06-17,2025-06-19,TT-00916,DFP13968,Billed,"Reinders, Inc.",false,USD,1.000000000000,Standard Template,DFP13968,,,UPS,,Finished Goods,1210,74.55,GeoRipper(R) 20-Inch R.I.P. Kit,6212012000000438078,MTRIP500,,,,,"All 20"" GeoRipper models aside from 6-series
Kit includes 2 digging chains, 6-tooth nose sprocket, drive sprocket, and con-link",1.00,0.00,0.00,1.00,Kit,entity_level,true,0.00,0.0,,,,,,,74.55,74.55,0.00,Adjustment,0.00,0.000,,,,,0,Due on Receipt,,,,,,,,,20473 Idaho Ave,Lakeville,MN,U.S.A,55044,763-377-2595,,,,,,
6212012000003899463,2025-06-17,2025-06-19,TT-00916,DFP13968,Billed,"Reinders, Inc.",false,USD,1.000000000000,Standard Template,DFP13968,,,UPS,,Freight - COGS,5900,0.00,Shipping and Handling,6212012000000427484,FTR,,,,,"Fulfilled by Reinders
1Z5727AV9052361852",1.00,0.00,0.00,1.00,EA,entity_level,true,0.00,0.0,,,,,,,0.00,74.55,0.00,Adjustment,0.00,0.000,,,,,0,Due on Receipt,,,,,,,,,20473 Idaho Ave,Lakeville,MN,U.S.A,55044,763-377-2595,,,,,,
6212012000003901655,2025-06-18,2025-06-20,TT-00917,DFP13981,Billed,Central Pro Supply,false,USD,1.000000000000,Standard Template,DFP13981,,,UPS,,Finished Goods,1210,74.55,GeoRipper(R) 20-Inch R.I.P. Kit,6212012000000438078,MTRIP500,,,,,"Fulfilled by Central Pro
1Z5727AV9052658265",1.00,0.00,0.00,1.00,Kit,entity_level,true,0.00,0.0,,,,,,,74.55,74.55,0.00,Adjustment,0.00,0.000,,,,,0,Due on Receipt,,,,,,,,Mitchell Lawn Care,66092 95th Ave,Dowagiac,Michigan,U.S.A,49047,269-876-0308,,,,,,
6212012000003901655,2025-06-18,2025-06-20,TT-00917,DFP13981,Billed,Central Pro Supply,false,USD,1.000000000000,Standard Template,DFP13981,,,UPS,,Freight - COGS,5900,0.00,Shipping (NT),6212012000000427473,FRNT,,,,,,1.00,0.00,0.00,1.00,EA,entity_level,true,0.00,0.0,,,,,,,0.00,74.55,0.00,Adjustment,0.00,0.000,,,,,0,Due on Receipt,,,,,,,,Mitchell Lawn Care,66092 95th Ave,Dowagiac,Michigan,U.S.A,49047,269-876-0308,,,,,,
6212012000004270001,2025-09-30,2025-10-23,TT-00918,EZ1.11M,Billed,Oregon Wire,false,USD,1.000000000000,Standard Template,EZ1.11M,,,Customer Pick-Up,,Finished Goods,1210,6.55,EZ Kart - Locking Bar (RAW),6212012000000427223,EZ1.11M,,,,,,350.00,0.00,350.00,350.00,pcs,entity_level,true,0.00,0.0,,,,,,,2292.50,2292.50,0.00,Adjustment,0.00,0.000,,,,,0,Due on Receipt,JJ Harris,815 NE 172nd Avenue,Vancouver,Washington,U.S.A,98684,877-694-0141,,,,,,,,,,,,,
6212012000004320509,2025-09-26,2025-10-01,TT-00919,Receipt # 198359261,Billed,Uline,false,USD,1.000000000000,Standard Template,Receipt # 198359261,,,,,Shop Supplies,7220,1.81,24 x 12 x 4,6212012000000430837,MT24124,,,,,S-13324,100.00,0.00,100.00,100.00,box,entity_level,true,0.00,0.0,6212012000000691886,SALES TAX (WA) 8.80,8.80,15.93,ItemAmount,WASHINGTON,181.00,1182.55,0.00,Adjustment,0.00,0.000,,,,,0,Due on Receipt,JJ Harris,815 NE 172nd Avenue,Vancouver,Washington,U.S.A,98684,877-694-0141,,,,,,,,,,,,,
6212012000004320509,2025-09-26,2025-10-01,TT-00919,Receipt # 198359261,Billed,Uline,false,USD,1.000000000000,Standard Template,Receipt # 198359261,,,,,Shop Supplies,7220,18.00,,,,,,,,"S-1292 3"" x 4"" 2mil resealable bag",2.00,0.00,0.00,2.00,,entity_level,true,0.00,0.0,6212012000000691886,SALES TAX (WA) 8.80,8.80,3.17,ItemAmount,WASHINGTON,36.00,1182.55,0.00,Adjustment,0.00,0.000,,,,,0,Due on Receipt,JJ Harris,815 NE 172nd Avenue,Vancouver,Washington,U.S.A,98684,877-694-0141,,,,,,,,,,,,,
6212012000004320509,2025-09-26,2025-10-01,TT-00919,Receipt # 198359261,Billed,Uline,false,USD,1.000000000000,Standard Template,Receipt # 198359261,,,,,Shop Supplies,7220,38.00,,,,,,,,S-8088 Packing list envelope,1.00,0.00,0.00,1.00,,entity_level,true,0.00,0.0,6212012000000691886,SALES TAX (WA) 8.80,8.80,3.34,ItemAmount,WASHINGTON,38.00,1182.55,0.00,Adjustment,0.00,0.000,,,,,0,Due on Receipt,JJ Harris,815 NE 172nd Avenue,Vancouver,Washington,U.S.A,98684,877-694-0141,,,,,,,,,,,,,
6212012000004320509,2025-09-26,2025-10-01,TT-00919,Receipt # 198359261,Billed,Uline,false,USD,1.000000000000,Standard Template,Receipt # 198359261,,,,,Shop Supplies,7220,20.00,,,,,,,,"S-5294 stretch wrap 18"" x 2000'",4.00,0.00,0.00,4.00,,entity_level,true,0.00,0.0,6212012000001105208,SALES TAX (WA) 8.8,8.80,7.04,ItemAmount,WASHINGTON,80.00,1182.55,0.00,Adjustment,0.00,0.000,,,,,0,Due on Receipt,JJ Harris,815 NE 172nd Avenue,Vancouver,Washington,U.S.A,98684,877-694-0141,,,,,,,,,,,,,
6212012000004320509,2025-09-26,2025-10-01,TT-00919,Receipt # 198359261,Billed,Uline,false,USD,1.000000000000,Standard Template,Receipt # 198359261,,,,,Shop Supplies,7220,2.62,36x10x4 Box - Uline,6212012000004273001,MT361004,,,,,S-25904,25.00,0.00,25.00,25.00,EA,entity_level,true,0.00,0.0,6212012000000691886,SALES TAX (WA) 8.80,8.80,5.76,ItemAmount,WASHINGTON,65.50,1182.55,0.00,Adjustment,0.00,0.000,,,,,0,Due on Receipt,JJ Harris,815 NE 172nd Avenue,Vancouver,Washington,U.S.A,98684,877-694-0141,,,,,,,,,,,,,
6212012000004320509,2025-09-26,2025-10-01,TT-00919,Receipt # 198359261,Billed,Uline,false,USD,1.000000000000,Standard Template,Receipt # 198359261,,,,,Shop Supplies,7220,0.95,10 x 10 x 5 Uline Box,6212012000000430824,MT10105,,,,,S-4106,300.00,0.00,300.00,300.00,box,entity_level,true,0.00,0.0,6212012000000691886,SALES TAX (WA) 8.80,8.80,25.08,ItemAmount,WASHINGTON,285.00,1182.55,0.00,Adjustment,0.00,0.000,,,,,0,Due on Receipt,JJ Harris,815 NE 172nd Avenue,Vancouver,Washington,U.S.A,98684,877-694-0141,,,,,,,,,,,,,
6212012000004320509,2025-09-26,2025-10-01,TT-00919,Receipt # 198359261,Billed,Uline,false,USD,1.000000000000,Standard Template,Receipt # 198359261,,,,,Shop Supplies,7220,0.99,12 x 9 x 9 Uline Box,6212012000000430811,MT1299,,,,,S-4335,100.00,0.00,100.00,100.00,box,entity_level,true,0.00,0.0,6212012000000691886,SALES TAX (WA) 8.80,8.80,8.71,ItemAmount,WASHINGTON,99.00,1182.55,0.00,Adjustment,0.00,0.000,,,,,0,Due on Receipt,JJ Harris,815 NE 172nd Avenue,Vancouver,Washington,U.S.A,98684,877-694-0141,,,,,,,,,,,,,
6212012000004320509,2025-09-26,2025-10-01,TT-00919,Receipt # 198359261,Billed,Uline,false,USD,1.000000000000,Standard Template,Receipt # 198359261,,,,,Shop Supplies,7220,38.00,,,,,,,,"S-1296 6x9"" 2mil resealable bag",1.00,0.00,0.00,1.00,,entity_level,true,0.00,0.0,6212012000000691886,SALES TAX (WA) 8.80,8.80,3.34,ItemAmount,WASHINGTON,38.00,1182.55,0.00,Adjustment,0.00,0.000,,,,,0,Due on Receipt,JJ Harris,815 NE 172nd Avenue,Vancouver,Washington,U.S.A,98684,877-694-0141,,,,,,,,,,,,,
6212012000004320509,2025-09-26,2025-10-01,TT-00919,Receipt # 198359261,Billed,Uline,false,USD,1.000000000000,Standard Template,Receipt # 198359261,,,,,Shop Supplies,7220,154.00,,,,,,,,S-13694 Industrial glue sticks,1.00,0.00,0.00,1.00,,entity_level,true,0.00,0.0,6212012000000691886,SALES TAX (WA) 8.80,8.80,13.55,ItemAmount,WASHINGTON,154.00,1182.55,0.00,Adjustment,0.00,0.000,,,,,0,Due on Receipt,JJ Harris,815 NE 172nd Avenue,Vancouver,Washington,U.S.A,98684,877-694-0141,,,,,,,,,,,,,
6212012000004320509,2025-09-26,2025-10-01,TT-00919,Receipt # 198359261,Billed,Uline,false,USD,1.000000000000,Standard Template,Receipt # 198359261,,,,,Shop Supplies,7220,4.60,,,,,,,,S445 - Uline Industrial Tape,24.00,0.00,0.00,24.00,,entity_level,true,0.00,0.0,6212012000000691886,SALES TAX (WA) 8.80,8.80,9.73,ItemAmount,WASHINGTON,110.40,1182.55,0.00,Adjustment,0.00,0.000,,,,,0,Due on Receipt,JJ Harris,815 NE 172nd Avenue,Vancouver,Washington,U.S.A,98684,877-694-0141,,,,,,,,,,,,,
6212012000004815272,2025-08-04,,TT-00954,EZ Kart Clamp A and Clamp B,Billed,Ordinance Engineering Pte Ltd,false,USD,1.000000000000,Standard Template,EZ Kart Clamp A and Clamp B,,,,,Finished Goods,1210,3.50,EZ Kart Axle - Clamp A,6212012000000427413,EZ4005,,,,,"NWT QUOTE: 31963
Part GRPEZ-29-21A",600.00,0.00,600.00,600.00,EA,entity_level,true,0.00,0.0,,,,,,,2100.00,4200.00,0.00,Adjustment,0.00,0.000,,,,,0,Due on Receipt,JJ Harris,815 NE 172nd Avenue,Vancouver,Washington,U.S.A,98684,877-694-0141,,,,,,,,,,,,,
6212012000004815272,2025-08-04,,TT-00954,EZ Kart Clamp A and Clamp B,Billed,Ordinance Engineering Pte Ltd,false,USD,1.000000000000,Standard Template,EZ Kart Clamp A and Clamp B,,,,,Finished Goods,1210,3.50,EZ Kart Axle - Clamp B,6212012000000427426,EZ4006,,,,,"NWT Quote: 31964
Part No. GRPEZ-30-21A",600.00,0.00,600.00,600.00,EA,entity_level,true,0.00,0.0,,,,,,,2100.00,4200.00,0.00,Adjustment,0.00,0.000,,,,,0,Due on Receipt,JJ Harris,815 NE 172nd Avenue,Vancouver,Washington,U.S.A,98684,877-694-0141,,,,,,,,,,,,,
6212012000004815296,2025-08-14,,TT-00963 ORD,,Billed,Ordinance Engineering Pte Ltd,false,USD,1.000000000000,Standard Template,,,,,,Finished Goods,1210,6.00,EZ Kart - Lower Handle (RAW),6212012000000428613,EZ1.2M,,,,,"Drawing NO. EZ1.2(M/P)-19A file GRP07
Tubular Quote No. 47787 Part No. EZ1.2-19A
Labor & Material Mild Steel 1.00"" x .049
TO PRINT (DWG NO: EZ1.2(M/P)-19A - attached)
NO FINISH
MACHINED HOLES
DO NOT CRUSH - Pack Delicate",100.00,0.00,100.00,100.00,pcs,entity_level,true,0.00,0.0,,,,,,,600.00,1500.00,0.00,Adjustment,0.00,0.000,,,,,0,Due on Receipt,JJ Harris,815 NE 172nd Avenue,Vancouver,Washington,U.S.A,98684,877-694-0141,,,,,,,,,,,,,
6212012000004815296,2025-08-14,,TT-00963 ORD,,Billed,Ordinance Engineering Pte Ltd,false,USD,1.000000000000,Standard Template,,,,,,Finished Goods,1210,9.00,EZ Kart - Upper Handle (RAW),6212012000000428626,EZ1.3M,,,,,"Drawing No. EZ1.3(M/P)-19A file GRPEZ 06
Tubular Quote No. 47787 Part No. EZ1.3-19A
Labor & Material Mild Steel .875"" x .065 wall
TO PRINT (DWG No. EZ1.3(M/P)-19A - attached)
NO FINISH
MACHINED HOLES
DO NOT CRUSH - Pack Delicate",100.00,0.00,100.00,100.00,pcs,entity_level,true,0.00,0.0,,,,,,,900.00,1500.00,0.00,Adjustment,0.00,0.000,,,,,0,Due on Receipt,JJ Harris,815 NE 172nd Avenue,Vancouver,Washington,U.S.A,98684,877-694-0141,,,,,,,,,,,,,
6212012000005119001,2025-10-17,2025-11-14,TT-00920,"Bar, bar end, lower throttle house",Partially Billed,Ordinance Engineering Pte Ltd,false,USD,1.000000000000,Standard Template,"Bar, bar end, lower throttle house",,,Ocean Freight,,Finished Goods,1210,14.85,"16"" Digging Bar",6212012000000428535,16GR3.1 26A,,,,,,150.00,0.00,100.00,150.00,pcs,entity_level,true,0.00,0.0,,,,,,,2227.50,9387.50,0.00,Adjustment,0.00,0.000,,,,,0,Due on Receipt,JJ Harris,815 NE 172nd Avenue,Vancouver,Washington,U.S.A,98684,877-694-0141,,,,,,,,,,,,,
6212012000005119001,2025-10-17,2025-11-14,TT-00920,"Bar, bar end, lower throttle house",Partially Billed,Ordinance Engineering Pte Ltd,false,USD,1.000000000000,Standard Template,"Bar, bar end, lower throttle house",,,Ocean Freight,,Finished Goods,1210,7.00,Bar End Plate - Countersunk,6212012000000428757,GR0.2,,,,,,400.00,0.00,100.00,400.00,EA,entity_level,true,0.00,0.0,,,,,,,2800.00,9387.50,0.00,Adjustment,0.00,0.000,,,,,0,Due on Receipt,JJ Harris,815 NE 172nd Avenue,Vancouver,Washington,U.S.A,98684,877-694-0141,,,,,,,,,,,,,
6212012000005119001,2025-10-17,2025-11-14,TT-00920,"Bar, bar end, lower throttle house",Partially Billed,Ordinance Engineering Pte Ltd,false,USD,1.000000000000,Standard Template,"Bar, bar end, lower throttle house",,,Ocean Freight,,Finished Goods,1210,7.00,Bar End Plate - Threaded,6212012000000428744,GR0.1,,,,,,400.00,0.00,100.00,400.00,EA,entity_level,true,0.00,0.0,,,,,,,2800.00,9387.50,0.00,Adjustment,0.00,0.000,,,,,0,Due on Receipt,JJ Harris,815 NE 172nd Avenue,Vancouver,Washington,U.S.A,98684,877-694-0141,,,,,,,,,,,,,
6212012000005119001,2025-10-17,2025-11-14,TT-00920,"Bar, bar end, lower throttle house",Partially Billed,Ordinance Engineering Pte Ltd,false,USD,1.000000000000,Standard Template,"Bar, bar end, lower throttle house",,,Ocean Freight,,Finished Goods,1210,4.40,EZ Kart Lower Throttle Housing,6212012000000428678,EZ6.1,,,,,,200.00,0.00,100.00,0.00,EA,entity_level,true,0.00,0.0,,,,,,,880.00,9387.50,0.00,Adjustment,0.00,0.000,,,,,0,Due on Receipt,JJ Harris,815 NE 172nd Avenue,Vancouver,Washington,U.S.A,98684,877-694-0141,,,,,,,,,,,,,
6212012000005119001,2025-10-17,2025-11-14,TT-00920,"Bar, bar end, lower throttle house",Partially Billed,Ordinance Engineering Pte Ltd,false,USD,1.000000000000,Standard Template,"Bar, bar end, lower throttle house",,,Ocean Freight,,Finished Goods,1210,6.80,Chain Tension Block,6212012000000428914,GR8.1-21A,,,,,"S375 Steel, Black Zinc Plating",100.00,0.00,100.00,100.00,pcs,entity_level,true,0.00,0.0,,,,,,,680.00,9387.50,0.00,Adjustment,0.00,0.000,,,,,0,Due on Receipt,JJ Harris,815 NE 172nd Avenue,Vancouver,Washington,U.S.A,98684,877-694-0141,,,,,,,,,,,,,
6212012000005170047,2025-06-20,,TT-0916,MT4004 & MT4005,Billed,Red Boar Chain & Fastener,false,USD,1.000000000000,Standard Template,MT4004 & MT4005,"PO TT-00916 was this order, but the PO # was used in this system as part of a DFP order.",,,,Finished Goods,1210,0.525,#50H Heavy Connecting Link Spring Clip,6212012000000429176,MT4004,,,,,RedBoarChain Item Code: #50HC/L,1000.00,0.00,1000.00,1000.00,EA,entity_level,true,0.00,0.0,,,,,,,525.00,915.00,0.00,Adjustment,0.00,0.000,,,,,0,Due on Receipt,JJ Harris,815 NE 172nd Avenue,Vancouver,Washington,U.S.A,98684,877-694-0141,,,,,,,,,,,,,
6212012000005170047,2025-06-20,,TT-0916,MT4004 & MT4005,Billed,Red Boar Chain & Fastener,false,USD,1.000000000000,Standard Template,MT4004 & MT4005,"PO TT-00916 was this order, but the PO # was used in this system as part of a DFP order.",,,,Finished Goods,1210,1.30,Double Chain #50-2 Connecting Link,6212012000000429136,MT4005,,,,,,300.00,0.00,300.00,300.00,EA,entity_level,true,0.00,0.0,,,,,,,390.00,915.00,0.00,Adjustment,0.00,0.000,,,,,0,Due on Receipt,JJ Harris,815 NE 172nd Avenue,Vancouver,Washington,U.S.A,98684,877-694-0141,,,,,,,,,,,,,
6212012000005185189,2025-10-13,,TT-00922,Shopify# 3565 / DFP15297,Billed,Horizon Distributors,false,USD,1.000000000000,Standard Template,Shopify# 3565 / DFP15297,,,UPS,,Finished Goods,1210,73.26,GeoRipper Minitrencher 6-Tooth Nose Sprocket with Bearing,6212012000000434131,MT1500,810075760095,20A,810075760095,,​Replace using Permatex 25210 High Strength Removable Threadlocker Orange. 3X the strength of Blue Thread locker. Ideal for High Vibration Applications,2.00,0.00,0.00,2.00,Kit,entity_level,true,0.00,0.0,,,,,,,146.52,334.62,0.00,Adjustment,0.00,0.000,,,,,0,Due on Receipt,,,,,,,,Jason Longo,17693 PA-285,Cochranton,PA,U.S.A,16314,814-638-0180,,,,,,
6212012000005185189,2025-10-13,,TT-00922,Shopify# 3565 / DFP15297,Billed,Horizon Distributors,false,USD,1.000000000000,Standard Template,Shopify# 3565 / DFP15297,,,UPS,,Finished Goods,1210,94.05,Minitrencher Drive Sprocket for GeoRipper and GeoRipper(R)T/A,6212012000000429254,MT9001,810075760255,,810075760255,,"Drive sprocket fits all GeoRipper T/As
1Z5727AV0394820995",2.00,0.00,0.00,2.00,EA,entity_level,true,0.00,0.0,,,,,,,188.10,334.62,0.00,Adjustment,0.00,0.000,,,,,0,Due on Receipt,,,,,,,,Jason Longo,17693 PA-285,Cochranton,PA,U.S.A,16314,814-638-0180,,,,,,
6212012000005256077,2025-10-22,,TT-00934 / TT-00931,7264709,Billed,"Makita USA, Inc.",false,USD,1.000000000000,Standard Template,7264709,,,,,GeoRipper - Part,5100,43.65,,,,,,,,"140774-2
TANK CPL., EK7651H
Received",1.00,0.00,0.00,1.00,,entity_level,true,0.00,0.0,,,,,,,43.65,355.94,0.00,Adjustment,0.00,0.000,,,,,0,Due on Receipt,JJ Harris,815 NE 172nd Avenue,Vancouver,Washington,U.S.A,98684,877-694-0141,,,,,,,,,,,,,
6212012000005256077,2025-10-22,,TT-00934 / TT-00931,7264709,Billed,"Makita USA, Inc.",false,USD,1.000000000000,Standard Template,7264709,,,,,GeoRipper - Part,5100,1.89,,,,,,,,"456292-3
CHOKE LEVER, EK6101
Received",1.00,0.00,0.00,1.00,,entity_level,true,0.00,0.0,,,,,,,1.89,355.94,0.00,Adjustment,0.00,0.000,,,,,0,Due on Receipt,JJ Harris,815 NE 172nd Avenue,Vancouver,Washington,U.S.A,98684,877-694-0141,,,,,,,,,,,,,
6212012000005256077,2025-10-22,,TT-00934 / TT-00931,7264709,Billed,"Makita USA, Inc.",false,USD,1.000000000000,Standard Template,7264709,,,,,GeoRipper - Part,5100,0.85,,,,,,,,"424410-1
RUBBER CAP, EK7651H
Received",1.00,0.00,0.00,1.00,,entity_level,true,0.00,0.0,,,,,,,0.85,355.94,0.00,Adjustment,0.00,0.000,,,,,0,Due on Receipt,JJ Harris,815 NE 172nd Avenue,Vancouver,Washington,U.S.A,98684,877-694-0141,,,,,,,,,,,,,
6212012000005256077,2025-10-22,,TT-00934 / TT-00931,7264709,Billed,"Makita USA, Inc.",false,USD,1.000000000000,Standard Template,7264709,,,,,GeoRipper - Part,5100,1.40,,,,,,,,"266475-5
TAPPING SCREW TORX 5.5X20, EK7651H
Received",6.00,0.00,0.00,6.00,,entity_level,true,0.00,0.0,,,,,,,8.40,355.94,0.00,Adjustment,0.00,0.000,,,,,0,Due on Receipt,JJ Harris,815 NE 172nd Avenue,Vancouver,Washington,U.S.A,98684,877-694-0141,,,,,,,,,,,,,
6212012000005256077,2025-10-22,,TT-00934 / TT-00931,7264709,Billed,"Makita USA, Inc.",false,USD,1.000000000000,Standard Template,7264709,,,,,GeoRipper - Part,5100,18.68,,,,,,,,"346433-8
BOTTOM PLATE, EK7651H
Received",1.00,0.00,0.00,1.00,,entity_level,true,0.00,0.0,,,,,,,18.68,355.94,0.00,Adjustment,0.00,0.000,,,,,0,Due on Receipt,JJ Harris,815 NE 172nd Avenue,Vancouver,Washington,U.S.A,98684,877-694-0141,,,,,,,,,,,,,
6212012000005256077,2025-10-22,,TT-00934 / TT-00931,7264709,Billed,"Makita USA, Inc.",false,USD,1.000000000000,Standard Template,7264709,,,,,GeoRipper - Part,5100,1.40,,,,,,,,"266687-0
TAPPING SCREW 5.5X45, EK7651H
Received",4.00,0.00,0.00,4.00,,entity_level,true,0.00,0.0,,,,,,,5.60,355.94,0.00,Adjustment,0.00,0.000,,,,,0,Due on Receipt,JJ Harris,815 NE 172nd Avenue,Vancouver,Washington,U.S.A,98684,877-694-0141,,,,,,,,,,,,,
6212012000005256077,2025-10-22,,TT-00934 / TT-00931,7264709,Billed,"Makita USA, Inc.",false,USD,1.000000000000,Standard Template,7264709,,,,,GeoRipper - Part,5100,67.30,,,,,,,,"331940-4
FRONT HANDLE, EK7651H
Received",1.00,0.00,0.00,1.00,,entity_level,true,0.00,0.0,,,,,,,67.30,355.94,0.00,Adjustment,0.00,0.000,,,,,0,Due on Receipt,JJ Harris,815 NE 172nd Avenue,Vancouver,Washington,U.S.A,98684,877-694-0141,,,,,,,,,,,,,
6212012000005256077,2025-10-22,,TT-00934 / TT-00931,7264709,Billed,"Makita USA, Inc.",false,USD,1.000000000000,Standard Template,7264709,,,,,GeoRipper - Part,5100,1.89,,,,,,,,"452740-0
FRONT INNER HOLDER, EK7651H
Received",1.00,0.00,0.00,1.00,,entity_level,true,0.00,0.0,,,,,,,1.89,355.94,0.00,Adjustment,0.00,0.000,,,,,0,Due on Receipt,JJ Harris,815 NE 172nd Avenue,Vancouver,Washington,U.S.A,98684,877-694-0141,,,,,,,,,,,,,
6212012000005256077,2025-10-22,,TT-00934 / TT-00931,7264709,Billed,"Makita USA, Inc.",false,USD,1.000000000000,Standard Template,7264709,,,,,GeoRipper - Part,5100,1.01,,,,,,,,"257972-2
SLEEVE 6.5, EK7651H
Received",2.00,0.00,0.00,2.00,,entity_level,true,0.00,0.0,,,,,,,2.02,355.94,0.00,Adjustment,0.00,0.000,,,,,0,Due on Receipt,JJ Harris,815 NE 172nd Avenue,Vancouver,Washington,U.S.A,98684,877-694-0141,,,,,,,,,,,,,
6212012000005256077,2025-10-22,,TT-00934 / TT-00931,7264709,Billed,"Makita USA, Inc.",false,USD,1.000000000000,Standard Template,7264709,,,,,GeoRipper - Part,5100,0.84,,,,,,,,"266660-0
H.L. SOCKET HEAD BOLT M6X35, EK7651H
Received",2.00,0.00,0.00,2.00,,entity_level,true,0.00,0.0,,,,,,,1.68,355.94,0.00,Adjustment,0.00,0.000,,,,,0,Due on Receipt,JJ Harris,815 NE 172nd Avenue,Vancouver,Washington,U.S.A,98684,877-694-0141,,,,,,,,,,,,,
6212012000005256077,2025-10-22,,TT-00934 / TT-00931,7264709,Billed,"Makita USA, Inc.",false,USD,1.000000000000,Standard Template,7264709,,,,,GeoRipper - Part,5100,4.24,,,,,,,,"452737-9
CLAMP, EK7651H
Received",1.00,0.00,0.00,1.00,,entity_level,true,0.00,0.0,,,,,,,4.24,355.94,0.00,Adjustment,0.00,0.000,,,,,0,Due on Receipt,JJ Harris,815 NE 172nd Avenue,Vancouver,Washington,U.S.A,98684,877-694-0141,,,,,,,,,,,,,
6212012000005256077,2025-10-22,,TT-00934 / TT-00931,7264709,Billed,"Makita USA, Inc.",false,USD,1.000000000000,Standard Template,7264709,,,,,GeoRipper - Part,5100,2.84,,,,,,,,"318727-1
ROLLER 45, EK7651H
Received",2.00,0.00,0.00,2.00,,entity_level,true,0.00,0.0,,,,,,,5.68,355.94,0.00,Adjustment,0.00,0.000,,,,,0,Due on Receipt,JJ Harris,815 NE 172nd Avenue,Vancouver,Washington,U.S.A,98684,877-694-0141,,,,,,,,,,,,,
6212012000005256077,2025-10-22,,TT-00934 / TT-00931,7264709,Billed,"Makita USA, Inc.",false,USD,1.000000000000,Standard Template,7264709,,,,,GeoRipper - Part,5100,1.89,,,,,,,,"424405-4
FRONT FOOT, EK7651H
Received",2.00,0.00,0.00,2.00,,entity_level,true,0.00,0.0,,,,,,,3.78,355.94,0.00,Adjustment,0.00,0.000,,,,,0,Due on Receipt,JJ Harris,815 NE 172nd Avenue,Vancouver,Washington,U.S.A,98684,877-694-0141,,,,,,,,,,,,,
6212012000005256077,2025-10-22,,TT-00934 / TT-00931,7264709,Billed,"Makita USA, Inc.",false,USD,1.000000000000,Standard Template,7264709,,,,,GeoRipper - Part,5100,0.58,,,,,,,,"266849-0
H.L. SOCKET HEAD BOLT M5X16
Received",4.00,0.00,0.00,4.00,,entity_level,true,0.00,0.0,,,,,,,2.32,355.94,0.00,Adjustment,0.00,0.000,,,,,0,Due on Receipt,JJ Harris,815 NE 172nd Avenue,Vancouver,Washington,U.S.A,98684,877-694-0141,,,,,,,,,,,,,
6212012000005256077,2025-10-22,,TT-00934 / TT-00931,7264709,Billed,"Makita USA, Inc.",false,USD,1.000000000000,Standard Template,7264709,,,,,Finished Goods,1210,8.58,Primer - EK6101,6212012000000425830,168398-2,,,,,"PRIMER PUMP, EK7651H",3.00,0.00,3.00,3.00,EA,entity_level,true,0.00,0.0,,,,,,,25.74,355.94,0.00,Adjustment,0.00,0.000,,,,,0,Due on Receipt,JJ Harris,815 NE 172nd Avenue,Vancouver,Washington,U.S.A,98684,877-694-0141,,,,,,,,,,,,,
6212012000005256077,2025-10-22,,TT-00934 / TT-00931,7264709,Billed,"Makita USA, Inc.",false,USD,1.000000000000,Standard Template,7264709,,,,,Finished Goods,1210,12.49,Pre Filter EK7651H,6212012000000426129,198172-4,,,,,,5.00,0.00,5.00,5.00,EA,entity_level,true,0.00,0.0,,,,,,,62.45,355.94,0.00,Adjustment,0.00,0.000,,,,,0,Due on Receipt,JJ Harris,815 NE 172nd Avenue,Vancouver,Washington,U.S.A,98684,877-694-0141,,,,,,,,,,,,,
6212012000005256077,2025-10-22,,TT-00934 / TT-00931,7264709,Billed,"Makita USA, Inc.",false,USD,1.000000000000,Standard Template,7264709,,,,,Finished Goods,1210,99.77,Carburetor for EK6101,6212012000000426025,161395-7,,,,,,1.00,0.00,1.00,1.00,EA,entity_level,true,0.00,0.0,,,,,,,99.77,355.94,0.00,Adjustment,0.00,0.000,,,,,0,Due on Receipt,JJ Harris,815 NE 172nd Avenue,Vancouver,Washington,U.S.A,98684,877-694-0141,,,,,,,,,,,,,
6212012000005445001,2025-10-27,,TT-00935,"slide bolts, driveshafts and motor brackets",Billed,"Mr. Powder Kote, LLC",false,USD,1.000000000000,Standard Template,"slide bolts, driveshafts and motor brackets",,,,,GeoRipper - Part,5100,1.00,EZ Kart - Locking Bar Bright Green Powder Coat,6212012000000427236,EZ1.11P,,,,,"ESP Part Number: GR EZ-1-7 GRN
Green Powder",350.00,0.00,0.00,350.00,pcs,entity_level,true,0.00,0.0,,,,,,,350.00,399.00,0.00,Adjustment,0.00,0.000,,,,,0,Due on Receipt,JJ Harris,815 NE 172nd Avenue,Vancouver,Washington,U.S.A,98684,877-694-0141,,,,,,,,,,,,,
6212012000005445001,2025-10-27,,TT-00935,"slide bolts, driveshafts and motor brackets",Billed,"Mr. Powder Kote, LLC",false,USD,1.000000000000,Standard Template,"slide bolts, driveshafts and motor brackets",,,,,SiBore Drill - Part,5300,3.50,,,,,,,,Powder coating Makita motor mount ,7.00,0.00,0.00,7.00,,entity_level,true,0.00,0.0,,,,,,,24.50,399.00,0.00,Adjustment,0.00,0.000,,,,,0,Due on Receipt,JJ Harris,815 NE 172nd Avenue,Vancouver,Washington,U.S.A,98684,877-694-0141,,,,,,,,,,,,,
6212012000005445001,2025-10-27,,TT-00935,"slide bolts, driveshafts and motor brackets",Billed,"Mr. Powder Kote, LLC",false,USD,1.000000000000,Standard Template,"slide bolts, driveshafts and motor brackets",,,,,SiBore Drill - Part,5300,3.50,,,,,,,,Powder coating SiBore electric driveshaft,7.00,0.00,0.00,7.00,,entity_level,true,0.00,0.0,,,,,,,24.50,399.00,0.00,Adjustment,0.00,0.000,,,,,0,Due on Receipt,JJ Harris,815 NE 172nd Avenue,Vancouver,Washington,U.S.A,98684,877-694-0141,,,,,,,,,,,,,
6212012000005448001,2025-07-23,2025-11-07,TT-00944,Utility TPO,Billed,SPARTECH,false,USD,1.000000000000,Standard Template,Utility TPO,,,,,Finished Goods,1210,10.73,TPO,6212012000000429425,TPO,,,,,"34.5x36x.100"" Black, Utility TPO
min. order 290 sheets",290.00,0.00,290.00,290.00,EA,entity_level,true,0.00,0.0,,,,,,,3111.70,3111.70,0.00,Adjustment,0.00,0.000,,,,,0,Due on Receipt,JJ Harris,815 NE 172nd Avenue,Vancouver,Washington,U.S.A,98684,877-694-0141,,,,,,,,,,,,,
6212012000005520345,2025-07-02,2025-07-03,TT-00936,Shopify #3291 / DFP14077,Billed,Central Pro Supply,false,USD,1.000000000000,Standard Template,Shopify #3291 / DFP14077,,,UPS,,Finished Goods,1210,70.00,GeoRipper 620 R.I.P. KIT,6212012000000437679,MTRIP620,,,,,"6-SERIES ONLY
Kit includes: 2 digging chains, 6-tooth nose sprocket, drive sprocket, and con-link",1.00,0.00,0.00,1.00,Kit,entity_level,true,0.00,0.0,,,,,,,70.00,70.00,0.00,Adjustment,0.00,0.000,,,,,0,Due on Receipt,,,,,,,,Robbie Sholes,7 Maudsley Ave,Barrington,RI,U.S.A,02806,401-426-7752,,,,,,
6212012000005520345,2025-07-02,2025-07-03,TT-00936,Shopify #3291 / DFP14077,Billed,Central Pro Supply,false,USD,1.000000000000,Standard Template,Shopify #3291 / DFP14077,,,UPS,,Freight - COGS,5900,0.00,Shipping and Handling,6212012000000427484,FTR,,,,,"FULFILLED BY CENTRAL PRO
1Z5727AV9054664192",1.00,0.00,0.00,1.00,EA,entity_level,true,0.00,0.0,,,,,,,0.00,70.00,0.00,Adjustment,0.00,0.000,,,,,0,Due on Receipt,,,,,,,,Robbie Sholes,7 Maudsley Ave,Barrington,RI,U.S.A,02806,401-426-7752,,,,,,
6212012000005520556,2025-07-02,2025-07-03,TT-00937,Shopify #3292 / DFP14078,Billed,Alfieri Sons Irrigation,false,USD,1.000000000000,Standard Template,Shopify #3292 / DFP14078,,,UPS,,Finished Goods,1210,61.49,GeoRipper(R) 16-Inch R.I.P. Kit,6212012000000438740,MTRIP400,,,,,"All 16"" GeoRipper models aside from 6-series
Kit includes 2 digging chains, 6-tooth nose sprocket, drive sprocket, and con-link",1.00,0.00,0.00,1.00,Kit,entity_level,true,0.00,0.0,,,,,,,61.49,61.49,0.00,Adjustment,0.00,0.000,,,,,0,Due on Receipt,,,,,,,,,429 Lenox Ave 20,New York,NY,U.S.A,10037,718-350-1185,,,,,,
6212012000005520556,2025-07-02,2025-07-03,TT-00937,Shopify #3292 / DFP14078,Billed,Alfieri Sons Irrigation,false,USD,1.000000000000,Standard Template,Shopify #3292 / DFP14078,,,UPS,,Freight - COGS,5900,0.00,Shipping and Handling,6212012000000427484,FTR,,,,,"FULFILLED BY ALFIERI AND SONS
1Z5727AV9053121001",1.00,0.00,0.00,1.00,EA,entity_level,true,0.00,0.0,,,,,,,0.00,61.49,0.00,Adjustment,0.00,0.000,,,,,0,Due on Receipt,,,,,,,,,429 Lenox Ave 20,New York,NY,U.S.A,10037,718-350-1185,,,,,,
6212012000005552001,2025-10-28,,TT-00938,6101 Belts,Billed,D&D Global Power Drive Belts,false,USD,1.000000000000,Standard Template,6101 Belts,,,,,Finished Goods,1210,4.51,Belt for Makita EK6101,6212012000000429333,MTB61-00,,,,,"D&D SKU 315J6
NO GEORIPPER LOGO",200.00,0.00,200.00,200.00,EA,entity_level,true,0.00,0.0,,,,,,,902.00,12110.00,0.00,Adjustment,0.00,0.000,,,,,0,Due on Receipt,JJ Harris,815 NE 172nd Avenue,Vancouver,Washington,U.S.A,98684,877-694-0141,,,,,,,,,,,,,
6212012000005552001,2025-10-28,,TT-00938,6101 Belts,Billed,D&D Global Power Drive Belts,false,USD,1.000000000000,Standard Template,6101 Belts,,,,,Finished Goods,1210,4.87,Belt for 'The GeoRipper',6212012000000432968,MTB72-00,,,,,"D&D SKU 340J6
NO GEORIPPER LOGO",1200.00,0.00,1200.00,1200.00,EA,entity_level,true,0.00,0.0,,,,,,,5844.00,12110.00,0.00,Adjustment,0.00,0.000,,,,,0,Due on Receipt,JJ Harris,815 NE 172nd Avenue,Vancouver,Washington,U.S.A,98684,877-694-0141,,,,,,,,,,,,,
6212012000005552001,2025-10-28,,TT-00938,6101 Belts,Billed,D&D Global Power Drive Belts,false,USD,1.000000000000,Standard Template,6101 Belts,,,,,Finished Goods,1210,4.47,Belt for 'The GeoRipper',6212012000000432968,MTB72-00,,,,,"D&D SKU 340J6
WITH GEORIPPER LOGO",1200.00,0.00,1200.00,1200.00,EA,entity_level,true,0.00,0.0,,,,,,,5364.00,12110.00,0.00,Adjustment,0.00,0.000,,,,,0,Due on Receipt,JJ Harris,815 NE 172nd Avenue,Vancouver,Washington,U.S.A,98684,877-694-0141,,,,,,,,,,,,,
6212012000005593392,2025-10-28,2025-10-29,TT-00939,7269344,Billed,"Makita USA, Inc.",false,USD,1.000000000000,Standard Template,7269344,,,,,Finished Goods,1210,35.11,Belt Cover EK6101,6212012000000425908,143438-7,,,,,,7.00,0.00,7.00,7.00,EA,entity_level,true,0.00,0.0,,,,,,,245.77,1432.47,0.00,Adjustment,0.00,0.000,,,,,60,2%NET60,JJ Harris,815 NE 172nd Avenue,Vancouver,Washington,U.S.A,98684,877-694-0141,,,,,,,,,,,,,
6212012000005593392,2025-10-28,2025-10-29,TT-00939,7269344,Billed,"Makita USA, Inc.",false,USD,1.000000000000,Standard Template,7269344,,,,,Finished Goods,1210,231.92,Cylinder/Piston Set EK8100,6212012000000425895,135794-9,,,,,,5.00,0.00,5.00,5.00,EA,entity_level,true,0.00,0.0,,,,,,,1159.60,1432.47,0.00,Adjustment,0.00,0.000,,,,,60,2%NET60,JJ Harris,815 NE 172nd Avenue,Vancouver,Washington,U.S.A,98684,877-694-0141,,,,,,,,,,,,,
6212012000005593392,2025-10-28,2025-10-29,TT-00939,7269344,Billed,"Makita USA, Inc.",false,USD,1.000000000000,Standard Template,7269344,,,,,Finished Goods,1210,1.91,"PACKING RING, EK8100",6212012000006382202,424697-5,,,,,,2.00,0.00,2.00,2.00,EA,entity_level,true,0.00,0.0,,,,,,,3.82,1432.47,0.00,Adjustment,0.00,0.000,,,,,60,2%NET60,JJ Harris,815 NE 172nd Avenue,Vancouver,Washington,U.S.A,98684,877-694-0141,,,,,,,,,,,,,
6212012000005593392,2025-10-28,2025-10-29,TT-00939,7269344,Billed,"Makita USA, Inc.",false,USD,1.000000000000,Standard Template,7269344,,,,,Finished Goods,1210,6.69,"INNER FILTER, EK7301",6212012000006382189,424705-2,,,,,,1.00,0.00,1.00,1.00,EA,entity_level,true,0.00,0.0,,,,,,,6.69,1432.47,0.00,Adjustment,0.00,0.000,,,,,60,2%NET60,JJ Harris,815 NE 172nd Avenue,Vancouver,Washington,U.S.A,98684,877-694-0141,,,,,,,,,,,,,
6212012000005593392,2025-10-28,2025-10-29,TT-00939,7269344,Billed,"Makita USA, Inc.",false,USD,1.000000000000,Standard Template,7269344,,,,,Finished Goods,1210,16.59,"FUEL LINE, EK7301",6212012000006382176,424723-0,,,,,,1.00,0.00,1.00,1.00,EA,entity_level,true,0.00,0.0,,,,,,,16.59,1432.47,0.00,Adjustment,0.00,0.000,,,,,60,2%NET60,JJ Harris,815 NE 172nd Avenue,Vancouver,Washington,U.S.A,98684,877-694-0141,,,,,,,,,,,,,
6212012000005655155,2025-10-29,,TT-00940,7270656,Billed,"Makita USA, Inc.",false,USD,1.000000000000,Standard Template,7270656,,,,,Finished Goods,1210,1.91,"NIPPLE, EK6101",6212012000006382018,456299-9,,,,,,1.00,0.00,1.00,1.00,EA,entity_level,true,0.00,0.0,,,,,,,1.91,3.31,0.00,Adjustment,0.00,0.000,,,,,0,Due on Receipt,JJ Harris,815 NE 172nd Avenue,Vancouver,Washington,U.S.A,98684,877-694-0141,,,,,,,,,,,,,
6212012000005655155,2025-10-29,,TT-00940,7270656,Billed,"Makita USA, Inc.",false,USD,1.000000000000,Standard Template,7270656,,,,,Finished Goods,1210,1.40,"O‑RING 21X3, EK6101",6212012000006382057,213827-1,,,,,,1.00,0.00,1.00,1.00,EA,entity_level,true,0.00,0.0,,,,,,,1.40,3.31,0.00,Adjustment,0.00,0.000,,,,,0,Due on Receipt,JJ Harris,815 NE 172nd Avenue,Vancouver,Washington,U.S.A,98684,877-694-0141,,,,,,,,,,,,,
6212012000005632154,2025-08-04,2025-09-15,TT-00955,Lower Throttle Housing,Partially Billed,Ordinance Engineering Pte Ltd,false,USD,1.000000000000,Standard Template,Lower Throttle Housing,,,,,Finished Goods,1210,6.00,EZ Kart Lower Throttle Housing,6212012000000428678,EZ6.1,,,,,"If made from steel, they can be painted Black. If made from Aluminum, leave as raw finish.",500.00,0.00,110.00,250.00,EA,entity_level,true,0.00,0.0,,,,,,,3000.00,3000.00,0.00,Adjustment,0.00,0.000,,,,,15,Net 15,JJ Harris,815 NE 172nd Avenue,Vancouver,Washington,U.S.A,98684,877-694-0141,,,,,,,,,,,,,
6212012000005698135,2025-10-31,2025-11-06,TT-00943,Hardware,Billed,Vancouver Bolt and Supply Inc.,false,USD,1.000000000000,Standard Template,Hardware,,,Drop Off,,Finished Goods,1210,0.4626,M8-1.25 X 25 UNC HEX HEAD FLANGE BOLT GRADE 10.9,6212012000000432929,MT0825F,,,,,".8C25BHF1Z
M8-1.25 X 25 UNC HEX HEAD FLANGE BOLT GRADE 10.9",1000.00,0.00,1000.00,1000.00,EA,entity_level,true,0.00,0.0,,,,,,,462.60,2443.46,0.00,Adjustment,0.00,0.000,,,,,30,Net 30,JJ Harris,815 NE 172nd Avenue,Vancouver,Washington,U.S.A,98684,877-694-0141,,,,,,,,,,,,,
6212012000005698135,2025-10-31,2025-11-06,TT-00943,Hardware,Billed,Vancouver Bolt and Supply Inc.,false,USD,1.000000000000,Standard Template,Hardware,,,Drop Off,,Finished Goods,1210,0.31,M8x1.25x20 Countersunk 5mm Hex Drive Bolt 12.9grade,6212012000000428784,GR0.3.2,,,,,.8C20KFCZ,5000.00,0.00,5000.00,5000.00,EA,entity_level,true,0.00,0.0,,,,,,,1550.00,2443.46,0.00,Adjustment,0.00,0.000,,,,,30,Net 30,JJ Harris,815 NE 172nd Avenue,Vancouver,Washington,U.S.A,98684,877-694-0141,,,,,,,,,,,,,
6212012000005698135,2025-10-31,2025-11-06,TT-00943,Hardware,Billed,Vancouver Bolt and Supply Inc.,false,USD,1.000000000000,Standard Template,Hardware,,,Drop Off,,Finished Goods,1210,0.36,"3/8""-16 x 2"" Grade 8 YellowZinc Bolt",6212012000000430574,SB3820,,,,,"37C200HCS8Z 
",600.00,0.00,600.00,600.00,EA,entity_level,true,0.00,0.0,,,,,,,216.00,2443.46,0.00,Adjustment,0.00,0.000,,,,,30,Net 30,JJ Harris,815 NE 172nd Avenue,Vancouver,Washington,U.S.A,98684,877-694-0141,,,,,,,,,,,,,
6212012000005698135,2025-10-31,2025-11-06,TT-00943,Hardware,Billed,Vancouver Bolt and Supply Inc.,false,USD,1.000000000000,Standard Template,Hardware,,,Drop Off,,Finished Goods,1210,0.14,"3/8""-16 Nylock Nut",6212012000000430600,SB3803,,,,,37CNNE8Z,750.00,0.00,750.00,750.00,EA,entity_level,true,0.00,0.0,,,,,,,105.00,2443.46,0.00,Adjustment,0.00,0.000,,,,,30,Net 30,JJ Harris,815 NE 172nd Avenue,Vancouver,Washington,U.S.A,98684,877-694-0141,,,,,,,,,,,,,
6212012000005698135,2025-10-31,2025-11-06,TT-00943,Hardware,Billed,Vancouver Bolt and Supply Inc.,false,USD,1.000000000000,Standard Template,Hardware,,,Drop Off,,Finished Goods,1210,0.3662,M8-1.25 X 40 UNC HEX CAP SCREW ZP,6212012000006489037,MT0840,,,,,"M8-1.25 X 40 UNC HEX CAP SCREW GRADE 10.9 PARTIAL THREAD
ZINC PLATED
.8C40HCS1Z/PT",300.00,0.00,300.00,300.00,EA,entity_level,true,0.00,0.0,,,,,,,109.86,2443.46,0.00,Adjustment,0.00,0.000,,,,,30,Net 30,JJ Harris,815 NE 172nd Avenue,Vancouver,Washington,U.S.A,98684,877-694-0141,,,,,,,,,,,,,
6212012000005711001,2025-08-21,,TT-00970,GeoRipper Pulley,Billed,Ordinance Engineering Pte Ltd,false,USD,1.000000000000,Standard Template,GeoRipper Pulley,,,,,Finished Goods,1210,14.25,Pulley for 'The GeoRipper' & Husqvarna K770 GeoRipperT/A,6212012000000429044,H1001,810075760491,,810075760491,,,200.00,0.00,200.00,200.00,EA,entity_level,true,0.00,0.0,,,,,,,2850.00,2850.00,0.00,Adjustment,0.00,0.000,,,,,0,Due on Receipt,JJ Harris,815 NE 172nd Avenue,Vancouver,Washington,U.S.A,98684,877-694-0141,,,,,,,,,,,,,
6212012000005908025,2025-11-04,,TT-00945,EZ Kart handles,Billed,"Mr. Powder Kote, LLC",false,USD,1.000000000000,Standard Template,EZ Kart handles,,,,,SiBore Drill - Part,5300,5.00,,,,,,,,"powder kote SB3200
PMS 375C Bright Green",75.00,0.00,0.00,75.00,,entity_level,true,0.00,0.0,,,,,,,375.00,925.00,0.00,Adjustment,0.00,0.000,,,,,15,Net 15,JJ Harris,815 NE 172nd Avenue,Vancouver,Washington,U.S.A,98684,877-694-0141,,,,,,,,,,,,,
6212012000005908025,2025-11-04,,TT-00945,EZ Kart handles,Billed,"Mr. Powder Kote, LLC",false,USD,1.000000000000,Standard Template,EZ Kart handles,,,,,GeoRipper - Part,5100,3.35,EZ Kart - Upper Handle Bright Green Powder Coating,6212012000000427310,EZ1.3P,,,,,,100.00,0.00,0.00,100.00,pcs,entity_level,true,0.00,0.0,,,,,,,335.00,925.00,0.00,Adjustment,0.00,0.000,,,,,15,Net 15,JJ Harris,815 NE 172nd Avenue,Vancouver,Washington,U.S.A,98684,877-694-0141,,,,,,,,,,,,,
6212012000005908025,2025-11-04,,TT-00945,EZ Kart handles,Billed,"Mr. Powder Kote, LLC",false,USD,1.000000000000,Standard Template,EZ Kart handles,,,,,GeoRipper - Part,5100,2.15,EZ Kart - Lower Handle Bright Green Powder Coat,6212012000000427299,EZ1.2P,,,,,,100.00,0.00,0.00,100.00,pcs,entity_level,true,0.00,0.0,,,,,,,215.00,925.00,0.00,Adjustment,0.00,0.000,,,,,15,Net 15,JJ Harris,815 NE 172nd Avenue,Vancouver,Washington,U.S.A,98684,877-694-0141,,,,,,,,,,,,,
6212012000005911706,2025-05-08,2025-05-09,TT-00868,DFP13636,Billed,Criss Co Inc,false,USD,1.000000000000,Standard Template,DFP13636,,,UPS,,Finished Goods,1210,1520.00,GeoRipper(R)T/A S500 W/EZ Kart,6212012000000437864,GRTA-S500,810075760675,22A,810075760675,,Fulfilled by Criss Co Inc,1.00,0.00,0.00,1.00,EA,entity_level,true,0.00,0.0,,,,,,,1520.00,1520.00,0.00,Adjustment,0.00,0.000,,,,,0,Due on Receipt,,,,,,,,,4135 King Rd,Rhinelander,WI,U.S.A,54501,715-490-2880,,,,,,
6212012000005911706,2025-05-08,2025-05-09,TT-00868,DFP13636,Billed,Criss Co Inc,false,USD,1.000000000000,Standard Template,DFP13636,,,UPS,,Freight - COGS,5900,0.00,Shipping and Handling,6212012000000427484,FTR,,,,,1Z5727AV9052864470,1.00,0.00,0.00,1.00,EA,entity_level,true,0.00,0.0,,,,,,,0.00,1520.00,0.00,Adjustment,0.00,0.000,,,,,0,Due on Receipt,,,,,,,,,4135 King Rd,Rhinelander,WI,U.S.A,54501,715-490-2880,,,,,,
6212012000005911955,2025-05-12,,TT-00871,DFP13662,Billed,"Reinders, Inc.",false,USD,1.000000000000,Standard Template,DFP13662,,,UPS,,Finished Goods,1210,112.31,GeoRipper 20-Inch Size Matters Trencher Conversion Kit,6212012000000437727,MTSMK20,,,,,FULFILLED BY REINDERS,1.00,0.00,0.00,1.00,Kit,entity_level,true,0.00,0.0,,,,,,,112.31,186.86,0.00,Adjustment,0.00,0.000,,,,,0,Due on Receipt,,,,,,,,,48785 Ivory Orchard,Macomb Twnshp,MI,U.S.A,48042,586-383-3353,,,,,,
6212012000005911955,2025-05-12,,TT-00871,DFP13662,Billed,"Reinders, Inc.",false,USD,1.000000000000,Standard Template,DFP13662,,,UPS,,Finished Goods,1210,74.55,GeoRipper(R) 20-Inch R.I.P. Kit,6212012000000438078,MTRIP500,,,,,"All 20"" GeoRipper models aside from 6-series
Kit includes 2 digging chains, 6-tooth nose sprocket, drive sprocket, and con-link",1.00,0.00,0.00,1.00,Kit,entity_level,true,0.00,0.0,,,,,,,74.55,186.86,0.00,Adjustment,0.00,0.000,,,,,0,Due on Receipt,,,,,,,,,48785 Ivory Orchard,Macomb Twnshp,MI,U.S.A,48042,586-383-3353,,,,,,
6212012000005911955,2025-05-12,,TT-00871,DFP13662,Billed,"Reinders, Inc.",false,USD,1.000000000000,Standard Template,DFP13662,,,UPS,,Freight - COGS,5900,0.00,Shipping (NT),6212012000000427473,FRNT,,,,,,1.00,0.00,0.00,1.00,EA,entity_level,true,0.00,0.0,,,,,,,0.00,186.86,0.00,Adjustment,0.00,0.000,,,,,0,Due on Receipt,,,,,,,,,48785 Ivory Orchard,Macomb Twnshp,MI,U.S.A,48042,586-383-3353,,,,,,
6212012000005944336,2025-05-12,,TT-00872,DFP13664,Billed,Alfieri Sons Irrigation,false,USD,1.000000000000,Standard Template,DFP13664,,,USPS,,Finished Goods,1210,94.05,Minitrencher Drive Sprocket for GeoRipper and GeoRipper(R)T/A,6212012000000429254,MT9001,810075760255,,810075760255,,Drive sprocket fits all GeoRipper T/As,1.00,0.00,0.00,1.00,EA,entity_level,true,0.00,0.0,,,,,,,94.05,94.05,0.00,Adjustment,0.00,0.000,,,,,0,Due on Receipt,,,,,,,,,1 East Atlantic Avenue,Pine Hill,NJ,U.S.A,8021,856-309-3234,,,,,,
6212012000005944336,2025-05-12,,TT-00872,DFP13664,Billed,Alfieri Sons Irrigation,false,USD,1.000000000000,Standard Template,DFP13664,,,USPS,,Freight - COGS,5900,0.00,Shipping and Handling,6212012000000427484,FTR,,,,,"FULFILLED BY ALFIERI & SONS
1Z5727AV9054388562",1.00,0.00,0.00,1.00,EA,entity_level,true,0.00,0.0,,,,,,,0.00,94.05,0.00,Adjustment,0.00,0.000,,,,,0,Due on Receipt,,,,,,,,,1 East Atlantic Avenue,Pine Hill,NJ,U.S.A,8021,856-309-3234,,,,,,
6212012000005944484,2025-05-13,,TT-00873,DFP13672,Billed,"Reinders, Inc.",false,USD,1.000000000000,Standard Template,DFP13672,,,UPS,,Finished Goods,1210,3.81,GeoRipper Trencher Bar Clamp Assembly,6212012000000434165,MT2000,810075760224,21A,810075760224,,Fulfilled by Reinders,2.00,0.00,0.00,2.00,kit,entity_level,true,0.00,0.0,,,,,,,7.62,121.68,0.00,Adjustment,0.00,0.000,,,,,0,Due on Receipt,,,,,,,,,W5198 E WENZEL LN,JEFFERSON,WI,U.S.A,53549,920-675-6116,,,,,,
6212012000005944484,2025-05-13,,TT-00873,DFP13672,Billed,"Reinders, Inc.",false,USD,1.000000000000,Standard Template,DFP13672,,,UPS,,Finished Goods,1210,57.03,GeoRipper Minitrencher 20-Inch Digging Bar,6212012000000435699,MT3500,810075760156,22A,810075760156,,,2.00,0.00,0.00,2.00,Kit,entity_level,true,0.00,0.0,,,,,,,114.06,121.68,0.00,Adjustment,0.00,0.000,,,,,0,Due on Receipt,,,,,,,,,W5198 E WENZEL LN,JEFFERSON,WI,U.S.A,53549,920-675-6116,,,,,,
6212012000005944484,2025-05-13,,TT-00873,DFP13672,Billed,"Reinders, Inc.",false,USD,1.000000000000,Standard Template,DFP13672,,,UPS,,Freight - COGS,5900,0.00,Shipping and Handling,6212012000000427484,FTR,,,,,1Z5727AV9052417579,1.00,0.00,0.00,1.00,EA,entity_level,true,0.00,0.0,,,,,,,0.00,121.68,0.00,Adjustment,0.00,0.000,,,,,0,Due on Receipt,,,,,,,,,W5198 E WENZEL LN,JEFFERSON,WI,U.S.A,53549,920-675-6116,,,,,,
6212012000005944628,2025-05-15,,TT-00880,DFP13677,Billed,Alfieri Sons Irrigation,false,USD,1.000000000000,Standard Template,DFP13677,,,UPS,,Finished Goods,1210,57.03,GeoRipper Minitrencher 20-Inch Digging Bar,6212012000000435699,MT3500,810075760156,22A,810075760156,,Fulfilled by Alfieri Sons Irrigation,1.00,0.00,0.00,1.00,Kit,entity_level,true,0.00,0.0,,,,,,,57.03,57.03,0.00,Adjustment,0.00,0.000,,,,,0,Due on Receipt,,,,,,,,,8 Beacon Manor Cir,Naugatuck,CT,U.S.A,6770,203-518-1202,,,,,,
6212012000005944628,2025-05-15,,TT-00880,DFP13677,Billed,Alfieri Sons Irrigation,false,USD,1.000000000000,Standard Template,DFP13677,,,UPS,,Freight - COGS,5900,0.00,Shipping and Handling,6212012000000427484,FTR,,,,,1Z5727AV9053234238,1.00,0.00,0.00,1.00,EA,entity_level,true,0.00,0.0,,,,,,,0.00,57.03,0.00,Adjustment,0.00,0.000,,,,,0,Due on Receipt,,,,,,,,,8 Beacon Manor Cir,Naugatuck,CT,U.S.A,6770,203-518-1202,,,,,,
6212012000005944775,2025-05-15,,TT-00881,DFP13678,Billed,Alfieri Sons Irrigation,false,USD,1.000000000000,Standard Template,DFP13678,,,USPS,,Finished Goods,1210,3.81,GeoRipper Trencher Bar Clamp Assembly,6212012000000434165,MT2000,810075760224,21A,810075760224,,Fulfilled by Alfieri Sons Irrigation,1.00,0.00,0.00,1.00,kit,entity_level,true,0.00,0.0,,,,,,,3.81,3.81,0.00,Adjustment,0.00,0.000,,,,,0,Due on Receipt,,,,,,,,,8 Beacon Manor Cir,Naugatuck,CT,U.S.A,6770,203-518-1202,,,,,,
6212012000005944775,2025-05-15,,TT-00881,DFP13678,Billed,Alfieri Sons Irrigation,false,USD,1.000000000000,Standard Template,DFP13678,,,USPS,,Freight - COGS,5900,0.00,Shipping and Handling,6212012000000427484,FTR,,,,,1Z5727AV9053234238,1.00,0.00,0.00,1.00,EA,entity_level,true,0.00,0.0,,,,,,,0.00,3.81,0.00,Adjustment,0.00,0.000,,,,,0,Due on Receipt,,,,,,,,,8 Beacon Manor Cir,Naugatuck,CT,U.S.A,6770,203-518-1202,,,,,,
6212012000005944911,2025-05-15,,TT-00882,DFP13704,Billed,Alfieri Sons Irrigation,false,USD,1.000000000000,Standard Template,DFP13704,,,UPS,,Finished Goods,1210,61.49,GeoRipper(R) 16-Inch R.I.P. Kit,6212012000000438740,MTRIP400,,,,,Fulfilled by Alfieri Sons Irrigation,1.00,0.00,0.00,1.00,Kit,entity_level,true,0.00,0.0,,,,,,,61.49,61.49,0.00,Adjustment,0.00,0.000,,,,,0,Due on Receipt,,,,,,,,,429 Lenox Ave 20,New York,NY,U.S.A,10037,718-350-1185,,,,,,
6212012000005944911,2025-05-15,,TT-00882,DFP13704,Billed,Alfieri Sons Irrigation,false,USD,1.000000000000,Standard Template,DFP13704,,,UPS,,Freight - COGS,5900,0.00,Shipping and Handling,6212012000000427484,FTR,,,,,1Z5727AV9053013440,1.00,0.00,0.00,1.00,EA,entity_level,true,0.00,0.0,,,,,,,0.00,61.49,0.00,Adjustment,0.00,0.000,,,,,0,Due on Receipt,,,,,,,,,429 Lenox Ave 20,New York,NY,U.S.A,10037,718-350-1185,,,,,,
6212012000005978063,2025-05-19,,TT-00884,dfp13729,Billed,"Reinders, Inc.",false,USD,1.000000000000,Standard Template,dfp13729,,,UPS,,Finished Goods,1210,947.89,Original GeoRipper 620 Trencher,6212012000000440365,GR620,,,,,Fulfiled by Reinders,1.00,0.00,0.00,1.00,ea,entity_level,true,0.00,0.0,,,,,,,947.89,947.89,0.00,Adjustment,0.00,0.000,,,,,0,Due on Receipt,,,,,,,,,1504 Union Church Rd,Watkinsville,GA,U.S.A,30677,770-480-7829,,,,,,
6212012000005978063,2025-05-19,,TT-00884,dfp13729,Billed,"Reinders, Inc.",false,USD,1.000000000000,Standard Template,dfp13729,,,UPS,,Freight - COGS,5900,0.00,Shipping and Handling,6212012000000427484,FTR,,,,,1Z5727AV9054588542,1.00,0.00,0.00,1.00,EA,entity_level,true,0.00,0.0,,,,,,,0.00,947.89,0.00,Adjustment,0.00,0.000,,,,,0,Due on Receipt,,,,,,,,,1504 Union Church Rd,Watkinsville,GA,U.S.A,30677,770-480-7829,,,,,,
6212012000005978356,2025-05-27,,TT-00888,DFP13787,Billed,"Reinders, Inc.",false,USD,1.000000000000,Standard Template,DFP13787,,,UPS,,Finished Goods,1210,947.89,Original GeoRipper 620 Trencher,6212012000000440365,GR620,,,,,Fulfilled by REINDERS,1.00,0.00,0.00,1.00,ea,entity_level,true,0.00,0.0,,,,,,,947.89,947.89,0.00,Adjustment,0.00,0.000,,,,,0,Due on Receipt,,,,,,,,,214 S MAIN ST,Rock Port,MO,U.S.A,64482,660-744-5311,,,,,,
6212012000005978581,2025-05-27,,TT-00890,DFP13791,Billed,"Reinders, Inc.",false,USD,1.000000000000,Standard Template,DFP13791,,,USPS,,Finished Goods,1210,11.55,GeoRipper Minitrencher 6-Tooth Nose Sprocket with Bearing,6212012000000434131,MT1500,810075760095,20A,810075760095,,​Replace using Permatex 25210 High Strength Removable Threadlocker Orange. 3X the strength of Blue Thread locker. Ideal for High Vibration Applications,1.00,0.00,0.00,1.00,Kit,entity_level,true,0.00,0.0,,,,,,,11.55,11.55,0.00,Adjustment,0.00,0.000,,,,,0,Due on Receipt,,,,,,,,,2983 110th St,Orchard,Iowa,U.S.A,50460,641-220-5214,,,,,,
6212012000005978581,2025-05-27,,TT-00890,DFP13791,Billed,"Reinders, Inc.",false,USD,1.000000000000,Standard Template,DFP13791,,,USPS,,Freight - COGS,5900,0.00,Shipping and Handling,6212012000000427484,FTR,,,,,FULFILLED BY REINDERS,1.00,0.00,0.00,1.00,EA,entity_level,true,0.00,0.0,,,,,,,0.00,11.55,0.00,Adjustment,0.00,0.000,,,,,0,Due on Receipt,,,,,,,,,2983 110th St,Orchard,Iowa,U.S.A,50460,641-220-5214,,,,,,
6212012000005978875,2025-06-02,,TT-00894,DFP13837,Billed,"Reinders, Inc.",false,USD,1.000000000000,Standard Template,DFP13837,,,UPS,,Finished Goods,1210,25.67,"16"" Digging Chain (Single Chain)",6212012000000435529,MT4400,,,,,Fulfilled by Reinders,1.00,0.00,0.00,1.00,EA,entity_level,true,0.00,0.0,,,,,,,25.67,25.67,0.00,Adjustment,0.00,0.000,,,,,0,Due on Receipt,,,,,,,,,3419 County Highway F,Blue Mounds,WI,U.S.A,53517,608-575-3304,,,,,,
6212012000005978875,2025-06-02,,TT-00894,DFP13837,Billed,"Reinders, Inc.",false,USD,1.000000000000,Standard Template,DFP13837,,,UPS,,Freight - COGS,5900,0.00,Shipping and Handling,6212012000000427484,FTR,,,,,,1.00,0.00,0.00,1.00,EA,entity_level,true,0.00,0.0,,,,,,,0.00,25.67,0.00,Adjustment,0.00,0.000,,,,,0,Due on Receipt,,,,,,,,,3419 County Highway F,Blue Mounds,WI,U.S.A,53517,608-575-3304,,,,,,
6212012000006751655,2025-11-11,2025-12-31,TT-00978,,Billed,General Equipment,false,USD,1.000000000000,Standard Template,,,,,,Finished Goods,1210,768.50,SiBore Drill - General Epic 242SBD Auger,6212012000000429754,SB242SBD,,,,,General Part No. 242SBD,25.00,0.00,25.00,25.00,EA,entity_level,true,0.00,0.0,,,,,,,19212.50,26085.50,0.00,Adjustment,0.00,0.000,,,,,0,Due on Receipt,JJ Harris,815 NE 172nd Avenue,Vancouver,Washington,U.S.A,98684,877-694-0141,,,,,,,,,,,,,
6212012000006751655,2025-11-11,2025-12-31,TT-00978,,Billed,General Equipment,false,USD,1.000000000000,Standard Template,,,,,,Finished Goods,1210,112.52,"SiBore Drill - 2"" Auger Bit",6212012000000429910,SB2000,,,,,"General Part No. 2350-2E
Paint BLACK",25.00,0.00,25.00,25.00,EA,entity_level,true,0.00,0.0,,,,,,,2813.00,26085.50,0.00,Adjustment,0.00,0.000,,,,,0,Due on Receipt,JJ Harris,815 NE 172nd Avenue,Vancouver,Washington,U.S.A,98684,877-694-0141,,,,,,,,,,,,,
6212012000006751655,2025-11-11,2025-12-31,TT-00978,,Billed,General Equipment,false,USD,1.000000000000,Standard Template,,,,,,Finished Goods,1210,116.00,"SiBore Drill - 4"" Auger Bit",6212012000000429767,SB4000,,,,,"General Part No. 2350-4E
Paint BLACK",35.00,0.00,35.00,35.00,EA,entity_level,true,0.00,0.0,,,,,,,4060.00,26085.50,0.00,Adjustment,0.00,0.000,,,,,0,Due on Receipt,JJ Harris,815 NE 172nd Avenue,Vancouver,Washington,U.S.A,98684,877-694-0141,,,,,,,,,,,,,
6212012000006751691,2025-08-08,2025-12-01,TT-00958,Topwe Engines and Parts,Partially Billed,TopweTools,false,USD,1.000000000000,Standard Template,Topwe Engines and Parts,,,Ocean Freight,,Finished Goods,1210,213.75,MT7208S - Georipper Engine,6212012000000430288,MT7208,,,,,TopWeTools G7208S Concrete Saw - Specialized with parts removed.,400.00,0.00,400.00,400.00,EA,entity_level,true,0.00,0.0,,,,,,,85500.00,88489.00,0.00,Adjustment,0.00,0.000,,,,,0,Due on Receipt,JJ Harris,815 NE 172nd Avenue,Vancouver,Washington,U.S.A,98684,877-694-0141,,,,,,,,,,,,,
6212012000006751691,2025-08-08,2025-12-01,TT-00958,Topwe Engines and Parts,Partially Billed,TopweTools,false,USD,1.000000000000,Standard Template,Topwe Engines and Parts,,,Ocean Freight,,Finished Goods,1210,9.97,Pull Start Ass'y MT7208,6212012000000434748,MT7208-25-36,,,,,To match new Starter Assembly,200.00,0.00,200.00,200.00,ea,entity_level,true,0.00,0.0,,,,,,,1994.00,88489.00,0.00,Adjustment,0.00,0.000,,,,,0,Due on Receipt,JJ Harris,815 NE 172nd Avenue,Vancouver,Washington,U.S.A,98684,877-694-0141,,,,,,,,,,,,,
6212012000006751691,2025-08-08,2025-12-01,TT-00958,Topwe Engines and Parts,Partially Billed,TopweTools,false,USD,1.000000000000,Standard Template,Topwe Engines and Parts,,,Ocean Freight,,Finished Goods,1210,1.40,Double hole intake pipe,6212012000000432201,MT7208-74,,,,,GT7208 part # 74,100.00,0.00,100.00,100.00,ea,entity_level,true,0.00,0.0,,,,,,,140.00,88489.00,0.00,Adjustment,0.00,0.000,,,,,0,Due on Receipt,JJ Harris,815 NE 172nd Avenue,Vancouver,Washington,U.S.A,98684,877-694-0141,,,,,,,,,,,,,
6212012000006751691,2025-08-08,2025-12-01,TT-00958,Topwe Engines and Parts,Partially Billed,TopweTools,false,USD,1.000000000000,Standard Template,Topwe Engines and Parts,,,Ocean Freight,,Finished Goods,1210,4.10,Intake elbow,6212012000000432331,MT7208-85,,,,,GT7208 part # 85,50.00,0.00,50.00,50.00,ea,entity_level,true,0.00,0.0,,,,,,,205.00,88489.00,0.00,Adjustment,0.00,0.000,,,,,0,Due on Receipt,JJ Harris,815 NE 172nd Avenue,Vancouver,Washington,U.S.A,98684,877-694-0141,,,,,,,,,,,,,
6212012000006751691,2025-08-08,2025-12-01,TT-00958,Topwe Engines and Parts,Partially Billed,TopweTools,false,USD,1.000000000000,Standard Template,Topwe Engines and Parts,,,Ocean Freight,,Finished Goods,1210,1.40,Adjust the cam,6212012000000432383,MT7208-89,,,,,GT7208 part # 89,100.00,0.00,100.00,100.00,ea,entity_level,true,0.00,0.0,,,,,,,140.00,88489.00,0.00,Adjustment,0.00,0.000,,,,,0,Due on Receipt,JJ Harris,815 NE 172nd Avenue,Vancouver,Washington,U.S.A,98684,877-694-0141,,,,,,,,,,,,,
6212012000006751691,2025-08-08,2025-12-01,TT-00958,Topwe Engines and Parts,Partially Billed,TopweTools,false,USD,1.000000000000,Standard Template,Topwe Engines and Parts,,,Ocean Freight,,Finished Goods,1210,3.40,Belt cover Orange K770 K970,6212012000000432812,MT7208-100-H,,,,,These are ORANGE,50.00,0.00,0.00,50.00,EA,entity_level,true,0.00,0.0,,,,,,,170.00,88489.00,0.00,Adjustment,0.00,0.000,,,,,0,Due on Receipt,JJ Harris,815 NE 172nd Avenue,Vancouver,Washington,U.S.A,98684,877-694-0141,,,,,,,,,,,,,
6212012000006751691,2025-08-08,2025-12-01,TT-00958,Topwe Engines and Parts,Partially Billed,TopweTools,false,USD,1.000000000000,Standard Template,Topwe Engines and Parts,,,Ocean Freight,,Finished Goods,1210,3.40,Protecting Belt  cover Green,6212012000000432513,MT7208-100,,,,,"GT7208 part # 100
THESE ARE GREEN",100.00,0.00,0.00,100.00,ea,entity_level,true,0.00,0.0,,,,,,,340.00,88489.00,0.00,Adjustment,0.00,0.000,,,,,0,Due on Receipt,JJ Harris,815 NE 172nd Avenue,Vancouver,Washington,U.S.A,98684,877-694-0141,,,,,,,,,,,,,
6212012000006751691,2025-08-08,2025-12-01,TT-00958,Topwe Engines and Parts,Partially Billed,TopweTools,false,USD,1.000000000000,Standard Template,Topwe Engines and Parts,,,Ocean Freight,,Finished Goods,1210,0.00,Sheave Cover,6212012000000431681,MT7208-34,,,,,GT7208 part # 34,50.00,0.00,0.00,0.00,ea,entity_level,true,0.00,0.0,,,,,,,0.00,88489.00,0.00,Adjustment,0.00,0.000,,,,,0,Due on Receipt,JJ Harris,815 NE 172nd Avenue,Vancouver,Washington,U.S.A,98684,877-694-0141,,,,,,,,,,,,,
6212012000006772023,2025-11-11,,Shopify #3608 / DFP15465,15465,Billed,Alfieri Sons Irrigation,false,USD,1.000000000000,Standard Template,15465,,,UPS,,Finished Goods,1210,112.50,"20"" Digging Chain (Single Chain)",6212012000000435587,MT4500,810075761177,,,,,1.00,0.00,0.00,1.00,Kit,entity_level,true,0.00,0.0,,,,,,,112.50,112.50,0.00,Adjustment,0.00,0.000,,,,,0,Due on Receipt,,,,,,,,Belmont Irrigation Services,305 Turnpike St #224,S Easton,MA,U.S.A,02375,508-238-1250,,,,,,
6212012000006829267,2025-11-13,,TT-00979,EX kart axles and clamps,Billed,"Mr. Powder Kote, LLC",false,USD,1.000000000000,Standard Template,EX kart axles and clamps,,,,,GeoRipper - Part,5100,5.00,,,,,,,,EZ1.1 Black powder coat,24.00,0.00,0.00,24.00,,entity_level,true,0.00,0.0,,,,,,,120.00,1245.00,0.00,Adjustment,0.00,0.000,,,,,0,Due on Receipt,JJ Harris,815 NE 172nd Avenue,Vancouver,Washington,U.S.A,98684,877-694-0141,,,,,,,,,,,,,
6212012000006829267,2025-11-13,,TT-00979,EX kart axles and clamps,Billed,"Mr. Powder Kote, LLC",false,USD,1.000000000000,Standard Template,EX kart axles and clamps,,,,,GeoRipper - Part,5100,1.25,,,,,,,,EZ4005P Clamp A BK08 powder coat,450.00,0.00,0.00,450.00,,entity_level,true,0.00,0.0,,,,,,,562.50,1245.00,0.00,Adjustment,0.00,0.000,,,,,0,Due on Receipt,JJ Harris,815 NE 172nd Avenue,Vancouver,Washington,U.S.A,98684,877-694-0141,,,,,,,,,,,,,
6212012000006829267,2025-11-13,,TT-00979,EX kart axles and clamps,Billed,"Mr. Powder Kote, LLC",false,USD,1.000000000000,Standard Template,EX kart axles and clamps,,,,,GeoRipper - Part,5100,1.25,,,,,,,,EZ4006P Clamp B BK08 powder coat,450.00,0.00,0.00,450.00,,entity_level,true,0.00,0.0,,,,,,,562.50,1245.00,0.00,Adjustment,0.00,0.000,,,,,0,Due on Receipt,JJ Harris,815 NE 172nd Avenue,Vancouver,Washington,U.S.A,98684,877-694-0141,,,,,,,,,,,,,
6212012000007138290,2025-09-26,2025-10-20,TT-00922-1,Chain Parts - 510270328,Billed,Diamond-Drives LLC,false,USD,1.000000000000,Standard Template,Chain Parts - 510270328,,,,,Finished Goods,1210,0.90,5-pitch Chain Segment,6212012000000428862,GR4.3,,,,,"Diamond Customer Part Number
0716647774227 / RSC-50H-1R-5NNN",60000.00,0.00,60000.00,60000.00,pcs,entity_level,true,0.00,0.0,,,,,,,54000.00,91200.00,0.00,Adjustment,0.00,0.000,,,,,30,1%10NET30,JJ Harris,815 NE 172nd Avenue,Vancouver,Washington,U.S.A,98684,877-694-0141,,,,,,,,,,,,,
6212012000007138290,2025-09-26,2025-10-20,TT-00922-1,Chain Parts - 510270328,Billed,Diamond-Drives LLC,false,USD,1.000000000000,Standard Template,Chain Parts - 510270328,,,,,Finished Goods,1210,0.62,Rivet pin and backing plate,6212012000000428888,GR4.4,,,,,"Diamond Customer Part Number
0716647769131 / RSC-50H-1 RV CO LINK V",60000.00,0.00,60000.00,60000.00,pcs,entity_level,true,0.00,0.0,,,,,,,37200.00,91200.00,0.00,Adjustment,0.00,0.000,,,,,30,1%10NET30,JJ Harris,815 NE 172nd Avenue,Vancouver,Washington,U.S.A,98684,877-694-0141,,,,,,,,,,,,,
6212012000007564379,2025-11-19,2025-11-28,TT-00980,"EZ axels, driveshafts and motor brackets",Billed,"Mr. Powder Kote, LLC",false,USD,1.000000000000,Standard Template,"EZ axels, driveshafts and motor brackets",,,,,SiBore Drill - Part,5300,3.50,,,,,,,,Powder coating Makita motor mount Green,6.00,0.00,0.00,6.00,,entity_level,true,0.00,0.0,,,,,,,21.00,193.50,0.00,Adjustment,0.00,0.000,,,,,0,Due on Receipt,JJ Harris,815 NE 172nd Avenue,Vancouver,Washington,U.S.A,98684,877-694-0141,,,,,,,,,,,,,
6212012000007564379,2025-11-19,2025-11-28,TT-00980,"EZ axels, driveshafts and motor brackets",Billed,"Mr. Powder Kote, LLC",false,USD,1.000000000000,Standard Template,"EZ axels, driveshafts and motor brackets",,,,,SiBore Drill - Part,5300,3.50,,,,,,,,Powder coating SiBore electric driveshaft Green,15.00,0.00,0.00,15.00,,entity_level,true,0.00,0.0,,,,,,,52.50,193.50,0.00,Adjustment,0.00,0.000,,,,,0,Due on Receipt,JJ Harris,815 NE 172nd Avenue,Vancouver,Washington,U.S.A,98684,877-694-0141,,,,,,,,,,,,,
6212012000007564379,2025-11-19,2025-11-28,TT-00980,"EZ axels, driveshafts and motor brackets",Billed,"Mr. Powder Kote, LLC",false,USD,1.000000000000,Standard Template,"EZ axels, driveshafts and motor brackets",,,,,GeoRipper - Part,5100,5.00,,,,,,,,EZ1.1P EZ Kart axel BK08 powder coat,24.00,0.00,0.00,24.00,,entity_level,true,0.00,0.0,,,,,,,120.00,193.50,0.00,Adjustment,0.00,0.000,,,,,0,Due on Receipt,JJ Harris,815 NE 172nd Avenue,Vancouver,Washington,U.S.A,98684,877-694-0141,,,,,,,,,,,,,
6212012000007635478,2025-11-20,,TT-00981,Shopify# 3589 PayPal / DFP15398,Billed,"Amazing Machinery, LLC",false,USD,1.000000000000,Standard Template,Shopify# 3589 PayPal / DFP15398,,,UPS,,Finished Goods,1210,135.00,"27"" Digging Chain (Single Chain)",6212012000000435645,MT4700,,,,,"Fulfilled by Amazing Machinery
1ZY2K5950318096422",1.00,0.00,0.00,1.00,Kit,entity_level,true,0.00,0.0,,,,,,,135.00,135.00,0.00,Adjustment,0.00,0.000,,,,,0,Due on Receipt,,,,,,,,Ronnie Morris,45 Betts Branch Rd #603,Bryson City,NC,U.S.A,28713,252-209-7274,,,,,,
6212012000007717407,2025-11-24,,TT-00982,Shopify #3620 / DFP15515,Billed,"Amazing Machinery, LLC",false,USD,1.000000000000,Standard Template,Shopify #3620 / DFP15515,,,UPS,,Finished Goods,1210,277.20,GeoRipper 20-Inch Size Matters Trencher Conversion Kit,6212012000000437727,MTSMK20,,,,,"Fulfilled by AMAZING MACHINERY
1ZY2K5950324612165",1.00,0.00,0.00,1.00,Kit,entity_level,true,0.00,0.0,,,,,,,277.20,277.20,0.00,Adjustment,0.00,0.000,,,,,0,Due on Receipt,,,,,,,,AJ Carpenter,22 mcconnell road,Franklin,NC,U.S.A,28734,828-371-7276,,,,,,
6212012000007861357,2025-06-16,,TT-00983,6101 Belts,Billed,D&D Global Power Drive Belts,false,USD,1.000000000000,Standard Template,6101 Belts,,,,,Finished Goods,1210,4.14,Belt for Makita EK6101,6212012000000429333,MTB61-00,,,,,D&D SKU 315J6,100.00,0.00,100.00,100.00,EA,entity_level,true,0.00,0.0,,,,,,,414.00,414.00,0.00,Adjustment,0.00,0.000,,,,,0,Due on Receipt,JJ Harris,815 NE 172nd Avenue,Vancouver,Washington,U.S.A,98684,877-694-0141,,,,,,,,,,,,,
6212012000007861563,2025-06-27,,TT-00984,Chain Parts,Cancelled,Diamond Chain Company,false,USD,1.000000000000,Standard Template,Chain Parts,,,,,Finished Goods,1210,0.90,5-pitch Chain Segment,6212012000000428862,GR4.3,,,,,"Peer SKU 50HR X 5P RLEE
COO = China
15K Shipped Quarterly
",60000.00,60000.00,0.00,0.00,pcs,entity_level,true,0.00,0.0,,,,,,,54000.00,91200.00,0.00,Adjustment,0.00,0.000,,,,,0,Due on Receipt,JJ Harris,815 NE 172nd Avenue,Vancouver,Washington,U.S.A,98684,877-694-0141,,,,,,,,,,,,,
6212012000007861563,2025-06-27,,TT-00984,Chain Parts,Cancelled,Diamond Chain Company,false,USD,1.000000000000,Standard Template,Chain Parts,,,,,Finished Goods,1210,0.62,Rivet pin and backing plate,6212012000000428888,GR4.4,,,,,"PEER SKU: 50H SP R/L WITH EXTENDED PINS
COO = China
15K Shipped Quarterly",60000.00,60000.00,0.00,0.00,pcs,entity_level,true,0.00,0.0,,,,,,,37200.00,91200.00,0.00,Adjustment,0.00,0.000,,,,,0,Due on Receipt,JJ Harris,815 NE 172nd Avenue,Vancouver,Washington,U.S.A,98684,877-694-0141,,,,,,,,,,,,,
6212012000007861893,2025-06-03,,TT-00985,"Assembly 24, power cutter (12"") and charger",Billed,GreenWorks (Jiangsu) Co LTD,false,USD,1.000000000000,Standard Template,"Assembly 24, power cutter (12"") and charger",,,,,Finished Goods,1210,325.00,"82V 12"" 2.5kW Power Cutter Tool Only - GreenWorks",6212012000000431070,GW82PC12,,,,,GreenWorks ERP: 1501402,25.00,0.00,25.00,25.00,EA,entity_level,true,0.00,0.0,,,,,,,8125.00,10625.00,0.00,Adjustment,0.00,0.000,,,,,0,Due on Receipt,JJ Harris,815 NE 172nd Avenue,Vancouver,Washington,U.S.A,98684,877-694-0141,,,,,,,,,,,,,
6212012000007861893,2025-06-03,,TT-00985,"Assembly 24, power cutter (12"") and charger",Billed,GreenWorks (Jiangsu) Co LTD,false,USD,1.000000000000,Standard Template,"Assembly 24, power cutter (12"") and charger",,,,,Finished Goods,1210,100.00,82V Dual Port Charger - GreenWorks,6212012000000431044,GW82DPC8A,,,,,GreenWorks ERP: 2958302,25.00,0.00,25.00,25.00,EA,entity_level,true,0.00,0.0,,,,,,,2500.00,10625.00,0.00,Adjustment,0.00,0.000,,,,,0,Due on Receipt,JJ Harris,815 NE 172nd Avenue,Vancouver,Washington,U.S.A,98684,877-694-0141,,,,,,,,,,,,,
6212012000007863105,2025-06-11,,TT-00986,"GRS3, GRS9, GRS6, GRS10",Billed,InSync Printing,false,USD,1.000000000000,Standard Template,"GRS3, GRS9, GRS6, GRS10",,,,,Finished Goods,1210,0.375,The GeoRipper Belt Cover Sticker,6212012000000430772,GRS10,,,,,,1000.00,0.00,1000.00,1000.00,pcs,entity_level,true,0.00,0.0,,,,,,,375.00,1580.00,0.00,Adjustment,0.00,0.000,,,,,0,Due on Receipt,JJ Harris,815 NE 172nd Avenue,Vancouver,Washington,U.S.A,98684,877-694-0141,,,,,,,,,,,,,
6212012000007863105,2025-06-11,,TT-00986,"GRS3, GRS9, GRS6, GRS10",Billed,InSync Printing,false,USD,1.000000000000,Standard Template,"GRS3, GRS9, GRS6, GRS10",,,,,Finished Goods,1210,0.26,Sticker - GR WARNING,6212012000000427991,GRS6,,,,,,1000.00,0.00,1000.00,1000.00,EA,entity_level,true,0.00,0.0,,,,,,,260.00,1580.00,0.00,Adjustment,0.00,0.000,,,,,0,Due on Receipt,JJ Harris,815 NE 172nd Avenue,Vancouver,Washington,U.S.A,98684,877-694-0141,,,,,,,,,,,,,
6212012000007863105,2025-06-11,,TT-00986,"GRS3, GRS9, GRS6, GRS10",Billed,InSync Printing,false,USD,1.000000000000,Standard Template,"GRS3, GRS9, GRS6, GRS10",,,,,Finished Goods,1210,0.38,Sticker - 811 - Call Before You Dig,6212012000000427952,GRS3,,,,,,1000.00,0.00,1000.00,1000.00,EA,entity_level,true,0.00,0.0,,,,,,,380.00,1580.00,0.00,Adjustment,0.00,0.000,,,,,0,Due on Receipt,JJ Harris,815 NE 172nd Avenue,Vancouver,Washington,U.S.A,98684,877-694-0141,,,,,,,,,,,,,
6212012000007863105,2025-06-11,,TT-00986,"GRS3, GRS9, GRS6, GRS10",Billed,InSync Printing,false,USD,1.000000000000,Standard Template,"GRS3, GRS9, GRS6, GRS10",,,,,Finished Goods,1210,0.565,The GeoRipper Starter Sticker,6212012000000430759,GRS9,,,,,,1000.00,0.00,1000.00,1000.00,pcs,entity_level,true,0.00,0.0,,,,,,,565.00,1580.00,0.00,Adjustment,0.00,0.000,,,,,0,Due on Receipt,JJ Harris,815 NE 172nd Avenue,Vancouver,Washington,U.S.A,98684,877-694-0141,,,,,,,,,,,,,
6212012000007920620,2025-06-02,2025-06-04,TT-00895,Dirt Deflector Sticker,Billed,Minuteman Press,false,USD,1.000000000000,Standard Template,Dirt Deflector Sticker,,,,,Finished Goods,1210,0.47504,Dirt Deflector Warning Sticker,6212012000007920607,GRS17,,,,,,1000.00,0.00,1000.00,1000.00,EA,entity_level,true,0.00,0.0,,,,,,,475.04,475.04,0.00,Adjustment,0.00,0.000,,,,,0,Due on Receipt,JJ Harris,815 NE 172nd Avenue,Vancouver,Washington,U.S.A,98684,877-694-0141,,,,,,,,,,,,,
6212012000007920905,2025-06-03,,TT-00897A,SiBore Drill Parts,Billed,PDM Steel Service Centers Inc.,false,USD,1.000000000000,Standard Template,SiBore Drill Parts,,,Vendor Delivery,,Finished Goods,1210,64.93,"SiBore Drill 1-1/4 x .120 x 20'-0"" HREW Tube A513TI",6212012000000430170,SB0115,,,,,64.93/P PDM Steel,30.00,0.00,30.00,30.00,EA,entity_level,true,0.00,0.0,,,,,,,1947.90,4414.12,0.00,Adjustment,0.00,0.000,,,,,30,Net 30,JJ Harris,815 NE 172nd Avenue,Vancouver,Washington,U.S.A,98684,877-694-0141,,,,,,,,,,,,,
6212012000007920905,2025-06-03,,TT-00897A,SiBore Drill Parts,Billed,PDM Steel Service Centers Inc.,false,USD,1.000000000000,Standard Template,SiBore Drill Parts,,,Vendor Delivery,,Finished Goods,1210,78.23,"SiBore Drill 1-1/2 x .120 x 20'-0"" HREW Tube A513T1",6212012000000430183,SB0116,,,,,80.63/P PDM Steel,1.00,0.00,1.00,1.00,EA,entity_level,true,0.00,0.0,,,,,,,78.23,4414.12,0.00,Adjustment,0.00,0.000,,,,,30,Net 30,JJ Harris,815 NE 172nd Avenue,Vancouver,Washington,U.S.A,98684,877-694-0141,,,,,,,,,,,,,
6212012000007920905,2025-06-03,,TT-00897A,SiBore Drill Parts,Billed,PDM Steel Service Centers Inc.,false,USD,1.000000000000,Standard Template,SiBore Drill Parts,,,Vendor Delivery,,Finished Goods,1210,39.9948,"SiBore Drill 3/4"" x 20' Round Stock Drive Shaft",6212012000000430079,SB0108,,,,,"3/4"" CF ROUND C-1018 - 20'  1018*BLACK*
43.75/P PDM STEEL",50.00,0.00,50.00,50.00,EA,entity_level,true,0.00,0.0,,,,,,,1999.74,4414.12,0.00,Adjustment,0.00,0.000,,,,,30,Net 30,JJ Harris,815 NE 172nd Avenue,Vancouver,Washington,U.S.A,98684,877-694-0141,,,,,,,,,,,,,
6212012000007920905,2025-06-03,,TT-00897A,SiBore Drill Parts,Billed,PDM Steel Service Centers Inc.,false,USD,1.000000000000,Standard Template,SiBore Drill Parts,,,Vendor Delivery,,Finished Goods,1210,71.1275,"SiBore Drill 1""D x 20' CRS Round Stock Main Shaft",6212012000000430066,SB0107,,,,,77.812/P PDM STEEL,4.00,0.00,4.00,4.00,EA,entity_level,true,0.00,0.0,,,,,,,284.51,4414.12,0.00,Adjustment,0.00,0.000,,,,,30,Net 30,JJ Harris,815 NE 172nd Avenue,Vancouver,Washington,U.S.A,98684,877-694-0141,,,,,,,,,,,,,
6212012000007920905,2025-06-03,,TT-00897A,SiBore Drill Parts,Billed,PDM Steel Service Centers Inc.,false,USD,1.000000000000,Standard Template,SiBore Drill Parts,,,Vendor Delivery,,SiBore Drill - Part,5300,39.69,,,,,,,,1 x .120 RD HREW TUBE - 20',1.00,0.00,0.00,1.00,,entity_level,true,0.00,0.0,,,,,,,39.69,4414.12,0.00,Adjustment,0.00,0.000,,,,,30,Net 30,JJ Harris,815 NE 172nd Avenue,Vancouver,Washington,U.S.A,98684,877-694-0141,,,,,,,,,,,,,
6212012000007920905,2025-06-03,,TT-00897A,SiBore Drill Parts,Billed,PDM Steel Service Centers Inc.,false,USD,1.000000000000,Standard Template,SiBore Drill Parts,,,Vendor Delivery,,SiBore Drill - Part,5300,64.05,,,,,,,,NIL36ZXLVOD1YE9,1.00,0.00,0.00,1.00,,entity_level,true,0.00,0.0,,,,,,,64.05,4414.12,0.00,Adjustment,0.00,0.000,,,,,30,Net 30,JJ Harris,815 NE 172nd Avenue,Vancouver,Washington,U.S.A,98684,877-694-0141,,,,,,,,,,,,,
6212012000007915794,2025-11-25,,TT-00987,dirt deflector forming,Billed,Plastic Forming Services,false,USD,1.000000000000,Standard Template,dirt deflector forming,,,,,Finished Goods,1210,10.00,Dirt Deflector,6212012000000429215,MT8001,810075760422,,,,,492.00,0.00,492.00,492.00,pcs,entity_level,true,0.00,0.0,,,,,,,4920.00,4920.00,0.00,Adjustment,0.00,0.000,,,,,0,Due on Receipt,JJ Harris,815 NE 172nd Avenue,Vancouver,Washington,U.S.A,98684,877-694-0141,,,,,,,,,,,,,
6212012000007992901,2025-11-26,,TT-00988,Shopify #3617 / DFP15509,Billed,"Rio Seco AG, LLC",false,USD,1.000000000000,Standard Template,Shopify #3617 / DFP15509,,,UPS,,Finished Goods,1210,94.05,Minitrencher Drive Sprocket for GeoRipper and GeoRipper(R)T/A,6212012000000429254,MT9001,810075760255,,810075760255,,"Drive sprocket fits all GeoRipper T/As
Fulfilled By RIO SECO
1ZY2K5950325999738",1.00,0.00,0.00,1.00,EA,entity_level,true,0.00,0.0,,,,,,,94.05,94.05,0.00,Adjustment,0.00,0.000,,,,,0,Due on Receipt,,,,,,,,Martha P Bolivar,9318 Stella Link Road,Houston,TX,U.S.A,77025,281-728-3411,,,,,,
6212012000008051426,2025-06-27,,TT-00989,2323,Billed,"Makita USA, Inc.",false,USD,1.000000000000,Standard Template,2323,,,,,GeoRipper - Part,5100,2.21,,,,,,,,"424777-7 SUCTION PIPE, EK6101",2.00,0.00,0.00,2.00,,entity_level,true,0.00,0.0,,,,,,,4.42,616.40,0.00,Adjustment,0.00,0.000,,,,,0,Due on Receipt,JJ Harris,815 NE 172nd Avenue,Vancouver,Washington,U.S.A,98684,877-694-0141,,,,,,,,,,,,,
6212012000008051426,2025-06-27,,TT-00989,2323,Billed,"Makita USA, Inc.",false,USD,1.000000000000,Standard Template,2323,,,,,GeoRipper - Part,5100,1.82,,,,,,,,424105-6 Plug Cap EK7651H,2.00,0.00,0.00,2.00,,entity_level,true,0.00,0.0,,,,,,,3.64,616.40,0.00,Adjustment,0.00,0.000,,,,,0,Due on Receipt,JJ Harris,815 NE 172nd Avenue,Vancouver,Washington,U.S.A,98684,877-694-0141,,,,,,,,,,,,,
6212012000008051426,2025-06-27,,TT-00989,2323,Billed,"Makita USA, Inc.",false,USD,1.000000000000,Standard Template,2323,,,,,Finished Goods,1210,24.75,Clutch Drum EK7651H,6212012000000425882,125945-2,,,,,,3.00,0.00,3.00,3.00,EA,entity_level,true,0.00,0.0,,,,,,,74.25,616.40,0.00,Adjustment,0.00,0.000,,,,,0,Due on Receipt,JJ Harris,815 NE 172nd Avenue,Vancouver,Washington,U.S.A,98684,877-694-0141,,,,,,,,,,,,,
6212012000008051426,2025-06-27,,TT-00989,2323,Billed,"Makita USA, Inc.",false,USD,1.000000000000,Standard Template,2323,,,,,Finished Goods,1210,210.84,Cylinder/Piston Set EK8100,6212012000000425895,135794-9,,,,,,1.00,0.00,1.00,1.00,EA,entity_level,true,0.00,0.0,,,,,,,210.84,616.40,0.00,Adjustment,0.00,0.000,,,,,0,Due on Receipt,JJ Harris,815 NE 172nd Avenue,Vancouver,Washington,U.S.A,98684,877-694-0141,,,,,,,,,,,,,
6212012000008051426,2025-06-27,,TT-00989,2323,Billed,"Makita USA, Inc.",false,USD,1.000000000000,Standard Template,2323,,,,,Finished Goods,1210,29.76,Belt Cover EK6101,6212012000000425908,143438-7,,,,,,5.00,0.00,5.00,5.00,EA,entity_level,true,0.00,0.0,,,,,,,148.80,616.40,0.00,Adjustment,0.00,0.000,,,,,0,Due on Receipt,JJ Harris,815 NE 172nd Avenue,Vancouver,Washington,U.S.A,98684,877-694-0141,,,,,,,,,,,,,
6212012000008051426,2025-06-27,,TT-00989,2323,Billed,"Makita USA, Inc.",false,USD,1.000000000000,Standard Template,2323,,,,,Finished Goods,1210,2.20,Dust Bag - EK7651H,6212012000000426038,166106-5,,,,,,5.00,0.00,5.00,5.00,EA,entity_level,true,0.00,0.0,,,,,,,11.00,616.40,0.00,Adjustment,0.00,0.000,,,,,0,Due on Receipt,JJ Harris,815 NE 172nd Avenue,Vancouver,Washington,U.S.A,98684,877-694-0141,,,,,,,,,,,,,
6212012000008051426,2025-06-27,,TT-00989,2323,Billed,"Makita USA, Inc.",false,USD,1.000000000000,Standard Template,2323,,,,,Finished Goods,1210,22.55,Clutch EK7651H,6212012000000426090,168834-8,,,,,,3.00,0.00,3.00,3.00,EA,entity_level,true,0.00,0.0,,,,,,,67.65,616.40,0.00,Adjustment,0.00,0.000,,,,,0,Due on Receipt,JJ Harris,815 NE 172nd Avenue,Vancouver,Washington,U.S.A,98684,877-694-0141,,,,,,,,,,,,,
6212012000008051426,2025-06-27,,TT-00989,2323,Billed,"Makita USA, Inc.",false,USD,1.000000000000,Standard Template,2323,,,,,Finished Goods,1210,2.61,Washer - EK6101,6212012000000426246,216217-7,,,,,,10.00,0.00,10.00,10.00,EA,entity_level,true,0.00,0.0,,,,,,,26.10,616.40,0.00,Adjustment,0.00,0.000,,,,,0,Due on Receipt,JJ Harris,815 NE 172nd Avenue,Vancouver,Washington,U.S.A,98684,877-694-0141,,,,,,,,,,,,,
6212012000008051426,2025-06-27,,TT-00989,2323,Billed,"Makita USA, Inc.",false,USD,1.000000000000,Standard Template,2323,,,,,Finished Goods,1210,1.49,cylinder base gasket EK8100,6212012000000427027,346873-0,,,,,,10.00,0.00,10.00,10.00,EA,entity_level,true,0.00,0.0,,,,,,,14.90,616.40,0.00,Adjustment,0.00,0.000,,,,,0,Due on Receipt,JJ Harris,815 NE 172nd Avenue,Vancouver,Washington,U.S.A,98684,877-694-0141,,,,,,,,,,,,,
6212012000008051426,2025-06-27,,TT-00989,2323,Billed,"Makita USA, Inc.",false,USD,1.000000000000,Standard Template,2323,,,,,Finished Goods,1210,2.18,CRANK CASE GASKET EK6101,6212012000000426545,346966-3,,,,,,10.00,0.00,10.00,10.00,EA,entity_level,true,0.00,0.0,,,,,,,21.80,616.40,0.00,Adjustment,0.00,0.000,,,,,0,Due on Receipt,JJ Harris,815 NE 172nd Avenue,Vancouver,Washington,U.S.A,98684,877-694-0141,,,,,,,,,,,,,
6212012000008051426,2025-06-27,,TT-00989,2323,Billed,"Makita USA, Inc.",false,USD,1.000000000000,Standard Template,2323,,,,,Finished Goods,1210,6.60,Paper Air Filter EK7651H,6212012000000426883,442165-6,,,,,,5.00,0.00,5.00,5.00,EA,entity_level,true,0.00,0.0,,,,,,,33.00,616.40,0.00,Adjustment,0.00,0.000,,,,,0,Due on Receipt,JJ Harris,815 NE 172nd Avenue,Vancouver,Washington,U.S.A,98684,877-694-0141,,,,,,,,,,,,,
6212012000008051869,2025-06-27,,TT-00990,,Billed,"Makita USA, Inc.",false,USD,1.000000000000,Standard Template,,,,,,Finished Goods,1210,86.76,Carburetor for EK6101,6212012000000426025,161395-7,,,,,,5.00,0.00,5.00,5.00,EA,entity_level,true,0.00,0.0,,,,,,,433.80,433.80,0.00,Adjustment,0.00,0.000,,,,,0,Due on Receipt,JJ Harris,815 NE 172nd Avenue,Vancouver,Washington,U.S.A,98684,877-694-0141,,,,,,,,,,,,,
6212012000008051999,2025-06-03,,TT-00991,EZ axels & extension rods,Billed,"Mr. Powder Kote, LLC",false,USD,1.000000000000,Standard Template,EZ axels & extension rods,,,,,GeoRipper - Part,5100,5.00,,,,,,,,EZ1.1 Black powder coat BK08,34.00,0.00,0.00,34.00,,entity_level,true,0.00,0.0,,,,,,,170.00,170.00,0.00,Adjustment,0.00,0.000,,,,,0,Due on Receipt,JJ Harris,815 NE 172nd Avenue,Vancouver,Washington,U.S.A,98684,877-694-0141,,,,,,,,,,,,,
6212012000008073178,2025-06-10,,TT-00992,EZ axels,Billed,"Mr. Powder Kote, LLC",false,USD,1.000000000000,Standard Template,EZ axels,,,,,GeoRipper - Part,5100,5.00,,,,,,,,"EZ1.1 Black powder coat BK08
",48.00,0.00,0.00,48.00,,entity_level,true,0.00,0.0,,,,,,,240.00,240.00,0.00,Adjustment,0.00,0.000,,,,,0,Due on Receipt,JJ Harris,815 NE 172nd Avenue,Vancouver,Washington,U.S.A,98684,877-694-0141,,,,,,,,,,,,,
6212012000008073241,2025-06-24,,TT-00993,safety bars,Billed,"Mr. Powder Kote, LLC",false,USD,1.000000000000,Standard Template,safety bars,,,,,GeoRipper - Part,5100,5.00,Safety Bar PowderCoat - 500 Series GeoRipperT/A,6212012000000428344,MT7502,,,,,,339.00,0.00,0.00,339.00,EA,entity_level,true,0.00,0.0,,,,,,,1695.00,4815.00,0.00,Adjustment,0.00,0.000,,,,,0,Due on Receipt,JJ Harris,815 NE 172nd Avenue,Vancouver,Washington,U.S.A,98684,877-694-0141,,,,,,,,,,,,,
6212012000008073241,2025-06-24,,TT-00993,safety bars,Billed,"Mr. Powder Kote, LLC",false,USD,1.000000000000,Standard Template,safety bars,,,,,GeoRipper - Part,5100,5.00,Safety Bar PowderCoat - 500 Series GeoRipperT/A,6212012000000428344,MT7502,,,,,,320.00,0.00,0.00,320.00,EA,entity_level,true,0.00,0.0,,,,,,,1600.00,4815.00,0.00,Adjustment,0.00,0.000,,,,,0,Due on Receipt,JJ Harris,815 NE 172nd Avenue,Vancouver,Washington,U.S.A,98684,877-694-0141,,,,,,,,,,,,,
6212012000008073241,2025-06-24,,TT-00993,safety bars,Billed,"Mr. Powder Kote, LLC",false,USD,1.000000000000,Standard Template,safety bars,,,,,GeoRipper - Part,5100,5.00,Safety Bar PowderCoat - 700 Series GeoRipperT/A,6212012000000428355,MT7702,,,,,,304.00,0.00,0.00,304.00,EA,entity_level,true,0.00,0.0,,,,,,,1520.00,4815.00,0.00,Adjustment,0.00,0.000,,,,,0,Due on Receipt,JJ Harris,815 NE 172nd Avenue,Vancouver,Washington,U.S.A,98684,877-694-0141,,,,,,,,,,,,,
6212012000008073350,2025-06-03,,TT-00898,G1000 - Greenworks,Billed,Ordinance Engineering Pte Ltd,false,USD,1.000000000000,Standard Template,G1000 - Greenworks,,,,,Finished Goods,1210,76.00,G1000 GeoRipper Adapter for Greenworks,6212012000000430379,G1000,,,,,,50.00,0.00,50.00,50.00,EA,entity_level,true,0.00,0.0,,,,,,,3800.00,4512.50,0.00,Adjustment,0.00,0.000,,,,,0,Due on Receipt,JJ Harris,815 NE 172nd Avenue,Vancouver,Washington,U.S.A,98684,877-694-0141,,,,,,,,,,,,,
6212012000008073350,2025-06-03,,TT-00898,G1000 - Greenworks,Billed,Ordinance Engineering Pte Ltd,false,USD,1.000000000000,Standard Template,G1000 - Greenworks,,,,,Finished Goods,1210,14.25,GW Collar Adapter,6212012000000430392,GW1100,,,,,,50.00,0.00,50.00,50.00,EA,entity_level,true,0.00,0.0,,,,,,,712.50,4512.50,0.00,Adjustment,0.00,0.000,,,,,0,Due on Receipt,JJ Harris,815 NE 172nd Avenue,Vancouver,Washington,U.S.A,98684,877-694-0141,,,,,,,,,,,,,
6212012000008073437,2025-06-09,,TT-000905,Lower Throttle Housing,Billed,Ordinance Engineering Pte Ltd,false,USD,1.000000000000,Standard Template,Lower Throttle Housing,,,,,Finished Goods,1210,4.40,EZ Kart Lower Throttle Housing,6212012000000428678,EZ6.1,,,,,,200.00,0.00,200.00,200.00,EA,entity_level,true,0.00,0.0,,,,,,,880.00,880.00,0.00,Adjustment,0.00,0.000,,,,,0,Due on Receipt,JJ Harris,815 NE 172nd Avenue,Vancouver,Washington,U.S.A,98684,877-694-0141,,,,,,,,,,,,,
6212012000008073459,2025-06-10,,TT-000907,Ocean Freight,Partially Billed,Ordinance Engineering Pte Ltd,false,USD,1.000000000000,Standard Template,Ocean Freight,,,,,Finished Goods,1210,45.00,GeoRipper Adapter,6212012000000431135,GR-1000,,,,,Version: 24A,500.00,0.00,300.00,250.00,EA,entity_level,true,0.00,0.0,,,,,,,22500.00,22500.00,0.00,Adjustment,0.00,0.000,,,,,0,Due on Receipt,JJ Harris,815 NE 172nd Avenue,Vancouver,Washington,U.S.A,98684,877-694-0141,,,,,,,,,,,,,
6212012000008073481,2025-06-20,,TT-00994,EZ1.1,Billed,Oregon Wire,false,USD,1.000000000000,Standard Template,EZ1.1,,,,,Finished Goods,1210,6.90,EZ Kart - Locking Bar (RAW),6212012000000427223,EZ1.11M,,,,,,150.00,0.00,150.00,150.00,pcs,entity_level,true,0.00,0.0,,,,,,,1035.00,1035.00,0.00,Adjustment,0.00,0.000,,,,,0,Due on Receipt,JJ Harris,815 NE 172nd Avenue,Vancouver,Washington,U.S.A,98684,877-694-0141,,,,,,,,,,,,,
6212012000008074203,2025-06-03,,TT-00995,Lynch Pin,Billed,Vancouver Bolt and Supply Inc.,false,USD,1.000000000000,Standard Template,Lynch Pin,,,,,Finished Goods,1210,0.79,EZ Kart - Lynch Pin for Axle,6212012000000427273,EZ1.13,,,,,,200.00,0.00,200.00,200.00,pcs,entity_level,true,0.00,0.0,,,,,,,158.00,158.00,0.00,Adjustment,0.00,0.000,,,,,0,Due on Receipt,JJ Harris,815 NE 172nd Avenue,Vancouver,Washington,U.S.A,98684,877-694-0141,,,,,,,,,,,,,
6212012000008184028,2025-11-26,2025-12-03,TT-00996,Shopify #3631 / DFP15568,Billed,Alfieri Sons Irrigation,false,USD,1.000000000000,Standard Template,Shopify #3631 / DFP15568,,,UPS,,Finished Goods,1210,101.25,"20"" Digging Chain (Single Chain)",6212012000000435587,MT4500,810075761177,,,,"1ZY2K5959042941648
Fulfilled by Alfieri Sons Irrigation",2.00,0.00,0.00,2.00,Kit,entity_level,true,0.00,0.0,,,,,,,202.50,562.50,0.00,Adjustment,0.00,0.000,,,,,0,Due on Receipt,,,,,,,,Kevin Spatkowski,73 Hart St,Burlington,CT,U.S.A,06013,860-400-2673,,,,,,
6212012000008184028,2025-11-26,2025-12-03,TT-00996,Shopify #3631 / DFP15568,Billed,Alfieri Sons Irrigation,false,USD,1.000000000000,Standard Template,Shopify #3631 / DFP15568,,,UPS,,Finished Goods,1210,180.00,"GeoRipper Minitrencher 20"" Wide Digging Chain",6212012000000435614,MT4550,810075760217,22A,810075760217,,'*** 2-3 Weeks Lead Time***,2.00,0.00,0.00,2.00,Kit,entity_level,true,0.00,0.0,,,,,,,360.00,562.50,0.00,Adjustment,0.00,0.000,,,,,0,Due on Receipt,,,,,,,,Kevin Spatkowski,73 Hart St,Burlington,CT,U.S.A,06013,860-400-2673,,,,,,
6212012000008196790,2025-07-09,,TT-00932,Shopify #3301 PayPal / DFP14119,Billed,"Reinders, Inc.",false,USD,1.000000000000,Standard Template,Shopify #3301 PayPal / DFP14119,,,UPS,,Georipper - Unit,5000,2960.00,,,,,,,,DFP14119 GR720,1.00,0.00,0.00,1.00,,entity_level,true,0.00,0.0,,,,,,,2960.00,2960.00,0.00,Adjustment,0.00,0.000,,,,,0,Due on Receipt,,,,,,,,,215 N Graystone Ln,Amarillo,TX,U.S.A,79124,806-584-3973,,,,,,
6212012000008196790,2025-07-09,,TT-00932,Shopify #3301 PayPal / DFP14119,Billed,"Reinders, Inc.",false,USD,1.000000000000,Standard Template,Shopify #3301 PayPal / DFP14119,,,UPS,,Freight - COGS,5900,0.00,Shipping and Handling,6212012000000427484,FTR,,,,,,1.00,0.00,0.00,1.00,EA,entity_level,true,0.00,0.0,,,,,,,0.00,2960.00,0.00,Adjustment,0.00,0.000,,,,,0,Due on Receipt,,,,,,,,,215 N Graystone Ln,Amarillo,TX,U.S.A,79124,806-584-3973,,,,,,
6212012000008420477,2025-07-09,,TT-00933,dfp14131,Billed,Horizon Distributors,false,USD,1.000000000000,Standard Template,dfp14131,,,USPS,,Finished Goods,1210,11.55,GeoRipper Minitrencher 11-Tooth Nose Sprocket with Bearing,6212012000000434148,MT1700,810075760101,20A,810075760101,,Replace using Permatex 25210 High Strength Removable Threadlocker Orange. 3X the strength of Blue Thread locker. Ideal for High Vibration Applications,1.00,0.00,0.00,1.00,pcs,entity_level,true,0.00,0.0,,,,,,,11.55,11.55,0.00,Adjustment,0.00,0.000,,,,,0,Due on Receipt,,,,,,,,,1121 Eclipse St,Watkins,CO,U.S.A,80137,303-375-6334,,,,,,
6212012000008420477,2025-07-09,,TT-00933,dfp14131,Billed,Horizon Distributors,false,USD,1.000000000000,Standard Template,dfp14131,,,USPS,,Freight - COGS,5900,0.00,Shipping and Handling,6212012000000427484,FTR,,,,,"DBC Fulfilling
1Z5727AV9054413515",1.00,0.00,0.00,1.00,EA,entity_level,true,0.00,0.0,,,,,,,0.00,11.55,0.00,Adjustment,0.00,0.000,,,,,0,Due on Receipt,,,,,,,,,1121 Eclipse St,Watkins,CO,U.S.A,80137,303-375-6334,,,,,,
6212012000008420827,2025-07-11,,TT-0935,Shopify #3309 / DFP14147,Billed,Alfieri Sons Irrigation,false,USD,1.000000000000,Standard Template,Shopify #3309 / DFP14147,,,,,Finished Goods,1210,6.50,Minitrencher Drive Sprocket for 6 Series Trencher,6212012000000429293,MT9601,,,,,"Fulfilled by Alfieri Sons Irrigation
1Z5727AV9054959561",1.00,0.00,0.00,1.00,EA,entity_level,true,0.00,0.0,,,,,,,6.50,6.50,0.00,Adjustment,0.00,0.000,,,,,0,Due on Receipt,,,,,,,,,403 Monmouth St,Hightstown,NJ,U.S.A,8520,609-947-3453,,,,,,
6212012000008420827,2025-07-11,,TT-0935,Shopify #3309 / DFP14147,Billed,Alfieri Sons Irrigation,false,USD,1.000000000000,Standard Template,Shopify #3309 / DFP14147,,,,,Freight - COGS,5900,0.00,Shipping and Handling,6212012000000427484,FTR,,,,,,1.00,0.00,0.00,1.00,EA,entity_level,true,0.00,0.0,,,,,,,0.00,6.50,0.00,Adjustment,0.00,0.000,,,,,0,Due on Receipt,,,,,,,,,403 Monmouth St,Hightstown,NJ,U.S.A,8520,609-947-3453,,,,,,
6212012000008473298,2025-07-11,,TT-0936,Shopify #3214 /DFP14155,Billed,Alfieri Sons Irrigation,false,USD,1.000000000000,Standard Template,Shopify #3214 /DFP14155,,,UPS,,Finished Goods,1210,46.76,"GeoRipper Minitrencher 20"" Wide Digging Chain",6212012000000435614,MT4550,810075760217,22A,810075760217,,"Fulfilled by Alfieri Sons Irrigation
1Z5727AV9054248570",1.00,0.00,0.00,1.00,Kit,entity_level,true,0.00,0.0,,,,,,,46.76,46.76,0.00,Adjustment,0.00,0.000,,,,,0,Due on Receipt,,,,,,,,Snow and Sons,221 Leyden Rd,Greenfield,MA,U.S.A,01301,413-774-2604,,,,,,
6212012000008473298,2025-07-11,,TT-0936,Shopify #3214 /DFP14155,Billed,Alfieri Sons Irrigation,false,USD,1.000000000000,Standard Template,Shopify #3214 /DFP14155,,,UPS,,Freight - COGS,5900,0.00,Shipping (NT),6212012000000427473,FRNT,,,,,,1.00,0.00,0.00,1.00,EA,entity_level,true,0.00,0.0,,,,,,,0.00,46.76,0.00,Adjustment,0.00,0.000,,,,,0,Due on Receipt,,,,,,,,Snow and Sons,221 Leyden Rd,Greenfield,MA,U.S.A,01301,413-774-2604,,,,,,
6212012000008473608,2025-07-11,,TT-00934,DFP14157,Billed,"Reinders, Inc.",false,USD,1.000000000000,Standard Template,DFP14157,,,UPS,,Finished Goods,1210,57.03,GeoRipper Minitrencher 20-Inch Digging Bar,6212012000000435699,MT3500,810075760156,22A,810075760156,,,1.00,0.00,0.00,1.00,Kit,entity_level,true,0.00,0.0,,,,,,,57.03,57.03,0.00,Adjustment,0.00,0.000,,,,,0,Due on Receipt,,,,,,,,,3521 Minton Rd.,Orion,MI,U.S.A,48359,248-390-8453,,,,,,
6212012000008473608,2025-07-11,,TT-00934,DFP14157,Billed,"Reinders, Inc.",false,USD,1.000000000000,Standard Template,DFP14157,,,UPS,,Freight - COGS,5900,0.00,Shipping (NT),6212012000000427473,FRNT,,,,,"Fulfilled by Reinders
1Z5727AV9053565158",1.00,0.00,0.00,1.00,EA,entity_level,true,0.00,0.0,,,,,,,0.00,57.03,0.00,Adjustment,0.00,0.000,,,,,0,Due on Receipt,,,,,,,,,3521 Minton Rd.,Orion,MI,U.S.A,48359,248-390-8453,,,,,,
6212012000008495738,2025-07-14,,TT-00997,DFP14172,Billed,"Reinders, Inc.",false,USD,1.000000000000,Standard Template,DFP14172,,,UPS,,Finished Goods,1210,112.31,GeoRipper 20-Inch Size Matters Trencher Conversion Kit,6212012000000437727,MTSMK20,,,,,1Z5727AV9053464445,1.00,0.00,0.00,1.00,Kit,entity_level,true,0.00,0.0,,,,,,,112.31,112.31,0.00,Adjustment,0.00,0.000,,,,,0,Due on Receipt,,,,,,,,Grand Rental,2309 Hwy 12 east,Willmar,MN,U.S.A,56201,320-214-8744,,,,,,
6212012000008495738,2025-07-14,,TT-00997,DFP14172,Billed,"Reinders, Inc.",false,USD,1.000000000000,Standard Template,DFP14172,,,UPS,,Freight - COGS,5900,0.00,Shipping and Handling,6212012000000427484,FTR,,,,,Reinders Fulfilling,1.00,0.00,0.00,1.00,EA,entity_level,true,0.00,0.0,,,,,,,0.00,112.31,0.00,Adjustment,0.00,0.000,,,,,0,Due on Receipt,,,,,,,,Grand Rental,2309 Hwy 12 east,Willmar,MN,U.S.A,56201,320-214-8744,,,,,,
6212012000008522913,2025-07-16,,TT-0939,DFP14194,Billed,Horizon Distributors,false,USD,1.000000000000,Standard Template,DFP14194,,,UPS,,Finished Goods,1210,29.51,"20"" Digging Chain (Single Chain)",6212012000000435587,MT4500,810075761177,,,,"Fulfilled by DBC Irrigation Supply
1Z5727AV9054207284",1.00,0.00,0.00,1.00,Kit,entity_level,true,0.00,0.0,,,,,,,29.51,29.51,0.00,Adjustment,0.00,0.000,,,,,0,Due on Receipt,,,,,,,,Rodolph Brothers Inc,2100 E Yellowstone,Casper,WY,U.S.A,82609,,,,,,,
6212012000008522913,2025-07-16,,TT-0939,DFP14194,Billed,Horizon Distributors,false,USD,1.000000000000,Standard Template,DFP14194,,,UPS,,Freight - COGS,5900,0.00,Shipping and Handling,6212012000000427484,FTR,,,,,,1.00,0.00,0.00,1.00,EA,entity_level,true,0.00,0.0,,,,,,,0.00,29.51,0.00,Adjustment,0.00,0.000,,,,,0,Due on Receipt,,,,,,,,Rodolph Brothers Inc,2100 E Yellowstone,Casper,WY,U.S.A,82609,,,,,,,
6212012000008567297,2025-07-15,,TT-0938,dfp14199,Billed,Horizon Distributors,false,USD,1.000000000000,Standard Template,dfp14199,,,UPS,,Finished Goods,1210,29.51,"20"" Digging Chain (Single Chain)",6212012000000435587,MT4500,810075761177,,,,1Z5727AV9054461679,2.00,0.00,0.00,2.00,Kit,entity_level,true,0.00,0.0,,,,,,,59.02,59.02,0.00,Adjustment,0.00,0.000,,,,,0,Due on Receipt,,,,,,,,,3520 W Amity Rd,Meridian,ID,U.S.A,83642,208-484-5568,,,,,,
6212012000008567297,2025-07-15,,TT-0938,dfp14199,Billed,Horizon Distributors,false,USD,1.000000000000,Standard Template,dfp14199,,,UPS,,Freight - COGS,5900,0.00,Shipping and Handling,6212012000000427484,FTR,,,,,,1.00,0.00,0.00,1.00,EA,entity_level,true,0.00,0.0,,,,,,,0.00,59.02,0.00,Adjustment,0.00,0.000,,,,,0,Due on Receipt,,,,,,,,,3520 W Amity Rd,Meridian,ID,U.S.A,83642,208-484-5568,,,,,,
6212012000008629021,2025-07-16,,TT-0940,DFP14204,Billed,Alfieri Sons Irrigation,false,USD,1.000000000000,Standard Template,DFP14204,,,UPS,,Finished Goods,1210,29.51,"20"" Digging Chain (Single Chain)",6212012000000435587,MT4500,810075761177,,,,1Z5727AV9052519496,2.00,0.00,0.00,2.00,Kit,entity_level,true,0.00,0.0,,,,,,,59.02,59.02,0.00,Adjustment,0.00,0.000,,,,,0,Due on Receipt,,,,,,,,,25 Ethan Allen Hwy,Ridgefield,CT,U.S.A,6877,203-544-1028,,,,,,
6212012000008629021,2025-07-16,,TT-0940,DFP14204,Billed,Alfieri Sons Irrigation,false,USD,1.000000000000,Standard Template,DFP14204,,,UPS,,Freight - COGS,5900,0.00,Shipping and Handling,6212012000000427484,FTR,,,,,Fulfilled by Alfieri,1.00,0.00,0.00,1.00,EA,entity_level,true,0.00,0.0,,,,,,,0.00,59.02,0.00,Adjustment,0.00,0.000,,,,,0,Due on Receipt,,,,,,,,,25 Ethan Allen Hwy,Ridgefield,CT,U.S.A,6877,203-544-1028,,,,,,
6212012000008629603,2025-07-18,,TT-0941,Shopify #3333 PayPal / DFP14211,Billed,"Reinders, Inc.",false,USD,1.000000000000,Standard Template,Shopify #3333 PayPal / DFP14211,,,USPS,,Finished Goods,1210,6.34,Minitrencher Drive Sprocket for GeoRipper and GeoRipper(R)T/A,6212012000000429254,MT9001,810075760255,,810075760255,,Drive sprocket fits all GeoRipper T/As,1.00,0.00,0.00,1.00,EA,entity_level,true,0.00,0.0,,,,,,,6.34,6.34,0.00,Adjustment,0.00,0.000,,,,,0,Due on Receipt,,,,,,,,Grand Rental,2309 Hwy 12 east,Willmar,MN,U.S.A,56201,320-214-8744,,,,,,
6212012000008629603,2025-07-18,,TT-0941,Shopify #3333 PayPal / DFP14211,Billed,"Reinders, Inc.",false,USD,1.000000000000,Standard Template,Shopify #3333 PayPal / DFP14211,,,USPS,,Freight - COGS,5900,0.00,Shipping and Handling,6212012000000427484,FTR,,,,,"Fulfilled by Reinders
1Z5727AV9052787714",1.00,0.00,0.00,1.00,EA,entity_level,true,0.00,0.0,,,,,,,0.00,6.34,0.00,Adjustment,0.00,0.000,,,,,0,Due on Receipt,,,,,,,,Grand Rental,2309 Hwy 12 east,Willmar,MN,U.S.A,56201,320-214-8744,,,,,,
6212012000008676448,2025-07-21,,TT-0943,Shopify #3337 / DFP14223,Billed,Horizon Distributors,false,USD,1.000000000000,Standard Template,Shopify #3337 / DFP14223,,,UPS,,Finished Goods,1210,57.03,GeoRipper Minitrencher 20-Inch Digging Bar,6212012000000435699,MT3500,810075760156,22A,810075760156,,,1.00,0.00,0.00,1.00,Kit,entity_level,true,0.00,0.0,,,,,,,57.03,57.03,0.00,Adjustment,0.00,0.000,,,,,0,Due on Receipt,,,,,,,,,12851 Stone Valley Dr,Peyton,CO,U.S.A,80831,717-333-1257,,,,,,
6212012000008676448,2025-07-21,,TT-0943,Shopify #3337 / DFP14223,Billed,Horizon Distributors,false,USD,1.000000000000,Standard Template,Shopify #3337 / DFP14223,,,UPS,,Freight - COGS,5900,0.00,Shipping (NT),6212012000000427473,FRNT,,,,,"FULFILLED BY DBC
1Z5727AV0393024964",1.00,0.00,0.00,1.00,EA,entity_level,true,0.00,0.0,,,,,,,0.00,57.03,0.00,Adjustment,0.00,0.000,,,,,0,Due on Receipt,,,,,,,,,12851 Stone Valley Dr,Peyton,CO,U.S.A,80831,717-333-1257,,,,,,
6212012000008679119,2025-07-15,,TT-00998,DFP14182,Billed,Miller Hardware Co.,false,USD,1.000000000000,Standard Template,DFP14182,,,UPS,,Finished Goods,1210,718.36,The GeoRipper 27 Includes EZ Kart,6212012000000445997,GR727,,,,,,1.00,0.00,0.00,1.00,Kit,entity_level,true,0.00,0.0,,,,,,,718.36,718.36,0.00,Adjustment,0.00,0.000,,,,,0,Due on Receipt,,,,,,,,,5603 B Rd,Union,NE,U.S.A,68455,4028740038,,,,,,
6212012000008679119,2025-07-15,,TT-00998,DFP14182,Billed,Miller Hardware Co.,false,USD,1.000000000000,Standard Template,DFP14182,,,UPS,,Freight - COGS,5900,0.00,Shipping and Handling,6212012000000427484,FTR,,,,,"Fulfilled by Miller Hardware Co.
1Z5727AV9053667351",1.00,0.00,0.00,1.00,EA,entity_level,true,0.00,0.0,,,,,,,0.00,718.36,0.00,Adjustment,0.00,0.000,,,,,0,Due on Receipt,,,,,,,,,5603 B Rd,Union,NE,U.S.A,68455,4028740038,,,,,,
6212012000008727526,2025-07-23,,TT-0945,DFP14252,Billed,Alfieri Sons Irrigation,false,USD,1.000000000000,Standard Template,DFP14252,,,UPS,,Finished Goods,1210,3.81,GeoRipper Trencher Bar Clamp Assembly,6212012000000434165,MT2000,810075760224,21A,810075760224,,Includes set of (2) bolts plus (2) lock washers,1.00,0.00,0.00,1.00,kit,entity_level,true,0.00,0.0,,,,,,,3.81,130.86,0.00,Adjustment,0.00,0.000,,,,,0,Due on Receipt,,,,,,,,,380 Springfield Ave,Westfield,NJ,U.S.A,7090,908-205-4335,,,,,,
6212012000008727526,2025-07-23,,TT-0945,DFP14252,Billed,Alfieri Sons Irrigation,false,USD,1.000000000000,Standard Template,DFP14252,,,UPS,,Finished Goods,1210,14.68,GeoRipper Trencher Bar End Set,6212012000000434112,MT1000,810075760088,20A,810075760088,,,1.00,0.00,0.00,1.00,kit,entity_level,true,0.00,0.0,,,,,,,14.68,130.86,0.00,Adjustment,0.00,0.000,,,,,0,Due on Receipt,,,,,,,,,380 Springfield Ave,Westfield,NJ,U.S.A,7090,908-205-4335,,,,,,
6212012000008727526,2025-07-23,,TT-0945,DFP14252,Billed,Alfieri Sons Irrigation,false,USD,1.000000000000,Standard Template,DFP14252,,,UPS,,Finished Goods,1210,46.76,"GeoRipper Minitrencher 20"" Wide Digging Chain",6212012000000435614,MT4550,810075760217,22A,810075760217,,,1.00,0.00,0.00,1.00,Kit,entity_level,true,0.00,0.0,,,,,,,46.76,130.86,0.00,Adjustment,0.00,0.000,,,,,0,Due on Receipt,,,,,,,,,380 Springfield Ave,Westfield,NJ,U.S.A,7090,908-205-4335,,,,,,
6212012000008727526,2025-07-23,,TT-0945,DFP14252,Billed,Alfieri Sons Irrigation,false,USD,1.000000000000,Standard Template,DFP14252,,,UPS,,Finished Goods,1210,65.61,GeoRipper 616 R.I.P. KIT,6212012000000439089,MTRIP616,,,,,,1.00,0.00,0.00,1.00,Kit,entity_level,true,0.00,0.0,,,,,,,65.61,130.86,0.00,Adjustment,0.00,0.000,,,,,0,Due on Receipt,,,,,,,,,380 Springfield Ave,Westfield,NJ,U.S.A,7090,908-205-4335,,,,,,
6212012000008727526,2025-07-23,,TT-0945,DFP14252,Billed,Alfieri Sons Irrigation,false,USD,1.000000000000,Standard Template,DFP14252,,,UPS,,Freight - COGS,5900,0.00,Shipping and Handling,6212012000000427484,FTR,,,,,"Fulfilled by Alfieri
1Z5727AV0395250475",1.00,0.00,0.00,1.00,EA,entity_level,true,0.00,0.0,,,,,,,0.00,130.86,0.00,Adjustment,0.00,0.000,,,,,0,Due on Receipt,,,,,,,,,380 Springfield Ave,Westfield,NJ,U.S.A,7090,908-205-4335,,,,,,
6212012000008734062,2025-07-23,,TT-00946,DFP14264,Billed,"Reinders, Inc.",false,USD,1.000000000000,Standard Template,DFP14264,,,UPS,,Finished Goods,1210,947.89,Original GeoRipper 620 Trencher,6212012000000440365,GR620,,,,,"Fulfilled by Reinder's
1Z5727AV0396696895",1.00,0.00,0.00,1.00,ea,entity_level,true,0.00,0.0,,,,,,,947.89,947.89,0.00,Adjustment,0.00,0.000,,,,,0,Due on Receipt,,,,,,,,,14500 Nutty Brown Rd,Austin,TX,U.S.A,78737,713-304-0861,,,,,,
6212012000008734062,2025-07-23,,TT-00946,DFP14264,Billed,"Reinders, Inc.",false,USD,1.000000000000,Standard Template,DFP14264,,,UPS,,Freight - COGS,5900,0.00,Shipping and Handling,6212012000000427484,FTR,,,,,,1.00,0.00,0.00,1.00,EA,entity_level,true,0.00,0.0,,,,,,,0.00,947.89,0.00,Adjustment,0.00,0.000,,,,,0,Due on Receipt,,,,,,,,,14500 Nutty Brown Rd,Austin,TX,U.S.A,78737,713-304-0861,,,,,,
6212012000008741135,2025-07-23,,TT-00947,Shopify #3351 Affirm / DFP14268,Billed,"Reinders, Inc.",false,USD,1.000000000000,Standard Template,Shopify #3351 Affirm / DFP14268,,,UPS,,Finished Goods,1210,1170.61,Original GeoRipper 720 Trencher,6212012000000440390,GR720,,,,,"1Z5727AV0399973302
",1.00,0.00,0.00,1.00,ea,entity_level,true,0.00,0.0,,,,,,,1170.61,1170.61,0.00,Adjustment,0.00,0.000,,,,,0,Due on Receipt,,,,,,,,,3931 US 96 S,JASPER,TX,U.S.A,75951,409-383-3364,,,,,,
6212012000008741135,2025-07-23,,TT-00947,Shopify #3351 Affirm / DFP14268,Billed,"Reinders, Inc.",false,USD,1.000000000000,Standard Template,Shopify #3351 Affirm / DFP14268,,,UPS,,Freight - COGS,5900,0.00,Shipping and Handling,6212012000000427484,FTR,,,,,Fulfilled by Reinders,1.00,0.00,0.00,1.00,EA,entity_level,true,0.00,0.0,,,,,,,0.00,1170.61,0.00,Adjustment,0.00,0.000,,,,,0,Due on Receipt,,,,,,,,,3931 US 96 S,JASPER,TX,U.S.A,75951,409-383-3364,,,,,,
6212012000008741525,2025-07-24,,TT-00948,DFP14274,Billed,Alfieri Sons Irrigation,false,USD,1.000000000000,Standard Template,DFP14274,,,UPS,,Finished Goods,1210,29.51,"20"" Digging Chain (Single Chain)",6212012000000435587,MT4500,810075761177,,,,"Fulfilled by Alfieri Sons Irrigation
1Z5727AV9052605400",2.00,0.00,0.00,2.00,Kit,entity_level,true,0.00,0.0,,,,,,,59.02,59.02,0.00,Adjustment,0.00,0.000,,,,,0,Due on Receipt,,,,,,,,,129 E Wolcott Ave,Windsor,CT,U.S.A,6095,860-306-4239,,,,,,
6212012000008741525,2025-07-24,,TT-00948,DFP14274,Billed,Alfieri Sons Irrigation,false,USD,1.000000000000,Standard Template,DFP14274,,,UPS,,Freight - COGS,5900,0.00,Shipping and Handling,6212012000000427484,FTR,,,,,,1.00,0.00,0.00,1.00,EA,entity_level,true,0.00,0.0,,,,,,,0.00,59.02,0.00,Adjustment,0.00,0.000,,,,,0,Due on Receipt,,,,,,,,,129 E Wolcott Ave,Windsor,CT,U.S.A,6095,860-306-4239,,,,,,
6212012000009052055,2025-07-30,,TT-00951,DFP14325,Billed,"Reinders, Inc.",false,USD,1.000000000000,Standard Template,DFP14325,,,UPS,,Finished Goods,1210,74.55,GeoRipper(R) 20-Inch R.I.P. Kit,6212012000000438078,MTRIP500,,,,,"All 20"" GeoRipper models aside from 6-series
Kit includes 2 digging chains, 6-tooth nose sprocket, drive sprocket, and con-link",1.00,0.00,0.00,1.00,Kit,entity_level,true,0.00,0.0,,,,,,,74.55,86.10,0.00,Adjustment,0.00,0.000,,,,,0,Due on Receipt,,,,,,,,,N2093 County Rd N,Appleton,WI,U.S.A,54913,920-850-3832,,,,,,
6212012000009052055,2025-07-30,,TT-00951,DFP14325,Billed,"Reinders, Inc.",false,USD,1.000000000000,Standard Template,DFP14325,,,UPS,,Finished Goods,1210,11.55,GeoRipper Minitrencher 6-Tooth Nose Sprocket with Bearing,6212012000000434131,MT1500,810075760095,20A,810075760095,,​Replace using Permatex 25210 High Strength Removable Threadlocker Orange. 3X the strength of Blue Thread locker. Ideal for High Vibration Applications,1.00,0.00,0.00,1.00,Kit,entity_level,true,0.00,0.0,,,,,,,11.55,86.10,0.00,Adjustment,0.00,0.000,,,,,0,Due on Receipt,,,,,,,,,N2093 County Rd N,Appleton,WI,U.S.A,54913,920-850-3832,,,,,,
6212012000009052055,2025-07-30,,TT-00951,DFP14325,Billed,"Reinders, Inc.",false,USD,1.000000000000,Standard Template,DFP14325,,,UPS,,Freight - COGS,5900,0.00,Shipping and Handling,6212012000000427484,FTR,,,,,Fulfilled by Reinders,1.00,0.00,0.00,1.00,EA,entity_level,true,0.00,0.0,,,,,,,0.00,86.10,0.00,Adjustment,0.00,0.000,,,,,0,Due on Receipt,,,,,,,,,N2093 County Rd N,Appleton,WI,U.S.A,54913,920-850-3832,,,,,,
6212012000009166272,2025-07-31,,TT-00953,Assembly #24,Billed,GreenWorks (Jiangsu) Co LTD,false,USD,1.000000000000,Standard Template,Assembly #24,,,,,Finished Goods,1210,44.99,Greenworks Assembly #24 - Cutting arm,6212012000004273099,R020473-00,,,,,,10.00,0.00,10.00,10.00,EA,entity_level,true,0.00,0.0,,,,,,,449.90,449.90,0.00,Adjustment,0.00,0.000,,,,,0,Due on Receipt,JJ Harris,815 NE 172nd Avenue,Vancouver,Washington,U.S.A,98684,877-694-0141,,,,,,,,,,,,,
6212012000009166497,2025-07-29,,TT-00950,,Billed,"Mr. Powder Kote, LLC",false,USD,1.000000000000,Standard Template,,,,,,GeoRipper - Part,5100,1.00,EZ Kart - Locking Bar Bright Green Powder Coat,6212012000000427236,EZ1.11P,,,,,"ESP Part Number: GR EZ-1-7 GRN
Green Powder",150.00,0.00,0.00,150.00,pcs,entity_level,true,0.00,0.0,,,,,,,150.00,150.00,0.00,Adjustment,0.00,0.000,,,,,0,Due on Receipt,JJ Harris,815 NE 172nd Avenue,Vancouver,Washington,U.S.A,98684,877-694-0141,,,,,,,,,,,,,
6212012000009166582,2025-07-30,,TT-00952,peen,Billed,OrbitForm,false,USD,1.000000000000,Standard Template,peen,,,,,Shop Supplies,7220,181.00,,,,,,,,"FPS-5000
flat peen for machine 56236",5.00,0.00,0.00,5.00,,entity_level,true,0.00,0.0,,,,,,,905.00,905.00,0.00,Adjustment,0.00,0.000,,,,,0,Due on Receipt,JJ Harris,815 NE 172nd Avenue,Vancouver,Washington,U.S.A,98684,877-694-0141,,,,,,,,,,,,,
6212012000009166665,2025-07-08,,TT-00931,EZ Kart Wheel,Billed,Qindao Oworld Industrial Products Co. LTD,false,USD,1.000000000000,Standard Template,EZ Kart Wheel,,,,,Finished Goods,1210,6.50,EZ Kart - Wheel,6212012000000428639,EZ1.9,,,,,,1000.00,0.00,1000.00,1000.00,pcs,entity_level,true,0.00,0.0,,,,,,,6500.00,6500.00,0.00,Adjustment,0.00,0.000,,,,,0,Due on Receipt,JJ Harris,815 NE 172nd Avenue,Vancouver,Washington,U.S.A,98684,877-694-0141,,,,,,,,,,,,,
6212012000009166758,2025-07-24,,TT-00949,double y pipe,Issued,TopweTools,false,USD,1.000000000000,Standard Template,double y pipe,,,,,Finished Goods,1210,1.40,Double hole intake pipe,6212012000000432201,MT7208-74,,,,,GT7208 part # 74,250.00,0.00,250.00,0.00,ea,entity_level,true,0.00,0.0,,,,,,,350.00,350.00,0.00,Adjustment,0.00,0.000,,,,,0,Due on Receipt,JJ Harris,815 NE 172nd Avenue,Vancouver,Washington,U.S.A,98684,877-694-0141,,,,,,,,,,,,,
6212012000009246292,2025-12-05,2025-12-12,TT-00999,SB3200 EZ1.1,Billed,"Mr. Powder Kote, LLC",false,USD,1.000000000000,Standard Template,SB3200 EZ1.1,,,,,GeoRipper - Part,5100,5.00,,,,,,,,"powder kote SB3200
PMS 375C Bright Green",75.00,0.00,0.00,75.00,,entity_level,true,0.00,0.0,,,,,,,375.00,495.00,0.00,Adjustment,0.00,0.000,,,,,15,Net 15,JJ Harris,815 NE 172nd Avenue,Vancouver,Washington,U.S.A,98684,877-694-0141,,,,,,,,,,,,,
6212012000009246292,2025-12-05,2025-12-12,TT-00999,SB3200 EZ1.1,Billed,"Mr. Powder Kote, LLC",false,USD,1.000000000000,Standard Template,SB3200 EZ1.1,,,,,GeoRipper - Part,5100,5.00,,,,,,,,EZ1.1P EZ Kart axel BK08 powder coat,24.00,0.00,0.00,24.00,,entity_level,true,0.00,0.0,,,,,,,120.00,495.00,0.00,Adjustment,0.00,0.000,,,,,15,Net 15,JJ Harris,815 NE 172nd Avenue,Vancouver,Washington,U.S.A,98684,877-694-0141,,,,,,,,,,,,,
6212012000009310001,2025-12-08,2025-12-09,TT-01000B,SiBore Drill Parts,Billed,PDM Steel Service Centers Inc.,false,USD,1.000000000000,Standard Template,SiBore Drill Parts,,,Vendor Delivery,,Finished Goods,1210,39.9948,"SiBore Drill 3/4"" x 20' Round Stock Drive Shaft",6212012000000430079,SB0108,,,,,"3/4"" CF ROUND C-1018 - 20'  1018*BLACK*
43.75/P PDM STEEL",10.00,0.00,10.00,10.00,EA,entity_level,true,0.00,0.0,,,,,,,399.95,542.21,0.00,Adjustment,0.00,0.000,,,,,30,Net 30,JJ Harris,815 NE 172nd Avenue,Vancouver,Washington,U.S.A,98684,877-694-0141,,,,,,,,,,,,,
6212012000009310001,2025-12-08,2025-12-09,TT-01000B,SiBore Drill Parts,Billed,PDM Steel Service Centers Inc.,false,USD,1.000000000000,Standard Template,SiBore Drill Parts,,,Vendor Delivery,,Finished Goods,1210,71.1275,"SiBore Drill 1""D x 20' CRS Round Stock Main Shaft",6212012000000430066,SB0107,,,,,"77.812/P PDM STEEL
Cold rolled steel",2.00,0.00,2.00,2.00,EA,entity_level,true,0.00,0.0,,,,,,,142.26,542.21,0.00,Adjustment,0.00,0.000,,,,,30,Net 30,JJ Harris,815 NE 172nd Avenue,Vancouver,Washington,U.S.A,98684,877-694-0141,,,,,,,,,,,,,
6212012000009310557,2025-12-08,2025-12-27,TT-01001,CON Links and Bearings,Billed,Red Boar Chain & Fastener,false,USD,1.000000000000,Standard Template,CON Links and Bearings,,,UPS,,Finished Goods,1210,5.60,BEARING 6201LLU EK6101,6212012000000426207,210148-2,,,,,,30.00,0.00,30.00,30.00,EA,entity_level,true,0.00,0.0,,,,,,,168.00,758.00,0.00,Adjustment,0.00,0.000,,,,,30,Net 30,JJ Harris,815 NE 172nd Avenue,Vancouver,Washington,U.S.A,98684,877-694-0141,,,,,,,,,,,,,
6212012000009310557,2025-12-08,2025-12-27,TT-01001,CON Links and Bearings,Billed,Red Boar Chain & Fastener,false,USD,1.000000000000,Standard Template,CON Links and Bearings,,,UPS,,Finished Goods,1210,1.30,Double Chain #50-2 Connecting Link,6212012000000429136,MT4005,,,,,,300.00,0.00,300.00,300.00,EA,entity_level,true,0.00,0.0,,,,,,,390.00,758.00,0.00,Adjustment,0.00,0.000,,,,,30,Net 30,JJ Harris,815 NE 172nd Avenue,Vancouver,Washington,U.S.A,98684,877-694-0141,,,,,,,,,,,,,
6212012000009310557,2025-12-08,2025-12-27,TT-01001,CON Links and Bearings,Billed,Red Boar Chain & Fastener,false,USD,1.000000000000,Standard Template,CON Links and Bearings,,,UPS,,Finished Goods,1210,0.20,#50H Backing Plate,6212012000000429163,MT4003,,,,,,1000.00,0.00,1000.00,1000.00,EA,entity_level,true,0.00,0.0,,,,,,,200.00,758.00,0.00,Adjustment,0.00,0.000,,,,,30,Net 30,JJ Harris,815 NE 172nd Avenue,Vancouver,Washington,U.S.A,98684,877-694-0141,,,,,,,,,,,,,
6212012000009374001,2025-12-08,2026-01-05,TT-01002,ez Kart green wheels,Billed,Qindao Oworld Industrial Products Co. LTD,false,USD,1.000000000000,Standard Template,ez Kart green wheels,,,Ocean Freight,,Finished Goods,1210,6.50,EZ Kart - Wheel,6212012000000428639,EZ1.9,,,,,,100.00,0.00,100.00,100.00,pcs,entity_level,true,0.00,0.0,,,,,,,650.00,650.00,0.00,,0.00,0.000,,,,,0,Due on Receipt,,815 NE 172nd Avenue,Vancouver,Washington,U.S.A,98684,877-694-0141,,,,,,,,,,,,,
6212012000009878524,2025-12-08,2025-12-15,TT-01004,Shopify #3640 /DFP15597,Billed,Alfieri Sons Irrigation,false,USD,1.000000000000,Standard Template,Shopify #3640 /DFP15597,,,UPS,,Finished Goods,1210,22.00,GeoRipper Trencher Bar Clamp Assembly,6212012000000434165,MT2000,810075760224,21A,810075760224,,,2.00,0.00,0.00,2.00,kit,entity_level,true,0.00,0.0,,,,,,,39.60,321.75,0.00,Adjustment,10.00,0.0,Purchase Discounts,9000,,,0,Due on Receipt,,,,,,,,Greener Image Landscaping,981 Sandwich Rd,E Falmouth,MA,U.S.A,02536,774-392-3373,,,,,,
6212012000009878524,2025-12-08,2025-12-15,TT-01004,Shopify #3640 /DFP15597,Billed,Alfieri Sons Irrigation,false,USD,1.000000000000,Standard Template,Shopify #3640 /DFP15597,,,UPS,,Finished Goods,1210,104.50,Minitrencher Drive Sprocket for 6 Series Trencher,6212012000000429293,MT9601,,,,,"1ZY2K5959042722741
Fulfilled By Alfieri Sons Irrigation",3.00,0.00,0.00,3.00,EA,entity_level,true,0.00,0.0,,,,,,,282.15,321.75,0.00,Adjustment,10.00,0.0,Purchase Discounts,9000,,,0,Due on Receipt,,,,,,,,Greener Image Landscaping,981 Sandwich Rd,E Falmouth,MA,U.S.A,02536,774-392-3373,,,,,,
6212012000009957621,2025-12-12,2026-01-12,TT-01005,Augers / Engines,Billed,General Equipment,false,USD,1.000000000000,Standard Template,Augers / Engines,,,,,Finished Goods,1210,768.50,SiBore Drill - General Epic 242SBD Auger,6212012000000429754,SB242SBD,,,,,General Part No. 242SBD,25.00,0.00,25.00,25.00,EA,entity_level,true,0.00,0.0,,,,,,,19212.50,24925.50,0.00,Adjustment,0.00,0.000,,,,,30,Net 30,JJ Harris,815 NE 172nd Avenue,Vancouver,Washington,U.S.A,98684,877-694-0141,,,,,,,,,,,,,
6212012000009957621,2025-12-12,2026-01-12,TT-01005,Augers / Engines,Billed,General Equipment,false,USD,1.000000000000,Standard Template,Augers / Engines,,,,,Finished Goods,1210,112.52,"SiBore Drill - 2"" Auger Bit",6212012000000429910,SB2000,,,,,"General Part No. 2350-2E
Paint BLACK",25.00,0.00,25.00,25.00,EA,entity_level,true,0.00,0.0,,,,,,,2813.00,24925.50,0.00,Adjustment,0.00,0.000,,,,,30,Net 30,JJ Harris,815 NE 172nd Avenue,Vancouver,Washington,U.S.A,98684,877-694-0141,,,,,,,,,,,,,
6212012000009957621,2025-12-12,2026-01-12,TT-01005,Augers / Engines,Billed,General Equipment,false,USD,1.000000000000,Standard Template,Augers / Engines,,,,,Finished Goods,1210,116.00,"SiBore Drill - 4"" Auger Bit",6212012000000429767,SB4000,,,,,"General Part No. 2350-4E
Paint BLACK",25.00,0.00,25.00,25.00,EA,entity_level,true,0.00,0.0,,,,,,,2900.00,24925.50,0.00,Adjustment,0.00,0.000,,,,,30,Net 30,JJ Harris,815 NE 172nd Avenue,Vancouver,Washington,U.S.A,98684,877-694-0141,,,,,,,,,,,,,
6212012000011063086,2025-08-28,2025-09-05,TT-00973,,Billed,"Mr. Powder Kote, LLC",false,USD,1.000000000000,Standard Template,,,,,,GeoRipper - Part,5100,5.00,,,,,,,,"EZ1.1 Black powder coat
BK08",39.00,0.00,0.00,39.00,,entity_level,true,0.00,0.0,,,,,,,195.00,195.00,0.00,Adjustment,0.00,0.000,,,,,0,Due on Receipt,JJ Harris,815 NE 172nd Avenue,Vancouver,Washington,U.S.A,98684,877-694-0141,,,,,,,,,,,,,
6212012000011063179,2025-08-22,2025-08-27,TT-0971,,Billed,"Mr. Powder Kote, LLC",false,USD,1.000000000000,Standard Template,,,,,,GeoRipper - Part,5100,5.00,,,,,,,,"EZ1.1 Black powder coat
BK08",16.00,0.00,0.00,16.00,,entity_level,true,0.00,0.0,,,,,,,80.00,380.00,0.00,Adjustment,0.00,0.000,,,,,0,Due on Receipt,JJ Harris,815 NE 172nd Avenue,Vancouver,Washington,U.S.A,98684,877-694-0141,,,,,,,,,,,,,
6212012000011063179,2025-08-22,2025-08-27,TT-0971,,Billed,"Mr. Powder Kote, LLC",false,USD,1.000000000000,Standard Template,,,,,,GeoRipper - Part,5100,1.25,,,,,,,,powder coat BK08 EZ4005 clamp A,120.00,0.00,0.00,120.00,,entity_level,true,0.00,0.0,,,,,,,150.00,380.00,0.00,Adjustment,0.00,0.000,,,,,0,Due on Receipt,JJ Harris,815 NE 172nd Avenue,Vancouver,Washington,U.S.A,98684,877-694-0141,,,,,,,,,,,,,
6212012000011063179,2025-08-22,2025-08-27,TT-0971,,Billed,"Mr. Powder Kote, LLC",false,USD,1.000000000000,Standard Template,,,,,,GeoRipper - Part,5100,1.25,,,,,,,,powder coat BK08 EZ4006 clamp B,120.00,0.00,0.00,120.00,,entity_level,true,0.00,0.0,,,,,,,150.00,380.00,0.00,Adjustment,0.00,0.000,,,,,0,Due on Receipt,JJ Harris,815 NE 172nd Avenue,Vancouver,Washington,U.S.A,98684,877-694-0141,,,,,,,,,,,,,
6212012000011063297,2025-08-20,,TT-00968,Shopify #3392 / DFP14403,Billed,"Reinders, Inc.",false,USD,1.000000000000,Standard Template,Shopify #3392 / DFP14403,,,UPS,,Finished Goods,1210,2880.00,Original GeoRipper 620 Trencher,6212012000000440365,GR620,,,,,"Fulfilled by Reinder's
1Z5727AV9052530562",1.00,0.00,0.00,1.00,ea,entity_level,true,0.00,0.0,,,,,,,2880.00,2880.00,0.00,Adjustment,0.00,0.000,,,,,0,Due on Receipt,,,,,,,,,918 E 1700 S,BOULDER,UT,U.S.A,84716,801-673-2525,,,,,,
6212012000011063747,2025-08-13,2025-08-14,TT-00962,SHOPIFY AFFIRM / DFP14422,Billed,"Reinders, Inc.",false,USD,1.000000000000,Standard Template,SHOPIFY AFFIRM / DFP14422,,,UPS,,Finished Goods,1210,2880.00,Original GeoRipper 620 Trencher,6212012000000440365,GR620,,,,,1Z5727AV0393064144,1.00,0.00,0.00,1.00,ea,entity_level,true,0.00,0.0,,,,,,,2880.00,2880.00,0.00,Adjustment,0.00,0.000,,,,,0,Due on Receipt,,,,,,,,,1402 Lumpkin Campground Rd S,Dawsonville,Georgia,U.S.A,30534,,,,,,,
6212012000011063950,2025-08-21,,TT-0969,Shopify #3418 / DFP14469,Billed,Horizon Distributors,false,USD,1.000000000000,Standard Template,Shopify #3418 / DFP14469,,,,,Finished Goods,1210,46.76,"GeoRipper Minitrencher 20"" Wide Digging Chain",6212012000000435614,MT4550,810075760217,22A,810075760217,,,2.00,0.00,0.00,2.00,Kit,entity_level,true,0.00,0.0,,,,,,,93.52,153.54,0.00,Adjustment,0.00,0.000,,,,,0,Due on Receipt,JJ Harris,815 NE 172nd Avenue,Vancouver,Washington,U.S.A,98684,877-694-0141,,,,,,,,,,,,,
6212012000011063950,2025-08-21,,TT-0969,Shopify #3418 / DFP14469,Billed,Horizon Distributors,false,USD,1.000000000000,Standard Template,Shopify #3418 / DFP14469,,,,,Finished Goods,1210,29.51,"20"" Digging Chain (Single Chain)",6212012000000435587,MT4500,810075761177,,,,,2.00,0.00,0.00,2.00,Kit,entity_level,true,0.00,0.0,,,,,,,59.02,153.54,0.00,Adjustment,0.00,0.000,,,,,0,Due on Receipt,JJ Harris,815 NE 172nd Avenue,Vancouver,Washington,U.S.A,98684,877-694-0141,,,,,,,,,,,,,
6212012000011063950,2025-08-21,,TT-0969,Shopify #3418 / DFP14469,Billed,Horizon Distributors,false,USD,1.000000000000,Standard Template,Shopify #3418 / DFP14469,,,,,Freight - COGS,5900,1.00,,,,,,,,"Shipping and Handling
SKU : FTR
Fulfilled by DBC",1.00,0.00,0.00,1.00,,entity_level,true,0.00,0.0,,,,,,,1.00,153.54,0.00,Adjustment,0.00,0.000,,,,,0,Due on Receipt,JJ Harris,815 NE 172nd Avenue,Vancouver,Washington,U.S.A,98684,877-694-0141,,,,,,,,,,,,,
6212012000011071135,2025-08-18,2025-08-22,TT-00966,T/A Tri-Fold,Billed,InSync Printing,false,USD,1.000000000000,Standard Template,T/A Tri-Fold,,,,,Finished Goods,1210,0.445,GeoRipper T/A Tri-Fold Brochures,6212012000000427835,GR-LIT-TBTA,,,,,,1000.00,0.00,0.00,1000.00,EA,entity_level,true,0.00,0.0,,,,,,,445.00,445.00,0.00,Adjustment,0.00,0.000,,,,,0,Due on Receipt,JJ Harris,815 NE 172nd Avenue,Vancouver,Washington,U.S.A,98684,877-694-0141,,,,,,,,,,,,,
6212012000011071232,2025-08-15,,TT-00965,SHOPIFY AFFIRM / DFP14422,Billed,"Reinders, Inc.",false,USD,1.000000000000,Standard Template,SHOPIFY AFFIRM / DFP14422,,,UPS,,Finished Goods,1210,2880.00,Original GeoRipper 620 Trencher,6212012000000440365,GR620,,,,,1Z5727AV0390078608,1.00,0.00,0.00,1.00,ea,entity_level,true,0.00,0.0,,,,,,,2880.00,2880.00,0.00,Adjustment,0.00,0.000,,,,,0,Due on Receipt,,,,,,,,,16723 Weddel St,Taylor,MI,U.S.A,48180,,,,,,,
6212012000011071381,2025-08-14,2025-10-01,TT-00964,BLANKET EZ Kart Upper & Lower Handle,Partially Billed,Ordinance Engineering Pte Ltd,false,USD,1.000000000000,Standard Template,BLANKET EZ Kart Upper & Lower Handle,Use this PO for these parts for blanket order. ,,,,Finished Goods,1210,6.00,EZ Kart - Lower Handle (RAW),6212012000000428613,EZ1.2M,,,,,"Drawing NO. EZ1.2(M/P)-19A file GRP07
Tubular Quote No. 47787 Part No. EZ1.2-19A
Labor & Material Mild Steel 1.00"" x .049
TO PRINT (DWG NO: EZ1.2(M/P)-19A - attached)
NO FINISH
MACHINED HOLES
DO NOT CRUSH - Pack Delicate",450.00,0.00,150.00,300.00,pcs,entity_level,true,0.00,0.0,,,,,,,2700.00,6750.00,0.00,Adjustment,0.00,0.000,,,,,0,Due on Receipt,JJ Harris,815 NE 172nd Avenue,Vancouver,Washington,U.S.A,98684,877-694-0141,,,,,,,,,,,,,
6212012000011071381,2025-08-14,2025-10-01,TT-00964,BLANKET EZ Kart Upper & Lower Handle,Partially Billed,Ordinance Engineering Pte Ltd,false,USD,1.000000000000,Standard Template,BLANKET EZ Kart Upper & Lower Handle,Use this PO for these parts for blanket order. ,,,,Finished Goods,1210,9.00,EZ Kart - Upper Handle (RAW),6212012000000428626,EZ1.3M,,,,,"Drawing No. EZ1.3(M/P)-19A file GRPEZ 06
Tubular Quote No. 47787 Part No. EZ1.3-19A
Labor & Material Mild Steel .875"" x .065 wall
TO PRINT (DWG No. EZ1.3(M/P)-19A - attached)
NO FINISH
MACHINED HOLES
DO NOT CRUSH - Pack Delicate",450.00,0.00,150.00,300.00,pcs,entity_level,true,0.00,0.0,,,,,,,4050.00,6750.00,0.00,Adjustment,0.00,0.000,,,,,0,Due on Receipt,JJ Harris,815 NE 172nd Avenue,Vancouver,Washington,U.S.A,98684,877-694-0141,,,,,,,,,,,,,
6212012000011071440,2025-08-04,,TT-01006,velcro strap,Cancelled,Popco,false,USD,1.000000000000,Standard Template,velcro strap,,,UPS account # 5727AV,,Finished Goods,1210,1.73,EZ Kart - Lower Throttle - Velcro Strap,6212012000000427347,EZ3.4,,,,,,500.00,500.00,0.00,0.00,pcs,entity_level,true,0.00,0.0,,,,,,,865.00,865.00,0.00,Adjustment,0.00,0.000,,,,,0,Due on Receipt,JJ Harris,815 NE 172nd Avenue,Vancouver,Washington,U.S.A,98684,877-694-0141,,,,,,,,,,,,,
6212012000011071462,2025-08-04,,TT-00956,Shopify #3375 / DFP14347,Billed,"Reinders, Inc.",false,USD,1.000000000000,Standard Template,Shopify #3375 / DFP14347,,,UPS,,Finished Goods,1210,2880.00,Original GeoRipper 620 Trencher,6212012000000440365,GR620,,,,,1Z57271Z5727AV0395618819,1.00,0.00,0.00,1.00,ea,entity_level,true,0.00,0.0,,,,,,,2880.00,3105.00,0.00,Adjustment,0.00,0.000,,,,,0,Due on Receipt,,,,,,,,,57 Park St,Pepperell,MA,U.S.A,01463,,,,,,,
6212012000011071462,2025-08-04,,TT-00956,Shopify #3375 / DFP14347,Billed,"Reinders, Inc.",false,USD,1.000000000000,Standard Template,Shopify #3375 / DFP14347,,,UPS,,Finished Goods,1210,112.50,"20"" Digging Chain (Single Chain)",6212012000000435587,MT4500,810075761177,,,,,2.00,0.00,0.00,2.00,Kit,entity_level,true,0.00,0.0,,,,,,,225.00,3105.00,0.00,Adjustment,0.00,0.000,,,,,0,Due on Receipt,,,,,,,,,57 Park St,Pepperell,MA,U.S.A,01463,,,,,,,
6212012000011187124,2025-12-17,,TT-01007,Shopify #3645/DFP15625,Billed,Alfieri Sons Irrigation,false,USD,1.000000000000,Standard Template,Shopify #3645/DFP15625,,,UPS,,Finished Goods,1210,237.60,GeoRipper Minitrencher 20-Inch Digging Bar,6212012000000435699,MT3500,810075760156,22A,810075760156,,"Fulfilled by Alfieri Sons Irrigation
1ZY2K5959041327760",1.00,0.00,0.00,1.00,Kit,entity_level,true,0.00,0.0,,,,,,,237.60,237.60,0.00,Adjustment,0.00,0.000,,,,,0,Due on Receipt,,,,,,,,Brad Carpenter,368 Boston Post Road,Waterford,CT,U.S.A,06385,860-447-1558,,,,,,
6212012000011187284,2025-12-17,,TT-01008,Shopify #3649 / DFP15637,Billed,"Amazing Machinery, LLC",false,USD,1.000000000000,Standard Template,Shopify #3649 / DFP15637,,MSRP-10%,UPS,,Finished Goods,1210,2519.99,The GeoRipper 27 Includes EZ Kart,6212012000000445997,GR727,,,,,6-8 week lead time,1.00,0.00,0.00,1.00,Kit,entity_level,true,0.00,0.0,,,,,,,2519.99,2519.99,0.00,Adjustment,0.00,0.000,,,,,0,Due on Receipt,,,,,,,,Fernando Berduo,5075 Winters Chapel Rd,Atlanta,GA,U.S.A,30360,,,,,,,
6212012000011930029,2025-12-22,2025-12-22,TT-01009,Shopify #3654/DFP15656,Billed,"Amazing Machinery, LLC",false,USD,1.000000000000,Standard Template,Shopify #3654/DFP15656,,DFP Drop-ship fulfilled by Amazing Machinery,UPS,,Finished Goods,1210,277.20,GeoRipper 20-Inch Size Matters Trencher Conversion Kit,6212012000000437727,MTSMK20,,,,,,1.00,0.00,0.00,1.00,Kit,entity_level,true,0.00,0.0,,,,,,,277.20,277.20,0.00,Adjustment,0.00,0.000,,,,,0,Due on Receipt,,,,,,,,Fernando Berduo,5075 Winters Chapel Rd,Atlanta,GA,U.S.A,30360,,,,,,,
6212012000012443584,2026-01-05,2026-01-12,TT-2600002,EZ axels,Billed,"Mr. Powder Kote, LLC",false,USD,1.000000000000,Standard Template,EZ axels,,,,,GeoRipper - Part,5100,5.00,,,,,,,,"EZ1.1 Black powder coat BK08
",24.00,0.00,0.00,24.00,,entity_level,true,0.00,0.0,,,,,,,120.00,120.00,0.00,Adjustment,0.00,0.000,,,,,0,Due on Receipt,JJ Harris,815 NE 172nd Avenue,Vancouver,Washington,U.S.A,98684,877-694-0141,,,,,,,,,,,,,
6212012000012476374,2026-01-06,,TT-2600003,Shopify #3665 Affirm/DFP200006,Billed,"Rio Seco AG, LLC",false,USD,1.000000000000,Standard Template,Shopify #3665 Affirm/DFP200006,,,UPS,,Finished Goods,1210,2519.99,The GeoRipper 27 Includes EZ Kart,6212012000000445997,GR727,,,,,,1.00,0.00,0.00,1.00,Kit,entity_level,true,0.00,0.0,,,,,,,2519.99,2519.99,0.00,Adjustment,0.00,0.000,,,,,0,Due on Receipt,,,,,,,,Taylor Goodwin,10013 Cade Trail,Fort Worth,TX,U.S.A,76244,'+1-817-789-2104,,,,,,
6212012000012509330,2026-01-06,2026-01-13,TT-2600004,Shopify #3667/ DFP2600014,Billed,Horizon Distributors,false,USD,1.000000000000,Standard Template,Shopify #3667/ DFP2600014,,MSRP - 10%,UPS,,Finished Goods,1210,94.05,Minitrencher Drive Sprocket for GeoRipper and GeoRipper(R)T/A,6212012000000429254,MT9001,810075760255,,810075760255,,"Drive sprocket fits all GeoRipper T/As

1ZT2K5950331546198",2.00,0.00,0.00,2.00,EA,entity_level,true,0.00,0.0,,,,,,,188.10,188.10,0.00,Adjustment,0.00,0.000,,,,,0,Due on Receipt,,,,,,,,William Casey,83040 Dismal River Trail,Mullen,NE,U.S.A,69152,'+1-3085469211,,,,,,
6212012000012509379,2026-01-06,2026-01-13,TT-2600005,Shopify #3670/DFP2600024,Billed,Horizon Distributors,false,USD,1.000000000000,Standard Template,Shopify #3670/DFP2600024,,MSRP - 10%,UPS,,Finished Goods,1210,121.50,"27"" Digging Chain (Single Chain)",6212012000000435645,MT4700,,,,,1ZY2K5950302152257,2.00,0.00,0.00,2.00,Kit,entity_level,true,0.00,0.0,,,,,,,243.00,243.00,0.00,Adjustment,0.00,0.000,,,,,0,Due on Receipt,,,,,,,,Jeremiah Sumare,6600 Happy Jack Road,Cheyenne,WY,,82009,,,,,,,
6212012000012621225,2026-01-09,2026-01-16,TT-2600006,SB3200,Billed,"Mr. Powder Kote, LLC",false,USD,1.000000000000,Standard Template,SB3200,,,,,GeoRipper - Part,5100,5.00,,,,,,,,"powder kote SB3200
PMS 375C Bright Green",64.00,0.00,0.00,64.00,,entity_level,true,0.00,0.0,,,,,,,320.00,320.00,0.00,Adjustment,0.00,0.000,,,,,15,Net 15,JJ Harris,815 NE 172nd Avenue,Vancouver,Washington,U.S.A,98684,877-694-0141,,,,,,,,,,,,,
6212012000012724030,2026-01-12,2026-01-30,TT-2600007,SiBore Drill Electric Makita,Issued,Ordinance Engineering Pte Ltd,false,USD,1.000000000000,Standard Template,SiBore Drill Electric Makita,,,DHL,,Finished Goods,1210,3.00,SiBore Drill - Upper Drive Shaft Makita,6212012000012724017,SB9102,,,,,Upper Drive Shaft specifically for the Makita-based SiBore Drill,30.00,0.00,0.00,0.00,EA,entity_level,true,0.00,0.0,,,,,,,90.00,240.00,0.00,Adjustment,0.00,0.000,,,,,0,Due on Receipt,JJ Harris,815 NE 172nd Avenue,Vancouver,Washington,U.S.A,98684,877-694-0141,,,,,,,,,,,,,
6212012000012724030,2026-01-12,2026-01-30,TT-2600007,SiBore Drill Electric Makita,Issued,Ordinance Engineering Pte Ltd,false,USD,1.000000000000,Standard Template,SiBore Drill Electric Makita,,,DHL,,Finished Goods,1210,5.00,SiBore Drill - Makita Motor Mount,6212012000012724001,SB9101,,,,,Updated Motor Mount to fit OE Lower Units,30.00,0.00,0.00,0.00,EA,entity_level,true,0.00,0.0,,,,,,,150.00,240.00,0.00,Adjustment,0.00,0.000,,,,,0,Due on Receipt,JJ Harris,815 NE 172nd Avenue,Vancouver,Washington,U.S.A,98684,877-694-0141,,,,,,,,,,,,,
6212012000012692450,2026-01-02,2026-01-16,TT-2600008,14983,Billed,InSync Printing,false,USD,1.000000000000,Standard Template,14983,,,,,Inventory Asset,,0.65,"Sticker - 16"" Bar Box 400MM",6212012000000432942,GRS15,,,,,400MM Labels - Cardboard box background,500.00,0.00,500.00,500.00,EA,entity_level,true,0.00,0.0,,,,,,,325.00,6540.00,0.00,Adjustment,0.00,0.000,,,,,0,Due on Receipt,JJ Harris,815 NE 172nd Avenue,Vancouver,Washington,U.S.A,98684,877-694-0141,,,,,,,,,,,,,
6212012000012692450,2026-01-02,2026-01-16,TT-2600008,14983,Billed,InSync Printing,false,USD,1.000000000000,Standard Template,14983,,,,,Inventory Asset,,0.65,"Sticker - 16"" Bar Box SKU Label",6212012000000432955,GRS16,,,,,SKU Labels - Cardboard box background,500.00,0.00,500.00,500.00,EA,entity_level,true,0.00,0.0,,,,,,,325.00,6540.00,0.00,Adjustment,0.00,0.000,,,,,0,Due on Receipt,JJ Harris,815 NE 172nd Avenue,Vancouver,Washington,U.S.A,98684,877-694-0141,,,,,,,,,,,,,
6212012000012692450,2026-01-02,2026-01-16,TT-2600008,14983,Billed,InSync Printing,false,USD,1.000000000000,Standard Template,14983,,,,,Finished Goods,1210,0.65,SiBore Drill Sticker - Patent Sticker,6212012000004277955,SBS22,,,,,,500.00,0.00,500.00,500.00,EA,entity_level,true,0.00,0.0,,,,,,,325.00,6540.00,0.00,Adjustment,0.00,0.000,,,,,0,Due on Receipt,JJ Harris,815 NE 172nd Avenue,Vancouver,Washington,U.S.A,98684,877-694-0141,,,,,,,,,,,,,
6212012000012692450,2026-01-02,2026-01-16,TT-2600008,14983,Billed,InSync Printing,false,USD,1.000000000000,Standard Template,14983,,,,,Finished Goods,1210,0.358333,GeoRipper Tri-Fold Brochures,6212012000000427822,GR-LIT-TB,,,,,,3000.00,0.00,3000.00,3000.00,EA,entity_level,true,0.00,0.0,,,,,,,1075.00,6540.00,0.00,Adjustment,0.00,0.000,,,,,0,Due on Receipt,JJ Harris,815 NE 172nd Avenue,Vancouver,Washington,U.S.A,98684,877-694-0141,,,,,,,,,,,,,
6212012000012692450,2026-01-02,2026-01-16,TT-2600008,14983,Billed,InSync Printing,false,USD,1.000000000000,Standard Template,14983,,,,,Finished Goods,1210,0.39,GeoRipper Tri-Fold Brochures - Spanish,6212012000000432877,GR-LIT-TBSP,,,,,"Spanish Version of ""The GeoRipper"" Brochure",2000.00,0.00,2000.00,2000.00,EA,entity_level,true,0.00,0.0,,,,,,,780.00,6540.00,0.00,Adjustment,0.00,0.000,,,,,0,Due on Receipt,JJ Harris,815 NE 172nd Avenue,Vancouver,Washington,U.S.A,98684,877-694-0141,,,,,,,,,,,,,
6212012000012692450,2026-01-02,2026-01-16,TT-2600008,14983,Billed,InSync Printing,false,USD,1.000000000000,Standard Template,14983,,,,,Finished Goods,1210,0.358333,GeoRipper T/A Tri-Fold Brochures,6212012000000427835,GR-LIT-TBTA,,,,,,3000.00,0.00,3000.00,3000.00,EA,entity_level,true,0.00,0.0,,,,,,,1075.00,6540.00,0.00,Adjustment,0.00,0.000,,,,,0,Due on Receipt,JJ Harris,815 NE 172nd Avenue,Vancouver,Washington,U.S.A,98684,877-694-0141,,,,,,,,,,,,,
6212012000012692450,2026-01-02,2026-01-16,TT-2600008,14983,Billed,InSync Printing,false,USD,1.000000000000,Standard Template,14983,,,,,Finished Goods,1210,0.39,GeoRipper T/A Tri-Fold Brochures - Spanish,6212012000012692437,GR-LIT-TASP,,,,,"Spanish Version of ""The GeoRipper T/A"" Brochure",2000.00,0.00,2000.00,2000.00,EA,entity_level,true,0.00,0.0,,,,,,,780.00,6540.00,0.00,Adjustment,0.00,0.000,,,,,0,Due on Receipt,JJ Harris,815 NE 172nd Avenue,Vancouver,Washington,U.S.A,98684,877-694-0141,,,,,,,,,,,,,
6212012000012692450,2026-01-02,2026-01-16,TT-2600008,14983,Billed,InSync Printing,false,USD,1.000000000000,Standard Template,14983,,,,,Finished Goods,1210,0.358333,SiBore Tri-Fold Brochures,6212012000000431213,SB-LIT-TB,,,,,,3000.00,0.00,3000.00,3000.00,EA,entity_level,true,0.00,0.0,,,,,,,1075.00,6540.00,0.00,Adjustment,0.00,0.000,,,,,0,Due on Receipt,JJ Harris,815 NE 172nd Avenue,Vancouver,Washington,U.S.A,98684,877-694-0141,,,,,,,,,,,,,
6212012000012692450,2026-01-02,2026-01-16,TT-2600008,14983,Billed,InSync Printing,false,USD,1.000000000000,Standard Template,14983,,,,,Finished Goods,1210,0.39,SiBore Tri-Fold Brochures - Spanish,6212012000000432916,SB-LIT-TBSP,,,,,Spanish Version of SiBore Brochure,2000.00,0.00,2000.00,2000.00,EA,entity_level,true,0.00,0.0,,,,,,,780.00,6540.00,0.00,Adjustment,0.00,0.000,,,,,0,Due on Receipt,JJ Harris,815 NE 172nd Avenue,Vancouver,Washington,U.S.A,98684,877-694-0141,,,,,,,,,,,,,
6212012000012739357,2026-01-12,2026-02-13,TT-2600009,Safety Bars,Billed,Accurate Machine and Mfg Inc,false,USD,1.000000000000,Standard Template,Safety Bars,,,,,Inventory Asset,,23.50,Safety Bar - 400 Series GeoRipperT/A,6212012000000434729,MT7400,,,,,,339.00,0.00,339.00,339.00,EA,entity_level,true,0.00,0.0,,,,,,,7966.50,13637.20,0.00,Adjustment,0.00,0.000,,,,,0,Due on Receipt,JJ Harris,815 NE 172nd Avenue,Vancouver,Washington,U.S.A,98684,877-694-0141,,,,,,,,,,,,,
6212012000012739357,2026-01-12,2026-02-13,TT-2600009,Safety Bars,Billed,Accurate Machine and Mfg Inc,false,USD,1.000000000000,Standard Template,Safety Bars,,,,,Inventory Asset,,24.70,Safety Bar - 500 Series GeoRipperT/A,6212012000000434184,MT7500,,,,,,211.00,0.00,211.00,211.00,EA,entity_level,true,0.00,0.0,,,,,,,5211.70,13637.20,0.00,Adjustment,0.00,0.000,,,,,0,Due on Receipt,JJ Harris,815 NE 172nd Avenue,Vancouver,Washington,U.S.A,98684,877-694-0141,,,,,,,,,,,,,
6212012000012739357,2026-01-12,2026-02-13,TT-2600009,Safety Bars,Billed,Accurate Machine and Mfg Inc,false,USD,1.000000000000,Standard Template,Safety Bars,,,,,Finished Goods,1210,22.95,SiBore Drill - Makita Adapter Plate,6212012000000429832,SB9100,,,,,3/16 Thickness ,20.00,0.00,20.00,20.00,EA,entity_level,true,0.00,0.0,,,,,,,459.00,13637.20,0.00,Adjustment,0.00,0.000,,,,,0,Due on Receipt,JJ Harris,815 NE 172nd Avenue,Vancouver,Washington,U.S.A,98684,877-694-0141,,,,,,,,,,,,,
6212012000012961241,2026-01-12,,TT-2600010,46639086,Billed,Uline,false,USD,1.000000000000,Standard Template,46639086,,,,,Finished Goods,1210,0.61,Blank Chain Box,6212012000000430850,MT95015B,,,,,9x9x4,100.00,0.00,100.00,100.00,box,entity_level,true,0.00,0.0,6212012000001105208,SALES TAX (WA) 8.8,8.80,5.37,ItemAmount,WASHINGTON,61.00,657.63,0.00,Adjustment,0.00,0.000,,,,,0,Due on Receipt,JJ Harris,815 NE 172nd Avenue,Vancouver,Washington,U.S.A,98684,877-694-0141,,,,,,,,,,,,,
6212012000012961241,2026-01-12,,TT-2600010,46639086,Billed,Uline,false,USD,1.000000000000,Standard Template,46639086,,,,,Shop Supplies,7220,38.00,,,,,,,,S-8088 Packing list envelope,1.00,0.00,0.00,1.00,,entity_level,true,0.00,0.0,6212012000001105208,SALES TAX (WA) 8.8,8.80,3.34,ItemAmount,WASHINGTON,38.00,657.63,0.00,Adjustment,0.00,0.000,,,,,0,Due on Receipt,JJ Harris,815 NE 172nd Avenue,Vancouver,Washington,U.S.A,98684,877-694-0141,,,,,,,,,,,,,
6212012000012961241,2026-01-12,,TT-2600010,46639086,Billed,Uline,false,USD,1.000000000000,Standard Template,46639086,,,,,Shop Supplies,7220,4.60,,,,,,,,S445 - Uline Industrial Tape,24.00,0.00,0.00,24.00,,entity_level,true,0.00,0.0,6212012000001105208,SALES TAX (WA) 8.8,8.80,9.72,ItemAmount,WASHINGTON,110.40,657.63,0.00,Adjustment,0.00,0.000,,,,,0,Due on Receipt,JJ Harris,815 NE 172nd Avenue,Vancouver,Washington,U.S.A,98684,877-694-0141,,,,,,,,,,,,,
6212012000012961241,2026-01-12,,TT-2600010,46639086,Billed,Uline,false,USD,1.000000000000,Standard Template,46639086,,,,,Shop Supplies,7220,77.00,,,,,,,,"S-107 Polypropylene Strapping Kit 1/2"" x 3000'",1.00,0.00,0.00,1.00,,entity_level,true,0.00,0.0,6212012000001105208,SALES TAX (WA) 8.8,8.80,6.78,ItemAmount,WASHINGTON,77.00,657.63,0.00,Adjustment,0.00,0.000,,,,,0,Due on Receipt,JJ Harris,815 NE 172nd Avenue,Vancouver,Washington,U.S.A,98684,877-694-0141,,,,,,,,,,,,,
6212012000012961241,2026-01-12,,TT-2600010,46639086,Billed,Uline,false,USD,1.000000000000,Standard Template,46639086,,,,,Shop Supplies,7220,23.00,,,,,,,,"S-1294 4x6"" 2mil resealable bag",1.00,0.00,0.00,1.00,,entity_level,true,0.00,0.0,6212012000001105208,SALES TAX (WA) 8.8,8.80,2.02,ItemAmount,WASHINGTON,23.00,657.63,0.00,Adjustment,0.00,0.000,,,,,0,Due on Receipt,JJ Harris,815 NE 172nd Avenue,Vancouver,Washington,U.S.A,98684,877-694-0141,,,,,,,,,,,,,
6212012000012961241,2026-01-12,,TT-2600010,46639086,Billed,Uline,false,USD,1.000000000000,Standard Template,46639086,,,,,Shop Supplies,7220,38.00,,,,,,,,"30lb Virgin Kraft Paper-24"" x 1200'
Void Fill",1.00,0.00,0.00,1.00,,entity_level,true,0.00,0.0,6212012000001105208,SALES TAX (WA) 8.8,8.80,3.34,ItemAmount,WASHINGTON,38.00,657.63,0.00,Adjustment,0.00,0.000,,,,,0,Due on Receipt,JJ Harris,815 NE 172nd Avenue,Vancouver,Washington,U.S.A,98684,877-694-0141,,,,,,,,,,,,,
6212012000012961241,2026-01-12,,TT-2600010,46639086,Billed,Uline,false,USD,1.000000000000,Standard Template,46639086,,,,,Shop Supplies,7220,18.00,,,,,,,,"S-1292 3"" x 4"" 2mil resealable bag",2.00,0.00,0.00,2.00,,entity_level,true,0.00,0.0,6212012000001105208,SALES TAX (WA) 8.8,8.80,3.17,ItemAmount,WASHINGTON,36.00,657.63,0.00,Adjustment,0.00,0.000,,,,,0,Due on Receipt,JJ Harris,815 NE 172nd Avenue,Vancouver,Washington,U.S.A,98684,877-694-0141,,,,,,,,,,,,,
6212012000012961241,2026-01-12,,TT-2600010,46639086,Billed,Uline,false,USD,1.000000000000,Standard Template,46639086,,,,,Shop Supplies,7220,1.93,36x10x4 Box - Uline,6212012000004273001,MT361004,,,,,S-25904,25.00,0.00,25.00,25.00,EA,entity_level,true,0.00,0.0,6212012000001105208,SALES TAX (WA) 8.8,8.80,4.25,ItemAmount,WASHINGTON,48.25,657.63,0.00,Adjustment,0.00,0.000,,,,,0,Due on Receipt,JJ Harris,815 NE 172nd Avenue,Vancouver,Washington,U.S.A,98684,877-694-0141,,,,,,,,,,,,,
6212012000012961241,2026-01-12,,TT-2600010,46639086,Billed,Uline,false,USD,1.000000000000,Standard Template,46639086,,,,,Finished Goods,1210,1.18,24 x 10 x 4,6212012000012961228,MT24104,,,,,,25.00,0.00,25.00,25.00,box,entity_level,true,0.00,0.0,6212012000001105208,SALES TAX (WA) 8.8,8.80,2.60,ItemAmount,WASHINGTON,29.50,657.63,0.00,Adjustment,0.00,0.000,,,,,0,Due on Receipt,JJ Harris,815 NE 172nd Avenue,Vancouver,Washington,U.S.A,98684,877-694-0141,,,,,,,,,,,,,
6212012000012961241,2026-01-12,,TT-2600010,46639086,Billed,Uline,false,USD,1.000000000000,Standard Template,46639086,,,,,Finished Goods,1210,0.68,10 x 10 x 4 Uline Box,6212012000012895426,MT10104,,,,,,75.00,0.00,75.00,75.00,box,entity_level,true,0.00,0.0,6212012000001105208,SALES TAX (WA) 8.8,8.80,4.49,ItemAmount,WASHINGTON,51.00,657.63,0.00,Adjustment,0.00,0.000,,,,,0,Due on Receipt,JJ Harris,815 NE 172nd Avenue,Vancouver,Washington,U.S.A,98684,877-694-0141,,,,,,,,,,,,,
6212012000012961241,2026-01-12,,TT-2600010,46639086,Billed,Uline,false,USD,1.000000000000,Standard Template,46639086,,,,,Postage & Shipping,7230,92.29,,,,,,,,s/h,1.00,0.00,0.00,1.00,,entity_level,true,0.00,0.0,6212012000001105208,SALES TAX (WA) 8.8,8.80,8.11,ItemAmount,WASHINGTON,92.29,657.63,0.00,Adjustment,0.00,0.000,,,,,0,Due on Receipt,JJ Harris,815 NE 172nd Avenue,Vancouver,Washington,U.S.A,98684,877-694-0141,,,,,,,,,,,,,
6212012000013109932,2026-01-15,2026-02-27,TT-2600011,"Pulley / 16"" Digging Bar - Air freight",Billed,Ordinance Engineering Pte Ltd,false,USD,1.000000000000,Standard Template,"Pulley / 16"" Digging Bar - Air freight","Ship 16"" bars from stock that didn't ship and ASAP. Same with Universal Joints if possible. Pulleys will come later, I understand.",,DHL,,Finished Goods,1210,14.50,Pulley for 'The GeoRipper' & Husqvarna K770 GeoRipperT/A,6212012000000429044,H1001,810075760491,,810075760491,,"150 by air
",230.00,0.00,230.00,230.00,EA,entity_level,true,0.00,0.0,,,,,,,3335.00,5217.50,0.00,Adjustment,0.00,0.000,,,,,0,Due on Receipt,JJ Harris,815 NE 172nd Avenue,Vancouver,Washington,U.S.A,98684,877-694-0141,,,,,,,,,,,,,
6212012000013109932,2026-01-15,2026-02-27,TT-2600011,"Pulley / 16"" Digging Bar - Air freight",Billed,Ordinance Engineering Pte Ltd,false,USD,1.000000000000,Standard Template,"Pulley / 16"" Digging Bar - Air freight","Ship 16"" bars from stock that didn't ship and ASAP. Same with Universal Joints if possible. Pulleys will come later, I understand.",,DHL,,Finished Goods,1210,14.85,"16"" Digging Bar",6212012000000428535,16GR3.1 26A,,,,,by air,50.00,0.00,50.00,50.00,pcs,entity_level,true,0.00,0.0,,,,,,,742.50,5217.50,0.00,Adjustment,0.00,0.000,,,,,0,Due on Receipt,JJ Harris,815 NE 172nd Avenue,Vancouver,Washington,U.S.A,98684,877-694-0141,,,,,,,,,,,,,
6212012000013109932,2026-01-15,2026-02-27,TT-2600011,"Pulley / 16"" Digging Bar - Air freight",Billed,Ordinance Engineering Pte Ltd,false,USD,1.000000000000,Standard Template,"Pulley / 16"" Digging Bar - Air freight","Ship 16"" bars from stock that didn't ship and ASAP. Same with Universal Joints if possible. Pulleys will come later, I understand.",,DHL,,Finished Goods,1210,38.00,SiBore Drill - Universal Joint (SN),6212012000013181003,SB2155,,,,,,30.00,0.00,30.00,30.00,EA,entity_level,true,0.00,0.0,,,,,,,1140.00,5217.50,0.00,Adjustment,0.00,0.000,,,,,0,Due on Receipt,JJ Harris,815 NE 172nd Avenue,Vancouver,Washington,U.S.A,98684,877-694-0141,,,,,,,,,,,,,
6212012000013109960,2026-01-15,2026-04-30,TT-2600012,Pulley - Ocean,Billed,Ordinance Engineering Pte Ltd,false,USD,1.000000000000,Standard Template,Pulley - Ocean,,,Ocean Freight,,Finished Goods,1210,14.50,Pulley for 'The GeoRipper' & Husqvarna K770 GeoRipperT/A,6212012000000429044,H1001,810075760491,,810075760491,,,500.00,0.00,200.00,500.00,EA,entity_level,true,0.00,0.0,,,,,,,7250.00,7250.00,0.00,Adjustment,0.00,0.000,,,,,0,Due on Receipt,JJ Harris,815 NE 172nd Avenue,Vancouver,Washington,U.S.A,98684,877-694-0141,,,,,,,,,,,,,
6212012000013202009,2025-12-31,,TT-2600013,BLANKET CTB / 1500 / 9001,Billed,Ordinance Engineering Pte Ltd,false,USD,1.000000000000,Standard Template,BLANKET CTB / 1500 / 9001,,,,,Finished Goods,1210,6.80,Chain Tension Block,6212012000000428914,GR8.1-21A,,,,,"S375 Steel, Black Zinc Plating",250.00,0.00,250.00,250.00,pcs,entity_level,true,0.00,0.0,,,,,,,1700.00,6172.50,0.00,Adjustment,0.00,0.000,,,,,0,Due on Receipt,JJ Harris,815 NE 172nd Avenue,Vancouver,Washington,U.S.A,98684,877-694-0141,,,,,,,,,,,,,
6212012000013202009,2025-12-31,,TT-2600013,BLANKET CTB / 1500 / 9001,Billed,Ordinance Engineering Pte Ltd,false,USD,1.000000000000,Standard Template,BLANKET CTB / 1500 / 9001,,,,,Finished Goods,1210,11.55,GeoRipper Minitrencher 6-Tooth Nose Sprocket with Bearing,6212012000000434131,MT1500,810075760095,20A,810075760095,,,250.00,0.00,250.00,250.00,Kit,entity_level,true,0.00,0.0,,,,,,,2887.50,6172.50,0.00,Adjustment,0.00,0.000,,,,,0,Due on Receipt,JJ Harris,815 NE 172nd Avenue,Vancouver,Washington,U.S.A,98684,877-694-0141,,,,,,,,,,,,,
6212012000013202009,2025-12-31,,TT-2600013,BLANKET CTB / 1500 / 9001,Billed,Ordinance Engineering Pte Ltd,false,USD,1.000000000000,Standard Template,BLANKET CTB / 1500 / 9001,,,,,Finished Goods,1210,6.34,Minitrencher Drive Sprocket for GeoRipper and GeoRipper(R)T/A,6212012000000429254,MT9001,810075760255,,810075760255,,,250.00,0.00,250.00,250.00,EA,entity_level,true,0.00,0.0,,,,,,,1585.00,6172.50,0.00,Adjustment,0.00,0.000,,,,,0,Due on Receipt,JJ Harris,815 NE 172nd Avenue,Vancouver,Washington,U.S.A,98684,877-694-0141,,,,,,,,,,,,,
6212012000013202083,2026-01-19,,TT-2600014,EZ Kart Handle Spring | Velcro Strap,Issued,Ordinance Engineering Pte Ltd,false,USD,1.000000000000,Standard Template,EZ Kart Handle Spring | Velcro Strap,"You will need these for EZ Karts, but I need less than MOQ for finishing up what I have here. We can talk about where to find spring and velcro.",,,,Finished Goods,1210,1.40,EZ Kart - Lower Throttle - Velcro Strap,6212012000000427347,EZ3.4,,,,,,100.00,0.00,100.00,0.00,pcs,entity_level,true,0.00,0.0,,,,,,,140.00,1237.50,0.00,Adjustment,0.00,0.000,,,,,0,Due on Receipt,JJ Harris,815 NE 172nd Avenue,Vancouver,Washington,U.S.A,98684,877-694-0141,,,,,,,,,,,,,
6212012000013202083,2026-01-19,,TT-2600014,EZ Kart Handle Spring | Velcro Strap,Issued,Ordinance Engineering Pte Ltd,false,USD,1.000000000000,Standard Template,EZ Kart Handle Spring | Velcro Strap,"You will need these for EZ Karts, but I need less than MOQ for finishing up what I have here. We can talk about where to find spring and velcro.",,,,Finished Goods,1210,3.50,EZ Kart - Handle Spring,6212012000000428600,EZ1.10,,,,,,125.00,0.00,105.00,0.00,pcs,entity_level,true,0.00,0.0,,,,,,,437.50,1237.50,0.00,Adjustment,0.00,0.000,,,,,0,Due on Receipt,JJ Harris,815 NE 172nd Avenue,Vancouver,Washington,U.S.A,98684,877-694-0141,,,,,,,,,,,,,
6212012000013202083,2026-01-19,,TT-2600014,EZ Kart Handle Spring | Velcro Strap,Issued,Ordinance Engineering Pte Ltd,false,USD,1.000000000000,Standard Template,EZ Kart Handle Spring | Velcro Strap,"You will need these for EZ Karts, but I need less than MOQ for finishing up what I have here. We can talk about where to find spring and velcro.",,,,Finished Goods,1210,4.40,EZ Kart Lower Throttle Housing,6212012000000428678,EZ6.1,,,,,,150.00,0.00,0.00,0.00,EA,entity_level,true,0.00,0.0,,,,,,,660.00,1237.50,0.00,Adjustment,0.00,0.000,,,,,0,Due on Receipt,JJ Harris,815 NE 172nd Avenue,Vancouver,Washington,U.S.A,98684,877-694-0141,,,,,,,,,,,,,
6212012000014282553,2026-01-21,2026-01-28,TT-2600015,EZ Kart handles/Axles,Billed,"Mr. Powder Kote, LLC",false,USD,1.000000000000,Standard Template,EZ Kart handles/Axles,,,,,GeoRipper - Part,5100,3.35,EZ Kart - Upper Handle Bright Green Powder Coating,6212012000000427310,EZ1.3P,,,,,,50.00,0.00,0.00,50.00,pcs,entity_level,true,0.00,0.0,,,,,,,167.50,395.00,0.00,Adjustment,0.00,0.000,,,,,15,Net 15,JJ Harris,815 NE 172nd Avenue,Vancouver,Washington,U.S.A,98684,877-694-0141,,,,,,,,,,,,,
6212012000014282553,2026-01-21,2026-01-28,TT-2600015,EZ Kart handles/Axles,Billed,"Mr. Powder Kote, LLC",false,USD,1.000000000000,Standard Template,EZ Kart handles/Axles,,,,,GeoRipper - Part,5100,2.15,EZ Kart - Lower Handle Bright Green Powder Coat,6212012000000427299,EZ1.2P,,,,,,50.00,0.00,0.00,50.00,pcs,entity_level,true,0.00,0.0,,,,,,,107.50,395.00,0.00,Adjustment,0.00,0.000,,,,,15,Net 15,JJ Harris,815 NE 172nd Avenue,Vancouver,Washington,U.S.A,98684,877-694-0141,,,,,,,,,,,,,
6212012000014282553,2026-01-21,2026-01-28,TT-2600015,EZ Kart handles/Axles,Billed,"Mr. Powder Kote, LLC",false,USD,1.000000000000,Standard Template,EZ Kart handles/Axles,,,,,GeoRipper - Part,5100,5.00,,,,,,,,EZ1.1 Black powder coat BK08,24.00,0.00,0.00,24.00,,entity_level,true,0.00,0.0,,,,,,,120.00,395.00,0.00,Adjustment,0.00,0.000,,,,,15,Net 15,JJ Harris,815 NE 172nd Avenue,Vancouver,Washington,U.S.A,98684,877-694-0141,,,,,,,,,,,,,
6212012000014397382,2026-01-22,,TT-2600016,7327098,Billed,"Makita USA, Inc.",false,USD,1.000000000000,Standard Template,7327098,Invoice Due Date 03/24/26,,,,Finished Goods,1210,1.40,"KEY, EK7301",6212012000014397369,254042-8,,,,,,1.00,0.00,1.00,1.00,EA,entity_level,true,0.00,0.0,,,,,,,1.37,174.64,0.00,Adjustment,2.00,0.0,Purchase Discounts,9000,,,0,Due on Receipt,JJ Harris,815 NE 172nd Avenue,Vancouver,Washington,U.S.A,98684,877-694-0141,,,,,,,,,,,,,
6212012000014397382,2026-01-22,,TT-2600016,7327098,Billed,"Makita USA, Inc.",false,USD,1.000000000000,Standard Template,7327098,Invoice Due Date 03/24/26,,,,Finished Goods,1210,14.44,Air Filter EK8100,6212012000000426844,424701-0,,,,,,5.00,0.00,5.00,5.00,EA,entity_level,true,0.00,0.0,,,,,,,70.76,174.64,0.00,Adjustment,2.00,0.0,Purchase Discounts,9000,,,0,Due on Receipt,JJ Harris,815 NE 172nd Avenue,Vancouver,Washington,U.S.A,98684,877-694-0141,,,,,,,,,,,,,
6212012000014397382,2026-01-22,,TT-2600016,7327098,Billed,"Makita USA, Inc.",false,USD,1.000000000000,Standard Template,7327098,Invoice Due Date 03/24/26,,,,Finished Goods,1210,5.23,Sparkplug BPMR7A EK6101 EK8100,6212012000000427040,965-603-021,,,,,,20.00,0.00,20.00,20.00,EA,entity_level,true,0.00,0.0,,,,,,,102.51,174.64,0.00,Adjustment,2.00,0.0,Purchase Discounts,9000,,,0,Due on Receipt,JJ Harris,815 NE 172nd Avenue,Vancouver,Washington,U.S.A,98684,877-694-0141,,,,,,,,,,,,,
6212012000014400698,2026-01-22,,TT-2600017,SiBore Steel,Billed,PDM Steel Service Centers Inc.,false,USD,1.000000000000,Standard Template,SiBore Steel,,,,,Inventory Asset,,32.465,"SiBore Drill 1-1/4 x .120 x 20'-0"" HREW Tube A513TI",6212012000000430170,SB0115,,,,,45.89/P PDM Steel,40.00,0.00,40.00,40.00,EA,entity_level,true,0.00,0.0,,,,,,,1298.60,3794.91,0.00,Adjustment,0.00,0.000,,,,,30,Net 30,JJ Harris,815 NE 172nd Avenue,Vancouver,Washington,U.S.A,98684,877-694-0141,,,,,,,,,,,,,
6212012000014400698,2026-01-22,,TT-2600017,SiBore Steel,Billed,PDM Steel Service Centers Inc.,false,USD,1.000000000000,Standard Template,SiBore Steel,,,,,Inventory Asset,,80.63,"SiBore Drill 1-1/2 x .120 x 20'-0"" HREW Tube A513T1",6212012000000430183,SB0116,,,,,,1.00,0.00,1.00,1.00,EA,entity_level,true,0.00,0.0,,,,,,,80.63,3794.91,0.00,Adjustment,0.00,0.000,,,,,30,Net 30,JJ Harris,815 NE 172nd Avenue,Vancouver,Washington,U.S.A,98684,877-694-0141,,,,,,,,,,,,,
6212012000014400698,2026-01-22,,TT-2600017,SiBore Steel,Billed,PDM Steel Service Centers Inc.,false,USD,1.000000000000,Standard Template,SiBore Steel,,,,,Inventory Asset,,45.105,"SiBore Drill 3/4"" x 20' Round Stock Drive Shaft",6212012000000430079,SB0108,,,,,3/4 CF Round C-1018 *black* ICB 79-12477,50.00,0.00,50.00,50.00,EA,entity_level,true,0.00,0.0,,,,,,,2255.25,3794.91,0.00,Adjustment,0.00,0.000,,,,,30,Net 30,JJ Harris,815 NE 172nd Avenue,Vancouver,Washington,U.S.A,98684,877-694-0141,,,,,,,,,,,,,
6212012000014400698,2026-01-22,,TT-2600017,SiBore Steel,Billed,PDM Steel Service Centers Inc.,false,USD,1.000000000000,Standard Template,SiBore Steel,,,,,Inventory Asset,,80.215,"SiBore Drill 1""D x 20' CRS Round Stock Main Shaft",6212012000000430066,SB0107,,,,,77.812/P PDM STEEL,2.00,0.00,2.00,2.00,EA,entity_level,true,0.00,0.0,,,,,,,160.43,3794.91,0.00,Adjustment,0.00,0.000,,,,,30,Net 30,JJ Harris,815 NE 172nd Avenue,Vancouver,Washington,U.S.A,98684,877-694-0141,,,,,,,,,,,,,
6212012000014557042,2025-12-13,2025-12-15,TT-2600018,Shopify #3646/DFP15630,Billed,"Amazing Machinery, LLC",false,USD,1.000000000000,Standard Template,Shopify #3646/DFP15630,,,UPS,,Finished Goods,1210,91.12,"20"" Digging Chain (Single Chain)",6212012000000435587,MT4500,810075761177,,,,"(6) 20"" Dig Chains
Fulfilled by Amazing Machinery 
1ZY2K5950325075860",6.00,0.00,0.00,6.00,Kit,entity_level,true,0.00,0.0,,,,,,,546.72,546.72,0.00,Adjustment,0.00,0.000,,,,,0,Due on Receipt,,,,,,,,Sid Gaskins,4744 Celia Creek Road,Lenoir,NC,U.S.A,28645,(828) 244-9765,,,,,,
6212012000014563208,2026-01-26,,TT-2600019,Shopify #3369/DFP2600021,Billed,Sprinkler World,false,USD,1.000000000000,Standard Template,Shopify #3369/DFP2600021,,,UPS,,Finished Goods,1210,180.00,"GeoRipper Minitrencher 20"" Wide Digging Chain",6212012000000435614,MT4550,810075760217,22A,810075760217,,1ZY2K5950302050241,1.00,0.00,0.00,1.00,Kit,entity_level,true,0.00,0.0,,,,,,,180.00,180.00,0.00,Adjustment,0.00,0.000,,,,,30,Net 30,,,,,,,,Christopher Gaut,8207 N 178th Ave,Waddell,AZ,U.S.A,85355,'+1-6026632268,,,,,,
6212012000014557111,2026-01-19,2026-01-20,TT-2600020,Shopify #3684 / DFP2600076,Billed,Alfieri Sons Irrigation,false,USD,1.000000000000,Standard Template,Shopify #3684 / DFP2600076,,,UPS,,Finished Goods,1210,121.50,"27"" Digging Chain (Single Chain)",6212012000000435645,MT4700,,,,,"Fulfilled by Alfieri Sons Irrigation
1ZY2K5959040728249",2.00,0.00,0.00,2.00,Kit,entity_level,true,0.00,0.0,,,,,,,243.00,243.00,0.00,Adjustment,0.00,0.000,,,,,0,Due on Receipt,,,,,,,,Mark Odachowski,12507 Sunset Ave. Unit 14D,Ocean City,MD,U.S.A,21842,'+1-4102132658,,,,,,
6212012000014557173,2026-01-22,2026-01-23,TT-2600021,Shopify #3686 / DFP2600092,Billed,Horizon Distributors,false,USD,1.000000000000,Standard Template,Shopify #3686 / DFP2600092,,,UPS,,Finished Goods,1210,73.26,GeoRipper Minitrencher 6-Tooth Nose Sprocket with Bearing,6212012000000434131,MT1500,810075760095,20A,810075760095,,"​Replace using Permatex 25210 High Strength Removable Threadlocker Orange. 3X the strength of Blue Thread locker. Ideal for High Vibration Applications

1ZY2K5950307273055",2.00,0.00,0.00,2.00,Kit,entity_level,true,0.00,0.0,,,,,,,146.52,146.52,0.00,Adjustment,0.00,0.000,,,,,0,Due on Receipt,,,,,,,,William Casey,83040 Dismal River Trail,Mullen,NE,U.S.A,69152,'+1-3085469211,,,,,,
6212012000014662001,2026-01-27,2026-02-05,TT-2600022,Boxes,Billed,SupplyOne Northwest,false,USD,1.000000000000,Standard Template,Boxes,,,,,Finished Goods,1210,3.05,Single Chain Box,6212012000000430965,BX-12,,,,,1000ct price CCBOX # 184432,1640.00,0.00,1640.00,1640.00,EA,entity_level,true,0.00,0.0,,,,,,,5002.00,5002.00,0.00,Adjustment,0.00,0.000,,,,,30,1%10NET30,JJ Harris,815 NE 172nd Avenue,Vancouver,Washington,U.S.A,98684,877-694-0141,,,,,,,,,,,,,
6212012000014726484,2026-01-28,2026-02-04,TT-2600023,SB3200,Billed,"Mr. Powder Kote, LLC",false,USD,1.000000000000,Standard Template,SB3200,,,,,GeoRipper - Part,5100,5.00,,,,,,,,"powder kote SB3200
PMS 375C Bright Green",40.00,0.00,0.00,40.00,,entity_level,true,0.00,0.0,,,,,,,200.00,235.00,0.00,Adjustment,0.00,0.000,,,,,15,Net 15,JJ Harris,815 NE 172nd Avenue,Vancouver,Washington,U.S.A,98684,877-694-0141,,,,,,,,,,,,,
6212012000014726484,2026-01-28,2026-02-04,TT-2600023,SB3200,Billed,"Mr. Powder Kote, LLC",false,USD,1.000000000000,Standard Template,SB3200,,,,,SiBore Drill - Part,5300,3.50,,,,,,,,Powder coating Makita motor mount Green,10.00,0.00,0.00,10.00,,entity_level,true,0.00,0.0,,,,,,,35.00,235.00,0.00,Adjustment,0.00,0.000,,,,,15,Net 15,JJ Harris,815 NE 172nd Avenue,Vancouver,Washington,U.S.A,98684,877-694-0141,,,,,,,,,,,,,
6212012000017054141,2026-02-04,,TT-2600024,Shopify #3690 / DFP2600130,Billed,"Amazing Machinery, LLC",false,USD,1.000000000000,Standard Template,Shopify #3690 / DFP2600130,,,UPS,,Finished Goods,1210,1999.99,The GeoRipper 16,6212012000000444881,GR416,,,,,"Fulfilled by Amazing Machinery
1ZY2K5959040164410",1.00,0.00,0.00,1.00,Kit,entity_level,true,0.00,0.0,,,,,,,1799.99,1799.99,0.00,Adjustment,10.00,0.0,Purchase Discounts,9000,,,0,Due on Receipt,,,,,,,,Jagun Wilson,250 Traditions Lane,Hampton,GA,U.S.A,30228,'+1-4049803999,,,,,,
6212012000018310858,2026-02-19,,TT-2600188,Shopify #3703/DFP2600188,Billed,"Amazing Machinery, LLC",false,USD,1.000000000000,Standard Template,Shopify #3703/DFP2600188,,,UPS,,Finished Goods,1210,90.00,"16"" Digging Chain (Single Chain)",6212012000000435529,MT4400,,,,,,1.00,0.00,0.00,1.00,EA,entity_level,true,0.00,0.0,,,,,,,90.00,1889.99,0.00,Adjustment,0.00,0.000,,,,,0,Due on Receipt,,,,,,,,Austin Blackburn,1725 Northfield Dr,Maryville,TN,U.S.A,37804,'+1-8652426577,,,,,,
6212012000018310858,2026-02-19,,TT-2600188,Shopify #3703/DFP2600188,Billed,"Amazing Machinery, LLC",false,USD,1.000000000000,Standard Template,Shopify #3703/DFP2600188,,,UPS,,Finished Goods,1210,1799.99,The GeoRipper 16,6212012000000444881,GR416,,,,,PO #2026-001,1.00,0.00,0.00,1.00,Kit,entity_level,true,0.00,0.0,,,,,,,1799.99,1889.99,0.00,Adjustment,0.00,0.000,,,,,0,Due on Receipt,,,,,,,,Austin Blackburn,1725 Northfield Dr,Maryville,TN,U.S.A,37804,'+1-8652426577,,,,,,
6212012000018315318,2026-02-19,,TT-2600189,Shopify #3702/DFP2600189,Billed,Spring Brook Supply,false,USD,1.000000000000,Standard Template,Shopify #3702/DFP2600189,,,UPS,,Finished Goods,1210,19.80,GeoRipper Trencher Bar Clamp Assembly,6212012000000434165,MT2000,810075760224,21A,810075760224,,,1.00,0.00,0.00,1.00,kit,entity_level,true,0.00,0.0,,,,,,,19.80,113.85,0.00,Adjustment,0.00,0.000,,,,,0,Due on Receipt,,,,,,,,WLM,4948 N State Rd 15,Warsaw,IN,U.S.A,46582,'+1-574-268-2566,,,,,,
6212012000018315318,2026-02-19,,TT-2600189,Shopify #3702/DFP2600189,Billed,Spring Brook Supply,false,USD,1.000000000000,Standard Template,Shopify #3702/DFP2600189,,,UPS,,Finished Goods,1210,94.05,Minitrencher Drive Sprocket for 6 Series Trencher,6212012000000429293,MT9601,,,,,,1.00,0.00,0.00,1.00,EA,entity_level,true,0.00,0.0,,,,,,,94.05,113.85,0.00,Adjustment,0.00,0.000,,,,,0,Due on Receipt,,,,,,,,WLM,4948 N State Rd 15,Warsaw,IN,U.S.A,46582,'+1-574-268-2566,,,,,,
6212012000018315998,2026-02-19,,TT-2600196,Shopify #3705/DFP2600196,Billed,"Amazing Machinery, LLC",false,USD,1.000000000000,Standard Template,Shopify #3705/DFP2600196,,,UPS,,Finished Goods,1210,85.00,"27"" Digging Chain (Single Chain)",6212012000000435645,MT4700,,,,,,2.00,0.00,0.00,2.00,Kit,entity_level,true,0.00,0.0,,,,,,,170.00,170.00,0.00,Adjustment,0.00,0.000,,,,,0,Due on Receipt,,,,,,,,Justin Wojciechowski,37070 Highway 95 N,Greenback,TN,U.S.A,37742,'+1-865-740-1125,,,,,,
6212012000018320142,2026-02-19,,TT-2600203,Shopify #3708/DFP2600203,Billed,"Amazing Machinery, LLC",false,USD,1.000000000000,Standard Template,Shopify #3708/DFP2600203,,,UPS,,Finished Goods,1210,112.50,"20"" Digging Chain (Single Chain)",6212012000000435587,MT4500,810075761177,,,,,2.00,0.00,0.00,2.00,Kit,entity_level,true,0.00,0.0,,,,,,,225.00,225.00,0.00,Adjustment,0.00,0.000,,,,,0,Due on Receipt,,,,,,,,Lindsey Poppas,63 N Troy Ave,Stanford,KY,U.S.A,40484,'+1-859-209-2065,,,,,,
6212012000018379507,2026-02-20,,TT-2600026,07349591,Billed,"Makita USA, Inc.",false,USD,1.000000000000,Standard Template,07349591,FedEx Tracking # 497113029808,,,,Finished Goods,1210,49.05,Pulley EK6101 Makita,6212012000000426649,222188-8,,,,,Makita Part: 222188-8,10.00,0.00,10.00,10.00,EA,entity_level,true,0.00,0.0,,,,,,,480.69,597.60,0.00,Adjustment,0.00,12.200,Purchase Discounts,9000,,,0,Due on Receipt,JJ Harris,815 NE 172nd Avenue,Vancouver,Washington,U.S.A,98684,877-694-0141,,,,,,,,,,,,,
6212012000018379507,2026-02-20,,TT-2600026,07349591,Billed,"Makita USA, Inc.",false,USD,1.000000000000,Standard Template,07349591,FedEx Tracking # 497113029808,,,,Finished Goods,1210,6.94,"NEEDLE CAGE, EK6101",6212012000018379494,212164-0,,,,,,1.00,0.00,1.00,1.00,EA,entity_level,true,0.00,0.0,,,,,,,6.80,597.60,0.00,Adjustment,0.00,12.200,Purchase Discounts,9000,,,0,Due on Receipt,JJ Harris,815 NE 172nd Avenue,Vancouver,Washington,U.S.A,98684,877-694-0141,,,,,,,,,,,,,
6212012000018379507,2026-02-20,,TT-2600026,07349591,Billed,"Makita USA, Inc.",false,USD,1.000000000000,Standard Template,07349591,FedEx Tracking # 497113029808,,,,Finished Goods,1210,28.09,Clutch EK6101,6212012000000426051,168510-4,,,,,,4.00,0.00,4.00,4.00,EA,entity_level,true,0.00,0.0,,,,,,,110.11,597.60,0.00,Adjustment,0.00,12.200,Purchase Discounts,9000,,,0,Due on Receipt,JJ Harris,815 NE 172nd Avenue,Vancouver,Washington,U.S.A,98684,877-694-0141,,,,,,,,,,,,,
6212012000018486023,2026-02-25,2026-03-04,TT-2600027,,Billed,"Mr. Powder Kote, LLC",false,USD,1.000000000000,Standard Template,,,,,,GeoRipper - Part,5100,5.00,Safety Bar PowderCoat - 500 Series GeoRipperT/A,6212012000000428344,MT7502,,,,,"20"" safety Bar green",211.00,0.00,0.00,211.00,EA,entity_level,true,0.00,0.0,,,,,,,1055.00,2921.00,0.00,Adjustment,0.00,0.000,,,,,15,Net 15,JJ Harris,815 NE 172nd Avenue,Vancouver,Washington,U.S.A,98684,877-694-0141,,,,,,,,,,,,,
6212012000018486023,2026-02-25,2026-03-04,TT-2600027,,Billed,"Mr. Powder Kote, LLC",false,USD,1.000000000000,Standard Template,,,,,,GeoRipper - Part,5100,5.00,Safety Bar PowderCoat - 500 Series GeoRipperT/A,6212012000000428344,MT7502,,,,,"16"" safety bar green",339.00,0.00,0.00,339.00,EA,entity_level,true,0.00,0.0,,,,,,,1695.00,2921.00,0.00,Adjustment,0.00,0.000,,,,,15,Net 15,JJ Harris,815 NE 172nd Avenue,Vancouver,Washington,U.S.A,98684,877-694-0141,,,,,,,,,,,,,
6212012000018486023,2026-02-25,2026-03-04,TT-2600027,,Billed,"Mr. Powder Kote, LLC",false,USD,1.000000000000,Standard Template,,,,,,SiBore Drill - Part,5300,3.50,,,,,,,,Makita Motor adapter for SiBore green,10.00,0.00,0.00,10.00,,entity_level,true,0.00,0.0,,,,,,,35.00,2921.00,0.00,Adjustment,0.00,0.000,,,,,15,Net 15,JJ Harris,815 NE 172nd Avenue,Vancouver,Washington,U.S.A,98684,877-694-0141,,,,,,,,,,,,,
6212012000018486023,2026-02-25,2026-03-04,TT-2600027,,Billed,"Mr. Powder Kote, LLC",false,USD,1.000000000000,Standard Template,,,,,,SiBore Drill - Part,5300,3.50,,,,,,,,SiBore electric driveshaft green,16.00,0.00,0.00,16.00,,entity_level,true,0.00,0.0,,,,,,,56.00,2921.00,0.00,Adjustment,0.00,0.000,,,,,15,Net 15,JJ Harris,815 NE 172nd Avenue,Vancouver,Washington,U.S.A,98684,877-694-0141,,,,,,,,,,,,,
6212012000018486023,2026-02-25,2026-03-04,TT-2600027,,Billed,"Mr. Powder Kote, LLC",false,USD,1.000000000000,Standard Template,,,,,,GeoRipper - Part,5100,5.00,,,,,,,,EZ-Kart axles BK08,16.00,0.00,0.00,16.00,,entity_level,true,0.00,0.0,,,,,,,80.00,2921.00,0.00,Adjustment,0.00,0.000,,,,,15,Net 15,JJ Harris,815 NE 172nd Avenue,Vancouver,Washington,U.S.A,98684,877-694-0141,,,,,,,,,,,,,
6212012000018623750,2026-02-27,,TT-2600028,7354446,Billed,"Makita USA, Inc.",false,USD,1.000000000000,Standard Template,7354446,,,,,Finished Goods,1210,8.58,Primer - EK6101,6212012000000425830,168398-2,,,,,"PRIMER PUMP, EK7651H",5.00,0.00,5.00,5.00,EA,entity_level,true,0.00,0.0,,,,,,,42.90,99.20,0.00,Adjustment,0.00,0.000,,,,,0,Due on Receipt,JJ Harris,815 NE 172nd Avenue,Vancouver,Washington,U.S.A,98684,877-694-0141,,,,,,,,,,,,,
6212012000018623750,2026-02-27,,TT-2600028,7354446,Billed,"Makita USA, Inc.",false,USD,1.000000000000,Standard Template,7354446,,,,,Finished Goods,1210,3.75,"SEAL, EK7651H",6212012000018623737,424418-5,,,,,,1.00,0.00,1.00,1.00,EA,entity_level,true,0.00,0.0,,,,,,,3.75,99.20,0.00,Adjustment,0.00,0.000,,,,,0,Due on Receipt,JJ Harris,815 NE 172nd Avenue,Vancouver,Washington,U.S.A,98684,877-694-0141,,,,,,,,,,,,,
6212012000018623750,2026-02-27,,TT-2600028,7354446,Billed,"Makita USA, Inc.",false,USD,1.000000000000,Standard Template,7354446,,,,,Finished Goods,1210,10.51,Sparkplug EK7651H,6212012000000426064,168652-4,,,,,,5.00,0.00,5.00,5.00,EA,entity_level,true,0.00,0.0,,,,,,,52.55,99.20,0.00,Adjustment,0.00,0.000,,,,,0,Due on Receipt,JJ Harris,815 NE 172nd Avenue,Vancouver,Washington,U.S.A,98684,877-694-0141,,,,,,,,,,,,,
6212012000018804788,2026-02-27,,TT-2600029,Shopify #3714/DFP2600236,Billed,Alfieri Sons Irrigation,false,USD,1.000000000000,Standard Template,Shopify #3714/DFP2600236,,,UPS,,Finished Goods,1210,94.05,Minitrencher Drive Sprocket for 6 Series Trencher,6212012000000429293,MT9601,,,,,,1.00,0.00,0.00,1.00,EA,entity_level,true,0.00,0.0,,,,,,,94.05,94.05,0.00,Adjustment,0.00,0.000,,,,,0,Due on Receipt,,,,,,,,Jake Zuydendorp,22700 S Moore Rd,Peculiar,MO,U.S.A,64078-8921,'+1-8164192935,,,,,,
6212012000018804915,2026-02-27,,TT-2600030,Shopify #3711/DFP2600223,Billed,Alfieri Sons Irrigation,false,USD,1.000000000000,Standard Template,Shopify #3711/DFP2600223,,,UPS,,Finished Goods,1210,112.50,"20"" Digging Chain (Single Chain)",6212012000000435587,MT4500,810075761177,,,,,2.00,0.00,0.00,2.00,Kit,entity_level,true,0.00,0.0,,,,,,,225.00,225.00,0.00,Adjustment,0.00,0.000,,,,,0,Due on Receipt,,,,,,,,Kye Jensen Jensen Irrigation LLC,801 Birch St,Buffalo,WY,U.S.A,82834,'+1-307-217-2705,,,,,,
6212012000018816982,2026-03-03,,TT-2600031,SO-2600240,Billed,Alfieri Sons Irrigation,false,USD,1.000000000000,Standard Template,SO-2600240,,,UPS,,Finished Goods,1210,202.50,GeoRipper(R) 16-Inch R.I.P. Kit,6212012000000438740,MTRIP400,,,,,,1.00,0.00,0.00,1.00,Kit,entity_level,true,0.00,0.0,,,,,,,202.50,202.50,0.00,Adjustment,0.00,0.000,,,,,0,Due on Receipt,,,,,,,,Archi's cleaning LLC,18144 Redden Rd,Georgetown,DE,U.S.A,19947,'+1-3024108279,,,,,,
6212012000018853652,2026-03-04,2026-03-13,TT-2600032,EZ axels,Billed,"Mr. Powder Kote, LLC",false,USD,1.000000000000,Standard Template,EZ axels,,,,,GeoRipper - Part,5100,5.00,,,,,,,,"EZ1.1 Black powder coat BK08
",15.00,0.00,0.00,15.00,,entity_level,true,0.00,0.0,,,,,,,75.00,75.00,0.00,Adjustment,0.00,0.000,,,,,0,Due on Receipt,JJ Harris,815 NE 172nd Avenue,Vancouver,Washington,U.S.A,98684,877-694-0141,,,,,,,,,,,,,
6212012000018901038,2026-03-05,2026-03-16,TT-2600033,Boxes,Billed,SupplyOne Northwest,false,USD,1.000000000000,Standard Template,Boxes,,,,,Finished Goods,1210,9.52,"Small GeoRipper Box ""A""",6212012000000427079,BX-4,,,,,CCBOX ID: OUTER A,376.00,0.00,376.00,376.00,EA,entity_level,true,0.00,0.0,,,,,,,3579.52,6307.52,0.00,Adjustment,0.00,0.000,,,,,30,1%10NET30,JJ Harris,815 NE 172nd Avenue,Vancouver,Washington,U.S.A,98684,877-694-0141,,,,,,,,,,,,,
6212012000018901038,2026-03-05,2026-03-16,TT-2600033,Boxes,Billed,SupplyOne Northwest,false,USD,1.000000000000,Standard Template,Boxes,,,,,Finished Goods,1210,2.09,"GeoRipper Box ""Stabilizer""",6212012000000427092,BX-5,,,,,,746.00,0.00,746.00,746.00,EA,entity_level,true,0.00,0.0,,,,,,,1559.14,6307.52,0.00,Adjustment,0.00,0.000,,,,,30,1%10NET30,JJ Harris,815 NE 172nd Avenue,Vancouver,Washington,U.S.A,98684,877-694-0141,,,,,,,,,,,,,
6212012000018901038,2026-03-05,2026-03-16,TT-2600033,Boxes,Billed,SupplyOne Northwest,false,USD,1.000000000000,Standard Template,Boxes,,,,,Finished Goods,1210,4.62,GeoRipper Box Tray,6212012000000427105,BX-6,,,,,,253.00,0.00,253.00,253.00,EA,entity_level,true,0.00,0.0,,,,,,,1168.86,6307.52,0.00,Adjustment,0.00,0.000,,,,,30,1%10NET30,JJ Harris,815 NE 172nd Avenue,Vancouver,Washington,U.S.A,98684,877-694-0141,,,,,,,,,,,,,
6212012000018919516,2026-03-05,2026-03-12,TT-2600034,Augers / Engines,Partially Billed,General Equipment,false,USD,1.000000000000,Standard Template,Augers / Engines,,,,,Finished Goods,1210,791.70,SiBore Drill - General Epic 242SBD Auger,6212012000000429754,SB242SBD,,,,,General Part No. 242SBD,10.00,0.00,10.00,10.00,EA,entity_level,true,0.00,0.0,,,,,,,7917.00,12347.52,0.00,Adjustment,0.00,0.000,,,,,30,Net 30,JJ Harris,815 NE 172nd Avenue,Vancouver,Washington,U.S.A,98684,877-694-0141,,,,,,,,,,,,,
6212012000018919516,2026-03-05,2026-03-12,TT-2600034,Augers / Engines,Partially Billed,General Equipment,false,USD,1.000000000000,Standard Template,Augers / Engines,,,,,Finished Goods,1210,117.16,"SiBore Drill - 2"" Auger Bit",6212012000000429910,SB2000,,,,,"General Part No. 2350-2E
Paint BLACK",22.00,0.00,22.00,22.00,EA,entity_level,true,0.00,0.0,,,,,,,2577.52,12347.52,0.00,Adjustment,0.00,0.000,,,,,30,Net 30,JJ Harris,815 NE 172nd Avenue,Vancouver,Washington,U.S.A,98684,877-694-0141,,,,,,,,,,,,,
6212012000018919516,2026-03-05,2026-03-12,TT-2600034,Augers / Engines,Partially Billed,General Equipment,false,USD,1.000000000000,Standard Template,Augers / Engines,,,,,Finished Goods,1210,120.64,"SiBore Drill - 4"" Auger Bit",6212012000000429767,SB4000,,,,,"General Part No. 2350-4E
Paint BLACK",10.00,0.00,10.00,10.00,EA,entity_level,true,0.00,0.0,,,,,,,1206.40,12347.52,0.00,Adjustment,0.00,0.000,,,,,30,Net 30,JJ Harris,815 NE 172nd Avenue,Vancouver,Washington,U.S.A,98684,877-694-0141,,,,,,,,,,,,,
6212012000018919516,2026-03-05,2026-03-12,TT-2600034,Augers / Engines,Partially Billed,General Equipment,false,USD,1.000000000000,Standard Template,Augers / Engines,,,,,Freight - COGS,5900,646.60,,,,,,,,FREIGHT CHARGES,1.00,0.00,0.00,0.00,,entity_level,true,0.00,0.0,,,,,,,646.60,12347.52,0.00,Adjustment,0.00,0.000,,,,,30,Net 30,JJ Harris,815 NE 172nd Avenue,Vancouver,Washington,U.S.A,98684,877-694-0141,,,,,,,,,,,,,
6212012000019104101,2026-03-11,,TT-2600035,Shopify #3720/DFP2600268,Billed,The Galloway Group Inc,false,USD,1.000000000000,Standard Template,Shopify #3720/DFP2600268,,,UPS,,Finished Goods,1210,73.26,GeoRipper Minitrencher 6-Tooth Nose Sprocket with Bearing,6212012000000434131,MT1500,810075760095,20A,810075760095,,1ZY2K5950313633958,1.00,0.00,0.00,1.00,Kit,entity_level,true,0.00,0.0,,,,,,,73.26,73.26,0.00,Adjustment,0.00,0.000,,,,,0,Due on Receipt,,,,,,,,Chad Whittaker,5201 Lead Mine Road,Raleigh,NC,U.S.A,27612,919-628-3578,,,,,,
6212012000019199196,2026-03-12,2026-03-12,TT-2600036,Shopify# 3731/DFP2600311,Billed,DBC Irrigation Supply - Littleton,false,USD,1.000000000000,Standard Template,Shopify# 3731/DFP2600311,,,UPS,,Finished Goods,1210,237.60,GeoRipper Minitrencher 20-Inch Digging Bar,6212012000000435699,MT3500,810075760156,22A,810075760156,,,1.00,0.00,0.00,1.00,Kit,entity_level,true,0.00,0.0,,,,,,,237.60,237.60,0.00,Adjustment,0.00,0.000,,,,,0,Due on Receipt,,,,,,,,Jorge Gonzalez,1175 Jewell ln,Rifle,CO,U.S.A,81650,970-355-4523,,,,,,
6212012000019315276,2026-03-16,,TT-2600037,Shopify #3739/DFP2600333,Billed,The Galloway Group Inc,false,USD,1.000000000000,Standard Template,Shopify #3739/DFP2600333,,,UPS,,Finished Goods,1210,253.80,GeoRipper(R) 27-Inch R.I.P. Kit,6212012000000437704,MTRIP700,,,,,,1.00,0.00,0.00,1.00,Kit,entity_level,true,0.00,0.0,,,,,,,253.80,253.80,0.00,Adjustment,0.00,0.000,,,,,0,Due on Receipt,,,,,,,,Ward Electrical LLC,108 Newman Dr,Carrabelle,FL,U.S.A,32322,717-826-3228,,,,,,
6212012000019336267,2026-03-16,,TT-2600038,Shopify #3736/DFP2600330,Billed,Alfieri Sons Irrigation,false,USD,1.000000000000,Standard Template,Shopify #3736/DFP2600330,,,UPS,,Finished Goods,1210,202.50,GeoRipper(R) 16-Inch R.I.P. Kit,6212012000000438740,MTRIP400,,,,,1ZY2K5959041754843,1.00,0.00,0.00,1.00,Kit,entity_level,true,0.00,0.0,,,,,,,202.50,202.50,0.00,Adjustment,0.00,0.000,,,,,0,Due on Receipt,,,,,,,,Grigory Denisov,429 Lenox Ave 20,New York,NY,U.S.A,10037,718-350-1185,,,,,,
6212012000019336421,2026-03-16,,TT-2600039,Shopify #3738/DFP2600332,Billed,Alfieri Sons Irrigation,false,USD,1.000000000000,Standard Template,Shopify #3738/DFP2600332,,,UPS,,Finished Goods,1210,225.00,GeoRipper 620 R.I.P. KIT,6212012000000437679,MTRIP620,,,,,"6-SERIES ONLY
Kit includes: 2 digging chains, 6-tooth nose sprocket, drive sprocket, and con-link
1ZY2K5959042121435",1.00,0.00,0.00,1.00,Kit,entity_level,true,0.00,0.0,,,,,,,225.00,225.00,0.00,Adjustment,0.00,0.000,,,,,0,Due on Receipt,,,,,,,,RK Irrigation LLC,130 Lenox Ave Ste 9,Stamford,CT,U.S.A,06906,203-253-1704,,,,,,
6212012000019336711,2026-03-16,,TT-2600040,Shopify #3722/DFP2600273,Billed,The Galloway Group Inc,false,USD,1.000000000000,Standard Template,Shopify #3722/DFP2600273,,,UPS,,Finished Goods,1210,2519.99,The GeoRipper 27 Includes EZ Kart,6212012000000445997,GR727,,,,,1ZY2K5950336722121,1.00,0.00,0.00,1.00,Kit,entity_level,true,0.00,0.0,,,,,,,2519.99,2519.99,0.00,Adjustment,0.00,0.000,,,,,0,Due on Receipt,,,,,,,,Witt Mechanical Inc.,702 Railroad Avenue,Bedford,VA,U.S.A,24523,'+1-5405879212,,,,,,
6212012000019337134,2026-03-16,,TT-2600041,Shopify #3723 / DFP2600276,Billed,"Rio Seco AG, LLC",false,USD,1.000000000000,Standard Template,Shopify #3723 / DFP2600276,,,UPS,,Finished Goods,1210,2519.99,The GeoRipper 27 Includes EZ Kart,6212012000000445997,GR727,,,,,'*** 6-8 Weeks Lead Time***,1.00,0.00,0.00,1.00,Kit,entity_level,true,0.00,0.0,,,,,,,2519.99,2519.99,0.00,Adjustment,0.00,0.000,,,,,0,Due on Receipt,,,,,,,,Josh McDonald Modernize Power,9477 Greenback Lane,Folsom,CA,U.S.A,95630,'+1-9162134594,,,,,,
6212012000019337367,2026-03-16,,TT-2600042,Shopify #3726/DFP2600290,Billed,The Galloway Group Inc,false,USD,1.000000000000,Standard Template,Shopify #3726/DFP2600290,,,UPS,,Finished Goods,1210,19.58,GeoRipper Trencher Bar Clamp Assembly,6212012000000434165,MT2000,810075760224,21A,810075760224,,,1.00,0.00,0.00,1.00,kit,entity_level,true,0.00,0.0,,,,,,,19.58,222.08,0.00,Adjustment,0.00,0.000,,,,,0,Due on Receipt,,,,,,,,Mark Tilson,8300 County Rd 30A,Port St. Joe,FL,U.S.A,32456,'+1-6785707281,,,,,,
6212012000019337367,2026-03-16,,TT-2600042,Shopify #3726/DFP2600290,Billed,The Galloway Group Inc,false,USD,1.000000000000,Standard Template,Shopify #3726/DFP2600290,,,UPS,,Finished Goods,1210,202.50,GeoRipper(R) 16-Inch R.I.P. Kit,6212012000000438740,MTRIP400,,,,,1ZY2K5950308852043,1.00,0.00,0.00,1.00,Kit,entity_level,true,0.00,0.0,,,,,,,202.50,222.08,0.00,Adjustment,0.00,0.000,,,,,0,Due on Receipt,,,,,,,,Mark Tilson,8300 County Rd 30A,Port St. Joe,FL,U.S.A,32456,'+1-6785707281,,,,,,
6212012000019344147,2026-03-17,,TT-2600043,Shopify #3741/DFP2600348,Billed,Alfieri Sons Irrigation,false,USD,1.000000000000,Standard Template,Shopify #3741/DFP2600348,,,UPS,,Finished Goods,1210,225.00,GeoRipper 620 R.I.P. KIT,6212012000000437679,MTRIP620,,,,,"6-SERIES ONLY
Kit includes: 2 digging chains, 6-tooth nose sprocket, drive sprocket, and con-link",1.00,0.00,0.00,1.00,Kit,entity_level,true,0.00,0.0,,,,,,,225.00,225.00,0.00,Adjustment,0.00,0.000,,,,,0,Due on Receipt,,,,,,,,"Millbrook Lawn Sprinklers, LLC",1717 Highway 34,Wall Township,NJ,U.S.A,07727,'+1-848-448-2362,,,,,,
6212012000019377354,2026-03-17,2026-06-17,TT-2600044,35CC Engines with 975C Green Covers,Issued,Linyi Zhuxin Machinery Co. LTD,false,USD,1.000000000000,Standard Template,35CC Engines with 975C Green Covers,"30% Deposit $1,455.00",,Ocean Freight,,Finished Goods,1210,46.50,35CC 4-Stroke Engine,6212012000019377313,SB35CC,,,,,"Side Exhaust Port, Bright Green Cover
S/N Start: 2026",100.00,0.00,0.00,0.00,EA,entity_level,true,0.00,0.0,,,,,,,4650.00,4850.00,0.00,Adjustment,0.00,0.000,,,,,0,Due on Receipt,JJ Harris,815 NE 172nd Avenue,Vancouver,Washington,U.S.A,98684,877-694-0141,,,,,,,,,,,,,
6212012000019377354,2026-03-17,2026-06-17,TT-2600044,35CC Engines with 975C Green Covers,Issued,Linyi Zhuxin Machinery Co. LTD,false,USD,1.000000000000,Standard Template,35CC Engines with 975C Green Covers,"30% Deposit $1,455.00",,Ocean Freight,,Inventory Deposits,1225,200.00,,,,,,,,Green Cover Deposit,1.00,0.00,0.00,0.00,,entity_level,true,0.00,0.0,,,,,,,200.00,4850.00,0.00,Adjustment,0.00,0.000,,,,,0,Due on Receipt,JJ Harris,815 NE 172nd Avenue,Vancouver,Washington,U.S.A,98684,877-694-0141,,,,,,,,,,,,,
6212012000019377393,2026-03-17,2026-06-17,TT-2600045,"GR Engines, EA40, Handles Gearbox D520A",Issued,TopweTools,false,USD,1.000000000000,Standard Template,"GR Engines, EA40, Handles Gearbox D520A","30% Deposit $36,369.00",,Ocean Freight,,Finished Goods,1210,220.00,MT7208S - Georipper Engine,6212012000000430288,MT7208,,,,,TopWeTools G7208S Concrete Saw - Specialized with parts removed.,500.00,0.00,0.00,0.00,EA,entity_level,true,0.00,0.0,,,,,,,110000.00,121230.00,0.00,Adjustment,0.00,0.000,,,,,0,Due on Receipt,JJ Harris,815 NE 172nd Avenue,Vancouver,Washington,U.S.A,98684,877-694-0141,,,,,,,,,,,,,
6212012000019377393,2026-03-17,2026-06-17,TT-2600045,"GR Engines, EA40, Handles Gearbox D520A",Issued,TopweTools,false,USD,1.000000000000,Standard Template,"GR Engines, EA40, Handles Gearbox D520A","30% Deposit $36,369.00",,Ocean Freight,,Finished Goods,1210,82.50,EA40 Electric Auger Engine,6212012000019377297,EA40,,,,,"EA40 Battery powered auger - Tool Only.
Use matching Pantone 375C Color for accent color. Confirm before production.",100.00,0.00,0.00,0.00,EA,entity_level,true,0.00,0.0,,,,,,,8250.00,121230.00,0.00,Adjustment,0.00,0.000,,,,,0,Due on Receipt,JJ Harris,815 NE 172nd Avenue,Vancouver,Washington,U.S.A,98684,877-694-0141,,,,,,,,,,,,,
6212012000019377393,2026-03-17,2026-06-17,TT-2600045,"GR Engines, EA40, Handles Gearbox D520A",Issued,TopweTools,false,USD,1.000000000000,Standard Template,"GR Engines, EA40, Handles Gearbox D520A","30% Deposit $36,369.00",,Ocean Freight,,Finished Goods,1210,29.80,SiBore Drill Handle Throttle and Gearbox Assembly,6212012000019377380,SBTHROTTLE,,,,,Parts 1-35 of D520A Earth Auger. Assembled as much as possible. Packaged as a set.,100.00,0.00,0.00,0.00,KIT,entity_level,true,0.00,0.0,,,,,,,2980.00,121230.00,0.00,Adjustment,0.00,0.000,,,,,0,Due on Receipt,JJ Harris,815 NE 172nd Avenue,Vancouver,Washington,U.S.A,98684,877-694-0141,,,,,,,,,,,,,
6212012000019635505,2026-03-24,2026-04-03,TT-2600047,,Billed,Uline,false,USD,1.000000000000,Standard Template,,,,,,Finished Goods,1210,1.289,Blank Chain Box,6212012000000430850,MT95015B,,,,,,100.00,0.00,100.00,100.00,box,entity_level,true,0.00,0.0,6212012000001110373,SALES TAX (WA) 8.9,8.90,11.47,ItemAmount,WASHINGTON,128.90,799.00,0.00,Adjustment,0.00,0.000,,,,,30,Net 30,JJ Harris,815 NE 172nd Avenue,Vancouver,Washington,U.S.A,98684,877-694-0141,,,,,,,,,,,,,
6212012000019635505,2026-03-24,2026-04-03,TT-2600047,,Billed,Uline,false,USD,1.000000000000,Standard Template,,,,,,Finished Goods,1210,5.40,Foam Insert - GeoRipperT/A Box,6212012000000428161,MT0091,,,,,"CCBOX Item # 178017
S-11817B
Instapak® Quick Room Temperature Bulk Packs - #40, 18 x 24""",112.00,0.00,112.00,112.00,EA,entity_level,true,0.00,0.0,6212012000001110373,SALES TAX (WA) 8.9,8.90,53.83,ItemAmount,WASHINGTON,604.80,799.00,0.00,Adjustment,0.00,0.000,,,,,30,Net 30,JJ Harris,815 NE 172nd Avenue,Vancouver,Washington,U.S.A,98684,877-694-0141,,,,,,,,,,,,,
6212012000019882857,2026-03-30,,TT-2600048,Warranty Replacement No Commercial Value,Issued,Ordinance Engineering Pte Ltd,false,USD,1.000000000000,Standard Template,Warranty Replacement No Commercial Value,,,,,Finished Goods,1210,6.34,Minitrencher Drive Sprocket for GeoRipper and GeoRipper(R)T/A,6212012000000429254,MT9001,810075760255,,810075760255,,"Drive sprocket fits all GeoRipper T/As
Warranty Replacement No Commercial Value",12.00,0.00,0.00,0.00,EA,entity_level,true,0.00,0.0,,,,,,,76.08,76.08,0.00,Adjustment,0.00,0.000,,,,,0,Due on Receipt,,,,,,,,Ade Turf Equipment Pty Ltd / Allison Rand,17 Ashley Park Drive,Chelsea Heights,Victoria,Australia,3192,,,,,,,
6212012000019865341,2026-03-30,2026-04-17,TT-2600049,Augers / Engines,Billed,General Equipment,false,USD,1.000000000000,Standard Template,Augers / Engines,"Freight Charges: $1,225.78",,,,Finished Goods,1210,791.70,SiBore Drill - General Epic 242SBD Auger,6212012000000429754,SB242SBD,,,,,General Part No. 242SBD,30.00,0.00,30.00,30.00,EA,entity_level,true,0.00,0.0,,,,,,,23751.00,34550.60,0.00,Adjustment,0.00,0.000,,,,,30,Net 30,JJ Harris,815 NE 172nd Avenue,Vancouver,Washington,U.S.A,98684,877-694-0141,,,,,,,,,,,,,
6212012000019865341,2026-03-30,2026-04-17,TT-2600049,Augers / Engines,Billed,General Equipment,false,USD,1.000000000000,Standard Template,Augers / Engines,"Freight Charges: $1,225.78",,,,Finished Goods,1210,117.16,"SiBore Drill - 2"" Auger Bit",6212012000000429910,SB2000,,,,,"General Part No. 2350-2E
Paint BLACK",40.00,0.00,40.00,40.00,EA,entity_level,true,0.00,0.0,,,,,,,4686.40,34550.60,0.00,Adjustment,0.00,0.000,,,,,30,Net 30,JJ Harris,815 NE 172nd Avenue,Vancouver,Washington,U.S.A,98684,877-694-0141,,,,,,,,,,,,,
6212012000019865341,2026-03-30,2026-04-17,TT-2600049,Augers / Engines,Billed,General Equipment,false,USD,1.000000000000,Standard Template,Augers / Engines,"Freight Charges: $1,225.78",,,,Finished Goods,1210,120.64,"SiBore Drill - 4"" Auger Bit",6212012000000429767,SB4000,,,,,"General Part No. 2350-4E
Paint BLACK",40.00,0.00,40.00,40.00,EA,entity_level,true,0.00,0.0,,,,,,,4825.60,34550.60,0.00,Adjustment,0.00,0.000,,,,,30,Net 30,JJ Harris,815 NE 172nd Avenue,Vancouver,Washington,U.S.A,98684,877-694-0141,,,,,,,,,,,,,
6212012000019865341,2026-03-30,2026-04-17,TT-2600049,Augers / Engines,Billed,General Equipment,false,USD,1.000000000000,Standard Template,Augers / Engines,"Freight Charges: $1,225.78",,,,Finished Goods,1210,128.76,"SiBore Drill - 6"" Auger Bit",6212012000000429780,SB6000,,,,,"General Part No. 2350-6E
Paint Black",10.00,0.00,10.00,10.00,EA,entity_level,true,0.00,0.0,,,,,,,1287.60,34550.60,0.00,Adjustment,0.00,0.000,,,,,30,Net 30,JJ Harris,815 NE 172nd Avenue,Vancouver,Washington,U.S.A,98684,877-694-0141,,,,,,,,,,,,,
6212012000019951026,2026-04-01,2026-10-01,TT-2600050,assembled gr adapter,Issued,Ordinance Engineering Pte Ltd,false,USD,1.000000000000,Standard Template,assembled gr adapter,,,Ocean Freight,,Finished Goods,1210,65.00,GeoRipper Adapter Assembled - No Dirt/Mud,6212012000019942005,GR-ADAPT,,,,,Does not contain dirt deflector or mud flaps,500.00,0.00,1.00,0.00,EA,entity_level,true,0.00,0.0,,,,,,,32500.00,32500.00,0.00,,0.00,0.000,,,,,30,Net 30,,815 NE 172nd Avenue,Vancouver,Washington,U.S.A,98684,877-694-0141,,,,,,,,,,,,,
6212012000020109369,2026-04-07,2026-04-14,TT-2600051,EZ axels/SB3200,Billed,"Mr. Powder Kote, LLC",false,USD,1.000000000000,Standard Template,EZ axels/SB3200,,,,,GeoRipper - Part,5100,5.00,,,,,,,,"EZ1.1 Black powder coat BK08
",40.00,0.00,0.00,40.00,,entity_level,true,0.00,0.0,,,,,,,200.00,450.00,0.00,Adjustment,0.00,0.000,,,,,0,Due on Receipt,JJ Harris,815 NE 172nd Avenue,Vancouver,Washington,U.S.A,98684,877-694-0141,,,,,,,,,,,,,
6212012000020109369,2026-04-07,2026-04-14,TT-2600051,EZ axels/SB3200,Billed,"Mr. Powder Kote, LLC",false,USD,1.000000000000,Standard Template,EZ axels/SB3200,,,,,SiBore Drill - Part,5300,5.00,,,,,,,,"powder kote SB3200
PMS 375C Bright Green",50.00,0.00,0.00,50.00,,entity_level,true,0.00,0.0,,,,,,,250.00,450.00,0.00,Adjustment,0.00,0.000,,,,,0,Due on Receipt,JJ Harris,815 NE 172nd Avenue,Vancouver,Washington,U.S.A,98684,877-694-0141,,,,,,,,,,,,,
6212012000020137005,2026-04-08,2026-04-17,TT-2600052,dirt deflector forming,Billed,Plastic Forming Services,false,USD,1.000000000000,Standard Template,dirt deflector forming,,,,,Finished Goods,1210,10.00,Dirt Deflector,6212012000000429215,MT8001,810075760422,,,,,535.00,0.00,535.00,535.00,pcs,entity_level,true,0.00,0.0,,,,,,,5350.00,5350.00,0.00,Adjustment,0.00,0.000,,,,,0,Due on Receipt,JJ Harris,815 NE 172nd Avenue,Vancouver,Washington,U.S.A,98684,877-694-0141,,,,,,,,,,,,,
6212012000020137077,2026-04-08,2026-07-01,TT-2600053,Bar Clamp Washer Slotted,Issued,Ordinance Engineering Pte Ltd,false,USD,1.000000000000,Standard Template,Bar Clamp Washer Slotted,,,,,Finished Goods,1210,3.09,Bar Clamp Washer - Slotted,6212012000000428901,GR5.2,,,,,,600.00,0.00,50.00,0.00,EA,entity_level,true,0.00,0.0,,,,,,,1854.00,1854.00,0.00,Adjustment,0.00,0.000,,,,,0,Due on Receipt,JJ Harris,815 NE 172nd Avenue,Vancouver,Washington,U.S.A,98684,877-694-0141,,,,,,,,,,,,,
6212012000020153875,2026-04-08,2026-04-22,TT-2600054,6002 Bearings/Connecting link MT4004,Partially Billed,Red Boar Chain & Fastener,false,USD,1.000000000000,Standard Template,6002 Bearings/Connecting link MT4004,,,,,Finished Goods,1210,3.50,Bearing (Sealed) 6002-RS2,6212012000000428810,GR1.2,,,,,,1500.00,0.00,1498.00,1498.00,pcs,entity_level,true,0.00,0.0,,,,,,,5250.00,5922.00,0.00,Adjustment,0.00,0.000,,,,,30,Net 30,JJ Harris,815 NE 172nd Avenue,Vancouver,Washington,U.S.A,98684,877-694-0141,,,,,,,,,,,,,
6212012000020153875,2026-04-08,2026-04-22,TT-2600054,6002 Bearings/Connecting link MT4004,Partially Billed,Red Boar Chain & Fastener,false,USD,1.000000000000,Standard Template,6002 Bearings/Connecting link MT4004,,,,,Finished Goods,1210,0.672,#50H Heavy Connecting Link Spring Clip,6212012000000429176,MT4004,,,,,RedBoarChain Item Code: #50HC/L,1000.00,0.00,1000.00,500.00,EA,entity_level,true,0.00,0.0,,,,,,,672.00,5922.00,0.00,Adjustment,0.00,0.000,,,,,30,Net 30,JJ Harris,815 NE 172nd Avenue,Vancouver,Washington,U.S.A,98684,877-694-0141,,,,,,,,,,,,,
6212012000020244352,2026-04-03,2026-04-07,TT-2600055,EZ1.1,Billed,PDM Steel Service Centers Inc.,false,USD,1.000000000000,Standard Template,EZ1.1,,,,,Finished Goods,1210,4.50,"EZ Kart - Rod 3/4"" (D) X 28"" (L)",6212012000000427131,EZ1.1.1,,,,,Ordered 10 sticks of 20' Rods,80.00,0.00,80.00,80.00,pcs,entity_level,true,0.00,0.0,,,,,,,360.00,360.00,0.00,Adjustment,0.00,0.000,,,,,0,Due on Receipt,JJ Harris,815 NE 172nd Avenue,Vancouver,Washington,U.S.A,98684,877-694-0141,,,,,,,,,,,,,
6212012000020479583,2026-05-04,,TT-2600056,GRS6,Billed,InSync Printing,false,USD,1.000000000000,Standard Template,GRS6,,,,,Finished Goods,1210,0.26,Sticker - GR WARNING,6212012000000427991,GRS6,,,,,,1000.00,0.00,1000.00,1000.00,EA,entity_level,true,0.00,0.0,,,,,,,260.00,640.00,0.00,Adjustment,0.00,0.000,,,,,0,Due on Receipt,JJ Harris,815 NE 172nd Avenue,Vancouver,Washington,U.S.A,98684,877-694-0141,,,,,,,,,,,,,
6212012000020479583,2026-05-04,,TT-2600056,GRS6,Billed,InSync Printing,false,USD,1.000000000000,Standard Template,GRS6,,,,,Finished Goods,1210,0.38,Sticker - 811 - Call Before You Dig,6212012000000427952,GRS3,,,,,,1000.00,0.00,1000.00,1000.00,EA,entity_level,true,0.00,0.0,,,,,,,380.00,640.00,0.00,Adjustment,0.00,0.000,,,,,0,Due on Receipt,JJ Harris,815 NE 172nd Avenue,Vancouver,Washington,U.S.A,98684,877-694-0141,,,,,,,,,,,,,
6212012000020526100,2026-04-20,2026-04-28,TT-2600057,50-2 Master Connecting Link,Billed,Diamond-Drives LLC,false,USD,1.000000000000,Standard Template,50-2 Master Connecting Link,,,,,Shop Supplies,7220,0.38,,,,,,,,0716647341900 - SCOP-DMD-50,400.00,0.00,0.00,400.00,,entity_level,true,0.00,0.0,,,,,,,152.00,435.00,0.00,Adjustment,0.00,0.000,,,,,30,1%10NET30,JJ Harris,815 NE 172nd Avenue,Vancouver,Washington,U.S.A,98684,877-694-0141,,,,,,,,,,,,,
6212012000020526100,2026-04-20,2026-04-28,TT-2600057,50-2 Master Connecting Link,Billed,Diamond-Drives LLC,false,USD,1.000000000000,Standard Template,50-2 Master Connecting Link,,,,,Shop Supplies,7220,2.83,,,,,,,,0716647128099 - DMD-50-2 SO CO LINK,100.00,0.00,0.00,100.00,,entity_level,true,0.00,0.0,,,,,,,283.00,435.00,0.00,Adjustment,0.00,0.000,,,,,30,1%10NET30,JJ Harris,815 NE 172nd Avenue,Vancouver,Washington,U.S.A,98684,877-694-0141,,,,,,,,,,,,,
6212012000020505015,2026-04-21,2026-05-12,TT-2600059,"16"" bars",Issued,Ordinance Engineering Pte Ltd,false,USD,1.000000000000,Standard Template,"16"" bars",,,DHL,,Finished Goods,1210,14.85,"16"" Digging Bar",6212012000000428535,16GR3.1 26A,,,,,,100.00,0.00,0.00,0.00,pcs,entity_level,true,0.00,0.0,,,,,,,1485.00,2970.00,0.00,Adjustment,0.00,0.000,,,,,0,Due on Receipt,,815 NE 172nd Avenue,Vancouver,Washington,U.S.A,98684,877-694-0141,,,,,,,,,,,,,
6212012000020505015,2026-04-21,2026-05-12,TT-2600059,"16"" bars",Issued,Ordinance Engineering Pte Ltd,false,USD,1.000000000000,Standard Template,"16"" bars",,,DHL,,Finished Goods,1210,14.85,"16"" Digging Bar",6212012000000428535,16GR3.1 26A,,,,,,100.00,0.00,100.00,0.00,pcs,entity_level,true,0.00,0.0,,,,,,,1485.00,2970.00,0.00,Adjustment,0.00,0.000,,,,,0,Due on Receipt,,815 NE 172nd Avenue,Vancouver,Washington,U.S.A,98684,877-694-0141,,,,,,,,,,,,,
6212012000020579001,2026-04-22,2026-04-29,TT-2600060,EZ Kart handles/Axles,Billed,"Mr. Powder Kote, LLC",false,USD,1.000000000000,Standard Template,EZ Kart handles/Axles,,,,,GeoRipper - Part,5100,3.35,EZ Kart - Upper Handle Bright Green Powder Coating,6212012000000427310,EZ1.3P,,,,,,50.00,0.00,0.00,50.00,pcs,entity_level,true,0.00,0.0,,,,,,,167.50,395.00,0.00,Adjustment,0.00,0.000,,,,,15,Net 15,JJ Harris,815 NE 172nd Avenue,Vancouver,Washington,U.S.A,98684,877-694-0141,,,,,,,,,,,,,
6212012000020579001,2026-04-22,2026-04-29,TT-2600060,EZ Kart handles/Axles,Billed,"Mr. Powder Kote, LLC",false,USD,1.000000000000,Standard Template,EZ Kart handles/Axles,,,,,GeoRipper - Part,5100,2.15,EZ Kart - Lower Handle Bright Green Powder Coat,6212012000000427299,EZ1.2P,,,,,,50.00,0.00,0.00,50.00,pcs,entity_level,true,0.00,0.0,,,,,,,107.50,395.00,0.00,Adjustment,0.00,0.000,,,,,15,Net 15,JJ Harris,815 NE 172nd Avenue,Vancouver,Washington,U.S.A,98684,877-694-0141,,,,,,,,,,,,,
6212012000020579001,2026-04-22,2026-04-29,TT-2600060,EZ Kart handles/Axles,Billed,"Mr. Powder Kote, LLC",false,USD,1.000000000000,Standard Template,EZ Kart handles/Axles,,,,,GeoRipper - Part,5100,5.00,,,,,,,,EZ1.1 Black powder coat BK08,24.00,0.00,0.00,24.00,,entity_level,true,0.00,0.0,,,,,,,120.00,395.00,0.00,Adjustment,0.00,0.000,,,,,15,Net 15,JJ Harris,815 NE 172nd Avenue,Vancouver,Washington,U.S.A,98684,877-694-0141,,,,,,,,,,,,,
6212012000020588254,2026-04-22,,TT-2600061,EZ Kart,Issued,Ordinance Engineering Pte Ltd,false,USD,1.000000000000,Standard Template,EZ Kart,Will start with 200 shipped. Then as needed.,,Ocean Freight,,Finished Goods,1210,115.00,EZ Kart - Universal,6212012000020588248,EZ100SN,810075760071,,0810075760071,,,500.00,0.00,0.00,0.00,EA,entity_level,true,0.00,0.0,,,,,,,57500.00,57500.00,0.00,Adjustment,0.00,0.000,,,,,0,Due on Receipt,JJ Harris,815 NE 172nd Avenue,Vancouver,Washington,U.S.A,98684,877-694-0141,,,,,,,,,,,,,
6212012000020651723,2026-04-24,,TT-2600062,07395701,Billed,"Makita USA, Inc.",false,USD,1.000000000000,Standard Template,07395701,,,,,Finished Goods,1210,11.89,"CLUTCH COVER, EK7651H",6212012000020651717,455559-6,,,,,,1.00,0.00,1.00,1.00,EA,entity_level,true,0.00,0.0,,,,,,,11.89,226.55,0.00,Adjustment,0.00,0.000,,,,,0,Due on Receipt,JJ Harris,815 NE 172nd Avenue,Vancouver,Washington,U.S.A,98684,877-694-0141,,,,,,,,,,,,,
6212012000020651723,2026-04-24,,TT-2600062,07395701,Billed,"Makita USA, Inc.",false,USD,1.000000000000,Standard Template,07395701,,,,,Finished Goods,1210,4.65,"STARTER COVER GASKET, EK7655H",6212012000020651732,346611-0,,,,,,1.00,0.00,1.00,1.00,EA,entity_level,true,0.00,0.0,,,,,,,4.65,226.55,0.00,Adjustment,0.00,0.000,,,,,0,Due on Receipt,JJ Harris,815 NE 172nd Avenue,Vancouver,Washington,U.S.A,98684,877-694-0141,,,,,,,,,,,,,
6212012000020651723,2026-04-24,,TT-2600062,07395701,Billed,"Makita USA, Inc.",false,USD,1.000000000000,Standard Template,07395701,,,,,Finished Goods,1210,13.32,"NEEDLE CAGE, EA7900",6212012000000431161,212133-1,,,,,,1.00,0.00,1.00,1.00,EA,entity_level,true,0.00,0.0,,,,,,,13.32,226.55,0.00,Adjustment,0.00,0.000,,,,,0,Due on Receipt,JJ Harris,815 NE 172nd Avenue,Vancouver,Washington,U.S.A,98684,877-694-0141,,,,,,,,,,,,,
6212012000020651723,2026-04-24,,TT-2600062,07395701,Billed,"Makita USA, Inc.",false,USD,1.000000000000,Standard Template,07395701,,,,,Finished Goods,1210,5.12,"Damping spring cpl, EK6101 (lower front)",6212012000000426597,315-114-300,,,,,,5.00,0.00,5.00,5.00,EA,entity_level,true,0.00,0.0,,,,,,,25.60,226.55,0.00,Adjustment,0.00,0.000,,,,,0,Due on Receipt,JJ Harris,815 NE 172nd Avenue,Vancouver,Washington,U.S.A,98684,877-694-0141,,,,,,,,,,,,,
6212012000020651723,2026-04-24,,TT-2600062,07395701,Billed,"Makita USA, Inc.",false,USD,1.000000000000,Standard Template,07395701,,,,,Finished Goods,1210,19.01,Axle 20.0 - EK6101,6212012000000426675,326623-9,,,,,,9.00,0.00,9.00,9.00,EA,entity_level,true,0.00,0.0,,,,,,,171.09,226.55,0.00,Adjustment,0.00,0.000,,,,,0,Due on Receipt,JJ Harris,815 NE 172nd Avenue,Vancouver,Washington,U.S.A,98684,877-694-0141,,,,,,,,,,,,,
6212012000020798495,2026-05-01,2026-05-05,TT-2600063,U-joints,Billed,DriveTrain America,false,USD,1.000000000000,Standard Template,U-joints,,,,,Finished Goods,1210,24.50,SiBore Drill - L600 Series AG U-Joint Kit,6212012000000429975,SB2152,,,,,,11.00,0.00,11.00,11.00,Kit,entity_level,true,0.00,0.0,6212012000020639993,VANCOUVER SALES TAX (WA) 8.9,8.90,23.99,ItemAmount,WASHINGTON,269.50,1486.35,0.00,Adjustment,0.00,0.000,,,,,0,Due on Receipt,JJ Harris,815 NE 172nd Avenue,Vancouver,Washington,U.S.A,98684,877-694-0141,,,,,,,,,,,,,
6212012000020798495,2026-05-01,2026-05-05,TT-2600063,U-joints,Billed,DriveTrain America,false,USD,1.000000000000,Standard Template,U-joints,,,,,Finished Goods,1210,27.78,"SiBore Drill - 3/4"" Round Yoke L600 Series",6212012000000429962,SB2151,,,,,,18.00,0.00,18.00,18.00,EA,entity_level,true,0.00,0.0,6212012000020639993,VANCOUVER SALES TAX (WA) 8.9,8.90,44.50,ItemAmount,WASHINGTON,500.04,1486.35,0.00,Adjustment,0.00,0.000,,,,,0,Due on Receipt,JJ Harris,815 NE 172nd Avenue,Vancouver,Washington,U.S.A,98684,877-694-0141,,,,,,,,,,,,,
6212012000020798495,2026-05-01,2026-05-05,TT-2600063,U-joints,Billed,DriveTrain America,false,USD,1.000000000000,Standard Template,U-joints,,,,,Finished Goods,1210,27.78,"SiBore Drill - 1"" Round Yoke L600 Series",6212012000000429949,SB2150,,,,,,20.00,0.00,20.00,20.00,EA,entity_level,true,0.00,0.0,6212012000020639993,VANCOUVER SALES TAX (WA) 8.9,8.90,49.45,ItemAmount,WASHINGTON,555.60,1486.35,0.00,Adjustment,0.00,0.000,,,,,0,Due on Receipt,JJ Harris,815 NE 172nd Avenue,Vancouver,Washington,U.S.A,98684,877-694-0141,,,,,,,,,,,,,
6212012000020798495,2026-05-01,2026-05-05,TT-2600063,U-joints,Billed,DriveTrain America,false,USD,1.000000000000,Standard Template,U-joints,,,,,Postage & Shipping,7230,39.75,,,,,,,,Route Protection,1.00,0.00,0.00,1.00,,entity_level,true,0.00,0.0,6212012000020639993,VANCOUVER SALES TAX (WA) 8.9,8.90,3.54,ItemAmount,WASHINGTON,39.75,1486.35,0.00,Adjustment,0.00,0.000,,,,,0,Due on Receipt,JJ Harris,815 NE 172nd Avenue,Vancouver,Washington,U.S.A,98684,877-694-0141,,,,,,,,,,,,,
6212012000020798495,2026-05-01,2026-05-05,TT-2600063,U-joints,Billed,DriveTrain America,false,USD,1.000000000000,Standard Template,U-joints,,,,,Sales Tax Adjustments,9919,-0.02,,,,,,,,Sales Tax Fix,1.00,0.00,0.00,1.00,,entity_level,true,0.00,0.0,,,,,,,-0.02,1486.35,0.00,Adjustment,0.00,0.000,,,,,0,Due on Receipt,JJ Harris,815 NE 172nd Avenue,Vancouver,Washington,U.S.A,98684,877-694-0141,,,,,,,,,,,,,
6212012000020852815,2026-05-05,,TT-2600065,Shopify #3842,Issued,Alfieri Sons Irrigation,false,USD,1.000000000000,Standard Template,Shopify #3842,,,,,Finished Goods,1210,82.30,Minitrencher Drive Sprocket for 6 Series Trencher,6212012000000429293,MT9601,,,,,1ZY2K5959040076908,1.00,0.00,0.00,0.00,EA,entity_level,true,0.00,0.0,,,,,,,82.30,82.30,0.00,Adjustment,0.00,0.000,,,,,60,Net 60,,,,,,,,Wetscape,8 Timber LN Unit #2,Marlboro,NJ,U.S.A,07746,'+1-732-443-7639,,,,,,
6212012000020897060,2026-05-06,,TT-2600066,Chain Parts - 22568010,Issued,Diamond-Drives LLC,false,USD,1.000000000000,Standard Template,Chain Parts - 22568010,PARTS TO BE PACKAGED IN 50LB BOXES.,,,,Finished Goods,1210,0.94,5-pitch Chain Segment,6212012000000428862,GR4.3,,,,,"Diamond Customer Part Number
0716647774227 / RSC-50H-1R-5NNN",60000.00,0.00,0.00,0.00,pcs,entity_level,true,0.00,0.0,,,,,,,56400.00,94800.00,0.00,Adjustment,0.00,0.000,,,,,30,1%10NET30,JJ Harris,815 NE 172nd Avenue,Vancouver,Washington,U.S.A,98684,877-694-0141,,,,,,,,,,,,,
6212012000020897060,2026-05-06,,TT-2600066,Chain Parts - 22568010,Issued,Diamond-Drives LLC,false,USD,1.000000000000,Standard Template,Chain Parts - 22568010,PARTS TO BE PACKAGED IN 50LB BOXES.,,,,Finished Goods,1210,0.64,Rivet pin and backing plate,6212012000000428888,GR4.4,,,,,"Diamond Customer Part Number
0716647769131 / RSC-50H-1 RV CO LINK V",60000.00,0.00,0.00,0.00,pcs,entity_level,true,0.00,0.0,,,,,,,38400.00,94800.00,0.00,Adjustment,0.00,0.000,,,,,30,1%10NET30,JJ Harris,815 NE 172nd Avenue,Vancouver,Washington,U.S.A,98684,877-694-0141,,,,,,,,,,,,,
6212012000020939210,2026-05-05,,TT-2600742,Shopify #3844 /DFP2600742,Issued,"Amazing Machinery, LLC",false,USD,1.000000000000,Standard Template,Shopify #3844 /DFP2600742,,,UPS,,Finished Goods,1210,91.88,"20"" Digging Chain (Single Chain)",6212012000000435587,MT4500,810075761177,,,, 1ZY2K5950305772215,2.00,0.00,0.00,0.00,Kit,entity_level,true,0.00,0.0,,,,,,,183.76,183.76,0.00,Adjustment,0.00,0.000,,,,,0,Due on Receipt,,,,,,,,Steve Bontrager,5458 KY HWY 90 East,Albany,KY,U.S.A,42602,'+1-606-514-2731,,,,,,
6212012000020939317,2026-05-05,,TT-2600740,Shopify #3842/DFP-2600740,Issued,Alfieri Sons Irrigation,false,USD,1.000000000000,Standard Template,Shopify #3842/DFP-2600740,,,UPS,,Finished Goods,1210,82.30,Minitrencher Drive Sprocket for 6 Series Trencher,6212012000000429293,MT9601,,,,,1ZY2K5959040076908,1.00,0.00,0.00,0.00,EA,entity_level,true,0.00,0.0,,,,,,,82.30,82.30,0.00,Adjustment,0.00,0.000,,,,,0,Due on Receipt,,,,,,,,Wetscape,8 Timber LN Unit #2,Marlboro,NJ,U.S.A,07746,'+1-732-443-7639,,,,,,
6212012000021040001,2026-05-11,,TT-2600067,,Issued,Uline,false,USD,1.000000000000,Standard Template,,,,,,Finished Goods,1210,0.99,12 x 9 x 9 Uline Box,6212012000000430811,MT1299,,,,,,100.00,0.00,100.00,0.00,box,entity_level,true,0.00,0.0,,,,,,,99.00,422.00,0.00,Adjustment,0.00,0.000,,,,,30,Net 30,JJ Harris,815 NE 172nd Avenue,Vancouver,Washington,U.S.A,98684,877-694-0141,,,,,,,,,,,,,
6212012000021040001,2026-05-11,,TT-2600067,,Issued,Uline,false,USD,1.000000000000,Standard Template,,,,,,Finished Goods,1210,1.04,10 x 10 x 5 Uline Box,6212012000000430824,MT10105,,,,,,100.00,0.00,100.00,0.00,box,entity_level,true,0.00,0.0,,,,,,,104.00,422.00,0.00,Adjustment,0.00,0.000,,,,,30,Net 30,JJ Harris,815 NE 172nd Avenue,Vancouver,Washington,U.S.A,98684,877-694-0141,,,,,,,,,,,,,
6212012000021040001,2026-05-11,,TT-2600067,,Issued,Uline,false,USD,1.000000000000,Standard Template,,,,,,Finished Goods,1210,1.81,24 x 12 x 4,6212012000000430837,MT24124,,,,,,100.00,0.00,100.00,0.00,box,entity_level,true,0.00,0.0,,,,,,,181.00,422.00,0.00,Adjustment,0.00,0.000,,,,,30,Net 30,JJ Harris,815 NE 172nd Avenue,Vancouver,Washington,U.S.A,98684,877-694-0141,,,,,,,,,,,,,
6212012000021040001,2026-05-11,,TT-2600067,,Issued,Uline,false,USD,1.000000000000,Standard Template,,,,,,Postage & Shipping,7230,38.00,,,,,,,,packing list envelopes 1.000/box,1.00,0.00,0.00,0.00,,entity_level,true,0.00,0.0,,,,,,,38.00,422.00,0.00,Adjustment,0.00,0.000,,,,,30,Net 30,JJ Harris,815 NE 172nd Avenue,Vancouver,Washington,U.S.A,98684,877-694-0141,,,,,,,,,,,,,
6212012000021121001,2026-05-15,2026-05-22,TT-2600068,EZ axels,Billed,"Mr. Powder Kote, LLC",false,USD,1.000000000000,Standard Template,EZ axels,,,,,GeoRipper - Part,5100,5.00,,,,,,,,"EZ1.1 Black powder coat BK08
",26.00,0.00,0.00,26.00,,entity_level,true,0.00,0.0,,,,,,,130.00,130.00,0.00,Adjustment,0.00,0.000,,,,,0,Due on Receipt,JJ Harris,815 NE 172nd Avenue,Vancouver,Washington,U.S.A,98684,877-694-0141,,,,,,,,,,,,,
6212012000021110309,2026-05-15,,TT-2600069,,Billed,InSync Printing,false,USD,1.000000000000,Standard Template,,,,,,Finished Goods,1210,0.26,Sticker - Hand Entanglement/Chain Drive,6212012000000430952,GRS11,,,,,,1000.00,0.00,1000.00,1000.00,pcs,entity_level,true,0.00,0.0,,,,,,,260.00,885.00,0.00,Adjustment,0.00,0.000,,,,,0,Due on Receipt,JJ Harris,815 NE 172nd Avenue,Vancouver,Washington,U.S.A,98684,877-694-0141,,,,,,,,,,,,,
6212012000021110309,2026-05-15,,TT-2600069,,Billed,InSync Printing,false,USD,1.000000000000,Standard Template,,,,,,Finished Goods,1210,0.625,Dirt Deflector Warning Sticker,6212012000007920607,GRS17,,,,,,1000.00,0.00,1000.00,1000.00,EA,entity_level,true,0.00,0.0,,,,,,,625.00,885.00,0.00,Adjustment,0.00,0.000,,,,,0,Due on Receipt,JJ Harris,815 NE 172nd Avenue,Vancouver,Washington,U.S.A,98684,877-694-0141,,,,,,,,,,,,,
6212012000021276003,2026-05-20,2026-06-23,TT-2600070,Sample Chain Tooth,Issued,Ordinance Engineering Pte Ltd,false,USD,1.000000000000,Standard Template,Sample Chain Tooth,For testing purposes,,,,Finished Goods,1210,0.58,Left Digging Tooth,6212012000000434055,GR4.2,,,,,,30.00,0.00,0.00,0.00,pcs,entity_level,true,0.00,0.0,,,,,,,17.40,1034.80,0.00,Adjustment,0.00,0.000,,,,,0,Due on Receipt,JJ Harris,815 NE 172nd Avenue,Vancouver,Washington,U.S.A,98684,877-694-0141,,,,,,,,,,,,,
6212012000021276003,2026-05-20,2026-06-23,TT-2600070,Sample Chain Tooth,Issued,Ordinance Engineering Pte Ltd,false,USD,1.000000000000,Standard Template,Sample Chain Tooth,For testing purposes,,,,Finished Goods,1210,0.58,Right Digging Tooth,6212012000000434038,GR4.1,,,,,,30.00,0.00,0.00,0.00,pcs,entity_level,true,0.00,0.0,,,,,,,17.40,1034.80,0.00,Adjustment,0.00,0.000,,,,,0,Due on Receipt,JJ Harris,815 NE 172nd Avenue,Vancouver,Washington,U.S.A,98684,877-694-0141,,,,,,,,,,,,,
6212012000021276003,2026-05-20,2026-06-23,TT-2600070,Sample Chain Tooth,Issued,Ordinance Engineering Pte Ltd,false,USD,1.000000000000,Standard Template,Sample Chain Tooth,For testing purposes,,,,Research and Development,9059,1000.00,,,,,,,,Die Tooling Cost,1.00,0.00,0.00,0.00,,entity_level,true,0.00,0.0,,,,,,,1000.00,1034.80,0.00,Adjustment,0.00,0.000,,,,,0,Due on Receipt,JJ Harris,815 NE 172nd Avenue,Vancouver,Washington,U.S.A,98684,877-694-0141,,,,,,,,,,,,,
6212012000021329002,2026-05-21,,TT-2600071,EZ Kart,Issued,Ordinance Engineering Pte Ltd,false,USD,1.000000000000,Standard Template,EZ Kart,,,Ocean Freight,,Finished Goods,1210,115.00,EZ Kart - Universal,6212012000020588248,EZ100SN,810075760071,,0810075760071,,,500.00,0.00,0.00,0.00,EA,entity_level,true,0.00,0.0,,,,,,,57500.00,57500.00,0.00,Adjustment,0.00,0.000,,,,,0,Due on Receipt,,815 NE 172nd Avenue,Vancouver,Washington,U.S.A,98684,877-694-0141,,,,,,,,,,,,,
6212012000021462031,2026-05-26,,TT-2600072,EZ1.1,Billed,PDM Steel Service Centers Inc.,false,USD,1.000000000000,Standard Template,EZ1.1,Purchased 10 - 3/4 HR ROUND - 20' received as axles only. cut offs useless,,,,Finished Goods,1210,4.50,"EZ Kart - Rod 3/4"" (D) X 28"" (L)",6212012000000427131,EZ1.1.1,,,,,Ordered 10 sticks of 20' Rods,80.00,0.00,80.00,80.00,pcs,entity_level,true,0.00,0.0,,,,,,,360.00,360.00,0.00,Adjustment,0.00,0.000,,,,,0,Due on Receipt,JJ Harris,815 NE 172nd Avenue,Vancouver,Washington,U.S.A,98684,877-694-0141,,,,,,,,,,,,,
6212012000021462062,2026-05-22,2026-05-26,TT-2600073,SiBore Steel,Billed,PDM Steel Service Centers Inc.,false,USD,1.000000000000,Standard Template,SiBore Steel,,,,,Inventory Asset,,32.465,"SiBore Drill 1-1/4 x .120 x 20'-0"" HREW Tube A513TI",6212012000000430170,SB0115,,,,,45.89/P PDM Steel,10.00,0.00,10.00,10.00,EA,entity_level,true,0.00,0.0,,,,,,,324.65,405.28,0.00,Adjustment,0.00,0.000,,,,,30,Net 30,JJ Harris,815 NE 172nd Avenue,Vancouver,Washington,U.S.A,98684,877-694-0141,,,,,,,,,,,,,
6212012000021462062,2026-05-22,2026-05-26,TT-2600073,SiBore Steel,Billed,PDM Steel Service Centers Inc.,false,USD,1.000000000000,Standard Template,SiBore Steel,,,,,Inventory Asset,,80.63,"SiBore Drill 1-1/2 x .120 x 20'-0"" HREW Tube A513T1",6212012000000430183,SB0116,,,,,,1.00,0.00,1.00,1.00,EA,entity_level,true,0.00,0.0,,,,,,,80.63,405.28,0.00,Adjustment,0.00,0.000,,,,,30,Net 30,JJ Harris,815 NE 172nd Avenue,Vancouver,Washington,U.S.A,98684,877-694-0141,,,,,,,,,,,,,
6212012000021520001,2026-05-27,2026-05-28,TT-2600074,axles,Issued,Ordinance Engineering Pte Ltd,false,USD,1.000000000000,Standard Template,axles,,,DHL,,Finished Goods,1210,4.88,Drive Axle for all GeoRipperT/A,6212012000000429267,MT9002,810075760460,,810075760460,,,200.00,0.00,0.00,0.00,EA,entity_level,true,0.00,0.0,,,,,,,976.00,976.00,0.00,,0.00,0.000,,,,,0,Due on Receipt,,815 NE 172nd Avenue,Vancouver,Washington,U.S.A,98684,877-694-0141,,,,,,,,,,,,,
6212012000021696001,2026-06-02,2026-07-02,TT-2600075,GeoRipper Parts,Issued,Ordinance Engineering Pte Ltd,false,USD,1.000000000000,Standard Template,GeoRipper Parts,,,,,Finished Goods,1210,7.00,Bar End Plate - Countersunk,6212012000000428757,GR0.2,,,,,,1000.00,0.00,0.00,0.00,EA,entity_level,true,0.00,0.0,,,,,,,7000.00,39309.00,0.00,Adjustment,0.00,0.000,,,,,0,Due on Receipt,JJ Harris,815 NE 172nd Avenue,Vancouver,Washington,U.S.A,98684,877-694-0141,,,,,,,,,,,,,
6212012000021696001,2026-06-02,2026-07-02,TT-2600075,GeoRipper Parts,Issued,Ordinance Engineering Pte Ltd,false,USD,1.000000000000,Standard Template,GeoRipper Parts,,,,,Finished Goods,1210,7.00,Bar End Plate - Threaded,6212012000000428744,GR0.1,,,,,,1000.00,0.00,0.00,0.00,EA,entity_level,true,0.00,0.0,,,,,,,7000.00,39309.00,0.00,Adjustment,0.00,0.000,,,,,0,Due on Receipt,JJ Harris,815 NE 172nd Avenue,Vancouver,Washington,U.S.A,98684,877-694-0141,,,,,,,,,,,,,
6212012000021696001,2026-06-02,2026-07-02,TT-2600075,GeoRipper Parts,Issued,Ordinance Engineering Pte Ltd,false,USD,1.000000000000,Standard Template,GeoRipper Parts,,,,,Finished Goods,1210,9.00,6 Tooth Nose Sprocket,6212012000000428797,GR1.1,,,,,,1000.00,0.00,0.00,0.00,EA,entity_level,true,0.00,0.0,,,,,,,9000.00,39309.00,0.00,Adjustment,0.00,0.000,,,,,0,Due on Receipt,JJ Harris,815 NE 172nd Avenue,Vancouver,Washington,U.S.A,98684,877-694-0141,,,,,,,,,,,,,
6212012000021696001,2026-06-02,2026-07-02,TT-2600075,GeoRipper Parts,Issued,Ordinance Engineering Pte Ltd,false,USD,1.000000000000,Standard Template,GeoRipper Parts,,,,,Finished Goods,1210,6.80,Chain Tension Block,6212012000000428914,GR8.1-21A,,,,,"S375 Steel, Black Zinc Plating",1000.00,0.00,0.00,0.00,pcs,entity_level,true,0.00,0.0,,,,,,,6800.00,39309.00,0.00,Adjustment,0.00,0.000,,,,,0,Due on Receipt,JJ Harris,815 NE 172nd Avenue,Vancouver,Washington,U.S.A,98684,877-694-0141,,,,,,,,,,,,,
6212012000021696001,2026-06-02,2026-07-02,TT-2600075,GeoRipper Parts,Issued,Ordinance Engineering Pte Ltd,false,USD,1.000000000000,Standard Template,GeoRipper Parts,,,,,Finished Goods,1210,6.34,Minitrencher Drive Sprocket for GeoRipper and GeoRipper(R)T/A,6212012000000429254,MT9001,810075760255,,810075760255,,,1000.00,0.00,0.00,0.00,EA,entity_level,true,0.00,0.0,,,,,,,6340.00,39309.00,0.00,Adjustment,0.00,0.000,,,,,0,Due on Receipt,JJ Harris,815 NE 172nd Avenue,Vancouver,Washington,U.S.A,98684,877-694-0141,,,,,,,,,,,,,
6212012000021696001,2026-06-02,2026-07-02,TT-2600075,GeoRipper Parts,Issued,Ordinance Engineering Pte Ltd,false,USD,1.000000000000,Standard Template,GeoRipper Parts,,,,,Finished Goods,1210,4.88,Drive Axle for all GeoRipperT/A,6212012000000429267,MT9002,810075760460,,810075760460,,,300.00,0.00,0.00,0.00,EA,entity_level,true,0.00,0.0,,,,,,,1464.00,39309.00,0.00,Adjustment,0.00,0.000,,,,,0,Due on Receipt,JJ Harris,815 NE 172nd Avenue,Vancouver,Washington,U.S.A,98684,877-694-0141,,,,,,,,,,,,,
6212012000021696001,2026-06-02,2026-07-02,TT-2600075,GeoRipper Parts,Issued,Ordinance Engineering Pte Ltd,false,USD,1.000000000000,Standard Template,GeoRipper Parts,,,,,Finished Goods,1210,3.41,Labyrinth for all GeoRipperT/A,6212012000000429280,MT9003,810075760477,,810075760477,,,500.00,0.00,0.00,0.00,EA,entity_level,true,0.00,0.0,,,,,,,1705.00,39309.00,0.00,Adjustment,0.00,0.000,,,,,0,Due on Receipt,JJ Harris,815 NE 172nd Avenue,Vancouver,Washington,U.S.A,98684,877-694-0141,,,,,,,,,,,,,
6212012000021783002,2026-06-05,2026-06-12,TT-2600076,EZ Kart handles/Axles,Issued,"Mr. Powder Kote, LLC",false,USD,1.000000000000,Standard Template,EZ Kart handles/Axles,,,,,GeoRipper - Part,5100,3.35,EZ Kart - Upper Handle Bright Green Powder Coating,6212012000000427310,EZ1.3P,,,,,,50.00,0.00,0.00,0.00,pcs,entity_level,true,0.00,0.0,,,,,,,167.50,355.00,0.00,Adjustment,0.00,0.000,,,,,15,Net 15,JJ Harris,815 NE 172nd Avenue,Vancouver,Washington,U.S.A,98684,877-694-0141,,,,,,,,,,,,,
6212012000021783002,2026-06-05,2026-06-12,TT-2600076,EZ Kart handles/Axles,Issued,"Mr. Powder Kote, LLC",false,USD,1.000000000000,Standard Template,EZ Kart handles/Axles,,,,,GeoRipper - Part,5100,2.15,EZ Kart - Lower Handle Bright Green Powder Coat,6212012000000427299,EZ1.2P,,,,,,50.00,0.00,0.00,0.00,pcs,entity_level,true,0.00,0.0,,,,,,,107.50,355.00,0.00,Adjustment,0.00,0.000,,,,,15,Net 15,JJ Harris,815 NE 172nd Avenue,Vancouver,Washington,U.S.A,98684,877-694-0141,,,,,,,,,,,,,
6212012000021783002,2026-06-05,2026-06-12,TT-2600076,EZ Kart handles/Axles,Issued,"Mr. Powder Kote, LLC",false,USD,1.000000000000,Standard Template,EZ Kart handles/Axles,,,,,GeoRipper - Part,5100,5.00,,,,,,,,EZ1.1 Black powder coat BK08,16.00,0.00,0.00,0.00,,entity_level,true,0.00,0.0,,,,,,,80.00,355.00,0.00,Adjustment,0.00,0.000,,,,,15,Net 15,JJ Harris,815 NE 172nd Avenue,Vancouver,Washington,U.S.A,98684,877-694-0141,,,,,,,,,,,,,
